date,category,item,avg_usd,source_snapshot
2012-09-04,nand_chip,16Gb 2Gx8 MLC,1.76,https://web.archive.org/web/20120904163050id_/https://www.dramexchange.com/
2012-09-04,nand_chip,32Gb 4Gx8 MLC,2.31,https://web.archive.org/web/20120904163050id_/https://www.dramexchange.com/
2012-09-04,nand_chip,64Gb 8Gx8 MLC,3.63,https://web.archive.org/web/20120904163050id_/https://www.dramexchange.com/
2014-02-07,dram_chip,DDR2 1Gb 128Mx8 800MHz,1.818,https://web.archive.org/web/20140208014702id_/https://www.dramexchange.com/
2014-02-07,dram_chip,DDR3 2Gb 256Mx8 1333MHz,2.84,https://web.archive.org/web/20140208014702id_/https://www.dramexchange.com/
2014-02-07,dram_chip,DDR3 2Gb 256Mx8 1600MHz,2.576,https://web.archive.org/web/20140208014702id_/https://www.dramexchange.com/
2014-02-07,dram_chip,DDR3 2Gb 256Mx8 eTT,1.973,https://web.archive.org/web/20140208014702id_/https://www.dramexchange.com/
2014-02-07,dram_chip,DDR3 4Gb 512Mx8 1600MHz,4.169,https://web.archive.org/web/20140208014702id_/https://www.dramexchange.com/
2014-02-07,dram_chip,DDR3 4Gb 512Mx8 eTT,4.053,https://web.archive.org/web/20140208014702id_/https://www.dramexchange.com/
2014-02-07,nand_chip,16Gb 2Gx8 MLC,3.403,https://web.archive.org/web/20140208014702id_/https://www.dramexchange.com/
2014-02-07,nand_chip,32Gb 4Gx8 MLC,3.101,https://web.archive.org/web/20140208014702id_/https://www.dramexchange.com/
2014-02-07,nand_chip,64Gb 8Gx8 MLC,4.453,https://web.archive.org/web/20140208014702id_/https://www.dramexchange.com/
2014-04-03,dram_chip,DDR2 1Gb 128Mx8 800MHz,1.703,https://web.archive.org/web/20140403223257id_/https://www.dramexchange.com/
2014-04-03,dram_chip,DDR3 2Gb 256Mx8 1333MHz,2.04,https://web.archive.org/web/20140403223257id_/https://www.dramexchange.com/
2014-04-03,dram_chip,DDR3 2Gb 256Mx8 1600MHz,1.964,https://web.archive.org/web/20140403223257id_/https://www.dramexchange.com/
2014-04-03,dram_chip,DDR3 2Gb 256Mx8 eTT,1.788,https://web.archive.org/web/20140403223257id_/https://www.dramexchange.com/
2014-04-03,dram_chip,DDR3 4Gb 512Mx8 1600MHz,3.698,https://web.archive.org/web/20140403223257id_/https://www.dramexchange.com/
2014-04-03,dram_chip,DDR3 4Gb 512Mx8 eTT,3.483,https://web.archive.org/web/20140403223257id_/https://www.dramexchange.com/
2014-04-03,nand_chip,16Gb 2Gx8 MLC,3.023,https://web.archive.org/web/20140403223257id_/https://www.dramexchange.com/
2014-04-03,nand_chip,32Gb 4Gx8 MLC,2.873,https://web.archive.org/web/20140403223257id_/https://www.dramexchange.com/
2014-04-03,nand_chip,64Gb 8Gx8 MLC,3.857,https://web.archive.org/web/20140403223257id_/https://www.dramexchange.com/
2014-04-04,dram_chip,DDR2 1Gb 128Mx8 800MHz,1.703,https://web.archive.org/web/20140406141958id_/https://www.dramexchange.com/
2014-04-04,dram_chip,DDR3 2Gb 256Mx8 1333MHz,2.04,https://web.archive.org/web/20140406141958id_/https://www.dramexchange.com/
2014-04-04,dram_chip,DDR3 2Gb 256Mx8 1600MHz,1.963,https://web.archive.org/web/20140406141958id_/https://www.dramexchange.com/
2014-04-04,dram_chip,DDR3 2Gb 256Mx8 eTT,1.793,https://web.archive.org/web/20140406141958id_/https://www.dramexchange.com/
2014-04-04,dram_chip,DDR3 4Gb 512Mx8 1600MHz,3.697,https://web.archive.org/web/20140406141958id_/https://www.dramexchange.com/
2014-04-04,dram_chip,DDR3 4Gb 512Mx8 eTT,3.483,https://web.archive.org/web/20140406141958id_/https://www.dramexchange.com/
2014-04-04,nand_chip,16Gb 2Gx8 MLC,3.023,https://web.archive.org/web/20140406141958id_/https://www.dramexchange.com/
2014-04-04,nand_chip,32Gb 4Gx8 MLC,2.879,https://web.archive.org/web/20140406141958id_/https://www.dramexchange.com/
2014-04-04,nand_chip,64Gb 8Gx8 MLC,3.854,https://web.archive.org/web/20140406141958id_/https://www.dramexchange.com/
2014-05-16,dram_chip,DDR2 1Gb 128Mx8 800MHz,1.8,https://web.archive.org/web/20140517100933id_/https://www.dramexchange.com/
2014-05-16,dram_chip,DDR3 2Gb 256Mx8 1333MHz,2.23,https://web.archive.org/web/20140517100933id_/https://www.dramexchange.com/
2014-05-16,dram_chip,DDR3 2Gb 256Mx8 1600MHz,2.179,https://web.archive.org/web/20140517100933id_/https://www.dramexchange.com/
2014-05-16,dram_chip,DDR3 2Gb 256Mx8 eTT,2.01,https://web.archive.org/web/20140517100933id_/https://www.dramexchange.com/
2014-05-16,dram_chip,DDR3 4Gb 512Mx8 1600MHz,4.151,https://web.archive.org/web/20140517100933id_/https://www.dramexchange.com/
2014-05-16,dram_chip,DDR3 4Gb 512Mx8 eTT,3.935,https://web.archive.org/web/20140517100933id_/https://www.dramexchange.com/
2014-05-16,nand_chip,16Gb 2Gx8 MLC,2.906,https://web.archive.org/web/20140517100933id_/https://www.dramexchange.com/
2014-05-16,nand_chip,32Gb 4Gx8 MLC,2.942,https://web.archive.org/web/20140517100933id_/https://www.dramexchange.com/
2014-05-16,nand_chip,64Gb 8Gx8 MLC,3.983,https://web.archive.org/web/20140517100933id_/https://www.dramexchange.com/
2014-06-25,dram_chip,DDR2 1Gb 128Mx8 800MHz,1.8,https://web.archive.org/web/20140625035430id_/https://www.dramexchange.com/
2014-06-25,dram_chip,DDR3 2Gb 256Mx8 1333MHz,2.192,https://web.archive.org/web/20140625035430id_/https://www.dramexchange.com/
2014-06-25,dram_chip,DDR3 2Gb 256Mx8 1600MHz,2.131,https://web.archive.org/web/20140625035430id_/https://www.dramexchange.com/
2014-06-25,dram_chip,DDR3 2Gb 256Mx8 eTT,2.02,https://web.archive.org/web/20140625035430id_/https://www.dramexchange.com/
2014-06-25,dram_chip,DDR3 4Gb 512Mx8 1600MHz,4.223,https://web.archive.org/web/20140625035430id_/https://www.dramexchange.com/
2014-06-25,dram_chip,DDR3 4Gb 512Mx8 eTT,4.075,https://web.archive.org/web/20140625035430id_/https://www.dramexchange.com/
2014-06-25,nand_chip,16Gb 2Gx8 MLC,2.842,https://web.archive.org/web/20140625035430id_/https://www.dramexchange.com/
2014-06-25,nand_chip,32Gb 4Gx8 MLC,2.77,https://web.archive.org/web/20140625035430id_/https://www.dramexchange.com/
2014-06-25,nand_chip,64Gb 8Gx8 MLC,3.936,https://web.archive.org/web/20140625035430id_/https://www.dramexchange.com/
2014-07-18,dram_chip,DDR2 1Gb 128Mx8 800MHz,1.812,https://web.archive.org/web/20140719064120id_/https://www.dramexchange.com/
2014-07-18,dram_chip,DDR3 2Gb 256Mx8 1333MHz,2.29,https://web.archive.org/web/20140719064120id_/https://www.dramexchange.com/
2014-07-18,dram_chip,DDR3 2Gb 256Mx8 1600MHz,2.19,https://web.archive.org/web/20140719064120id_/https://www.dramexchange.com/
2014-07-18,dram_chip,DDR3 2Gb 256Mx8 eTT,2.066,https://web.archive.org/web/20140719064120id_/https://www.dramexchange.com/
2014-07-18,dram_chip,DDR3 4Gb 512Mx8 1600MHz,4.425,https://web.archive.org/web/20140719064120id_/https://www.dramexchange.com/
2014-07-18,dram_chip,DDR3 4Gb 512Mx8 eTT,4.138,https://web.archive.org/web/20140719064120id_/https://www.dramexchange.com/
2014-07-18,nand_chip,16Gb 2Gx8 MLC,2.388,https://web.archive.org/web/20140719064120id_/https://www.dramexchange.com/
2014-07-18,nand_chip,32Gb 4Gx8 MLC,2.635,https://web.archive.org/web/20140719064120id_/https://www.dramexchange.com/
2014-07-18,nand_chip,64Gb 8Gx8 MLC,3.034,https://web.archive.org/web/20140719064120id_/https://www.dramexchange.com/
2014-08-29,dram_chip,DDR2 1Gb 128Mx8 800MHz,1.567,https://web.archive.org/web/20140829192544id_/https://www.dramexchange.com/
2014-08-29,dram_chip,DDR3 2Gb 256Mx8 1333MHz,2.28,https://web.archive.org/web/20140829192544id_/https://www.dramexchange.com/
2014-08-29,dram_chip,DDR3 2Gb 256Mx8 1600MHz,2.003,https://web.archive.org/web/20140829192544id_/https://www.dramexchange.com/
2014-08-29,dram_chip,DDR3 2Gb 256Mx8 eTT,1.986,https://web.archive.org/web/20140829192544id_/https://www.dramexchange.com/
2014-08-29,dram_chip,DDR3 4Gb 512Mx8 1600MHz,4.141,https://web.archive.org/web/20140829192544id_/https://www.dramexchange.com/
2014-08-29,dram_chip,DDR3 4Gb 512Mx8 eTT,4.077,https://web.archive.org/web/20140829192544id_/https://www.dramexchange.com/
2014-08-29,nand_chip,16Gb 2Gx8 MLC,2.403,https://web.archive.org/web/20140829192544id_/https://www.dramexchange.com/
2014-08-29,nand_chip,32Gb 4Gx8 MLC,2.434,https://web.archive.org/web/20140829192544id_/https://www.dramexchange.com/
2014-08-29,nand_chip,64Gb 8Gx8 MLC,2.951,https://web.archive.org/web/20140829192544id_/https://www.dramexchange.com/
2014-09-17,dram_chip,DDR2 1Gb 128Mx8 800MHz,1.497,https://web.archive.org/web/20140917132412id_/https://www.dramexchange.com/
2014-09-17,dram_chip,DDR3 2Gb 256Mx8 1333MHz,2.244,https://web.archive.org/web/20140917132412id_/https://www.dramexchange.com/
2014-09-17,dram_chip,DDR3 2Gb 256Mx8 1600MHz,1.925,https://web.archive.org/web/20140917132412id_/https://www.dramexchange.com/
2014-09-17,dram_chip,DDR3 2Gb 256Mx8 eTT,1.855,https://web.archive.org/web/20140917132412id_/https://www.dramexchange.com/
2014-09-17,dram_chip,DDR3 4Gb 512Mx8 1600MHz,3.967,https://web.archive.org/web/20140917132412id_/https://www.dramexchange.com/
2014-09-17,dram_chip,DDR3 4Gb 512Mx8 eTT,3.823,https://web.archive.org/web/20140917132412id_/https://www.dramexchange.com/
2014-09-17,nand_chip,16Gb 2Gx8 MLC,2.381,https://web.archive.org/web/20140917132412id_/https://www.dramexchange.com/
2014-09-17,nand_chip,32Gb 4Gx8 MLC,2.374,https://web.archive.org/web/20140917132412id_/https://www.dramexchange.com/
2014-09-17,nand_chip,64Gb 8Gx8 MLC,2.948,https://web.archive.org/web/20140917132412id_/https://www.dramexchange.com/
2014-10-03,dram_chip,DDR2 1Gb 128Mx8 800MHz,1.457,https://web.archive.org/web/20141005015448id_/https://www.dramexchange.com/
2014-10-03,dram_chip,DDR3 2Gb 256Mx8 1333MHz,2.244,https://web.archive.org/web/20141005015448id_/https://www.dramexchange.com/
2014-10-03,dram_chip,DDR3 2Gb 256Mx8 1600MHz,1.89,https://web.archive.org/web/20141005015448id_/https://www.dramexchange.com/
2014-10-03,dram_chip,DDR3 2Gb 256Mx8 eTT,1.795,https://web.archive.org/web/20141005015448id_/https://www.dramexchange.com/
2014-10-03,dram_chip,DDR3 4Gb 512Mx8 1600MHz,3.865,https://web.archive.org/web/20141005015448id_/https://www.dramexchange.com/
2014-10-03,dram_chip,DDR3 4Gb 512Mx8 eTT,3.767,https://web.archive.org/web/20141005015448id_/https://www.dramexchange.com/
2014-10-03,nand_chip,16Gb 2Gx8 MLC,2.419,https://web.archive.org/web/20141005015448id_/https://www.dramexchange.com/
2014-10-03,nand_chip,32Gb 4Gx8 MLC,2.31,https://web.archive.org/web/20141005015448id_/https://www.dramexchange.com/
2014-10-03,nand_chip,64Gb 8Gx8 MLC,2.976,https://web.archive.org/web/20141005015448id_/https://www.dramexchange.com/
2014-10-17,dram_chip,DDR2 1Gb 128Mx8 800MHz,1.427,https://web.archive.org/web/20141018034250id_/https://www.dramexchange.com/
2014-10-17,dram_chip,DDR3 2Gb 256Mx8 1333MHz,2.244,https://web.archive.org/web/20141018034250id_/https://www.dramexchange.com/
2014-10-17,dram_chip,DDR3 2Gb 256Mx8 1600MHz,1.899,https://web.archive.org/web/20141018034250id_/https://www.dramexchange.com/
2014-10-17,dram_chip,DDR3 2Gb 256Mx8 eTT,1.783,https://web.archive.org/web/20141018034250id_/https://www.dramexchange.com/
2014-10-17,dram_chip,DDR3 4Gb 512Mx8 1600MHz,3.885,https://web.archive.org/web/20141018034250id_/https://www.dramexchange.com/
2014-10-17,dram_chip,DDR3 4Gb 512Mx8 eTT,3.736,https://web.archive.org/web/20141018034250id_/https://www.dramexchange.com/
2014-10-17,nand_chip,16Gb 2Gx8 MLC,2.4,https://web.archive.org/web/20141018034250id_/https://www.dramexchange.com/
2014-10-17,nand_chip,32Gb 4Gx8 MLC,2.279,https://web.archive.org/web/20141018034250id_/https://www.dramexchange.com/
2014-10-17,nand_chip,64Gb 8Gx8 MLC,2.957,https://web.archive.org/web/20141018034250id_/https://www.dramexchange.com/
2014-12-12,dram_chip,DDR2 1Gb 128Mx8 800MHz,1.35,https://web.archive.org/web/20141213045810id_/https://www.dramexchange.com/
2014-12-12,dram_chip,DDR3 2Gb 256Mx8 1333MHz,2.213,https://web.archive.org/web/20141213045810id_/https://www.dramexchange.com/
2014-12-12,dram_chip,DDR3 2Gb 256Mx8 1600MHz,1.758,https://web.archive.org/web/20141213045810id_/https://www.dramexchange.com/
2014-12-12,dram_chip,DDR3 2Gb 256Mx8 eTT,1.682,https://web.archive.org/web/20141213045810id_/https://www.dramexchange.com/
2014-12-12,dram_chip,DDR3 4Gb 512Mx8 1600MHz,3.702,https://web.archive.org/web/20141213045810id_/https://www.dramexchange.com/
2014-12-12,dram_chip,DDR3 4Gb 512Mx8 eTT,3.412,https://web.archive.org/web/20141213045810id_/https://www.dramexchange.com/
2014-12-12,nand_chip,16Gb 2Gx8 MLC,2.25,https://web.archive.org/web/20141213045810id_/https://www.dramexchange.com/
2014-12-12,nand_chip,32Gb 4Gx8 MLC,1.976,https://web.archive.org/web/20141213045810id_/https://www.dramexchange.com/
2014-12-12,nand_chip,64Gb 8Gx8 MLC,2.541,https://web.archive.org/web/20141213045810id_/https://www.dramexchange.com/
2015-01-07,dram_chip,DDR2 1Gb 128Mx8 800MHz,1.34,https://web.archive.org/web/20150107181544id_/https://www.dramexchange.com/
2015-01-07,dram_chip,DDR3 2Gb 256Mx8 1333MHz,2.21,https://web.archive.org/web/20150107181544id_/https://www.dramexchange.com/
2015-01-07,dram_chip,DDR3 2Gb 256Mx8 1600MHz,1.752,https://web.archive.org/web/20150107181544id_/https://www.dramexchange.com/
2015-01-07,dram_chip,DDR3 2Gb 256Mx8 eTT,1.668,https://web.archive.org/web/20150107181544id_/https://www.dramexchange.com/
2015-01-07,dram_chip,DDR3 4Gb 512Mx8 1600MHz,3.641,https://web.archive.org/web/20150107181544id_/https://www.dramexchange.com/
2015-01-07,dram_chip,DDR3 4Gb 512Mx8 eTT,3.273,https://web.archive.org/web/20150107181544id_/https://www.dramexchange.com/
2015-01-07,nand_chip,16Gb 2Gx8 MLC,2.171,https://web.archive.org/web/20150107181544id_/https://www.dramexchange.com/
2015-01-07,nand_chip,32Gb 4Gx8 MLC,1.883,https://web.archive.org/web/20150107181544id_/https://www.dramexchange.com/
2015-01-07,nand_chip,64Gb 8Gx8 MLC,2.413,https://web.archive.org/web/20150107181544id_/https://www.dramexchange.com/
2015-02-02,dram_chip,DDR2 1Gb 128Mx8 800MHz,1.287,https://web.archive.org/web/20150202232856id_/https://www.dramexchange.com/
2015-02-02,dram_chip,DDR3 2Gb 256Mx8 1333MHz,2.21,https://web.archive.org/web/20150202232856id_/https://www.dramexchange.com/
2015-02-02,dram_chip,DDR3 2Gb 256Mx8 1600MHz,1.738,https://web.archive.org/web/20150202232856id_/https://www.dramexchange.com/
2015-02-02,dram_chip,DDR3 2Gb 256Mx8 eTT,1.646,https://web.archive.org/web/20150202232856id_/https://www.dramexchange.com/
2015-02-02,dram_chip,DDR3 4Gb 512Mx8 1600MHz,3.521,https://web.archive.org/web/20150202232856id_/https://www.dramexchange.com/
2015-02-02,dram_chip,DDR3 4Gb 512Mx8 eTT,3.11,https://web.archive.org/web/20150202232856id_/https://www.dramexchange.com/
2015-02-02,nand_chip,16Gb 2Gx8 MLC,2.141,https://web.archive.org/web/20150202232856id_/https://www.dramexchange.com/
2015-02-02,nand_chip,32Gb 4Gx8 MLC,1.911,https://web.archive.org/web/20150202232856id_/https://www.dramexchange.com/
2015-02-02,nand_chip,64Gb 8Gx8 MLC,2.44,https://web.archive.org/web/20150202232856id_/https://www.dramexchange.com/
2015-02-13,dram_chip,DDR2 1Gb 128Mx8 800MHz,1.237,https://web.archive.org/web/20150214185653id_/https://www.dramexchange.com/
2015-02-13,dram_chip,DDR3 2Gb 256Mx8 1333MHz,2.203,https://web.archive.org/web/20150214185653id_/https://www.dramexchange.com/
2015-02-13,dram_chip,DDR3 2Gb 256Mx8 1600MHz,1.709,https://web.archive.org/web/20150214185653id_/https://www.dramexchange.com/
2015-02-13,dram_chip,DDR3 2Gb 256Mx8 eTT,1.612,https://web.archive.org/web/20150214185653id_/https://www.dramexchange.com/
2015-02-13,dram_chip,DDR3 4Gb 512Mx8 1600MHz,3.39,https://web.archive.org/web/20150214185653id_/https://www.dramexchange.com/
2015-02-13,dram_chip,DDR3 4Gb 512Mx8 eTT,3.028,https://web.archive.org/web/20150214185653id_/https://www.dramexchange.com/
2015-02-13,nand_chip,16Gb 2Gx8 MLC,2.092,https://web.archive.org/web/20150214185653id_/https://www.dramexchange.com/
2015-02-13,nand_chip,32Gb 4Gx8 MLC,1.941,https://web.archive.org/web/20150214185653id_/https://www.dramexchange.com/
2015-02-13,nand_chip,64Gb 8Gx8 MLC,2.549,https://web.archive.org/web/20150214185653id_/https://www.dramexchange.com/
2015-03-03,dram_chip,DDR2 1Gb 128Mx8 800MHz,1.235,https://web.archive.org/web/20150303054510id_/https://www.dramexchange.com/
2015-03-03,dram_chip,DDR3 2Gb 256Mx8 1333MHz,2.203,https://web.archive.org/web/20150303054510id_/https://www.dramexchange.com/
2015-03-03,dram_chip,DDR3 2Gb 256Mx8 1600MHz,1.702,https://web.archive.org/web/20150303054510id_/https://www.dramexchange.com/
2015-03-03,dram_chip,DDR3 2Gb 256Mx8 eTT,1.581,https://web.archive.org/web/20150303054510id_/https://www.dramexchange.com/
2015-03-03,dram_chip,DDR3 4Gb 512Mx8 1600MHz,3.373,https://web.archive.org/web/20150303054510id_/https://www.dramexchange.com/
2015-03-03,dram_chip,DDR3 4Gb 512Mx8 eTT,2.947,https://web.archive.org/web/20150303054510id_/https://www.dramexchange.com/
2015-03-03,nand_chip,16Gb 2Gx8 MLC,2.083,https://web.archive.org/web/20150303054510id_/https://www.dramexchange.com/
2015-03-03,nand_chip,32Gb 4Gx8 MLC,1.944,https://web.archive.org/web/20150303054510id_/https://www.dramexchange.com/
2015-03-03,nand_chip,64Gb 8Gx8 MLC,2.482,https://web.archive.org/web/20150303054510id_/https://www.dramexchange.com/
2015-03-13,dram_chip,DDR2 1Gb 128Mx8 800MHz,1.21,https://web.archive.org/web/20150315000301id_/https://www.dramexchange.com/
2015-03-13,dram_chip,DDR3 2Gb 256Mx8 1333MHz,2.203,https://web.archive.org/web/20150315000301id_/https://www.dramexchange.com/
2015-03-13,dram_chip,DDR3 2Gb 256Mx8 1600MHz,1.676,https://web.archive.org/web/20150315000301id_/https://www.dramexchange.com/
2015-03-13,dram_chip,DDR3 2Gb 256Mx8 eTT,1.545,https://web.archive.org/web/20150315000301id_/https://www.dramexchange.com/
2015-03-13,dram_chip,DDR3 4Gb 512Mx8 1600MHz,3.302,https://web.archive.org/web/20150315000301id_/https://www.dramexchange.com/
2015-03-13,dram_chip,DDR3 4Gb 512Mx8 eTT,2.909,https://web.archive.org/web/20150315000301id_/https://www.dramexchange.com/
2015-03-13,nand_chip,16Gb 2Gx8 MLC,2.045,https://web.archive.org/web/20150315000301id_/https://www.dramexchange.com/
2015-03-13,nand_chip,32Gb 4Gx8 MLC,1.963,https://web.archive.org/web/20150315000301id_/https://www.dramexchange.com/
2015-03-13,nand_chip,64Gb 8Gx8 MLC,2.434,https://web.archive.org/web/20150315000301id_/https://www.dramexchange.com/
2015-04-10,dram_chip,DDR2 1Gb 128Mx8 800MHz,1.203,https://web.archive.org/web/20150410103108id_/https://www.dramexchange.com/
2015-04-10,dram_chip,DDR3 2Gb 256Mx8 1333MHz,2.05,https://web.archive.org/web/20150410103108id_/https://www.dramexchange.com/
2015-04-10,dram_chip,DDR3 2Gb 256Mx8 1600MHz,1.61,https://web.archive.org/web/20150410103108id_/https://www.dramexchange.com/
2015-04-10,dram_chip,DDR3 2Gb 256Mx8 eTT,1.45,https://web.archive.org/web/20150410103108id_/https://www.dramexchange.com/
2015-04-10,dram_chip,DDR3 4Gb 512Mx8 1600MHz,3.17,https://web.archive.org/web/20150410103108id_/https://www.dramexchange.com/
2015-04-10,dram_chip,DDR3 4Gb 512Mx8 eTT,2.709,https://web.archive.org/web/20150410103108id_/https://www.dramexchange.com/
2015-04-10,nand_chip,16Gb 2Gx8 MLC,1.892,https://web.archive.org/web/20150410103108id_/https://www.dramexchange.com/
2015-04-10,nand_chip,32Gb 4Gx8 MLC,1.934,https://web.archive.org/web/20150410103108id_/https://www.dramexchange.com/
2015-04-10,nand_chip,64Gb 8Gx8 MLC,2.4,https://web.archive.org/web/20150410103108id_/https://www.dramexchange.com/
2015-06-26,dram_chip,DDR3 2Gb 256Mx8 1333MHz,1.523,https://web.archive.org/web/20150628210735id_/https://www.dramexchange.com/
2015-06-26,dram_chip,DDR3 2Gb 256Mx8 1600MHz,1.437,https://web.archive.org/web/20150628210735id_/https://www.dramexchange.com/
2015-06-26,dram_chip,DDR3 2Gb 256Mx8 eTT,1.18,https://web.archive.org/web/20150628210735id_/https://www.dramexchange.com/
2015-06-26,dram_chip,DDR3 4Gb 512Mx8 1600MHz,2.658,https://web.archive.org/web/20150628210735id_/https://www.dramexchange.com/
2015-06-26,dram_chip,DDR3 4Gb 512Mx8 eTT,2.344,https://web.archive.org/web/20150628210735id_/https://www.dramexchange.com/
2015-06-26,dram_chip,DDR4 4Gb (512Mx8) 2133MHz,3.618,https://web.archive.org/web/20150628210735id_/https://www.dramexchange.com/
2015-06-26,nand_chip,16Gb 2Gx8 MLC,1.72,https://web.archive.org/web/20150628210735id_/https://www.dramexchange.com/
2015-06-26,nand_chip,32Gb 4Gx8 MLC,2.061,https://web.archive.org/web/20150628210735id_/https://www.dramexchange.com/
2015-06-26,nand_chip,64Gb 8Gx8 MLC,2.626,https://web.archive.org/web/20150628210735id_/https://www.dramexchange.com/
2015-07-31,dram_chip,DDR3 2Gb 256Mx8 1333MHz,1.353,https://web.archive.org/web/20150801101220id_/https://www.dramexchange.com/
2015-07-31,dram_chip,DDR3 2Gb 256Mx8 1600MHz,1.323,https://web.archive.org/web/20150801101220id_/https://www.dramexchange.com/
2015-07-31,dram_chip,DDR3 2Gb 256Mx8 eTT,1.025,https://web.archive.org/web/20150801101220id_/https://www.dramexchange.com/
2015-07-31,dram_chip,DDR3 4Gb 512Mx8 1600MHz,2.293,https://web.archive.org/web/20150801101220id_/https://www.dramexchange.com/
2015-07-31,dram_chip,DDR3 4Gb 512Mx8 eTT,2.029,https://web.archive.org/web/20150801101220id_/https://www.dramexchange.com/
2015-07-31,dram_chip,DDR4 4Gb (512Mx8) 2133MHz,3.302,https://web.archive.org/web/20150801101220id_/https://www.dramexchange.com/
2015-07-31,nand_chip,16Gb 2Gx8 MLC,1.625,https://web.archive.org/web/20150801101220id_/https://www.dramexchange.com/
2015-07-31,nand_chip,32Gb 4Gx8 MLC,2.007,https://web.archive.org/web/20150801101220id_/https://www.dramexchange.com/
2015-07-31,nand_chip,64Gb 8Gx8 MLC,2.47,https://web.archive.org/web/20150801101220id_/https://www.dramexchange.com/
2015-08-14,dram_chip,DDR3 2Gb 256Mx8 1333MHz,1.267,https://web.archive.org/web/20150814204307id_/https://www.dramexchange.com/
2015-08-14,dram_chip,DDR3 2Gb 256Mx8 1600MHz,1.265,https://web.archive.org/web/20150814204307id_/https://www.dramexchange.com/
2015-08-14,dram_chip,DDR3 2Gb 256Mx8 eTT,0.935,https://web.archive.org/web/20150814204307id_/https://www.dramexchange.com/
2015-08-14,dram_chip,DDR3 4Gb 512Mx8 1600MHz,2.192,https://web.archive.org/web/20150814204307id_/https://www.dramexchange.com/
2015-08-14,dram_chip,DDR3 4Gb 512Mx8 eTT,1.883,https://web.archive.org/web/20150814204307id_/https://www.dramexchange.com/
2015-08-14,dram_chip,DDR4 4Gb (512Mx8) 2133MHz,3.11,https://web.archive.org/web/20150814204307id_/https://www.dramexchange.com/
2015-08-14,nand_chip,16Gb 2Gx8 MLC,1.555,https://web.archive.org/web/20150814204307id_/https://www.dramexchange.com/
2015-08-14,nand_chip,32Gb 4Gx8 MLC,1.992,https://web.archive.org/web/20150814204307id_/https://www.dramexchange.com/
2015-08-14,nand_chip,64Gb 8Gx8 MLC,2.41,https://web.archive.org/web/20150814204307id_/https://www.dramexchange.com/
2015-09-01,dram_chip,DDR3 2Gb 256Mx8 1333MHz,1.277,https://web.archive.org/web/20150901153102id_/https://www.dramexchange.com/
2015-09-01,dram_chip,DDR3 2Gb 256Mx8 1600MHz,1.265,https://web.archive.org/web/20150901153102id_/https://www.dramexchange.com/
2015-09-01,dram_chip,DDR3 2Gb 256Mx8 eTT,0.968,https://web.archive.org/web/20150901153102id_/https://www.dramexchange.com/
2015-09-01,dram_chip,DDR3 4Gb 512Mx8 1600MHz,2.254,https://web.archive.org/web/20150901153102id_/https://www.dramexchange.com/
2015-09-01,dram_chip,DDR3 4Gb 512Mx8 eTT,1.897,https://web.archive.org/web/20150901153102id_/https://www.dramexchange.com/
2015-09-01,dram_chip,DDR4 4Gb (512Mx8) 2133MHz,2.722,https://web.archive.org/web/20150901153102id_/https://www.dramexchange.com/
2015-09-01,nand_chip,16Gb 2Gx8 MLC,1.523,https://web.archive.org/web/20150901153102id_/https://www.dramexchange.com/
2015-09-01,nand_chip,32Gb 4Gx8 MLC,2.013,https://web.archive.org/web/20150901153102id_/https://www.dramexchange.com/
2015-09-01,nand_chip,64Gb 8Gx8 MLC,2.329,https://web.archive.org/web/20150901153102id_/https://www.dramexchange.com/
2015-09-14,dram_chip,DDR3 2Gb 256Mx8 1333MHz,1.26,https://web.archive.org/web/20150914170333id_/https://www.dramexchange.com/
2015-09-14,dram_chip,DDR3 2Gb 256Mx8 1600MHz,1.242,https://web.archive.org/web/20150914170333id_/https://www.dramexchange.com/
2015-09-14,dram_chip,DDR3 2Gb 256Mx8 eTT,0.953,https://web.archive.org/web/20150914170333id_/https://www.dramexchange.com/
2015-09-14,dram_chip,DDR3 4Gb 512Mx8 1600MHz,2.195,https://web.archive.org/web/20150914170333id_/https://www.dramexchange.com/
2015-09-14,dram_chip,DDR3 4Gb 512Mx8 eTT,1.892,https://web.archive.org/web/20150914170333id_/https://www.dramexchange.com/
2015-09-14,dram_chip,DDR4 4Gb (512Mx8) 2133MHz,2.719,https://web.archive.org/web/20150914170333id_/https://www.dramexchange.com/
2015-09-14,nand_chip,16Gb 2Gx8 MLC,1.512,https://web.archive.org/web/20150914170333id_/https://www.dramexchange.com/
2015-09-14,nand_chip,32Gb 4Gx8 MLC,2.011,https://web.archive.org/web/20150914170333id_/https://www.dramexchange.com/
2015-09-14,nand_chip,64Gb 8Gx8 MLC,2.324,https://web.archive.org/web/20150914170333id_/https://www.dramexchange.com/
2015-10-02,dram_chip,DDR3 2Gb 256Mx8 1333MHz,1.217,https://web.archive.org/web/20151004115438id_/https://www.dramexchange.com/
2015-10-02,dram_chip,DDR3 2Gb 256Mx8 1600MHz,1.195,https://web.archive.org/web/20151004115438id_/https://www.dramexchange.com/
2015-10-02,dram_chip,DDR3 2Gb 256Mx8 eTT,0.95,https://web.archive.org/web/20151004115438id_/https://www.dramexchange.com/
2015-10-02,dram_chip,DDR3 4Gb 512Mx8 1600MHz,2.124,https://web.archive.org/web/20151004115438id_/https://www.dramexchange.com/
2015-10-02,dram_chip,DDR3 4Gb 512Mx8 eTT,1.882,https://web.archive.org/web/20151004115438id_/https://www.dramexchange.com/
2015-10-02,dram_chip,DDR4 4Gb (512Mx8) 2133MHz,2.716,https://web.archive.org/web/20151004115438id_/https://www.dramexchange.com/
2015-10-02,nand_chip,16Gb 2Gx8 MLC,1.51,https://web.archive.org/web/20151004115438id_/https://www.dramexchange.com/
2015-10-02,nand_chip,32Gb 4Gx8 MLC,2.042,https://web.archive.org/web/20151004115438id_/https://www.dramexchange.com/
2015-10-02,nand_chip,64Gb 8Gx8 MLC,2.318,https://web.archive.org/web/20151004115438id_/https://www.dramexchange.com/
2015-10-14,dram_chip,DDR3 2Gb 256Mx8 1333MHz,1.248,https://web.archive.org/web/20151014064348id_/https://www.dramexchange.com/
2015-10-14,dram_chip,DDR3 2Gb 256Mx8 1600MHz,1.202,https://web.archive.org/web/20151014064348id_/https://www.dramexchange.com/
2015-10-14,dram_chip,DDR3 2Gb 256Mx8 eTT,0.947,https://web.archive.org/web/20151014064348id_/https://www.dramexchange.com/
2015-10-14,dram_chip,DDR3 4Gb 512Mx8 1600MHz,2.083,https://web.archive.org/web/20151014064348id_/https://www.dramexchange.com/
2015-10-14,dram_chip,DDR3 4Gb 512Mx8 eTT,1.869,https://web.archive.org/web/20151014064348id_/https://www.dramexchange.com/
2015-10-14,dram_chip,DDR4 4Gb (512Mx8) 2133MHz,2.658,https://web.archive.org/web/20151014064348id_/https://www.dramexchange.com/
2015-10-14,nand_chip,16Gb 2Gx8 MLC,1.527,https://web.archive.org/web/20151014064348id_/https://www.dramexchange.com/
2015-10-14,nand_chip,32Gb 4Gx8 MLC,2.026,https://web.archive.org/web/20151014064348id_/https://www.dramexchange.com/
2015-10-14,nand_chip,64Gb 8Gx8 MLC,2.349,https://web.archive.org/web/20151014064348id_/https://www.dramexchange.com/
2015-11-03,dram_chip,DDR3 2Gb 256Mx8 1333MHz,1.189,https://web.archive.org/web/20151103032507id_/https://www.dramexchange.com/
2015-11-03,dram_chip,DDR3 2Gb 256Mx8 1600MHz,1.126,https://web.archive.org/web/20151103032507id_/https://www.dramexchange.com/
2015-11-03,dram_chip,DDR3 2Gb 256Mx8 eTT,0.899,https://web.archive.org/web/20151103032507id_/https://www.dramexchange.com/
2015-11-03,dram_chip,DDR3 4Gb 512Mx8 1600MHz,2.0,https://web.archive.org/web/20151103032507id_/https://www.dramexchange.com/
2015-11-03,dram_chip,DDR3 4Gb 512Mx8 eTT,1.824,https://web.archive.org/web/20151103032507id_/https://www.dramexchange.com/
2015-11-03,dram_chip,DDR4 4Gb (512Mx8) 2133MHz,2.352,https://web.archive.org/web/20151103032507id_/https://www.dramexchange.com/
2015-11-03,nand_chip,16Gb 2Gx8 MLC,1.508,https://web.archive.org/web/20151103032507id_/https://www.dramexchange.com/
2015-11-03,nand_chip,32Gb 4Gx8 MLC,1.971,https://web.archive.org/web/20151103032507id_/https://www.dramexchange.com/
2015-11-03,nand_chip,64Gb 8Gx8 MLC,2.415,https://web.archive.org/web/20151103032507id_/https://www.dramexchange.com/
2015-11-16,dram_chip,DDR3 2Gb 256Mx8 1333MHz,1.177,https://web.archive.org/web/20151116074458id_/https://www.dramexchange.com/
2015-11-16,dram_chip,DDR3 2Gb 256Mx8 1600MHz,1.095,https://web.archive.org/web/20151116074458id_/https://www.dramexchange.com/
2015-11-16,dram_chip,DDR3 2Gb 256Mx8 eTT,0.858,https://web.archive.org/web/20151116074458id_/https://www.dramexchange.com/
2015-11-16,dram_chip,DDR3 4Gb 512Mx8 1600MHz,1.939,https://web.archive.org/web/20151116074458id_/https://www.dramexchange.com/
2015-11-16,dram_chip,DDR3 4Gb 512Mx8 eTT,1.727,https://web.archive.org/web/20151116074458id_/https://www.dramexchange.com/
2015-11-16,dram_chip,DDR4 4Gb (512Mx8) 2133MHz,2.276,https://web.archive.org/web/20151116074458id_/https://www.dramexchange.com/
2015-11-16,nand_chip,16Gb 2Gx8 MLC,1.483,https://web.archive.org/web/20151116074458id_/https://www.dramexchange.com/
2015-11-16,nand_chip,32Gb 4Gx8 MLC,1.989,https://web.archive.org/web/20151116074458id_/https://www.dramexchange.com/
2015-11-16,nand_chip,64Gb 8Gx8 MLC,2.419,https://web.archive.org/web/20151116074458id_/https://www.dramexchange.com/
2016-01-05,dram_chip,DDR3 2Gb 256Mx8 1333MHz,1.125,https://web.archive.org/web/20160105175312id_/https://www.dramexchange.com/
2016-01-05,dram_chip,DDR3 2Gb 256Mx8 1600MHz,1.14,https://web.archive.org/web/20160105175312id_/https://www.dramexchange.com/
2016-01-05,dram_chip,DDR3 2Gb 256Mx8 eTT,0.71,https://web.archive.org/web/20160105175312id_/https://www.dramexchange.com/
2016-01-05,dram_chip,DDR3 4Gb 512Mx8 1600MHz,1.871,https://web.archive.org/web/20160105175312id_/https://www.dramexchange.com/
2016-01-05,dram_chip,DDR3 4Gb 512Mx8 eTT,1.637,https://web.archive.org/web/20160105175312id_/https://www.dramexchange.com/
2016-01-05,dram_chip,DDR4 4Gb (512Mx8) 2133MHz,2.18,https://web.archive.org/web/20160105175312id_/https://www.dramexchange.com/
2016-01-05,nand_chip,16Gb 2Gx8 MLC,1.455,https://web.archive.org/web/20160105175312id_/https://www.dramexchange.com/
2016-01-05,nand_chip,32Gb 4Gx8 MLC,2.188,https://web.archive.org/web/20160105175312id_/https://www.dramexchange.com/
2016-01-05,nand_chip,64Gb 8Gx8 MLC,2.597,https://web.archive.org/web/20160105175312id_/https://www.dramexchange.com/
2016-01-15,dram_chip,DDR3 2Gb 256Mx8 1333MHz,1.097,https://web.archive.org/web/20160115112114id_/https://www.dramexchange.com/
2016-01-15,dram_chip,DDR3 2Gb 256Mx8 1600MHz,1.131,https://web.archive.org/web/20160115112114id_/https://www.dramexchange.com/
2016-01-15,dram_chip,DDR3 2Gb 256Mx8 eTT,0.911,https://web.archive.org/web/20160115112114id_/https://www.dramexchange.com/
2016-01-15,dram_chip,DDR3 4Gb 512Mx8 1600MHz,1.885,https://web.archive.org/web/20160115112114id_/https://www.dramexchange.com/
2016-01-15,dram_chip,DDR3 4Gb 512Mx8 eTT,1.623,https://web.archive.org/web/20160115112114id_/https://www.dramexchange.com/
2016-01-15,dram_chip,DDR4 4Gb (512Mx8) 2133MHz,2.154,https://web.archive.org/web/20160115112114id_/https://www.dramexchange.com/
2016-01-15,nand_chip,16Gb 2Gx8 MLC,1.463,https://web.archive.org/web/20160115112114id_/https://www.dramexchange.com/
2016-01-15,nand_chip,32Gb 4Gx8 MLC,2.168,https://web.archive.org/web/20160115112114id_/https://www.dramexchange.com/
2016-01-15,nand_chip,64Gb 8Gx8 MLC,2.659,https://web.archive.org/web/20160115112114id_/https://www.dramexchange.com/
2016-03-02,dram_chip,DDR3 2Gb 256Mx8 1333MHz,1.021,https://web.archive.org/web/20160302144948id_/https://www.dramexchange.com/
2016-03-02,dram_chip,DDR3 2Gb 256Mx8 1600MHz,1.027,https://web.archive.org/web/20160302144948id_/https://www.dramexchange.com/
2016-03-02,dram_chip,DDR3 4Gb 512Mx8 1600MHz,1.785,https://web.archive.org/web/20160302144948id_/https://www.dramexchange.com/
2016-03-02,dram_chip,DDR3 4Gb 512Mx8 eTT,1.527,https://web.archive.org/web/20160302144948id_/https://www.dramexchange.com/
2016-03-02,dram_chip,DDR4 4Gb (512Mx8) 2133MHz,1.726,https://web.archive.org/web/20160302144948id_/https://www.dramexchange.com/
2016-03-02,dram_chip,DDR4 8Gb (1Gx8) 2133MHz,4.708,https://web.archive.org/web/20160302144948id_/https://www.dramexchange.com/
2016-03-02,nand_chip,16Gb 2Gx8 MLC,1.382,https://web.archive.org/web/20160302144948id_/https://www.dramexchange.com/
2016-03-02,nand_chip,32Gb 4Gx8 MLC,2.073,https://web.archive.org/web/20160302144948id_/https://www.dramexchange.com/
2016-03-02,nand_chip,64Gb 8Gx8 MLC,2.704,https://web.archive.org/web/20160302144948id_/https://www.dramexchange.com/
2016-03-14,dram_chip,DDR3 2Gb 256Mx8 1333MHz,0.973,https://web.archive.org/web/20160314060125id_/https://www.dramexchange.com/
2016-03-14,dram_chip,DDR3 2Gb 256Mx8 1600MHz,0.994,https://web.archive.org/web/20160314060125id_/https://www.dramexchange.com/
2016-03-14,dram_chip,DDR3 4Gb 512Mx8 1600MHz,1.689,https://web.archive.org/web/20160314060125id_/https://www.dramexchange.com/
2016-03-14,dram_chip,DDR3 4Gb 512Mx8 eTT,1.482,https://web.archive.org/web/20160314060125id_/https://www.dramexchange.com/
2016-03-14,dram_chip,DDR4 4Gb (512Mx8) 2133MHz,1.693,https://web.archive.org/web/20160314060125id_/https://www.dramexchange.com/
2016-03-14,dram_chip,DDR4 8Gb (1Gx8) 2133MHz,4.704,https://web.archive.org/web/20160314060125id_/https://www.dramexchange.com/
2016-03-14,nand_chip,16Gb 2Gx8 MLC,1.347,https://web.archive.org/web/20160314060125id_/https://www.dramexchange.com/
2016-03-14,nand_chip,32Gb 4Gx8 MLC,2.028,https://web.archive.org/web/20160314060125id_/https://www.dramexchange.com/
2016-03-14,nand_chip,64Gb 8Gx8 MLC,2.669,https://web.archive.org/web/20160314060125id_/https://www.dramexchange.com/
2016-04-01,dram_chip,DDR3 2Gb 256Mx8 1333MHz,0.958,https://web.archive.org/web/20160404222806id_/https://www.dramexchange.com/
2016-04-01,dram_chip,DDR3 2Gb 256Mx8 1600MHz,0.955,https://web.archive.org/web/20160404222806id_/https://www.dramexchange.com/
2016-04-01,dram_chip,DDR3 4Gb 512Mx8 1600MHz,1.639,https://web.archive.org/web/20160404222806id_/https://www.dramexchange.com/
2016-04-01,dram_chip,DDR3 4Gb 512Mx8 eTT,1.46,https://web.archive.org/web/20160404222806id_/https://www.dramexchange.com/
2016-04-01,dram_chip,DDR4 4Gb (512Mx8) 2133MHz,1.673,https://web.archive.org/web/20160404222806id_/https://www.dramexchange.com/
2016-04-01,dram_chip,DDR4 8Gb (1Gx8) 2133MHz,4.691,https://web.archive.org/web/20160404222806id_/https://www.dramexchange.com/
2016-04-01,nand_chip,16Gb 2Gx8 MLC,1.345,https://web.archive.org/web/20160404222806id_/https://www.dramexchange.com/
2016-04-01,nand_chip,32Gb 4Gx8 MLC,1.996,https://web.archive.org/web/20160404222806id_/https://www.dramexchange.com/
2016-04-01,nand_chip,64Gb 8Gx8 MLC,2.674,https://web.archive.org/web/20160404222806id_/https://www.dramexchange.com/
2016-04-12,dram_chip,DDR3 2Gb 256Mx8 1333MHz,0.942,https://web.archive.org/web/20160412130042id_/https://www.dramexchange.com/
2016-04-12,dram_chip,DDR3 2Gb 256Mx8 1600MHz,0.951,https://web.archive.org/web/20160412130042id_/https://www.dramexchange.com/
2016-04-12,dram_chip,DDR3 4Gb 512Mx8 1600MHz,1.614,https://web.archive.org/web/20160412130042id_/https://www.dramexchange.com/
2016-04-12,dram_chip,DDR3 4Gb 512Mx8 eTT,1.437,https://web.archive.org/web/20160412130042id_/https://www.dramexchange.com/
2016-04-12,dram_chip,DDR4 4Gb (512Mx8) 2133MHz,1.669,https://web.archive.org/web/20160412130042id_/https://www.dramexchange.com/
2016-04-12,dram_chip,DDR4 8Gb (1Gx8) 2133MHz,4.687,https://web.archive.org/web/20160412130042id_/https://www.dramexchange.com/
2016-04-12,nand_chip,16Gb 2Gx8 MLC,1.373,https://web.archive.org/web/20160412130042id_/https://www.dramexchange.com/
2016-04-12,nand_chip,32Gb 4Gx8 MLC,1.991,https://web.archive.org/web/20160412130042id_/https://www.dramexchange.com/
2016-04-12,nand_chip,64Gb 8Gx8 MLC,2.64,https://web.archive.org/web/20160412130042id_/https://www.dramexchange.com/
2016-04-29,dram_chip,DDR3 2Gb 256Mx8 1333MHz,0.914,https://web.archive.org/web/20160501062337id_/https://www.dramexchange.com/
2016-04-29,dram_chip,DDR3 2Gb 256Mx8 1600MHz,0.92,https://web.archive.org/web/20160501062337id_/https://www.dramexchange.com/
2016-04-29,dram_chip,DDR3 4Gb 512Mx8 1600MHz,1.516,https://web.archive.org/web/20160501062337id_/https://www.dramexchange.com/
2016-04-29,dram_chip,DDR3 4Gb 512Mx8 eTT,1.31,https://web.archive.org/web/20160501062337id_/https://www.dramexchange.com/
2016-04-29,dram_chip,DDR4 4Gb (512Mx8) 2133MHz,1.602,https://web.archive.org/web/20160501062337id_/https://www.dramexchange.com/
2016-04-29,dram_chip,DDR4 8Gb (1Gx8) 2133MHz,4.675,https://web.archive.org/web/20160501062337id_/https://www.dramexchange.com/
2016-04-29,nand_chip,16Gb 2Gx8 MLC,1.407,https://web.archive.org/web/20160501062337id_/https://www.dramexchange.com/
2016-04-29,nand_chip,32Gb 4Gx8 MLC,1.93,https://web.archive.org/web/20160501062337id_/https://www.dramexchange.com/
2016-04-29,nand_chip,64Gb 8Gx8 MLC,2.581,https://web.archive.org/web/20160501062337id_/https://www.dramexchange.com/
2016-05-13,dram_chip,DDR3 2Gb 256Mx8 1333MHz,0.904,https://web.archive.org/web/20160513032648id_/https://www.dramexchange.com/
2016-05-13,dram_chip,DDR3 2Gb 256Mx8 1600MHz,0.9,https://web.archive.org/web/20160513032648id_/https://www.dramexchange.com/
2016-05-13,dram_chip,DDR3 4Gb 512Mx8 1600MHz,1.48,https://web.archive.org/web/20160513032648id_/https://www.dramexchange.com/
2016-05-13,dram_chip,DDR3 4Gb 512Mx8 eTT,1.262,https://web.archive.org/web/20160513032648id_/https://www.dramexchange.com/
2016-05-13,dram_chip,DDR4 4Gb (512Mx8) 2133MHz,1.512,https://web.archive.org/web/20160513032648id_/https://www.dramexchange.com/
2016-05-13,dram_chip,DDR4 8Gb (1Gx8) 2133MHz,4.214,https://web.archive.org/web/20160513032648id_/https://www.dramexchange.com/
2016-05-13,nand_chip,16Gb 2Gx8 MLC,1.42,https://web.archive.org/web/20160513032648id_/https://www.dramexchange.com/
2016-05-13,nand_chip,32Gb 4Gx8 MLC,1.916,https://web.archive.org/web/20160513032648id_/https://www.dramexchange.com/
2016-05-13,nand_chip,64Gb 8Gx8 MLC,2.614,https://web.archive.org/web/20160513032648id_/https://www.dramexchange.com/
2016-06-03,dram_chip,DDR3 2Gb 256Mx8 1333/1600MHz,0.888,https://web.archive.org/web/20160604060558id_/https://www.dramexchange.com/
2016-06-03,dram_chip,DDR3 4Gb 512Mx8 1333/1600MHz,1.429,https://web.archive.org/web/20160604060558id_/https://www.dramexchange.com/
2016-06-03,dram_chip,DDR3 4Gb 512Mx8 eTT,1.218,https://web.archive.org/web/20160604060558id_/https://www.dramexchange.com/
2016-06-03,dram_chip,DDR3 8Gb 512Mx16 1600MHz,4.925,https://web.archive.org/web/20160604060558id_/https://www.dramexchange.com/
2016-06-03,dram_chip,DDR4 4Gb (512Mx8) 2133MHz,1.463,https://web.archive.org/web/20160604060558id_/https://www.dramexchange.com/
2016-06-03,dram_chip,DDR4 8Gb (1Gx8) 2133MHz,3.713,https://web.archive.org/web/20160604060558id_/https://www.dramexchange.com/
2016-06-03,nand_chip,16Gb 2Gx8 MLC,1.353,https://web.archive.org/web/20160604060558id_/https://www.dramexchange.com/
2016-06-03,nand_chip,32Gb 4Gx8 MLC,1.9,https://web.archive.org/web/20160604060558id_/https://www.dramexchange.com/
2016-06-03,nand_chip,64Gb 8Gx8 MLC,2.62,https://web.archive.org/web/20160604060558id_/https://www.dramexchange.com/
2016-06-14,dram_chip,DDR3 2Gb 256Mx8 1333/1600MHz,0.929,https://web.archive.org/web/20160614052019id_/https://www.dramexchange.com/
2016-06-14,dram_chip,DDR3 4Gb 512Mx8 1333/1600MHz,1.451,https://web.archive.org/web/20160614052019id_/https://www.dramexchange.com/
2016-06-14,dram_chip,DDR3 4Gb 512Mx8 eTT,1.21,https://web.archive.org/web/20160614052019id_/https://www.dramexchange.com/
2016-06-14,dram_chip,DDR3 8Gb 512Mx16 1600MHz,4.905,https://web.archive.org/web/20160614052019id_/https://www.dramexchange.com/
2016-06-14,dram_chip,DDR4 4Gb (512Mx8) 2133MHz,1.463,https://web.archive.org/web/20160614052019id_/https://www.dramexchange.com/
2016-06-14,dram_chip,DDR4 8Gb (1Gx8) 2133MHz,3.668,https://web.archive.org/web/20160614052019id_/https://www.dramexchange.com/
2016-06-14,nand_chip,16Gb 2Gx8 MLC,1.381,https://web.archive.org/web/20160614052019id_/https://www.dramexchange.com/
2016-06-14,nand_chip,32Gb 4Gx8 MLC,1.91,https://web.archive.org/web/20160614052019id_/https://www.dramexchange.com/
2016-06-14,nand_chip,64Gb 8Gx8 MLC,2.638,https://web.archive.org/web/20160614052019id_/https://www.dramexchange.com/
2016-07-07,dram_chip,DDR3 2Gb 256Mx8 1333/1600MHz,1.089,https://web.archive.org/web/20160707085615id_/https://www.dramexchange.com/
2016-07-07,dram_chip,DDR3 4Gb 256Mx16 1333/1600MHz,1.676,https://web.archive.org/web/20160707085615id_/https://www.dramexchange.com/
2016-07-07,dram_chip,DDR3 4Gb 512Mx8 1333/1600MHz,1.666,https://web.archive.org/web/20160707085615id_/https://www.dramexchange.com/
2016-07-07,dram_chip,DDR3 4Gb 512Mx8 eTT,1.485,https://web.archive.org/web/20160707085615id_/https://www.dramexchange.com/
2016-07-07,dram_chip,DDR4 4Gb (512Mx8) 2133MHz,1.75,https://web.archive.org/web/20160707085615id_/https://www.dramexchange.com/
2016-07-07,dram_chip,DDR4 8Gb (1Gx8) 2133MHz,3.633,https://web.archive.org/web/20160707085615id_/https://www.dramexchange.com/
2016-07-07,nand_chip,16Gb 2Gx8 MLC,1.491,https://web.archive.org/web/20160707085615id_/https://www.dramexchange.com/
2016-07-07,nand_chip,32Gb 4Gx8 MLC,2.115,https://web.archive.org/web/20160707085615id_/https://www.dramexchange.com/
2016-07-07,nand_chip,64Gb 8Gx8 MLC,2.902,https://web.archive.org/web/20160707085615id_/https://www.dramexchange.com/
2016-07-14,dram_chip,DDR3 2Gb 256Mx8 1333/1600MHz,1.089,https://web.archive.org/web/20160715004833id_/https://www.dramexchange.com/
2016-07-14,dram_chip,DDR3 4Gb 256Mx16 1333/1600MHz,1.676,https://web.archive.org/web/20160715004833id_/https://www.dramexchange.com/
2016-07-14,dram_chip,DDR3 4Gb 512Mx8 1333/1600MHz,1.663,https://web.archive.org/web/20160715004833id_/https://www.dramexchange.com/
2016-07-14,dram_chip,DDR3 4Gb 512Mx8 eTT,1.506,https://web.archive.org/web/20160715004833id_/https://www.dramexchange.com/
2016-07-14,dram_chip,DDR4 4Gb (512Mx8) 2133MHz,1.751,https://web.archive.org/web/20160715004833id_/https://www.dramexchange.com/
2016-07-14,dram_chip,DDR4 8Gb (1Gx8) 2133MHz,3.633,https://web.archive.org/web/20160715004833id_/https://www.dramexchange.com/
2016-07-14,nand_chip,16Gb 2Gx8 MLC,1.513,https://web.archive.org/web/20160715004833id_/https://www.dramexchange.com/
2016-07-14,nand_chip,32Gb 4Gx8 MLC,2.086,https://web.archive.org/web/20160715004833id_/https://www.dramexchange.com/
2016-07-14,nand_chip,64Gb 8Gx8 MLC,2.888,https://web.archive.org/web/20160715004833id_/https://www.dramexchange.com/
2016-08-01,dram_chip,DDR3 2Gb 256Mx8 1333/1600MHz,1.052,https://web.archive.org/web/20160801212812id_/https://www.dramexchange.com/
2016-08-01,dram_chip,DDR3 4Gb 256Mx16 1333/1600MHz,1.666,https://web.archive.org/web/20160801212812id_/https://www.dramexchange.com/
2016-08-01,dram_chip,DDR3 4Gb 512Mx8 1333/1600MHz,1.696,https://web.archive.org/web/20160801212812id_/https://www.dramexchange.com/
2016-08-01,dram_chip,DDR3 4Gb 512Mx8 eTT,1.541,https://web.archive.org/web/20160801212812id_/https://www.dramexchange.com/
2016-08-01,dram_chip,DDR4 4Gb (512Mx8) 2133MHz,1.843,https://web.archive.org/web/20160801212812id_/https://www.dramexchange.com/
2016-08-01,dram_chip,DDR4 8Gb (1Gx8) 2133MHz,3.664,https://web.archive.org/web/20160801212812id_/https://www.dramexchange.com/
2016-08-01,nand_chip,16Gb 2Gx8 MLC,1.577,https://web.archive.org/web/20160801212812id_/https://www.dramexchange.com/
2016-08-01,nand_chip,32Gb 4Gx8 MLC,2.067,https://web.archive.org/web/20160801212812id_/https://www.dramexchange.com/
2016-08-01,nand_chip,64Gb 8Gx8 MLC,2.886,https://web.archive.org/web/20160801212812id_/https://www.dramexchange.com/
2016-08-12,dram_chip,DDR3 2Gb 256Mx8 1333/1600MHz,1.063,https://web.archive.org/web/20160814185554id_/https://www.dramexchange.com/
2016-08-12,dram_chip,DDR3 4Gb 256Mx16 1333/1600MHz,1.647,https://web.archive.org/web/20160814185554id_/https://www.dramexchange.com/
2016-08-12,dram_chip,DDR3 4Gb 512Mx8 1333/1600MHz,1.671,https://web.archive.org/web/20160814185554id_/https://www.dramexchange.com/
2016-08-12,dram_chip,DDR3 4Gb 512Mx8 eTT,1.543,https://web.archive.org/web/20160814185554id_/https://www.dramexchange.com/
2016-08-12,dram_chip,DDR4 4Gb (512Mx8) 2133MHz,1.864,https://web.archive.org/web/20160814185554id_/https://www.dramexchange.com/
2016-08-12,dram_chip,DDR4 8Gb (1Gx8) 2133MHz,3.717,https://web.archive.org/web/20160814185554id_/https://www.dramexchange.com/
2016-08-12,nand_chip,16Gb 2Gx8 MLC,1.6,https://web.archive.org/web/20160814185554id_/https://www.dramexchange.com/
2016-08-12,nand_chip,32Gb 4Gx8 MLC,2.092,https://web.archive.org/web/20160814185554id_/https://www.dramexchange.com/
2016-08-12,nand_chip,64Gb 8Gx8 MLC,2.98,https://web.archive.org/web/20160814185554id_/https://www.dramexchange.com/
2016-09-02,dram_chip,DDR3 2Gb 256Mx8 1333/1600MHz,1.113,https://web.archive.org/web/20160904161001id_/https://www.dramexchange.com/
2016-09-02,dram_chip,DDR3 4Gb 256Mx16 1333/1600MHz,1.645,https://web.archive.org/web/20160904161001id_/https://www.dramexchange.com/
2016-09-02,dram_chip,DDR3 4Gb 512Mx8 1333/1600MHz,1.697,https://web.archive.org/web/20160904161001id_/https://www.dramexchange.com/
2016-09-02,dram_chip,DDR3 4Gb 512Mx8 eTT,1.527,https://web.archive.org/web/20160904161001id_/https://www.dramexchange.com/
2016-09-02,dram_chip,DDR4 4Gb (512Mx8) 2133MHz,1.819,https://web.archive.org/web/20160904161001id_/https://www.dramexchange.com/
2016-09-02,dram_chip,DDR4 8Gb (1Gx8) 2133MHz,3.717,https://web.archive.org/web/20160904161001id_/https://www.dramexchange.com/
2016-09-02,nand_chip,16Gb 2Gx8 MLC,1.621,https://web.archive.org/web/20160904161001id_/https://www.dramexchange.com/
2016-09-02,nand_chip,32Gb 4Gx8 MLC,2.056,https://web.archive.org/web/20160904161001id_/https://www.dramexchange.com/
2016-09-02,nand_chip,64Gb 8Gx8 MLC,2.903,https://web.archive.org/web/20160904161001id_/https://www.dramexchange.com/
2016-09-13,dram_chip,DDR3 2Gb 256Mx8 1333/1600MHz,1.091,https://web.archive.org/web/20160913043911id_/https://www.dramexchange.com/
2016-09-13,dram_chip,DDR3 4Gb 256Mx16 1333/1600MHz,1.67,https://web.archive.org/web/20160913043911id_/https://www.dramexchange.com/
2016-09-13,dram_chip,DDR3 4Gb 512Mx8 1333/1600MHz,1.742,https://web.archive.org/web/20160913043911id_/https://www.dramexchange.com/
2016-09-13,dram_chip,DDR3 4Gb 512Mx8 eTT,1.555,https://web.archive.org/web/20160913043911id_/https://www.dramexchange.com/
2016-09-13,dram_chip,DDR4 4Gb (512Mx8) 2133MHz,1.837,https://web.archive.org/web/20160913043911id_/https://www.dramexchange.com/
2016-09-13,dram_chip,DDR4 8Gb (1Gx8) 2133MHz,3.745,https://web.archive.org/web/20160913043911id_/https://www.dramexchange.com/
2016-09-13,nand_chip,16Gb 2Gx8 MLC,1.601,https://web.archive.org/web/20160913043911id_/https://www.dramexchange.com/
2016-09-13,nand_chip,32Gb 4Gx8 MLC,2.096,https://web.archive.org/web/20160913043911id_/https://www.dramexchange.com/
2016-09-13,nand_chip,64Gb 8Gx8 MLC,2.885,https://web.archive.org/web/20160913043911id_/https://www.dramexchange.com/
2016-09-30,dram_chip,DDR3 2Gb 256Mx8 1333/1600MHz,1.15,https://web.archive.org/web/20161002202153id_/https://www.dramexchange.com/
2016-09-30,dram_chip,DDR3 4Gb 256Mx16 1333/1600MHz,1.987,https://web.archive.org/web/20161002202153id_/https://www.dramexchange.com/
2016-09-30,dram_chip,DDR3 4Gb 512Mx8 1333/1600MHz,2.076,https://web.archive.org/web/20161002202153id_/https://www.dramexchange.com/
2016-09-30,dram_chip,DDR3 4Gb 512Mx8 eTT,1.868,https://web.archive.org/web/20161002202153id_/https://www.dramexchange.com/
2016-09-30,dram_chip,DDR4 4Gb (512Mx8) 2133MHz,2.167,https://web.archive.org/web/20161002202153id_/https://www.dramexchange.com/
2016-09-30,dram_chip,DDR4 8Gb (1Gx8) 2133MHz,4.325,https://web.archive.org/web/20161002202153id_/https://www.dramexchange.com/
2016-09-30,nand_chip,16Gb 2Gx8 MLC,1.673,https://web.archive.org/web/20161002202153id_/https://www.dramexchange.com/
2016-09-30,nand_chip,32Gb 4Gx8 MLC,2.124,https://web.archive.org/web/20161002202153id_/https://www.dramexchange.com/
2016-09-30,nand_chip,64Gb 8Gx8 MLC,2.911,https://web.archive.org/web/20161002202153id_/https://www.dramexchange.com/
2016-10-17,dram_chip,DDR3 2Gb 256Mx8 1333/1600MHz,1.307,https://web.archive.org/web/20161017113856id_/https://www.dramexchange.com/
2016-10-17,dram_chip,DDR3 4Gb 256Mx16 1333/1600MHz,2.411,https://web.archive.org/web/20161017113856id_/https://www.dramexchange.com/
2016-10-17,dram_chip,DDR3 4Gb 512Mx8 1333/1600MHz,2.373,https://web.archive.org/web/20161017113856id_/https://www.dramexchange.com/
2016-10-17,dram_chip,DDR3 4Gb 512Mx8 eTT,2.129,https://web.archive.org/web/20161017113856id_/https://www.dramexchange.com/
2016-10-17,dram_chip,DDR4 4Gb (512Mx8) 2133MHz,2.417,https://web.archive.org/web/20161017113856id_/https://www.dramexchange.com/
2016-10-17,dram_chip,DDR4 8Gb (1Gx8) 2133MHz,4.65,https://web.archive.org/web/20161017113856id_/https://www.dramexchange.com/
2016-10-17,nand_chip,16Gb 2Gx8 MLC,1.736,https://web.archive.org/web/20161017113856id_/https://www.dramexchange.com/
2016-10-17,nand_chip,32Gb 4Gx8 MLC,2.139,https://web.archive.org/web/20161017113856id_/https://www.dramexchange.com/
2016-10-17,nand_chip,64Gb 8Gx8 MLC,2.911,https://web.archive.org/web/20161017113856id_/https://www.dramexchange.com/
2016-11-01,dram_chip,DDR3 2Gb 256Mx8 1333/1600MHz,1.36,https://web.archive.org/web/20161101103429id_/https://www.dramexchange.com/
2016-11-01,dram_chip,DDR3 4Gb 256Mx16 1333/1600MHz,2.43,https://web.archive.org/web/20161101103429id_/https://www.dramexchange.com/
2016-11-01,dram_chip,DDR3 4Gb 512Mx8 1333/1600MHz,2.469,https://web.archive.org/web/20161101103429id_/https://www.dramexchange.com/
2016-11-01,dram_chip,DDR3 4Gb 512Mx8 eTT,2.33,https://web.archive.org/web/20161101103429id_/https://www.dramexchange.com/
2016-11-01,dram_chip,DDR4 4Gb (512Mx8) 2133MHz,2.49,https://web.archive.org/web/20161101103429id_/https://www.dramexchange.com/
2016-11-01,dram_chip,DDR4 8Gb (1Gx8) 2133MHz,5.015,https://web.archive.org/web/20161101103429id_/https://www.dramexchange.com/
2016-11-01,nand_chip,16Gb 2Gx8 MLC,1.777,https://web.archive.org/web/20161101103429id_/https://www.dramexchange.com/
2016-11-01,nand_chip,32Gb 4Gx8 MLC,2.214,https://web.archive.org/web/20161101103429id_/https://www.dramexchange.com/
2016-11-01,nand_chip,64Gb 8Gx8 MLC,3.01,https://web.archive.org/web/20161101103429id_/https://www.dramexchange.com/
2016-11-15,dram_chip,DDR3 2Gb 256Mx8 1333/1600MHz,1.381,https://web.archive.org/web/20161115114859id_/https://www.dramexchange.com/
2016-11-15,dram_chip,DDR3 4Gb 256Mx16 1333/1600MHz,2.575,https://web.archive.org/web/20161115114859id_/https://www.dramexchange.com/
2016-11-15,dram_chip,DDR3 4Gb 512Mx8 1333/1600MHz,2.552,https://web.archive.org/web/20161115114859id_/https://www.dramexchange.com/
2016-11-15,dram_chip,DDR3 4Gb 512Mx8 eTT,2.359,https://web.archive.org/web/20161115114859id_/https://www.dramexchange.com/
2016-11-15,dram_chip,DDR4 4Gb (512Mx8) 2133MHz,2.533,https://web.archive.org/web/20161115114859id_/https://www.dramexchange.com/
2016-11-15,dram_chip,DDR4 8Gb (1Gx8) 2133MHz,5.16,https://web.archive.org/web/20161115114859id_/https://www.dramexchange.com/
2016-11-15,nand_chip,16Gb 2Gx8 MLC,1.777,https://web.archive.org/web/20161115114859id_/https://www.dramexchange.com/
2016-11-15,nand_chip,32Gb 4Gx8 MLC,2.198,https://web.archive.org/web/20161115114859id_/https://www.dramexchange.com/
2016-11-15,nand_chip,64Gb 8Gx8 MLC,3.034,https://web.archive.org/web/20161115114859id_/https://www.dramexchange.com/
2016-12-01,dram_chip,DDR3 2Gb 256Mx8 1333/1600MHz,1.438,https://web.archive.org/web/20161201103731id_/https://www.dramexchange.com/
2016-12-01,dram_chip,DDR3 4Gb 256Mx16 1333/1600MHz,2.576,https://web.archive.org/web/20161201103731id_/https://www.dramexchange.com/
2016-12-01,dram_chip,DDR3 4Gb 512Mx8 1333/1600MHz,2.612,https://web.archive.org/web/20161201103731id_/https://www.dramexchange.com/
2016-12-01,dram_chip,DDR3 4Gb 512Mx8 eTT,2.391,https://web.archive.org/web/20161201103731id_/https://www.dramexchange.com/
2016-12-01,dram_chip,DDR4 4Gb (512Mx8) 2133MHz,2.567,https://web.archive.org/web/20161201103731id_/https://www.dramexchange.com/
2016-12-01,dram_chip,DDR4 8Gb (1Gx8) 2133MHz,5.215,https://web.archive.org/web/20161201103731id_/https://www.dramexchange.com/
2016-12-01,nand_chip,16Gb 2Gx8 MLC,1.857,https://web.archive.org/web/20161201103731id_/https://www.dramexchange.com/
2016-12-01,nand_chip,32Gb 4Gx8 MLC,2.182,https://web.archive.org/web/20161201103731id_/https://www.dramexchange.com/
2016-12-01,nand_chip,64Gb 8Gx8 MLC,3.09,https://web.archive.org/web/20161201103731id_/https://www.dramexchange.com/
2016-12-15,dram_chip,DDR3 2Gb 256Mx8 1333/1600MHz,1.462,https://web.archive.org/web/20161215105332id_/https://www.dramexchange.com/
2016-12-15,dram_chip,DDR3 4Gb 256Mx16 1333/1600MHz,2.715,https://web.archive.org/web/20161215105332id_/https://www.dramexchange.com/
2016-12-15,dram_chip,DDR3 4Gb 512Mx8 1333/1600MHz,2.707,https://web.archive.org/web/20161215105332id_/https://www.dramexchange.com/
2016-12-15,dram_chip,DDR3 4Gb 512Mx8 eTT,2.364,https://web.archive.org/web/20161215105332id_/https://www.dramexchange.com/
2016-12-15,dram_chip,DDR4 4Gb (512Mx8) 2133MHz,2.797,https://web.archive.org/web/20161215105332id_/https://www.dramexchange.com/
2016-12-15,dram_chip,DDR4 8Gb (1Gx8) 2133MHz,5.55,https://web.archive.org/web/20161215105332id_/https://www.dramexchange.com/
2016-12-15,nand_chip,16Gb 2Gx8 MLC,1.857,https://web.archive.org/web/20161215105332id_/https://www.dramexchange.com/
2016-12-15,nand_chip,32Gb 4Gx8 MLC,2.204,https://web.archive.org/web/20161215105332id_/https://www.dramexchange.com/
2016-12-15,nand_chip,64Gb 8Gx8 MLC,3.066,https://web.archive.org/web/20161215105332id_/https://www.dramexchange.com/
2016-12-30,dram_chip,DDR3 2Gb 256Mx8 1333/1600MHz,1.513,https://web.archive.org/web/20170102023139id_/https://www.dramexchange.com/
2016-12-30,dram_chip,DDR3 4Gb 256Mx16 1333/1600MHz,2.834,https://web.archive.org/web/20170102023139id_/https://www.dramexchange.com/
2016-12-30,dram_chip,DDR3 4Gb 512Mx8 1333/1600MHz,2.791,https://web.archive.org/web/20170102023139id_/https://www.dramexchange.com/
2016-12-30,dram_chip,DDR3 4Gb 512Mx8 eTT,2.365,https://web.archive.org/web/20170102023139id_/https://www.dramexchange.com/
2016-12-30,dram_chip,DDR4 4Gb (512Mx8) 2133MHz,2.831,https://web.archive.org/web/20170102023139id_/https://www.dramexchange.com/
2016-12-30,dram_chip,DDR4 8Gb (1Gx8) 2133MHz,5.726,https://web.archive.org/web/20170102023139id_/https://www.dramexchange.com/
2016-12-30,nand_chip,16Gb 2Gx8 MLC,1.87,https://web.archive.org/web/20170102023139id_/https://www.dramexchange.com/
2016-12-30,nand_chip,32Gb 4Gx8 MLC,2.222,https://web.archive.org/web/20170102023139id_/https://www.dramexchange.com/
2016-12-30,nand_chip,64Gb 8Gx8 MLC,3.12,https://web.archive.org/web/20170102023139id_/https://www.dramexchange.com/
2017-01-16,dram_chip,DDR3 2Gb 256Mx8 1333/1600MHz,1.64,https://web.archive.org/web/20170116102949id_/https://www.dramexchange.com/
2017-01-16,dram_chip,DDR3 4Gb 256Mx16 1333/1600MHz,2.971,https://web.archive.org/web/20170116102949id_/https://www.dramexchange.com/
2017-01-16,dram_chip,DDR3 4Gb 512Mx8 1333/1600MHz,3.033,https://web.archive.org/web/20170116102949id_/https://www.dramexchange.com/
2017-01-16,dram_chip,DDR3 4Gb 512Mx8 eTT,2.588,https://web.archive.org/web/20170116102949id_/https://www.dramexchange.com/
2017-01-16,dram_chip,DDR4 4Gb (512Mx8) 2133MHz,3.207,https://web.archive.org/web/20170116102949id_/https://www.dramexchange.com/
2017-01-16,dram_chip,DDR4 8Gb (1Gx8) 2133MHz,6.35,https://web.archive.org/web/20170116102949id_/https://www.dramexchange.com/
2017-01-16,nand_chip,16Gb 2Gx8 MLC,1.873,https://web.archive.org/web/20170116102949id_/https://www.dramexchange.com/
2017-01-16,nand_chip,32Gb 4Gx8 MLC,2.274,https://web.archive.org/web/20170116102949id_/https://www.dramexchange.com/
2017-01-16,nand_chip,64Gb 8Gx8 MLC,3.145,https://web.archive.org/web/20170116102949id_/https://www.dramexchange.com/
2017-02-02,dram_chip,DDR3 2Gb 256Mx8 1333/1600MHz,1.701,https://web.archive.org/web/20170202101502id_/https://www.dramexchange.com/
2017-02-02,dram_chip,DDR3 4Gb 256Mx16 1333/1600MHz,2.986,https://web.archive.org/web/20170202101502id_/https://www.dramexchange.com/
2017-02-02,dram_chip,DDR3 4Gb 512Mx8 1333/1600MHz,3.066,https://web.archive.org/web/20170202101502id_/https://www.dramexchange.com/
2017-02-02,dram_chip,DDR3 4Gb 512Mx8 eTT,2.66,https://web.archive.org/web/20170202101502id_/https://www.dramexchange.com/
2017-02-02,dram_chip,DDR4 4Gb (512Mx8) 2133MHz,3.34,https://web.archive.org/web/20170202101502id_/https://www.dramexchange.com/
2017-02-02,dram_chip,DDR4 8Gb (1Gx8) 2133MHz,6.802,https://web.archive.org/web/20170202101502id_/https://www.dramexchange.com/
2017-02-02,nand_chip,16Gb 2Gx8 MLC,1.857,https://web.archive.org/web/20170202101502id_/https://www.dramexchange.com/
2017-02-02,nand_chip,32Gb 4Gx8 MLC,2.28,https://web.archive.org/web/20170202101502id_/https://www.dramexchange.com/
2017-02-02,nand_chip,64Gb 8Gx8 MLC,3.165,https://web.archive.org/web/20170202101502id_/https://www.dramexchange.com/
2017-02-14,dram_chip,DDR3 2Gb 256Mx8 1333/1600MHz,1.756,https://web.archive.org/web/20170214120457id_/https://www.dramexchange.com/
2017-02-14,dram_chip,DDR3 4Gb 256Mx16 1333/1600MHz,3.017,https://web.archive.org/web/20170214120457id_/https://www.dramexchange.com/
2017-02-14,dram_chip,DDR3 4Gb 512Mx8 1333/1600MHz,3.111,https://web.archive.org/web/20170214120457id_/https://www.dramexchange.com/
2017-02-14,dram_chip,DDR3 4Gb 512Mx8 eTT,2.661,https://web.archive.org/web/20170214120457id_/https://www.dramexchange.com/
2017-02-14,dram_chip,DDR4 4Gb (512Mx8) 2133MHz,3.436,https://web.archive.org/web/20170214120457id_/https://www.dramexchange.com/
2017-02-14,dram_chip,DDR4 8Gb (1Gx8) 2133MHz,6.927,https://web.archive.org/web/20170214120457id_/https://www.dramexchange.com/
2017-02-14,nand_chip,16Gb 2Gx8 MLC,2.007,https://web.archive.org/web/20170214120457id_/https://www.dramexchange.com/
2017-02-14,nand_chip,32Gb 4Gx8 MLC,2.488,https://web.archive.org/web/20170214120457id_/https://www.dramexchange.com/
2017-02-14,nand_chip,64Gb 8Gx8 MLC,3.384,https://web.archive.org/web/20170214120457id_/https://www.dramexchange.com/
2017-03-10,dram_chip,DDR3 2Gb 256Mx8 1333/1600MHz,1.853,https://web.archive.org/web/20170310164934id_/https://www.dramexchange.com/
2017-03-10,dram_chip,DDR3 4Gb 256Mx16 1333/1600MHz,3.022,https://web.archive.org/web/20170310164934id_/https://www.dramexchange.com/
2017-03-10,dram_chip,DDR3 4Gb 512Mx8 1333/1600MHz,2.979,https://web.archive.org/web/20170310164934id_/https://www.dramexchange.com/
2017-03-10,dram_chip,DDR3 4Gb 512Mx8 eTT,2.544,https://web.archive.org/web/20170310164934id_/https://www.dramexchange.com/
2017-03-10,dram_chip,DDR4 4Gb (512Mx8) 2133MHz,3.488,https://web.archive.org/web/20170310164934id_/https://www.dramexchange.com/
2017-03-10,dram_chip,DDR4 8Gb (1Gx8) 2133MHz,6.886,https://web.archive.org/web/20170310164934id_/https://www.dramexchange.com/
2017-03-10,nand_chip,16Gb 2Gx8 MLC,2.279,https://web.archive.org/web/20170310164934id_/https://www.dramexchange.com/
2017-03-10,nand_chip,32Gb 4Gx8 MLC,2.661,https://web.archive.org/web/20170310164934id_/https://www.dramexchange.com/
2017-03-10,nand_chip,64Gb 8Gx8 MLC,3.863,https://web.archive.org/web/20170310164934id_/https://www.dramexchange.com/
2017-03-15,dram_chip,DDR3 2Gb 256Mx8 1333/1600MHz,1.851,https://web.archive.org/web/20170315155247id_/https://www.dramexchange.com/
2017-03-15,dram_chip,DDR3 4Gb 256Mx16 1333/1600MHz,3.066,https://web.archive.org/web/20170315155247id_/https://www.dramexchange.com/
2017-03-15,dram_chip,DDR3 4Gb 512Mx8 1333/1600MHz,2.968,https://web.archive.org/web/20170315155247id_/https://www.dramexchange.com/
2017-03-15,dram_chip,DDR3 4Gb 512Mx8 eTT,2.528,https://web.archive.org/web/20170315155247id_/https://www.dramexchange.com/
2017-03-15,dram_chip,DDR4 4Gb (512Mx8) 2133MHz,3.488,https://web.archive.org/web/20170315155247id_/https://www.dramexchange.com/
2017-03-15,dram_chip,DDR4 8Gb (1Gx8) 2133MHz,6.886,https://web.archive.org/web/20170315155247id_/https://www.dramexchange.com/
2017-03-15,nand_chip,16Gb 2Gx8 MLC,2.287,https://web.archive.org/web/20170315155247id_/https://www.dramexchange.com/
2017-03-15,nand_chip,32Gb 4Gx8 MLC,2.707,https://web.archive.org/web/20170315155247id_/https://www.dramexchange.com/
2017-03-15,nand_chip,64Gb 8Gx8 MLC,3.882,https://web.archive.org/web/20170315155247id_/https://www.dramexchange.com/
2017-04-05,dram_chip,DDR3 2Gb 256Mx8 1333/1600MHz,1.824,https://web.archive.org/web/20170405101306id_/https://www.dramexchange.com/
2017-04-05,dram_chip,DDR3 4Gb 256Mx16 1333/1600MHz,3.021,https://web.archive.org/web/20170405101306id_/https://www.dramexchange.com/
2017-04-05,dram_chip,DDR3 4Gb 512Mx8 1333/1600MHz,2.936,https://web.archive.org/web/20170405101306id_/https://www.dramexchange.com/
2017-04-05,dram_chip,DDR3 4Gb 512Mx8 eTT,2.481,https://web.archive.org/web/20170405101306id_/https://www.dramexchange.com/
2017-04-05,dram_chip,DDR4 4Gb (512Mx8) 2133MHz,3.376,https://web.archive.org/web/20170405101306id_/https://www.dramexchange.com/
2017-04-05,dram_chip,DDR4 8Gb (1Gx8) 2133MHz,6.79,https://web.archive.org/web/20170405101306id_/https://www.dramexchange.com/
2017-04-05,nand_chip,16Gb 2Gx8 MLC,2.177,https://web.archive.org/web/20170405101306id_/https://www.dramexchange.com/
2017-04-05,nand_chip,32Gb 4Gx8 MLC,2.81,https://web.archive.org/web/20170405101306id_/https://www.dramexchange.com/
2017-04-05,nand_chip,64Gb 8Gx8 MLC,4.141,https://web.archive.org/web/20170405101306id_/https://www.dramexchange.com/
2017-04-14,dram_chip,DDR3 2Gb 256Mx8 1333/1600MHz,1.838,https://web.archive.org/web/20170414140824id_/https://www.dramexchange.com/
2017-04-14,dram_chip,DDR3 4Gb 256Mx16 1333/1600MHz,3.033,https://web.archive.org/web/20170414140824id_/https://www.dramexchange.com/
2017-04-14,dram_chip,DDR3 4Gb 512Mx8 1333/1600MHz,2.894,https://web.archive.org/web/20170414140824id_/https://www.dramexchange.com/
2017-04-14,dram_chip,DDR3 4Gb 512Mx8 eTT,2.445,https://web.archive.org/web/20170414140824id_/https://www.dramexchange.com/
2017-04-14,dram_chip,DDR4 4Gb (512Mx8) 2133MHz,3.381,https://web.archive.org/web/20170414140824id_/https://www.dramexchange.com/
2017-04-14,dram_chip,DDR4 8Gb (1Gx8) 2133MHz,6.825,https://web.archive.org/web/20170414140824id_/https://www.dramexchange.com/
2017-04-14,nand_chip,16Gb 2Gx8 MLC,2.177,https://web.archive.org/web/20170414140824id_/https://www.dramexchange.com/
2017-04-14,nand_chip,32Gb 4Gx8 MLC,2.816,https://web.archive.org/web/20170414140824id_/https://www.dramexchange.com/
2017-04-14,nand_chip,64Gb 8Gx8 MLC,4.275,https://web.archive.org/web/20170414140824id_/https://www.dramexchange.com/
2017-05-02,dram_chip,DDR3 2Gb 256Mx8 1333/1600MHz,1.816,https://web.archive.org/web/20170502103330id_/https://www.dramexchange.com/
2017-05-02,dram_chip,DDR3 4Gb 256Mx16 1333/1600MHz,3.007,https://web.archive.org/web/20170502103330id_/https://www.dramexchange.com/
2017-05-02,dram_chip,DDR3 4Gb 512Mx8 1333/1600MHz,2.89,https://web.archive.org/web/20170502103330id_/https://www.dramexchange.com/
2017-05-02,dram_chip,DDR3 4Gb 512Mx8 eTT,2.336,https://web.archive.org/web/20170502103330id_/https://www.dramexchange.com/
2017-05-02,dram_chip,DDR4 4Gb (512Mx8) 2133MHz,3.244,https://web.archive.org/web/20170502103330id_/https://www.dramexchange.com/
2017-05-02,dram_chip,DDR4 8Gb (1Gx8) 2133MHz,6.381,https://web.archive.org/web/20170502103330id_/https://www.dramexchange.com/
2017-05-02,nand_chip,16Gb 2Gx8 MLC,2.364,https://web.archive.org/web/20170502103330id_/https://www.dramexchange.com/
2017-05-02,nand_chip,32Gb 4Gx8 MLC,2.9,https://web.archive.org/web/20170502103330id_/https://www.dramexchange.com/
2017-05-02,nand_chip,64Gb 8Gx8 MLC,4.616,https://web.archive.org/web/20170502103330id_/https://www.dramexchange.com/
2017-05-15,dram_chip,DDR3 2Gb 256Mx8 1333/1600MHz,1.743,https://web.archive.org/web/20170515123050id_/https://www.dramexchange.com/
2017-05-15,dram_chip,DDR3 4Gb 256Mx16 1333/1600MHz,2.948,https://web.archive.org/web/20170515123050id_/https://www.dramexchange.com/
2017-05-15,dram_chip,DDR3 4Gb 512Mx8 1333/1600MHz,2.852,https://web.archive.org/web/20170515123050id_/https://www.dramexchange.com/
2017-05-15,dram_chip,DDR3 4Gb 512Mx8 eTT,2.29,https://web.archive.org/web/20170515123050id_/https://www.dramexchange.com/
2017-05-15,dram_chip,DDR4 4Gb (512Mx8) 2133/2400MHz,3.225,https://web.archive.org/web/20170515123050id_/https://www.dramexchange.com/
2017-05-15,dram_chip,DDR4 8Gb (1Gx8) 2133/2400MHz,6.378,https://web.archive.org/web/20170515123050id_/https://www.dramexchange.com/
2017-05-15,nand_chip,16Gb 2Gx8 MLC,2.403,https://web.archive.org/web/20170515123050id_/https://www.dramexchange.com/
2017-05-15,nand_chip,32Gb 4Gx8 MLC,2.872,https://web.archive.org/web/20170515123050id_/https://www.dramexchange.com/
2017-05-15,nand_chip,64Gb 8Gx8 MLC,4.77,https://web.archive.org/web/20170515123050id_/https://www.dramexchange.com/
2017-06-01,dram_chip,DDR3 2Gb 256Mx8 1333/1600MHz,1.705,https://web.archive.org/web/20170601114123id_/https://www.dramexchange.com/
2017-06-01,dram_chip,DDR3 4Gb 256Mx16 1333/1600MHz,2.891,https://web.archive.org/web/20170601114123id_/https://www.dramexchange.com/
2017-06-01,dram_chip,DDR3 4Gb 512Mx8 1333/1600MHz,2.839,https://web.archive.org/web/20170601114123id_/https://www.dramexchange.com/
2017-06-01,dram_chip,DDR3 4Gb 512Mx8 eTT,2.248,https://web.archive.org/web/20170601114123id_/https://www.dramexchange.com/
2017-06-01,dram_chip,DDR4 4Gb (512Mx8) 2133/2400MHz,3.216,https://web.archive.org/web/20170601114123id_/https://www.dramexchange.com/
2017-06-01,dram_chip,DDR4 8Gb (1Gx8) 2133/2400MHz,6.391,https://web.archive.org/web/20170601114123id_/https://www.dramexchange.com/
2017-06-01,nand_chip,16Gb 2Gx8 MLC,2.551,https://web.archive.org/web/20170601114123id_/https://www.dramexchange.com/
2017-06-01,nand_chip,32Gb 4Gx8 MLC,2.865,https://web.archive.org/web/20170601114123id_/https://www.dramexchange.com/
2017-06-01,nand_chip,64Gb 8Gx8 MLC,4.717,https://web.archive.org/web/20170601114123id_/https://www.dramexchange.com/
2017-06-15,dram_chip,DDR3 2Gb 256Mx8 1333/1600MHz,1.691,https://web.archive.org/web/20170615104649id_/https://www.dramexchange.com/
2017-06-15,dram_chip,DDR3 4Gb 256Mx16 1333/1600MHz,2.997,https://web.archive.org/web/20170615104649id_/https://www.dramexchange.com/
2017-06-15,dram_chip,DDR3 4Gb 512Mx8 1333/1600MHz,2.978,https://web.archive.org/web/20170615104649id_/https://www.dramexchange.com/
2017-06-15,dram_chip,DDR3 4Gb 512Mx8 eTT,2.339,https://web.archive.org/web/20170615104649id_/https://www.dramexchange.com/
2017-06-15,dram_chip,DDR4 4Gb (512Mx8) 2133/2400MHz,3.215,https://web.archive.org/web/20170615104649id_/https://www.dramexchange.com/
2017-06-15,dram_chip,DDR4 8Gb (1Gx8) 2133/2400MHz,6.412,https://web.archive.org/web/20170615104649id_/https://www.dramexchange.com/
2017-06-15,nand_chip,16Gb 2Gx8 MLC,2.821,https://web.archive.org/web/20170615104649id_/https://www.dramexchange.com/
2017-06-15,nand_chip,32Gb 4Gx8 MLC,2.911,https://web.archive.org/web/20170615104649id_/https://www.dramexchange.com/
2017-06-15,nand_chip,64Gb 8Gx8 MLC,4.723,https://web.archive.org/web/20170615104649id_/https://www.dramexchange.com/
2017-07-03,dram_chip,DDR3 2Gb 256Mx8 1333/1600MHz,1.69,https://web.archive.org/web/20170703101126id_/https://www.dramexchange.com/
2017-07-03,dram_chip,DDR3 4Gb 256Mx16 1333/1600MHz,3.011,https://web.archive.org/web/20170703101126id_/https://www.dramexchange.com/
2017-07-03,dram_chip,DDR3 4Gb 512Mx8 1333/1600MHz,3.057,https://web.archive.org/web/20170703101126id_/https://www.dramexchange.com/
2017-07-03,dram_chip,DDR3 4Gb 512Mx8 eTT,2.423,https://web.archive.org/web/20170703101126id_/https://www.dramexchange.com/
2017-07-03,dram_chip,DDR4 4Gb (512Mx8) 2133/2400MHz,3.28,https://web.archive.org/web/20170703101126id_/https://www.dramexchange.com/
2017-07-03,dram_chip,DDR4 8Gb (1Gx8) 2133/2400MHz,6.546,https://web.archive.org/web/20170703101126id_/https://www.dramexchange.com/
2017-07-03,nand_chip,16Gb 2Gx8 MLC,2.916,https://web.archive.org/web/20170703101126id_/https://www.dramexchange.com/
2017-07-03,nand_chip,32Gb 4Gx8 MLC,3.053,https://web.archive.org/web/20170703101126id_/https://www.dramexchange.com/
2017-07-03,nand_chip,64Gb 8Gx8 MLC,4.774,https://web.archive.org/web/20170703101126id_/https://www.dramexchange.com/
2017-07-13,dram_chip,DDR3 2Gb 256Mx8 1333/1600MHz,1.724,https://web.archive.org/web/20170714021349id_/https://www.dramexchange.com/
2017-07-13,dram_chip,DDR3 4Gb 256Mx16 1333/1600MHz,3.031,https://web.archive.org/web/20170714021349id_/https://www.dramexchange.com/
2017-07-13,dram_chip,DDR3 4Gb 512Mx8 1333/1600MHz,3.144,https://web.archive.org/web/20170714021349id_/https://www.dramexchange.com/
2017-07-13,dram_chip,DDR3 4Gb 512Mx8 eTT,2.689,https://web.archive.org/web/20170714021349id_/https://www.dramexchange.com/
2017-07-13,dram_chip,DDR4 4Gb (512Mx8) 2133/2400MHz,3.422,https://web.archive.org/web/20170714021349id_/https://www.dramexchange.com/
2017-07-13,dram_chip,DDR4 8Gb (1Gx8) 2133/2400MHz,6.945,https://web.archive.org/web/20170714021349id_/https://www.dramexchange.com/
2017-07-13,nand_chip,16Gb 2Gx8 MLC,2.956,https://web.archive.org/web/20170714021349id_/https://www.dramexchange.com/
2017-07-13,nand_chip,32Gb 4Gx8 MLC,3.122,https://web.archive.org/web/20170714021349id_/https://www.dramexchange.com/
2017-07-13,nand_chip,64Gb 8Gx8 MLC,4.784,https://web.archive.org/web/20170714021349id_/https://www.dramexchange.com/
2017-08-01,dram_chip,DDR3 2Gb 256Mx8 1333/1600MHz,1.709,https://web.archive.org/web/20170801125148id_/https://www.dramexchange.com/
2017-08-01,dram_chip,DDR3 4Gb 256Mx16 1333/1600MHz,3.059,https://web.archive.org/web/20170801125148id_/https://www.dramexchange.com/
2017-08-01,dram_chip,DDR3 4Gb 512Mx8 1333/1600MHz,3.26,https://web.archive.org/web/20170801125148id_/https://www.dramexchange.com/
2017-08-01,dram_chip,DDR3 4Gb 512Mx8 eTT,2.756,https://web.archive.org/web/20170801125148id_/https://www.dramexchange.com/
2017-08-01,dram_chip,DDR4 4Gb (512Mx8) 2133/2400MHz,3.545,https://web.archive.org/web/20170801125148id_/https://www.dramexchange.com/
2017-08-01,dram_chip,DDR4 8Gb (1Gx8) 2133/2400MHz,7.336,https://web.archive.org/web/20170801125148id_/https://www.dramexchange.com/
2017-08-01,nand_chip,16Gb 2Gx8 MLC,2.971,https://web.archive.org/web/20170801125148id_/https://www.dramexchange.com/
2017-08-01,nand_chip,32Gb 4Gx8 MLC,3.108,https://web.archive.org/web/20170801125148id_/https://www.dramexchange.com/
2017-08-01,nand_chip,64Gb 8Gx8 MLC,4.474,https://web.archive.org/web/20170801125148id_/https://www.dramexchange.com/
2017-08-15,dram_chip,DDR3 2Gb 256Mx8 1333/1600MHz,1.674,https://web.archive.org/web/20170815062047id_/https://www.dramexchange.com/
2017-08-15,dram_chip,DDR3 4Gb 256Mx16 1333/1600MHz,3.045,https://web.archive.org/web/20170815062047id_/https://www.dramexchange.com/
2017-08-15,dram_chip,DDR3 4Gb 512Mx8 1333/1600MHz,3.163,https://web.archive.org/web/20170815062047id_/https://www.dramexchange.com/
2017-08-15,dram_chip,DDR3 4Gb 512Mx8 eTT,2.71,https://web.archive.org/web/20170815062047id_/https://www.dramexchange.com/
2017-08-15,dram_chip,DDR4 4Gb (512Mx8) 2133/2400MHz,3.545,https://web.archive.org/web/20170815062047id_/https://www.dramexchange.com/
2017-08-15,dram_chip,DDR4 8Gb (1Gx8) 2133/2400MHz,7.278,https://web.archive.org/web/20170815062047id_/https://www.dramexchange.com/
2017-08-15,nand_chip,16Gb 2Gx8 MLC,2.953,https://web.archive.org/web/20170815062047id_/https://www.dramexchange.com/
2017-08-15,nand_chip,32Gb 4Gx8 MLC,3.083,https://web.archive.org/web/20170815062047id_/https://www.dramexchange.com/
2017-08-15,nand_chip,64Gb 8Gx8 MLC,4.389,https://web.archive.org/web/20170815062047id_/https://www.dramexchange.com/
2017-09-01,dram_chip,DDR3 2Gb 256Mx8 1333/1600MHz,1.655,https://web.archive.org/web/20170901105656id_/https://www.dramexchange.com/
2017-09-01,dram_chip,DDR3 4Gb 256Mx16 1333/1600MHz,3.019,https://web.archive.org/web/20170901105656id_/https://www.dramexchange.com/
2017-09-01,dram_chip,DDR3 4Gb 512Mx8 1333/1600MHz,3.201,https://web.archive.org/web/20170901105656id_/https://www.dramexchange.com/
2017-09-01,dram_chip,DDR3 4Gb 512Mx8 eTT,2.703,https://web.archive.org/web/20170901105656id_/https://www.dramexchange.com/
2017-09-01,dram_chip,DDR4 4Gb (512Mx8) 2133/2400MHz,3.645,https://web.archive.org/web/20170901105656id_/https://www.dramexchange.com/
2017-09-01,dram_chip,DDR4 8Gb (1Gx8) 2133/2400MHz,7.344,https://web.archive.org/web/20170901105656id_/https://www.dramexchange.com/
2017-09-01,nand_chip,16Gb 2Gx8 MLC,2.953,https://web.archive.org/web/20170901105656id_/https://www.dramexchange.com/
2017-09-01,nand_chip,32Gb 4Gx8 MLC,3.107,https://web.archive.org/web/20170901105656id_/https://www.dramexchange.com/
2017-09-01,nand_chip,64Gb 8Gx8 MLC,4.311,https://web.archive.org/web/20170901105656id_/https://www.dramexchange.com/
2017-09-15,dram_chip,DDR3 2Gb 256Mx8 1333/1600MHz,1.655,https://web.archive.org/web/20170915114835id_/https://www.dramexchange.com/
2017-09-15,dram_chip,DDR3 4Gb 256Mx16 1333/1600MHz,3.071,https://web.archive.org/web/20170915114835id_/https://www.dramexchange.com/
2017-09-15,dram_chip,DDR3 4Gb 512Mx8 1333/1600MHz,3.287,https://web.archive.org/web/20170915114835id_/https://www.dramexchange.com/
2017-09-15,dram_chip,DDR3 4Gb 512Mx8 eTT,2.697,https://web.archive.org/web/20170915114835id_/https://www.dramexchange.com/
2017-09-15,dram_chip,DDR4 4Gb (512Mx8) 2133/2400MHz,3.785,https://web.archive.org/web/20170915114835id_/https://www.dramexchange.com/
2017-09-15,dram_chip,DDR4 8Gb (1Gx8) 2133/2400MHz,7.678,https://web.archive.org/web/20170915114835id_/https://www.dramexchange.com/
2017-09-15,nand_chip,16Gb 2Gx8 MLC,3.113,https://web.archive.org/web/20170915114835id_/https://www.dramexchange.com/
2017-09-15,nand_chip,32Gb 4Gx8 MLC,3.106,https://web.archive.org/web/20170915114835id_/https://www.dramexchange.com/
2017-09-15,nand_chip,64Gb 8Gx8 MLC,4.231,https://web.archive.org/web/20170915114835id_/https://www.dramexchange.com/
2017-10-02,dram_chip,DDR3 2Gb 256Mx8 1333/1600MHz,1.662,https://web.archive.org/web/20171002101351id_/https://www.dramexchange.com/
2017-10-02,dram_chip,DDR3 4Gb 256Mx16 1333/1600MHz,3.085,https://web.archive.org/web/20171002101351id_/https://www.dramexchange.com/
2017-10-02,dram_chip,DDR3 4Gb 512Mx8 1333/1600MHz,3.401,https://web.archive.org/web/20171002101351id_/https://www.dramexchange.com/
2017-10-02,dram_chip,DDR3 4Gb 512Mx8 eTT,2.74,https://web.archive.org/web/20171002101351id_/https://www.dramexchange.com/
2017-10-02,dram_chip,DDR4 4Gb (512Mx8) 2133/2400MHz,4.315,https://web.archive.org/web/20171002101351id_/https://www.dramexchange.com/
2017-10-02,dram_chip,DDR4 8Gb (1Gx8) 2133/2400MHz,8.495,https://web.archive.org/web/20171002101351id_/https://www.dramexchange.com/
2017-10-02,nand_chip,16Gb 2Gx8 MLC,2.987,https://web.archive.org/web/20171002101351id_/https://www.dramexchange.com/
2017-10-02,nand_chip,32Gb 4Gx8 MLC,3.099,https://web.archive.org/web/20171002101351id_/https://www.dramexchange.com/
2017-10-02,nand_chip,64Gb 8Gx8 MLC,4.314,https://web.archive.org/web/20171002101351id_/https://www.dramexchange.com/
2017-10-13,dram_chip,DDR3 2Gb 256Mx8 1333/1600MHz,1.693,https://web.archive.org/web/20171015033303id_/https://www.dramexchange.com/
2017-10-13,dram_chip,DDR3 4Gb 256Mx16 1333/1600MHz,3.085,https://web.archive.org/web/20171015033303id_/https://www.dramexchange.com/
2017-10-13,dram_chip,DDR3 4Gb 512Mx8 1333/1600MHz,3.63,https://web.archive.org/web/20171015033303id_/https://www.dramexchange.com/
2017-10-13,dram_chip,DDR3 4Gb 512Mx8 eTT,2.747,https://web.archive.org/web/20171015033303id_/https://www.dramexchange.com/
2017-10-13,dram_chip,DDR4 4Gb (512Mx8) 2133/2400MHz,4.7,https://web.archive.org/web/20171015033303id_/https://www.dramexchange.com/
2017-10-13,dram_chip,DDR4 8Gb (1Gx8) 2133/2400MHz,9.103,https://web.archive.org/web/20171015033303id_/https://www.dramexchange.com/
2017-10-13,nand_chip,16Gb 2Gx8 MLC,2.947,https://web.archive.org/web/20171015033303id_/https://www.dramexchange.com/
2017-10-13,nand_chip,32Gb 4Gx8 MLC,3.109,https://web.archive.org/web/20171015033303id_/https://www.dramexchange.com/
2017-10-13,nand_chip,64Gb 8Gx8 MLC,4.414,https://web.archive.org/web/20171015033303id_/https://www.dramexchange.com/
2017-11-01,dram_chip,DDR3 2Gb 256Mx8 1600/1866MHz,1.784,https://web.archive.org/web/20171101122602id_/https://www.dramexchange.com/
2017-11-01,dram_chip,DDR3 4Gb 256Mx16 1600/1866MHz,3.133,https://web.archive.org/web/20171101122602id_/https://www.dramexchange.com/
2017-11-01,dram_chip,DDR3 4Gb 512Mx8 1600/1866MHz,3.974,https://web.archive.org/web/20171101122602id_/https://www.dramexchange.com/
2017-11-01,dram_chip,DDR3 4Gb 512Mx8 eTT,3.09,https://web.archive.org/web/20171101122602id_/https://www.dramexchange.com/
2017-11-01,dram_chip,DDR4 4Gb (512Mx8) 2133/2400MHz,4.805,https://web.archive.org/web/20171101122602id_/https://www.dramexchange.com/
2017-11-01,dram_chip,DDR4 8Gb (1Gx8) 2133/2400MHz,9.576,https://web.archive.org/web/20171101122602id_/https://www.dramexchange.com/
2017-11-01,nand_chip,16Gb 2Gx8 MLC,2.927,https://web.archive.org/web/20171101122602id_/https://www.dramexchange.com/
2017-11-01,nand_chip,32Gb 4Gx8 MLC,3.08,https://web.archive.org/web/20171101122602id_/https://www.dramexchange.com/
2017-11-01,nand_chip,64Gb 8Gx8 MLC,4.314,https://web.archive.org/web/20171101122602id_/https://www.dramexchange.com/
2017-11-15,dram_chip,DDR3 2Gb 256Mx8 1600/1866MHz,1.784,https://web.archive.org/web/20171115102247id_/https://www.dramexchange.com/
2017-11-15,dram_chip,DDR3 4Gb 256Mx16 1600/1866MHz,3.13,https://web.archive.org/web/20171115102247id_/https://www.dramexchange.com/
2017-11-15,dram_chip,DDR3 4Gb 512Mx8 1600/1866MHz,4.09,https://web.archive.org/web/20171115102247id_/https://www.dramexchange.com/
2017-11-15,dram_chip,DDR3 4Gb 512Mx8 eTT,3.183,https://web.archive.org/web/20171115102247id_/https://www.dramexchange.com/
2017-11-15,dram_chip,DDR4 4Gb (512Mx8) 2133/2400MHz,4.816,https://web.archive.org/web/20171115102247id_/https://www.dramexchange.com/
2017-11-15,dram_chip,DDR4 8Gb (1Gx8) 2133/2400MHz,9.504,https://web.archive.org/web/20171115102247id_/https://www.dramexchange.com/
2017-11-15,nand_chip,16Gb 2Gx8 MLC,2.883,https://web.archive.org/web/20171115102247id_/https://www.dramexchange.com/
2017-11-15,nand_chip,32Gb 4Gx8 MLC,3.026,https://web.archive.org/web/20171115102247id_/https://www.dramexchange.com/
2017-11-15,nand_chip,64Gb 8Gx8 MLC,4.187,https://web.archive.org/web/20171115102247id_/https://www.dramexchange.com/
2017-12-01,dram_chip,DDR3 2Gb 256Mx8 1600/1866MHz,1.798,https://web.archive.org/web/20171201101840id_/https://www.dramexchange.com/
2017-12-01,dram_chip,DDR3 4Gb 256Mx16 1600/1866MHz,3.119,https://web.archive.org/web/20171201101840id_/https://www.dramexchange.com/
2017-12-01,dram_chip,DDR3 4Gb 512Mx8 1600/1866MHz,4.046,https://web.archive.org/web/20171201101840id_/https://www.dramexchange.com/
2017-12-01,dram_chip,DDR3 4Gb 512Mx8 eTT,3.2,https://web.archive.org/web/20171201101840id_/https://www.dramexchange.com/
2017-12-01,dram_chip,DDR4 4Gb (512Mx8) 2133/2400MHz,4.8,https://web.archive.org/web/20171201101840id_/https://www.dramexchange.com/
2017-12-01,dram_chip,DDR4 8Gb (1Gx8) 2133/2400MHz,9.654,https://web.archive.org/web/20171201101840id_/https://www.dramexchange.com/
2017-12-01,nand_chip,16Gb 2Gx8 MLC,2.883,https://web.archive.org/web/20171201101840id_/https://www.dramexchange.com/
2017-12-01,nand_chip,32Gb 4Gx8 MLC,2.979,https://web.archive.org/web/20171201101840id_/https://www.dramexchange.com/
2017-12-01,nand_chip,64Gb 8Gx8 MLC,4.157,https://web.archive.org/web/20171201101840id_/https://www.dramexchange.com/
2017-12-15,dram_chip,DDR3 2Gb 256Mx8 1600/1866MHz,1.803,https://web.archive.org/web/20171215103413id_/https://www.dramexchange.com/
2017-12-15,dram_chip,DDR3 4Gb 256Mx16 1600/1866MHz,3.161,https://web.archive.org/web/20171215103413id_/https://www.dramexchange.com/
2017-12-15,dram_chip,DDR3 4Gb 512Mx8 1600/1866MHz,3.988,https://web.archive.org/web/20171215103413id_/https://www.dramexchange.com/
2017-12-15,dram_chip,DDR3 4Gb 512Mx8 eTT,3.153,https://web.archive.org/web/20171215103413id_/https://www.dramexchange.com/
2017-12-15,dram_chip,DDR4 4Gb (512Mx8) 2133/2400MHz,4.848,https://web.archive.org/web/20171215103413id_/https://www.dramexchange.com/
2017-12-15,dram_chip,DDR4 8Gb (1Gx8) 2133/2400MHz,9.62,https://web.archive.org/web/20171215103413id_/https://www.dramexchange.com/
2017-12-15,nand_chip,16Gb 2Gx8 MLC,2.873,https://web.archive.org/web/20171215103413id_/https://www.dramexchange.com/
2017-12-15,nand_chip,32Gb 4Gx8 MLC,2.9,https://web.archive.org/web/20171215103413id_/https://www.dramexchange.com/
2017-12-15,nand_chip,64Gb 8Gx8 MLC,4.099,https://web.archive.org/web/20171215103413id_/https://www.dramexchange.com/
2018-01-02,dram_chip,DDR3 2Gb 256Mx8 1600/1866MHz,1.798,https://web.archive.org/web/20180102110648id_/https://www.dramexchange.com/
2018-01-02,dram_chip,DDR3 4Gb 256Mx16 1600/1866MHz,3.165,https://web.archive.org/web/20180102110648id_/https://www.dramexchange.com/
2018-01-02,dram_chip,DDR3 4Gb 512Mx8 1600/1866MHz,3.957,https://web.archive.org/web/20180102110648id_/https://www.dramexchange.com/
2018-01-02,dram_chip,DDR3 4Gb 512Mx8 eTT,3.143,https://web.archive.org/web/20180102110648id_/https://www.dramexchange.com/
2018-01-02,dram_chip,DDR4 4Gb (512Mx8) 2133/2400MHz,4.868,https://web.archive.org/web/20180102110648id_/https://www.dramexchange.com/
2018-01-02,dram_chip,DDR4 8Gb (1Gx8) 2133/2400MHz,9.592,https://web.archive.org/web/20180102110648id_/https://www.dramexchange.com/
2018-01-02,nand_chip,16Gb 2Gx8 MLC,2.873,https://web.archive.org/web/20180102110648id_/https://www.dramexchange.com/
2018-01-02,nand_chip,32Gb 4Gx8 MLC,2.865,https://web.archive.org/web/20180102110648id_/https://www.dramexchange.com/
2018-01-02,nand_chip,64Gb 8Gx8 MLC,4.055,https://web.archive.org/web/20180102110648id_/https://www.dramexchange.com/
2018-01-15,dram_chip,DDR3 2Gb 256Mx8 1600/1866MHz,1.812,https://web.archive.org/web/20180115101855id_/https://www.dramexchange.com/
2018-01-15,dram_chip,DDR3 4Gb 256Mx16 1600/1866MHz,3.169,https://web.archive.org/web/20180115101855id_/https://www.dramexchange.com/
2018-01-15,dram_chip,DDR3 4Gb 512Mx8 1600/1866MHz,3.883,https://web.archive.org/web/20180115101855id_/https://www.dramexchange.com/
2018-01-15,dram_chip,DDR3 4Gb 512Mx8 eTT,3.097,https://web.archive.org/web/20180115101855id_/https://www.dramexchange.com/
2018-01-15,dram_chip,DDR4 4Gb (512Mx8) 2133/2400MHz,4.946,https://web.archive.org/web/20180115101855id_/https://www.dramexchange.com/
2018-01-15,dram_chip,DDR4 8Gb (1Gx8) 2133/2400MHz,9.65,https://web.archive.org/web/20180115101855id_/https://www.dramexchange.com/
2018-01-15,nand_chip,16Gb 2Gx8 MLC,2.857,https://web.archive.org/web/20180115101855id_/https://www.dramexchange.com/
2018-01-15,nand_chip,32Gb 4Gx8 MLC,2.855,https://web.archive.org/web/20180115101855id_/https://www.dramexchange.com/
2018-01-15,nand_chip,64Gb 8Gx8 MLC,4.038,https://web.archive.org/web/20180115101855id_/https://www.dramexchange.com/
2018-02-01,dram_chip,DDR3 2Gb 256Mx8 1600/1866MHz,1.814,https://web.archive.org/web/20180201112530id_/https://www.dramexchange.com/
2018-02-01,dram_chip,DDR3 4Gb 256Mx16 1600/1866MHz,3.197,https://web.archive.org/web/20180201112530id_/https://www.dramexchange.com/
2018-02-01,dram_chip,DDR3 4Gb 512Mx8 1600/1866MHz,3.804,https://web.archive.org/web/20180201112530id_/https://www.dramexchange.com/
2018-02-01,dram_chip,DDR3 4Gb 512Mx8 eTT,3.053,https://web.archive.org/web/20180201112530id_/https://www.dramexchange.com/
2018-02-01,dram_chip,DDR4 4Gb (512Mx8) 2133/2400MHz,4.863,https://web.archive.org/web/20180201112530id_/https://www.dramexchange.com/
2018-02-01,dram_chip,DDR4 8Gb (1Gx8) 2133/2400MHz,9.364,https://web.archive.org/web/20180201112530id_/https://www.dramexchange.com/
2018-02-01,nand_chip,16Gb 2Gx8 MLC,2.887,https://web.archive.org/web/20180201112530id_/https://www.dramexchange.com/
2018-02-01,nand_chip,32Gb 4Gx8 MLC,2.926,https://web.archive.org/web/20180201112530id_/https://www.dramexchange.com/
2018-02-01,nand_chip,64Gb 8Gx8 MLC,3.999,https://web.archive.org/web/20180201112530id_/https://www.dramexchange.com/
2018-02-14,dram_chip,DDR3 2Gb 256Mx8 1600/1866MHz,1.845,https://web.archive.org/web/20180214102828id_/https://www.dramexchange.com/
2018-02-14,dram_chip,DDR3 4Gb 256Mx16 1600/1866MHz,3.197,https://web.archive.org/web/20180214102828id_/https://www.dramexchange.com/
2018-02-14,dram_chip,DDR3 4Gb 512Mx8 1600/1866MHz,3.787,https://web.archive.org/web/20180214102828id_/https://www.dramexchange.com/
2018-02-14,dram_chip,DDR3 4Gb 512Mx8 eTT,2.968,https://web.archive.org/web/20180214102828id_/https://www.dramexchange.com/
2018-02-14,dram_chip,DDR4 4Gb (512Mx8) 2133/2400MHz,4.817,https://web.archive.org/web/20180214102828id_/https://www.dramexchange.com/
2018-02-14,dram_chip,DDR4 8Gb (1Gx8) 2133/2400MHz,9.264,https://web.archive.org/web/20180214102828id_/https://www.dramexchange.com/
2018-02-14,nand_chip,16Gb 2Gx8 MLC,2.893,https://web.archive.org/web/20180214102828id_/https://www.dramexchange.com/
2018-02-14,nand_chip,32Gb 4Gx8 MLC,2.934,https://web.archive.org/web/20180214102828id_/https://www.dramexchange.com/
2018-02-14,nand_chip,64Gb 8Gx8 MLC,4.006,https://web.archive.org/web/20180214102828id_/https://www.dramexchange.com/
2018-03-01,dram_chip,DDR3 2Gb 256Mx8 1600/1866MHz,1.845,https://web.archive.org/web/20180301103920id_/https://www.dramexchange.com/
2018-03-01,dram_chip,DDR3 4Gb 256Mx16 1600/1866MHz,3.197,https://web.archive.org/web/20180301103920id_/https://www.dramexchange.com/
2018-03-01,dram_chip,DDR3 4Gb 512Mx8 1600/1866MHz,3.76,https://web.archive.org/web/20180301103920id_/https://www.dramexchange.com/
2018-03-01,dram_chip,DDR3 4Gb 512Mx8 eTT,2.94,https://web.archive.org/web/20180301103920id_/https://www.dramexchange.com/
2018-03-01,dram_chip,DDR4 4Gb (512Mx8) 2133/2400MHz,4.76,https://web.archive.org/web/20180301103920id_/https://www.dramexchange.com/
2018-03-01,dram_chip,DDR4 8Gb (1Gx8) 2133/2400MHz,9.165,https://web.archive.org/web/20180301103920id_/https://www.dramexchange.com/
2018-03-01,nand_chip,16Gb 2Gx8 MLC,2.96,https://web.archive.org/web/20180301103920id_/https://www.dramexchange.com/
2018-03-01,nand_chip,32Gb 4Gx8 MLC,2.931,https://web.archive.org/web/20180301103920id_/https://www.dramexchange.com/
2018-03-01,nand_chip,64Gb 8Gx8 MLC,3.992,https://web.archive.org/web/20180301103920id_/https://www.dramexchange.com/
2018-03-15,dram_chip,DDR3 2Gb 256Mx8 1600/1866MHz,1.849,https://web.archive.org/web/20180315114136id_/https://www.dramexchange.com/
2018-03-15,dram_chip,DDR3 4Gb 256Mx16 1600/1866MHz,3.201,https://web.archive.org/web/20180315114136id_/https://www.dramexchange.com/
2018-03-15,dram_chip,DDR3 4Gb 512Mx8 1600/1866MHz,3.616,https://web.archive.org/web/20180315114136id_/https://www.dramexchange.com/
2018-03-15,dram_chip,DDR3 4Gb 512Mx8 eTT,2.883,https://web.archive.org/web/20180315114136id_/https://www.dramexchange.com/
2018-03-15,dram_chip,DDR4 4Gb (512Mx8) 2133/2400MHz,4.613,https://web.archive.org/web/20180315114136id_/https://www.dramexchange.com/
2018-03-15,dram_chip,DDR4 8Gb (1Gx8) 2133/2400MHz,8.983,https://web.archive.org/web/20180315114136id_/https://www.dramexchange.com/
2018-03-15,nand_chip,16Gb 2Gx8 MLC,3.014,https://web.archive.org/web/20180315114136id_/https://www.dramexchange.com/
2018-03-15,nand_chip,32Gb 4Gx8 MLC,2.918,https://web.archive.org/web/20180315114136id_/https://www.dramexchange.com/
2018-03-15,nand_chip,64Gb 8Gx8 MLC,3.933,https://web.archive.org/web/20180315114136id_/https://www.dramexchange.com/
2018-04-02,dram_chip,DDR3 2Gb 256Mx8 1600/1866MHz,1.837,https://web.archive.org/web/20180402112352id_/https://www.dramexchange.com/
2018-04-02,dram_chip,DDR3 4Gb 256Mx16 1600/1866MHz,3.211,https://web.archive.org/web/20180402112352id_/https://www.dramexchange.com/
2018-04-02,dram_chip,DDR3 4Gb 512Mx8 1600/1866MHz,3.546,https://web.archive.org/web/20180402112352id_/https://www.dramexchange.com/
2018-04-02,dram_chip,DDR3 4Gb 512Mx8 eTT,2.83,https://web.archive.org/web/20180402112352id_/https://www.dramexchange.com/
2018-04-02,dram_chip,DDR4 4Gb (512Mx8) 2133/2400MHz,4.496,https://web.archive.org/web/20180402112352id_/https://www.dramexchange.com/
2018-04-02,dram_chip,DDR4 8Gb (1Gx8) 2133/2400MHz,9.034,https://web.archive.org/web/20180402112352id_/https://www.dramexchange.com/
2018-04-02,nand_chip,16Gb 2Gx8 MLC,2.995,https://web.archive.org/web/20180402112352id_/https://www.dramexchange.com/
2018-04-02,nand_chip,32Gb 4Gx8 MLC,2.83,https://web.archive.org/web/20180402112352id_/https://www.dramexchange.com/
2018-04-02,nand_chip,64Gb 8Gx8 MLC,3.836,https://web.archive.org/web/20180402112352id_/https://www.dramexchange.com/
2018-04-16,dram_chip,DDR3 2Gb 256Mx8 1600/1866MHz,1.861,https://web.archive.org/web/20180416102509id_/https://www.dramexchange.com/
2018-04-16,dram_chip,DDR3 4Gb 256Mx16 1600/1866MHz,3.231,https://web.archive.org/web/20180416102509id_/https://www.dramexchange.com/
2018-04-16,dram_chip,DDR3 4Gb 512Mx8 1600/1866MHz,3.514,https://web.archive.org/web/20180416102509id_/https://www.dramexchange.com/
2018-04-16,dram_chip,DDR3 4Gb 512Mx8 eTT,2.793,https://web.archive.org/web/20180416102509id_/https://www.dramexchange.com/
2018-04-16,dram_chip,DDR4 4Gb (512Mx8) 2133/2400MHz,4.479,https://web.archive.org/web/20180416102509id_/https://www.dramexchange.com/
2018-04-16,dram_chip,DDR4 8Gb (1Gx8) 2133/2400MHz,8.988,https://web.archive.org/web/20180416102509id_/https://www.dramexchange.com/
2018-04-16,nand_chip,16Gb 2Gx8 MLC,2.91,https://web.archive.org/web/20180416102509id_/https://www.dramexchange.com/
2018-04-16,nand_chip,32Gb 4Gx8 MLC,2.822,https://web.archive.org/web/20180416102509id_/https://www.dramexchange.com/
2018-04-16,nand_chip,64Gb 8Gx8 MLC,3.813,https://web.archive.org/web/20180416102509id_/https://www.dramexchange.com/
2018-05-02,dram_chip,DDR3 2Gb 256Mx8 1600/1866MHz,1.861,https://web.archive.org/web/20180502101622id_/https://www.dramexchange.com/
2018-05-02,dram_chip,DDR3 4Gb 256Mx16 1600/1866MHz,3.231,https://web.archive.org/web/20180502101622id_/https://www.dramexchange.com/
2018-05-02,dram_chip,DDR3 4Gb 512Mx8 1600/1866MHz,3.488,https://web.archive.org/web/20180502101622id_/https://www.dramexchange.com/
2018-05-02,dram_chip,DDR3 4Gb 512Mx8 eTT,2.787,https://web.archive.org/web/20180502101622id_/https://www.dramexchange.com/
2018-05-02,dram_chip,DDR4 4Gb (512Mx8) 2133/2400MHz,4.184,https://web.archive.org/web/20180502101622id_/https://www.dramexchange.com/
2018-05-02,dram_chip,DDR4 8Gb (1Gx8) 2133/2400MHz,8.878,https://web.archive.org/web/20180502101622id_/https://www.dramexchange.com/
2018-05-02,nand_chip,16Gb 2Gx8 MLC,2.903,https://web.archive.org/web/20180502101622id_/https://www.dramexchange.com/
2018-05-02,nand_chip,32Gb 4Gx8 MLC,2.741,https://web.archive.org/web/20180502101622id_/https://www.dramexchange.com/
2018-05-02,nand_chip,64Gb 8Gx8 MLC,3.747,https://web.archive.org/web/20180502101622id_/https://www.dramexchange.com/
2018-05-15,dram_chip,DDR3 2Gb 256Mx8 1600/1866MHz,1.856,https://web.archive.org/web/20180515134741id_/https://www.dramexchange.com/
2018-05-15,dram_chip,DDR3 4Gb 256Mx16 1600/1866MHz,3.213,https://web.archive.org/web/20180515134741id_/https://www.dramexchange.com/
2018-05-15,dram_chip,DDR3 4Gb 512Mx8 1600/1866MHz,3.306,https://web.archive.org/web/20180515134741id_/https://www.dramexchange.com/
2018-05-15,dram_chip,DDR3 4Gb 512Mx8 eTT,2.673,https://web.archive.org/web/20180515134741id_/https://www.dramexchange.com/
2018-05-15,dram_chip,DDR4 4Gb (512Mx8) 2133/2400MHz,4.137,https://web.archive.org/web/20180515134741id_/https://www.dramexchange.com/
2018-05-15,dram_chip,DDR4 8Gb (1Gx8) 2133/2400MHz,8.856,https://web.archive.org/web/20180515134741id_/https://www.dramexchange.com/
2018-05-15,nand_chip,16Gb 2Gx8 MLC,2.895,https://web.archive.org/web/20180515134741id_/https://www.dramexchange.com/
2018-05-15,nand_chip,32Gb 4Gx8 MLC,2.61,https://web.archive.org/web/20180515134741id_/https://www.dramexchange.com/
2018-05-15,nand_chip,64Gb 8Gx8 MLC,3.721,https://web.archive.org/web/20180515134741id_/https://www.dramexchange.com/
2018-06-01,dram_chip,DDR3 2Gb 256Mx8 1600/1866MHz,1.837,https://web.archive.org/web/20180601104533id_/https://www.dramexchange.com/
2018-06-01,dram_chip,DDR3 4Gb 256Mx16 1600/1866MHz,3.193,https://web.archive.org/web/20180601104533id_/https://www.dramexchange.com/
2018-06-01,dram_chip,DDR3 4Gb 512Mx8 1600/1866MHz,3.319,https://web.archive.org/web/20180601104533id_/https://www.dramexchange.com/
2018-06-01,dram_chip,DDR3 4Gb 512Mx8 eTT,2.46,https://web.archive.org/web/20180601104533id_/https://www.dramexchange.com/
2018-06-01,dram_chip,DDR4 4Gb (512Mx8) 2133/2400MHz,4.101,https://web.archive.org/web/20180601104533id_/https://www.dramexchange.com/
2018-06-01,dram_chip,DDR4 8Gb (1Gx8) 2133/2400MHz,8.626,https://web.archive.org/web/20180601104533id_/https://www.dramexchange.com/
2018-06-01,nand_chip,16Gb 2Gx8 MLC,2.87,https://web.archive.org/web/20180601104533id_/https://www.dramexchange.com/
2018-06-01,nand_chip,32Gb 4Gx8 MLC,2.535,https://web.archive.org/web/20180601104533id_/https://www.dramexchange.com/
2018-06-01,nand_chip,64Gb 8Gx8 MLC,3.66,https://web.archive.org/web/20180601104533id_/https://www.dramexchange.com/
2018-06-15,dram_chip,DDR3 2Gb 256Mx8 1600/1866MHz,1.827,https://web.archive.org/web/20180615112512id_/https://www.dramexchange.com/
2018-06-15,dram_chip,DDR3 4Gb 256Mx16 1600/1866MHz,3.194,https://web.archive.org/web/20180615112512id_/https://www.dramexchange.com/
2018-06-15,dram_chip,DDR3 4Gb 512Mx8 1600/1866MHz,3.314,https://web.archive.org/web/20180615112512id_/https://www.dramexchange.com/
2018-06-15,dram_chip,DDR3 4Gb 512Mx8 eTT,2.393,https://web.archive.org/web/20180615112512id_/https://www.dramexchange.com/
2018-06-15,dram_chip,DDR4 4Gb (512Mx8) 2133/2400MHz,4.085,https://web.archive.org/web/20180615112512id_/https://www.dramexchange.com/
2018-06-15,dram_chip,DDR4 8Gb (1Gx8) 2133/2400MHz,8.609,https://web.archive.org/web/20180615112512id_/https://www.dramexchange.com/
2018-06-15,nand_chip,16Gb 2Gx8 MLC,2.85,https://web.archive.org/web/20180615112512id_/https://www.dramexchange.com/
2018-06-15,nand_chip,32Gb 4Gx8 MLC,2.543,https://web.archive.org/web/20180615112512id_/https://www.dramexchange.com/
2018-06-15,nand_chip,64Gb 8Gx8 MLC,3.599,https://web.archive.org/web/20180615112512id_/https://www.dramexchange.com/
2018-07-03,dram_chip,DDR3 2Gb 256Mx8 1600/1866MHz,1.813,https://web.archive.org/web/20180703101517id_/https://www.dramexchange.com/
2018-07-03,dram_chip,DDR3 4Gb 256Mx16 1600/1866MHz,3.194,https://web.archive.org/web/20180703101517id_/https://www.dramexchange.com/
2018-07-03,dram_chip,DDR3 4Gb 512Mx8 1600/1866MHz,3.31,https://web.archive.org/web/20180703101517id_/https://www.dramexchange.com/
2018-07-03,dram_chip,DDR3 4Gb 512Mx8 eTT,2.28,https://web.archive.org/web/20180703101517id_/https://www.dramexchange.com/
2018-07-03,dram_chip,DDR4 4Gb (512Mx8) 2133/2400MHz,4.031,https://web.archive.org/web/20180703101517id_/https://www.dramexchange.com/
2018-07-03,dram_chip,DDR4 8Gb (1Gx8) 2133/2400MHz,8.041,https://web.archive.org/web/20180703101517id_/https://www.dramexchange.com/
2018-07-03,nand_chip,16Gb 2Gx8 MLC,2.835,https://web.archive.org/web/20180703101517id_/https://www.dramexchange.com/
2018-07-03,nand_chip,32Gb 4Gx8 MLC,2.548,https://web.archive.org/web/20180703101517id_/https://www.dramexchange.com/
2018-07-03,nand_chip,64Gb 8Gx8 MLC,3.581,https://web.archive.org/web/20180703101517id_/https://www.dramexchange.com/
2018-07-16,dram_chip,DDR3 2Gb 256Mx8 1600/1866MHz,1.792,https://web.archive.org/web/20180716112419id_/https://www.dramexchange.com/
2018-07-16,dram_chip,DDR3 4Gb 256Mx16 1600/1866MHz,3.189,https://web.archive.org/web/20180716112419id_/https://www.dramexchange.com/
2018-07-16,dram_chip,DDR3 4Gb 512Mx8 1600/1866MHz,3.298,https://web.archive.org/web/20180716112419id_/https://www.dramexchange.com/
2018-07-16,dram_chip,DDR3 4Gb 512Mx8 eTT,2.207,https://web.archive.org/web/20180716112419id_/https://www.dramexchange.com/
2018-07-16,dram_chip,DDR4 4Gb (512Mx8) 2133/2400MHz,4.015,https://web.archive.org/web/20180716112419id_/https://www.dramexchange.com/
2018-07-16,dram_chip,DDR4 8Gb (1Gx8) 2133/2400MHz,8.071,https://web.archive.org/web/20180716112419id_/https://www.dramexchange.com/
2018-07-16,nand_chip,16Gb 2Gx8 MLC,2.83,https://web.archive.org/web/20180716112419id_/https://www.dramexchange.com/
2018-07-16,nand_chip,32Gb 4Gx8 MLC,2.506,https://web.archive.org/web/20180716112419id_/https://www.dramexchange.com/
2018-07-16,nand_chip,64Gb 8Gx8 MLC,3.379,https://web.archive.org/web/20180716112419id_/https://www.dramexchange.com/
2018-08-02,dram_chip,DDR3 2Gb 256Mx8 1600/1866MHz,1.718,https://web.archive.org/web/20180802094317id_/https://www.dramexchange.com/
2018-08-02,dram_chip,DDR3 4Gb 256Mx16 1600/1866MHz,3.145,https://web.archive.org/web/20180802094317id_/https://www.dramexchange.com/
2018-08-02,dram_chip,DDR3 4Gb 512Mx8 1600/1866MHz,3.221,https://web.archive.org/web/20180802094317id_/https://www.dramexchange.com/
2018-08-02,dram_chip,DDR3 4Gb 512Mx8 eTT,2.06,https://web.archive.org/web/20180802094317id_/https://www.dramexchange.com/
2018-08-02,dram_chip,DDR4 4Gb (512Mx8) 2133/2400MHz,3.87,https://web.archive.org/web/20180802094317id_/https://www.dramexchange.com/
2018-08-02,dram_chip,DDR4 8Gb (1Gx8) 2133/2400MHz,7.893,https://web.archive.org/web/20180802094317id_/https://www.dramexchange.com/
2018-08-02,nand_chip,16Gb 2Gx8 MLC,2.83,https://web.archive.org/web/20180802094317id_/https://www.dramexchange.com/
2018-08-02,nand_chip,32Gb 4Gx8 MLC,2.428,https://web.archive.org/web/20180802094317id_/https://www.dramexchange.com/
2018-08-02,nand_chip,64Gb 8Gx8 MLC,3.288,https://web.archive.org/web/20180802094317id_/https://www.dramexchange.com/
2018-08-15,dram_chip,DDR3 2Gb 256Mx8 1600/1866MHz,1.702,https://web.archive.org/web/20180815102034id_/https://www.dramexchange.com/
2018-08-15,dram_chip,DDR3 4Gb 256Mx16 1600/1866MHz,3.108,https://web.archive.org/web/20180815102034id_/https://www.dramexchange.com/
2018-08-15,dram_chip,DDR3 4Gb 512Mx8 1600/1866MHz,3.168,https://web.archive.org/web/20180815102034id_/https://www.dramexchange.com/
2018-08-15,dram_chip,DDR3 4Gb 512Mx8 eTT,2.043,https://web.archive.org/web/20180815102034id_/https://www.dramexchange.com/
2018-08-15,dram_chip,DDR4 4Gb (512Mx8) 2133/2400MHz,3.798,https://web.archive.org/web/20180815102034id_/https://www.dramexchange.com/
2018-08-15,dram_chip,DDR4 8Gb (1Gx8) 2133/2400MHz,7.753,https://web.archive.org/web/20180815102034id_/https://www.dramexchange.com/
2018-08-15,nand_chip,16Gb 2Gx8 MLC,2.83,https://web.archive.org/web/20180815102034id_/https://www.dramexchange.com/
2018-08-15,nand_chip,32Gb 4Gx8 MLC,2.321,https://web.archive.org/web/20180815102034id_/https://www.dramexchange.com/
2018-08-15,nand_chip,64Gb 8Gx8 MLC,3.179,https://web.archive.org/web/20180815102034id_/https://www.dramexchange.com/
2018-09-03,dram_chip,DDR3 2Gb 256Mx8 1600/1866MHz,1.675,https://web.archive.org/web/20180903101202id_/https://www.dramexchange.com/
2018-09-03,dram_chip,DDR3 4Gb 256Mx16 1600/1866MHz,3.093,https://web.archive.org/web/20180903101202id_/https://www.dramexchange.com/
2018-09-03,dram_chip,DDR3 4Gb 512Mx8 1600/1866MHz,3.12,https://web.archive.org/web/20180903101202id_/https://www.dramexchange.com/
2018-09-03,dram_chip,DDR3 4Gb 512Mx8 eTT,2.007,https://web.archive.org/web/20180903101202id_/https://www.dramexchange.com/
2018-09-03,dram_chip,DDR4 4Gb (512Mx8) 2133/2400MHz,3.754,https://web.archive.org/web/20180903101202id_/https://www.dramexchange.com/
2018-09-03,dram_chip,DDR4 8Gb (1Gx8) 2133/2400MHz,7.482,https://web.archive.org/web/20180903101202id_/https://www.dramexchange.com/
2018-09-03,nand_chip,16Gb 2Gx8 MLC,2.82,https://web.archive.org/web/20180903101202id_/https://www.dramexchange.com/
2018-09-03,nand_chip,32Gb 4Gx8 MLC,2.216,https://web.archive.org/web/20180903101202id_/https://www.dramexchange.com/
2018-09-03,nand_chip,64Gb 8Gx8 MLC,3.118,https://web.archive.org/web/20180903101202id_/https://www.dramexchange.com/
2018-09-14,dram_chip,DDR3 2Gb 256Mx8 1600/1866MHz,1.651,https://web.archive.org/web/20180914102537id_/https://www.dramexchange.com/
2018-09-14,dram_chip,DDR3 4Gb 256Mx16 1600/1866MHz,3.068,https://web.archive.org/web/20180914102537id_/https://www.dramexchange.com/
2018-09-14,dram_chip,DDR3 4Gb 512Mx8 1600/1866MHz,3.053,https://web.archive.org/web/20180914102537id_/https://www.dramexchange.com/
2018-09-14,dram_chip,DDR3 4Gb 512Mx8 eTT,1.99,https://web.archive.org/web/20180914102537id_/https://www.dramexchange.com/
2018-09-14,dram_chip,DDR4 4Gb (512Mx8) 2133/2400MHz,3.664,https://web.archive.org/web/20180914102537id_/https://www.dramexchange.com/
2018-09-14,dram_chip,DDR4 8Gb (1Gx8) 2133/2400MHz,7.376,https://web.archive.org/web/20180914102537id_/https://www.dramexchange.com/
2018-09-14,nand_chip,16Gb 2Gx8 MLC,2.815,https://web.archive.org/web/20180914102537id_/https://www.dramexchange.com/
2018-09-14,nand_chip,32Gb 4Gx8 MLC,2.161,https://web.archive.org/web/20180914102537id_/https://www.dramexchange.com/
2018-09-14,nand_chip,64Gb 8Gx8 MLC,3.068,https://web.archive.org/web/20180914102537id_/https://www.dramexchange.com/
2018-10-01,dram_chip,DDR3 2Gb 256Mx8 1600/1866MHz,1.634,https://web.archive.org/web/20181001114114id_/https://www.dramexchange.com/
2018-10-01,dram_chip,DDR3 4Gb 256Mx16 1600/1866MHz,3.029,https://web.archive.org/web/20181001114114id_/https://www.dramexchange.com/
2018-10-01,dram_chip,DDR3 4Gb 512Mx8 1600/1866MHz,3.007,https://web.archive.org/web/20181001114114id_/https://www.dramexchange.com/
2018-10-01,dram_chip,DDR3 4Gb 512Mx8 eTT,1.98,https://web.archive.org/web/20181001114114id_/https://www.dramexchange.com/
2018-10-01,dram_chip,DDR4 4Gb (512Mx8) 2133/2400MHz,3.548,https://web.archive.org/web/20181001114114id_/https://www.dramexchange.com/
2018-10-01,dram_chip,DDR4 8Gb (1Gx8) 2133/2400MHz,7.206,https://web.archive.org/web/20181001114114id_/https://www.dramexchange.com/
2018-10-01,nand_chip,16Gb 2Gx8 MLC,2.815,https://web.archive.org/web/20181001114114id_/https://www.dramexchange.com/
2018-10-01,nand_chip,32Gb 4Gx8 MLC,2.116,https://web.archive.org/web/20181001114114id_/https://www.dramexchange.com/
2018-10-01,nand_chip,64Gb 8Gx8 MLC,2.993,https://web.archive.org/web/20181001114114id_/https://www.dramexchange.com/
2018-10-15,dram_chip,DDR3 2Gb 256Mx8 1600/1866MHz,1.621,https://web.archive.org/web/20181015110718id_/https://www.dramexchange.com/
2018-10-15,dram_chip,DDR3 4Gb 256Mx16 1600/1866MHz,2.894,https://web.archive.org/web/20181015110718id_/https://www.dramexchange.com/
2018-10-15,dram_chip,DDR3 4Gb 512Mx8 1600/1866MHz,2.923,https://web.archive.org/web/20181015110718id_/https://www.dramexchange.com/
2018-10-15,dram_chip,DDR3 4Gb 512Mx8 eTT,1.85,https://web.archive.org/web/20181015110718id_/https://www.dramexchange.com/
2018-10-15,dram_chip,DDR4 4Gb (512Mx8) 2133/2400MHz,3.446,https://web.archive.org/web/20181015110718id_/https://www.dramexchange.com/
2018-10-15,dram_chip,DDR4 8Gb (1Gx8) 2133/2400MHz,7.111,https://web.archive.org/web/20181015110718id_/https://www.dramexchange.com/
2018-10-15,nand_chip,16Gb 2Gx8 MLC,2.81,https://web.archive.org/web/20181015110718id_/https://www.dramexchange.com/
2018-10-15,nand_chip,32Gb 4Gx8 MLC,2.1,https://web.archive.org/web/20181015110718id_/https://www.dramexchange.com/
2018-10-15,nand_chip,64Gb 8Gx8 MLC,2.872,https://web.archive.org/web/20181015110718id_/https://www.dramexchange.com/
2018-11-01,dram_chip,DDR3 2Gb 256Mx8 1600/1866MHz,1.607,https://web.archive.org/web/20181101110657id_/https://www.dramexchange.com/
2018-11-01,dram_chip,DDR3 4Gb 256Mx16 1600/1866MHz,2.794,https://web.archive.org/web/20181101110657id_/https://www.dramexchange.com/
2018-11-01,dram_chip,DDR3 4Gb 512Mx8 1600/1866MHz,2.884,https://web.archive.org/web/20181101110657id_/https://www.dramexchange.com/
2018-11-01,dram_chip,DDR3 4Gb 512Mx8 eTT,1.653,https://web.archive.org/web/20181101110657id_/https://www.dramexchange.com/
2018-11-01,dram_chip,DDR4 4Gb (512Mx8) 2133/2400MHz,3.193,https://web.archive.org/web/20181101110657id_/https://www.dramexchange.com/
2018-11-01,dram_chip,DDR4 8Gb (1Gx8) 2133/2400MHz,6.92,https://web.archive.org/web/20181101110657id_/https://www.dramexchange.com/
2018-11-01,nand_chip,16Gb 2Gx8 MLC,2.82,https://web.archive.org/web/20181101110657id_/https://www.dramexchange.com/
2018-11-01,nand_chip,32Gb 4Gx8 MLC,2.188,https://web.archive.org/web/20181101110657id_/https://www.dramexchange.com/
2018-11-01,nand_chip,64Gb 8Gx8 MLC,3.008,https://web.archive.org/web/20181101110657id_/https://www.dramexchange.com/
2018-11-15,dram_chip,DDR3 2Gb 256Mx8 1600/1866MHz,1.551,https://web.archive.org/web/20181115151631id_/https://www.dramexchange.com/
2018-11-15,dram_chip,DDR3 4Gb 256Mx16 1600/1866MHz,2.774,https://web.archive.org/web/20181115151631id_/https://www.dramexchange.com/
2018-11-15,dram_chip,DDR3 4Gb 512Mx8 1600/1866MHz,2.8,https://web.archive.org/web/20181115151631id_/https://www.dramexchange.com/
2018-11-15,dram_chip,DDR3 4Gb 512Mx8 eTT,1.573,https://web.archive.org/web/20181115151631id_/https://www.dramexchange.com/
2018-11-15,dram_chip,DDR4 4Gb (512Mx8) 2133/2400MHz,3.136,https://web.archive.org/web/20181115151631id_/https://www.dramexchange.com/
2018-11-15,dram_chip,DDR4 8Gb (1Gx8) 2133/2400MHz,6.776,https://web.archive.org/web/20181115151631id_/https://www.dramexchange.com/
2018-11-15,nand_chip,16Gb 2Gx8 MLC,2.81,https://web.archive.org/web/20181115151631id_/https://www.dramexchange.com/
2018-11-15,nand_chip,32Gb 4Gx8 MLC,2.153,https://web.archive.org/web/20181115151631id_/https://www.dramexchange.com/
2018-11-15,nand_chip,64Gb 8Gx8 MLC,3.043,https://web.archive.org/web/20181115151631id_/https://www.dramexchange.com/
2018-12-03,dram_chip,DDR3 2Gb 256Mx8 1600/1866Mbps,1.521,https://web.archive.org/web/20181203112031id_/https://www.dramexchange.com/
2018-12-03,dram_chip,DDR3 4Gb 256Mx16 1600/1866Mbps,2.72,https://web.archive.org/web/20181203112031id_/https://www.dramexchange.com/
2018-12-03,dram_chip,DDR3 4Gb 512Mx8 1600/1866Mbps,2.715,https://web.archive.org/web/20181203112031id_/https://www.dramexchange.com/
2018-12-03,dram_chip,DDR3 4Gb 512Mx8 eTT,1.507,https://web.archive.org/web/20181203112031id_/https://www.dramexchange.com/
2018-12-03,dram_chip,DDR4 4Gb (512Mx8) 2133/2400Mbps,3.097,https://web.archive.org/web/20181203112031id_/https://www.dramexchange.com/
2018-12-03,dram_chip,DDR4 8Gb (1Gx8) 2133/2400Mbps,6.656,https://web.archive.org/web/20181203112031id_/https://www.dramexchange.com/
2018-12-03,nand_chip,16Gb 2Gx8 MLC,2.81,https://web.archive.org/web/20181203112031id_/https://www.dramexchange.com/
2018-12-03,nand_chip,32Gb 4Gx8 MLC,2.034,https://web.archive.org/web/20181203112031id_/https://www.dramexchange.com/
2018-12-03,nand_chip,64Gb 8Gx8 MLC,2.904,https://web.archive.org/web/20181203112031id_/https://www.dramexchange.com/
2018-12-14,dram_chip,DDR3 2Gb 256Mx8 1600/1866Mbps,1.521,https://web.archive.org/web/20181214121603id_/https://www.dramexchange.com/
2018-12-14,dram_chip,DDR3 4Gb 256Mx16 1600/1866Mbps,2.7,https://web.archive.org/web/20181214121603id_/https://www.dramexchange.com/
2018-12-14,dram_chip,DDR3 4Gb 512Mx8 1600/1866Mbps,2.607,https://web.archive.org/web/20181214121603id_/https://www.dramexchange.com/
2018-12-14,dram_chip,DDR3 4Gb 512Mx8 eTT,1.48,https://web.archive.org/web/20181214121603id_/https://www.dramexchange.com/
2018-12-14,dram_chip,DDR4 4Gb (512Mx8) 2133/2400Mbps,3.013,https://web.archive.org/web/20181214121603id_/https://www.dramexchange.com/
2018-12-14,dram_chip,DDR4 8Gb (1Gx8) 2133/2400Mbps,6.491,https://web.archive.org/web/20181214121603id_/https://www.dramexchange.com/
2018-12-14,nand_chip,16Gb 2Gx8 MLC,2.81,https://web.archive.org/web/20181214121603id_/https://www.dramexchange.com/
2018-12-14,nand_chip,32Gb 4Gx8 MLC,1.983,https://web.archive.org/web/20181214121603id_/https://www.dramexchange.com/
2018-12-14,nand_chip,64Gb 8Gx8 MLC,2.765,https://web.archive.org/web/20181214121603id_/https://www.dramexchange.com/
2019-01-02,dram_chip,DDR3 2Gb 256Mx8 1600/1866Mbps,1.519,https://web.archive.org/web/20190102112051id_/https://www.dramexchange.com/
2019-01-02,dram_chip,DDR3 4Gb 256Mx16 1600/1866Mbps,2.63,https://web.archive.org/web/20190102112051id_/https://www.dramexchange.com/
2019-01-02,dram_chip,DDR3 4Gb 512Mx8 1600/1866Mbps,2.57,https://web.archive.org/web/20190102112051id_/https://www.dramexchange.com/
2019-01-02,dram_chip,DDR3 4Gb 512Mx8 eTT,1.477,https://web.archive.org/web/20190102112051id_/https://www.dramexchange.com/
2019-01-02,dram_chip,DDR4 4Gb (512Mx8) 2133/2400Mbps,3.02,https://web.archive.org/web/20190102112051id_/https://www.dramexchange.com/
2019-01-02,dram_chip,DDR4 8Gb (1Gx8) 2133/2400Mbps,6.352,https://web.archive.org/web/20190102112051id_/https://www.dramexchange.com/
2019-01-02,nand_chip,16Gb 2Gx8 MLC,2.81,https://web.archive.org/web/20190102112051id_/https://www.dramexchange.com/
2019-01-02,nand_chip,32Gb 4Gx8 MLC,1.947,https://web.archive.org/web/20190102112051id_/https://www.dramexchange.com/
2019-01-02,nand_chip,64Gb 8Gx8 MLC,2.701,https://web.archive.org/web/20190102112051id_/https://www.dramexchange.com/
2019-01-14,nand_wafer,128Gb TLC,1.494,https://web.archive.org/web/20190201203734id_/https://www.dramexchange.com/
2019-01-14,nand_wafer,256Gb TLC,2.427,https://web.archive.org/web/20190201203734id_/https://www.dramexchange.com/
2019-01-14,nand_wafer,512Gb TLC,4.9,https://web.archive.org/web/20190201203734id_/https://www.dramexchange.com/
2019-01-15,dram_chip,DDR3 2Gb 256Mx8 1600/1866Mbps,1.471,https://web.archive.org/web/20190115124206id_/https://www.dramexchange.com/
2019-01-15,dram_chip,DDR3 4Gb 256Mx16 1600/1866Mbps,2.519,https://web.archive.org/web/20190115124206id_/https://www.dramexchange.com/
2019-01-15,dram_chip,DDR3 4Gb 512Mx8 1600/1866Mbps,2.525,https://web.archive.org/web/20190115124206id_/https://www.dramexchange.com/
2019-01-15,dram_chip,DDR3 4Gb 512Mx8 eTT,1.49,https://web.archive.org/web/20190115124206id_/https://www.dramexchange.com/
2019-01-15,dram_chip,DDR4 4Gb (512Mx8) 2133/2400Mbps,3.02,https://web.archive.org/web/20190115124206id_/https://www.dramexchange.com/
2019-01-15,dram_chip,DDR4 8Gb (1Gx8) 2133/2400Mbps,6.099,https://web.archive.org/web/20190115124206id_/https://www.dramexchange.com/
2019-01-15,nand_chip,16Gb 2Gx8 MLC,2.76,https://web.archive.org/web/20190115124206id_/https://www.dramexchange.com/
2019-01-15,nand_chip,32Gb 4Gx8 MLC,1.958,https://web.archive.org/web/20190115124206id_/https://www.dramexchange.com/
2019-01-15,nand_chip,64Gb 8Gx8 MLC,2.644,https://web.archive.org/web/20190115124206id_/https://www.dramexchange.com/
2019-01-28,nand_wafer,128Gb TLC,1.482,https://web.archive.org/web/20190212221435id_/https://www.dramexchange.com/
2019-01-28,nand_wafer,256Gb TLC,2.42,https://web.archive.org/web/20190212221435id_/https://www.dramexchange.com/
2019-01-28,nand_wafer,512Gb TLC,4.89,https://web.archive.org/web/20190212221435id_/https://www.dramexchange.com/
2019-02-01,dram_chip,DDR3 2Gb 256Mx8 1600/1866Mbps,1.458,https://web.archive.org/web/20190201203734id_/https://www.dramexchange.com/
2019-02-01,dram_chip,DDR3 4Gb 256Mx16 1600/1866Mbps,2.448,https://web.archive.org/web/20190201203734id_/https://www.dramexchange.com/
2019-02-01,dram_chip,DDR3 4Gb 512Mx8 1600/1866Mbps,2.421,https://web.archive.org/web/20190201203734id_/https://www.dramexchange.com/
2019-02-01,dram_chip,DDR3 4Gb 512Mx8 eTT,1.49,https://web.archive.org/web/20190201203734id_/https://www.dramexchange.com/
2019-02-01,dram_chip,DDR4 4Gb (512Mx8) 2133/2400Mbps,3.007,https://web.archive.org/web/20190201203734id_/https://www.dramexchange.com/
2019-02-01,dram_chip,DDR4 8Gb (1Gx8) 2133/2400Mbps,5.942,https://web.archive.org/web/20190201203734id_/https://www.dramexchange.com/
2019-02-01,nand_chip,16Gb 2Gx8 MLC,2.485,https://web.archive.org/web/20190201203734id_/https://www.dramexchange.com/
2019-02-01,nand_chip,MLC 32Gb 4GBx8,1.912,https://web.archive.org/web/20190201203734id_/https://www.dramexchange.com/
2019-02-01,nand_chip,MLC 64Gb 8GBx8,2.589,https://web.archive.org/web/20190201203734id_/https://www.dramexchange.com/
2019-02-12,dram_chip,DDR3 2Gb 256Mx8 1600/1866Mbps,1.458,https://web.archive.org/web/20190212221435id_/https://www.dramexchange.com/
2019-02-12,dram_chip,DDR3 4Gb 256Mx16 1600/1866Mbps,2.448,https://web.archive.org/web/20190212221435id_/https://www.dramexchange.com/
2019-02-12,dram_chip,DDR3 4Gb 512Mx8 1600/1866Mbps,2.407,https://web.archive.org/web/20190212221435id_/https://www.dramexchange.com/
2019-02-12,dram_chip,DDR3 4Gb 512Mx8 eTT,1.49,https://web.archive.org/web/20190212221435id_/https://www.dramexchange.com/
2019-02-12,dram_chip,DDR4 4Gb (512Mx8) 2133/2400Mbps,2.992,https://web.archive.org/web/20190212221435id_/https://www.dramexchange.com/
2019-02-12,dram_chip,DDR4 8Gb (1Gx8) 2133/2400Mbps,5.938,https://web.archive.org/web/20190212221435id_/https://www.dramexchange.com/
2019-02-12,nand_chip,MLC 16Gb 2GBx8,2.485,https://web.archive.org/web/20190212221435id_/https://www.dramexchange.com/
2019-02-12,nand_chip,MLC 32Gb 4GBx8,1.927,https://web.archive.org/web/20190212221435id_/https://www.dramexchange.com/
2019-02-12,nand_chip,MLC 64Gb 8GBx8,2.592,https://web.archive.org/web/20190212221435id_/https://www.dramexchange.com/
2019-03-18,nand_wafer,128Gb TLC,1.35,https://web.archive.org/web/20190327012548id_/https://www.dramexchange.com/
2019-03-18,nand_wafer,256Gb TLC,2.321,https://web.archive.org/web/20190327012548id_/https://www.dramexchange.com/
2019-03-18,nand_wafer,512Gb TLC,4.758,https://web.archive.org/web/20190327012548id_/https://www.dramexchange.com/
2019-03-25,nand_wafer,128Gb TLC,1.313,https://web.archive.org/web/20190406041333id_/https://www.dramexchange.com/
2019-03-25,nand_wafer,256Gb TLC,2.225,https://web.archive.org/web/20190406041333id_/https://www.dramexchange.com/
2019-03-25,nand_wafer,512Gb TLC,4.48,https://web.archive.org/web/20190406041333id_/https://www.dramexchange.com/
2019-03-26,dram_chip,DDR3 2Gb 256Mx8 1600/1866Mbps,1.37,https://web.archive.org/web/20190327012548id_/https://www.dramexchange.com/
2019-03-26,dram_chip,DDR3 4Gb 256Mx16 1600/1866Mbps,1.911,https://web.archive.org/web/20190327012548id_/https://www.dramexchange.com/
2019-03-26,dram_chip,DDR3 4Gb 512Mx8 1600/1866Mbps,1.966,https://web.archive.org/web/20190327012548id_/https://www.dramexchange.com/
2019-03-26,dram_chip,DDR3 4Gb 512Mx8 eTT,1.469,https://web.archive.org/web/20190327012548id_/https://www.dramexchange.com/
2019-03-26,dram_chip,DDR4 4Gb (512Mx8) 2133/2400Mbps,2.414,https://web.archive.org/web/20190327012548id_/https://www.dramexchange.com/
2019-03-26,dram_chip,DDR4 8Gb (1Gx8) 2133/2400Mbps,4.636,https://web.archive.org/web/20190327012548id_/https://www.dramexchange.com/
2019-03-26,nand_chip,3D TLC 256Gb,2.915,https://web.archive.org/web/20190327012548id_/https://www.dramexchange.com/
2019-03-26,nand_chip,MLC 32Gb 4GBx8,1.707,https://web.archive.org/web/20190327012548id_/https://www.dramexchange.com/
2019-03-26,nand_chip,MLC 64Gb 8GBx8,2.359,https://web.archive.org/web/20190327012548id_/https://www.dramexchange.com/
2019-03-26,nand_chip,SLC 1Gb 128MBx8,0.886,https://web.archive.org/web/20190327012548id_/https://www.dramexchange.com/
2019-03-26,nand_chip,SLC 2Gb 256MBx8,0.992,https://web.archive.org/web/20190327012548id_/https://www.dramexchange.com/
2019-04-04,dram_chip,DDR3 2Gb 256Mx8 1600/1866Mbps,1.237,https://web.archive.org/web/20190406041333id_/https://www.dramexchange.com/
2019-04-04,dram_chip,DDR3 4Gb 256Mx16 1600/1866Mbps,1.795,https://web.archive.org/web/20190406041333id_/https://www.dramexchange.com/
2019-04-04,dram_chip,DDR3 4Gb 512Mx8 1600/1866Mbps,1.86,https://web.archive.org/web/20190406041333id_/https://www.dramexchange.com/
2019-04-04,dram_chip,DDR3 4Gb 512Mx8 eTT,1.463,https://web.archive.org/web/20190406041333id_/https://www.dramexchange.com/
2019-04-04,dram_chip,DDR4 4Gb (512Mx8) 2133/2400Mbps,2.309,https://web.archive.org/web/20190406041333id_/https://www.dramexchange.com/
2019-04-04,dram_chip,DDR4 8Gb (1Gx8) 2133/2400Mbps,4.454,https://web.archive.org/web/20190406041333id_/https://www.dramexchange.com/
2019-04-04,nand_chip,3D TLC 256Gb,2.915,https://web.archive.org/web/20190406041333id_/https://www.dramexchange.com/
2019-04-04,nand_chip,MLC 32Gb 4GBx8,1.762,https://web.archive.org/web/20190406041333id_/https://www.dramexchange.com/
2019-04-04,nand_chip,MLC 64Gb 8GBx8,2.358,https://web.archive.org/web/20190406041333id_/https://www.dramexchange.com/
2019-04-04,nand_chip,SLC 1Gb 128MBx8,0.878,https://web.archive.org/web/20190406041333id_/https://www.dramexchange.com/
2019-04-04,nand_chip,SLC 2Gb 256MBx8,0.99,https://web.archive.org/web/20190406041333id_/https://www.dramexchange.com/
2019-04-08,nand_wafer,128Gb TLC,1.253,https://web.archive.org/web/20190415081437id_/https://www.dramexchange.com/
2019-04-08,nand_wafer,256Gb TLC,2.124,https://web.archive.org/web/20190415081437id_/https://www.dramexchange.com/
2019-04-08,nand_wafer,512Gb TLC,4.325,https://web.archive.org/web/20190415081437id_/https://www.dramexchange.com/
2019-04-15,dram_chip,DDR3 2Gb 256Mx8 1600/1866Mbps,1.156,https://web.archive.org/web/20190415081437id_/https://www.dramexchange.com/
2019-04-15,dram_chip,DDR3 4Gb 256Mx16 1600/1866Mbps,1.723,https://web.archive.org/web/20190415081437id_/https://www.dramexchange.com/
2019-04-15,dram_chip,DDR3 4Gb 512Mx8 1600/1866Mbps,1.75,https://web.archive.org/web/20190415081437id_/https://www.dramexchange.com/
2019-04-15,dram_chip,DDR3 4Gb 512Mx8 eTT,1.437,https://web.archive.org/web/20190415081437id_/https://www.dramexchange.com/
2019-04-15,dram_chip,DDR4 4Gb (512Mx8) 2133/2400Mbps,2.232,https://web.archive.org/web/20190415081437id_/https://www.dramexchange.com/
2019-04-15,dram_chip,DDR4 8Gb (1Gx8) 2133/2400Mbps,4.292,https://web.archive.org/web/20190415081437id_/https://www.dramexchange.com/
2019-04-15,nand_chip,3D TLC 256Gb,2.965,https://web.archive.org/web/20190415081437id_/https://www.dramexchange.com/
2019-04-15,nand_chip,MLC 32Gb 4GBx8,1.913,https://web.archive.org/web/20190415081437id_/https://www.dramexchange.com/
2019-04-15,nand_chip,MLC 64Gb 8GBx8,2.379,https://web.archive.org/web/20190415081437id_/https://www.dramexchange.com/
2019-04-15,nand_chip,SLC 1Gb 128MBx8,0.891,https://web.archive.org/web/20190415081437id_/https://www.dramexchange.com/
2019-04-15,nand_chip,SLC 2Gb 256MBx8,1.007,https://web.archive.org/web/20190415081437id_/https://www.dramexchange.com/
2019-04-22,nand_wafer,128Gb TLC,1.188,https://web.archive.org/web/20190504095341id_/https://www.dramexchange.com/
2019-04-22,nand_wafer,256Gb TLC,2.05,https://web.archive.org/web/20190504095341id_/https://www.dramexchange.com/
2019-04-22,nand_wafer,512Gb TLC,4.125,https://web.archive.org/web/20190504095341id_/https://www.dramexchange.com/
2019-05-03,dram_chip,DDR3 2Gb 256Mx8 1600/1866Mbps,1.092,https://web.archive.org/web/20190504095341id_/https://www.dramexchange.com/
2019-05-03,dram_chip,DDR3 4Gb 256Mx16 1600/1866Mbps,1.659,https://web.archive.org/web/20190504095341id_/https://www.dramexchange.com/
2019-05-03,dram_chip,DDR3 4Gb 512Mx8 1600/1866Mbps,1.662,https://web.archive.org/web/20190504095341id_/https://www.dramexchange.com/
2019-05-03,dram_chip,DDR3 4Gb 512Mx8 eTT,1.43,https://web.archive.org/web/20190504095341id_/https://www.dramexchange.com/
2019-05-03,dram_chip,DDR4 4Gb (512Mx8) 2133/2400Mbps,2.165,https://web.archive.org/web/20190504095341id_/https://www.dramexchange.com/
2019-05-03,dram_chip,DDR4 8Gb (1Gx8) 2133/2400Mbps,3.872,https://web.archive.org/web/20190504095341id_/https://www.dramexchange.com/
2019-05-03,nand_chip,3D TLC 256Gb,2.975,https://web.archive.org/web/20190504095341id_/https://www.dramexchange.com/
2019-05-03,nand_chip,MLC 32Gb 4GBx8,2.157,https://web.archive.org/web/20190504095341id_/https://www.dramexchange.com/
2019-05-03,nand_chip,MLC 64Gb 8GBx8,2.571,https://web.archive.org/web/20190504095341id_/https://www.dramexchange.com/
2019-05-03,nand_chip,SLC 1Gb 128MBx8,0.904,https://web.archive.org/web/20190504095341id_/https://www.dramexchange.com/
2019-05-03,nand_chip,SLC 2Gb 256MBx8,1.009,https://web.archive.org/web/20190504095341id_/https://www.dramexchange.com/
2019-05-06,nand_wafer,128Gb TLC,1.188,https://web.archive.org/web/20190514053020id_/https://www.dramexchange.com/
2019-05-06,nand_wafer,256Gb TLC,1.946,https://web.archive.org/web/20190514053020id_/https://www.dramexchange.com/
2019-05-06,nand_wafer,512Gb TLC,3.908,https://web.archive.org/web/20190514053020id_/https://www.dramexchange.com/
2019-05-14,dram_chip,DDR3 2Gb 256Mx8 1600/1866Mbps,1.09,https://web.archive.org/web/20190514053020id_/https://www.dramexchange.com/
2019-05-14,dram_chip,DDR3 4Gb 256Mx16 1600/1866Mbps,1.619,https://web.archive.org/web/20190514053020id_/https://www.dramexchange.com/
2019-05-14,dram_chip,DDR3 4Gb 512Mx8 1600/1866Mbps,1.611,https://web.archive.org/web/20190514053020id_/https://www.dramexchange.com/
2019-05-14,dram_chip,DDR3 4Gb 512Mx8 eTT,1.43,https://web.archive.org/web/20190514053020id_/https://www.dramexchange.com/
2019-05-14,dram_chip,DDR4 4Gb (512Mx8) 2133/2400Mbps,2.159,https://web.archive.org/web/20190514053020id_/https://www.dramexchange.com/
2019-05-14,dram_chip,DDR4 8Gb (1Gx8) 2133/2400Mbps,3.775,https://web.archive.org/web/20190514053020id_/https://www.dramexchange.com/
2019-05-14,nand_chip,3D TLC 256Gb,2.965,https://web.archive.org/web/20190514053020id_/https://www.dramexchange.com/
2019-05-14,nand_chip,MLC 32Gb 4GBx8,2.156,https://web.archive.org/web/20190514053020id_/https://www.dramexchange.com/
2019-05-14,nand_chip,MLC 64Gb 8GBx8,2.522,https://web.archive.org/web/20190514053020id_/https://www.dramexchange.com/
2019-05-14,nand_chip,SLC 1Gb 128MBx8,0.882,https://web.archive.org/web/20190514053020id_/https://www.dramexchange.com/
2019-05-14,nand_chip,SLC 2Gb 256MBx8,1.004,https://web.archive.org/web/20190514053020id_/https://www.dramexchange.com/
2019-06-10,nand_wafer,128Gb TLC,1.188,https://web.archive.org/web/20190619224848id_/https://www.dramexchange.com/
2019-06-10,nand_wafer,256Gb TLC,1.883,https://web.archive.org/web/20190619224848id_/https://www.dramexchange.com/
2019-06-10,nand_wafer,512Gb TLC,3.793,https://web.archive.org/web/20190619224848id_/https://www.dramexchange.com/
2019-06-19,dram_chip,DDR3 2Gb 256Mx8 1600/1866Mbps,1.039,https://web.archive.org/web/20190619224848id_/https://www.dramexchange.com/
2019-06-19,dram_chip,DDR3 4Gb 256Mx16 1600/1866Mbps,1.515,https://web.archive.org/web/20190619224848id_/https://www.dramexchange.com/
2019-06-19,dram_chip,DDR3 4Gb 512Mx8 1600/1866Mbps,1.488,https://web.archive.org/web/20190619224848id_/https://www.dramexchange.com/
2019-06-19,dram_chip,DDR3 4Gb 512Mx8 eTT,1.332,https://web.archive.org/web/20190619224848id_/https://www.dramexchange.com/
2019-06-19,dram_chip,DDR4 4Gb (512Mx8) 2400Mbps,1.803,https://web.archive.org/web/20190619224848id_/https://www.dramexchange.com/
2019-06-19,dram_chip,DDR4 8Gb (1Gx8) 2400Mbps,3.352,https://web.archive.org/web/20190619224848id_/https://www.dramexchange.com/
2019-06-19,nand_chip,3D TLC 256Gb,2.974,https://web.archive.org/web/20190619224848id_/https://www.dramexchange.com/
2019-06-19,nand_chip,MLC 32Gb 4GBx8,2.13,https://web.archive.org/web/20190619224848id_/https://www.dramexchange.com/
2019-06-19,nand_chip,MLC 64Gb 8GBx8,2.333,https://web.archive.org/web/20190619224848id_/https://www.dramexchange.com/
2019-06-19,nand_chip,SLC 1Gb 128MBx8,0.87,https://web.archive.org/web/20190619224848id_/https://www.dramexchange.com/
2019-06-19,nand_chip,SLC 2Gb 256MBx8,0.988,https://web.archive.org/web/20190619224848id_/https://www.dramexchange.com/
2019-07-08,nand_wafer,128Gb TLC,1.203,https://web.archive.org/web/20190715233149id_/https://www.dramexchange.com/
2019-07-08,nand_wafer,256Gb TLC,1.801,https://web.archive.org/web/20190715233149id_/https://www.dramexchange.com/
2019-07-08,nand_wafer,512Gb TLC,3.66,https://web.archive.org/web/20190715233149id_/https://www.dramexchange.com/
2019-07-15,dram_chip,DDR3 2Gb 256Mx8 1600/1866Mbps,1.087,https://web.archive.org/web/20190715233149id_/https://www.dramexchange.com/
2019-07-15,dram_chip,DDR3 4Gb 256Mx16 1600/1866Mbps,1.705,https://web.archive.org/web/20190715233149id_/https://www.dramexchange.com/
2019-07-15,dram_chip,DDR3 4Gb 512Mx8 1600/1866Mbps,1.615,https://web.archive.org/web/20190715233149id_/https://www.dramexchange.com/
2019-07-15,dram_chip,DDR3 4Gb 512Mx8 eTT,1.367,https://web.archive.org/web/20190715233149id_/https://www.dramexchange.com/
2019-07-15,dram_chip,DDR4 4Gb (512Mx8) 2400Mbps,1.85,https://web.archive.org/web/20190715233149id_/https://www.dramexchange.com/
2019-07-15,dram_chip,DDR4 8Gb (1Gx8) 2400Mbps,3.361,https://web.archive.org/web/20190715233149id_/https://www.dramexchange.com/
2019-07-15,nand_chip,3D TLC 256Gb,2.944,https://web.archive.org/web/20190715233149id_/https://www.dramexchange.com/
2019-07-15,nand_chip,MLC 32Gb 4GBx8,2.183,https://web.archive.org/web/20190715233149id_/https://www.dramexchange.com/
2019-07-15,nand_chip,MLC 64Gb 8GBx8,2.416,https://web.archive.org/web/20190715233149id_/https://www.dramexchange.com/
2019-07-15,nand_chip,SLC 1Gb 128MBx8,0.9,https://web.archive.org/web/20190715233149id_/https://www.dramexchange.com/
2019-07-15,nand_chip,SLC 2Gb 256MBx8,0.995,https://web.archive.org/web/20190715233149id_/https://www.dramexchange.com/
2019-07-29,nand_wafer,128Gb TLC,1.703,https://web.archive.org/web/20190805095622id_/https://www.dramexchange.com/
2019-07-29,nand_wafer,256Gb TLC,2.236,https://web.archive.org/web/20190805095622id_/https://www.dramexchange.com/
2019-07-29,nand_wafer,512Gb TLC,4.433,https://web.archive.org/web/20190805095622id_/https://www.dramexchange.com/
2019-08-05,dram_chip,DDR3 2Gb 256Mx8 1600/1866Mbps,1.133,https://web.archive.org/web/20190805095622id_/https://www.dramexchange.com/
2019-08-05,dram_chip,DDR3 4Gb 256Mx16 1600/1866Mbps,1.673,https://web.archive.org/web/20190805095622id_/https://www.dramexchange.com/
2019-08-05,dram_chip,DDR3 4Gb 512Mx8 1600/1866Mbps,1.668,https://web.archive.org/web/20190805095622id_/https://www.dramexchange.com/
2019-08-05,dram_chip,DDR3 4Gb 512Mx8 eTT,1.39,https://web.archive.org/web/20190805095622id_/https://www.dramexchange.com/
2019-08-05,dram_chip,DDR4 4Gb (512Mx8) 2400Mbps,2.083,https://web.archive.org/web/20190805095622id_/https://www.dramexchange.com/
2019-08-05,dram_chip,DDR4 8Gb (1Gx8) 2400Mbps,3.633,https://web.archive.org/web/20190805095622id_/https://www.dramexchange.com/
2019-08-05,nand_chip,3D TLC 256Gb,2.933,https://web.archive.org/web/20190805095622id_/https://www.dramexchange.com/
2019-08-05,nand_chip,MLC 32Gb 4GBx8,2.415,https://web.archive.org/web/20190805095622id_/https://www.dramexchange.com/
2019-08-05,nand_chip,MLC 64Gb 8GBx8,2.458,https://web.archive.org/web/20190805095622id_/https://www.dramexchange.com/
2019-08-05,nand_chip,SLC 1Gb 128MBx8,0.914,https://web.archive.org/web/20190805095622id_/https://www.dramexchange.com/
2019-08-05,nand_chip,SLC 2Gb 256MBx8,1.022,https://web.archive.org/web/20190805095622id_/https://www.dramexchange.com/
2019-08-12,nand_wafer,128Gb TLC,1.843,https://web.archive.org/web/20190819225017id_/https://www.dramexchange.com/
2019-08-12,nand_wafer,256Gb TLC,2.29,https://web.archive.org/web/20190819225017id_/https://www.dramexchange.com/
2019-08-12,nand_wafer,512Gb TLC,4.538,https://web.archive.org/web/20190819225017id_/https://www.dramexchange.com/
2019-08-19,dram_chip,DDR3 2Gb 256Mx8 1600/1866Mbps,1.102,https://web.archive.org/web/20190819225017id_/https://www.dramexchange.com/
2019-08-19,dram_chip,DDR3 4Gb 256Mx16 1600/1866Mbps,1.613,https://web.archive.org/web/20190819225017id_/https://www.dramexchange.com/
2019-08-19,dram_chip,DDR3 4Gb 512Mx8 1600/1866Mbps,1.653,https://web.archive.org/web/20190819225017id_/https://www.dramexchange.com/
2019-08-19,dram_chip,DDR3 4Gb 512Mx8 eTT,1.235,https://web.archive.org/web/20190819225017id_/https://www.dramexchange.com/
2019-08-19,dram_chip,DDR4 4Gb (512Mx8) 2400Mbps,1.987,https://web.archive.org/web/20190819225017id_/https://www.dramexchange.com/
2019-08-19,dram_chip,DDR4 8Gb (1Gx8) 2400Mbps,3.523,https://web.archive.org/web/20190819225017id_/https://www.dramexchange.com/
2019-08-19,nand_chip,3D TLC 256Gb,2.933,https://web.archive.org/web/20190819225017id_/https://www.dramexchange.com/
2019-08-19,nand_chip,MLC 32Gb 4GBx8,2.421,https://web.archive.org/web/20190819225017id_/https://www.dramexchange.com/
2019-08-19,nand_chip,MLC 64Gb 8GBx8,2.457,https://web.archive.org/web/20190819225017id_/https://www.dramexchange.com/
2019-08-19,nand_chip,SLC 1Gb 128MBx8,0.93,https://web.archive.org/web/20190819225017id_/https://www.dramexchange.com/
2019-08-19,nand_chip,SLC 2Gb 256MBx8,1.026,https://web.archive.org/web/20190819225017id_/https://www.dramexchange.com/
2019-09-09,nand_wafer,128Gb TLC,1.757,https://web.archive.org/web/20190916173922id_/https://www.dramexchange.com/
2019-09-09,nand_wafer,256Gb TLC,2.173,https://web.archive.org/web/20190916173922id_/https://www.dramexchange.com/
2019-09-09,nand_wafer,512Gb TLC,4.41,https://web.archive.org/web/20190916173922id_/https://www.dramexchange.com/
2019-09-16,dram_chip,DDR3 2Gb 256Mx8 1600/1866Mbps,1.093,https://web.archive.org/web/20190916173922id_/https://www.dramexchange.com/
2019-09-16,dram_chip,DDR3 4Gb 256Mx16 1600/1866Mbps,1.498,https://web.archive.org/web/20190916173922id_/https://www.dramexchange.com/
2019-09-16,dram_chip,DDR3 4Gb 512Mx8 1600/1866Mbps,1.598,https://web.archive.org/web/20190916173922id_/https://www.dramexchange.com/
2019-09-16,dram_chip,DDR3 4Gb 512Mx8 eTT,1.068,https://web.archive.org/web/20190916173922id_/https://www.dramexchange.com/
2019-09-16,dram_chip,DDR4 4Gb (512Mx8) 2400Mbps,1.925,https://web.archive.org/web/20190916173922id_/https://www.dramexchange.com/
2019-09-16,dram_chip,DDR4 8Gb (1Gx8) 2400Mbps,3.247,https://web.archive.org/web/20190916173922id_/https://www.dramexchange.com/
2019-09-16,nand_chip,3D TLC 256Gb,2.917,https://web.archive.org/web/20190916173922id_/https://www.dramexchange.com/
2019-09-16,nand_chip,MLC 32Gb 4GBx8,2.318,https://web.archive.org/web/20190916173922id_/https://www.dramexchange.com/
2019-09-16,nand_chip,MLC 64Gb 8GBx8,2.429,https://web.archive.org/web/20190916173922id_/https://www.dramexchange.com/
2019-09-16,nand_chip,SLC 1Gb 128MBx8,0.947,https://web.archive.org/web/20190916173922id_/https://www.dramexchange.com/
2019-09-16,nand_chip,SLC 2Gb 256MBx8,1.05,https://web.archive.org/web/20190916173922id_/https://www.dramexchange.com/
2019-09-23,nand_wafer,128Gb TLC,1.77,https://web.archive.org/web/20191001192215id_/https://www.dramexchange.com/
2019-09-23,nand_wafer,256Gb TLC,2.159,https://web.archive.org/web/20191001192215id_/https://www.dramexchange.com/
2019-09-23,nand_wafer,512Gb TLC,4.315,https://web.archive.org/web/20191001192215id_/https://www.dramexchange.com/
2019-10-01,dram_chip,DDR3 2Gb 256Mx8 1600/1866Mbps,1.075,https://web.archive.org/web/20191001192215id_/https://www.dramexchange.com/
2019-10-01,dram_chip,DDR3 4Gb 256Mx16 1600/1866Mbps,1.478,https://web.archive.org/web/20191001192215id_/https://www.dramexchange.com/
2019-10-01,dram_chip,DDR3 4Gb 512Mx8 1600/1866Mbps,1.589,https://web.archive.org/web/20191001192215id_/https://www.dramexchange.com/
2019-10-01,dram_chip,DDR3 4Gb 512Mx8 eTT,1.01,https://web.archive.org/web/20191001192215id_/https://www.dramexchange.com/
2019-10-01,dram_chip,DDR4 4Gb (512Mx8) 2400Mbps,1.907,https://web.archive.org/web/20191001192215id_/https://www.dramexchange.com/
2019-10-01,dram_chip,DDR4 8Gb (1Gx8) 2400Mbps,3.17,https://web.archive.org/web/20191001192215id_/https://www.dramexchange.com/
2019-10-01,nand_chip,3D TLC 256Gb,2.903,https://web.archive.org/web/20191001192215id_/https://www.dramexchange.com/
2019-10-01,nand_chip,MLC 32Gb 4GBx8,2.2,https://web.archive.org/web/20191001192215id_/https://www.dramexchange.com/
2019-10-01,nand_chip,MLC 64Gb 8GBx8,2.343,https://web.archive.org/web/20191001192215id_/https://www.dramexchange.com/
2019-10-01,nand_chip,SLC 1Gb 128MBx8,0.975,https://web.archive.org/web/20191001192215id_/https://www.dramexchange.com/
2019-10-01,nand_chip,SLC 2Gb 256MBx8,1.036,https://web.archive.org/web/20191001192215id_/https://www.dramexchange.com/
2019-10-07,nand_wafer,128Gb TLC,1.753,https://web.archive.org/web/20191015201832id_/https://www.dramexchange.com/
2019-10-07,nand_wafer,256Gb TLC,2.109,https://web.archive.org/web/20191015201832id_/https://www.dramexchange.com/
2019-10-07,nand_wafer,512Gb TLC,4.239,https://web.archive.org/web/20191015201832id_/https://www.dramexchange.com/
2019-10-15,dram_chip,DDR3 2Gb 256Mx8 1600/1866Mbps,1.068,https://web.archive.org/web/20191015201832id_/https://www.dramexchange.com/
2019-10-15,dram_chip,DDR3 4Gb 256Mx16 1600/1866Mbps,1.473,https://web.archive.org/web/20191015201832id_/https://www.dramexchange.com/
2019-10-15,dram_chip,DDR3 4Gb 512Mx8 1600/1866Mbps,1.584,https://web.archive.org/web/20191015201832id_/https://www.dramexchange.com/
2019-10-15,dram_chip,DDR3 4Gb 512Mx8 eTT,0.988,https://web.archive.org/web/20191015201832id_/https://www.dramexchange.com/
2019-10-15,dram_chip,DDR4 4Gb (512Mx8) 2400Mbps,1.783,https://web.archive.org/web/20191015201832id_/https://www.dramexchange.com/
2019-10-15,dram_chip,DDR4 8Gb (1Gx8) 2400Mbps,3.053,https://web.archive.org/web/20191015201832id_/https://www.dramexchange.com/
2019-10-15,nand_chip,3D TLC 256Gb,2.881,https://web.archive.org/web/20191015201832id_/https://www.dramexchange.com/
2019-10-15,nand_chip,MLC 32Gb 4GBx8,2.179,https://web.archive.org/web/20191015201832id_/https://www.dramexchange.com/
2019-10-15,nand_chip,MLC 64Gb 8GBx8,2.307,https://web.archive.org/web/20191015201832id_/https://www.dramexchange.com/
2019-10-15,nand_chip,SLC 1Gb 128MBx8,0.969,https://web.archive.org/web/20191015201832id_/https://www.dramexchange.com/
2019-10-15,nand_chip,SLC 2Gb 256MBx8,1.033,https://web.archive.org/web/20191015201832id_/https://www.dramexchange.com/
2019-11-04,nand_wafer,128Gb TLC,1.663,https://web.archive.org/web/20191117102341id_/https://www.dramexchange.com/
2019-11-04,nand_wafer,256Gb TLC,2.089,https://web.archive.org/web/20191117102341id_/https://www.dramexchange.com/
2019-11-04,nand_wafer,512Gb TLC,4.198,https://web.archive.org/web/20191117102341id_/https://www.dramexchange.com/
2019-11-11,dram_chip,DDR3 2Gb 256Mx8 1600/1866Mbps,1.044,https://web.archive.org/web/20191112004704id_/https://www.dramexchange.com/
2019-11-11,dram_chip,DDR3 4Gb 256Mx16 1600/1866Mbps,1.45,https://web.archive.org/web/20191112004704id_/https://www.dramexchange.com/
2019-11-11,dram_chip,DDR3 4Gb 512Mx8 1600/1866Mbps,1.544,https://web.archive.org/web/20191112004704id_/https://www.dramexchange.com/
2019-11-11,dram_chip,DDR3 4Gb 512Mx8 eTT,0.92,https://web.archive.org/web/20191112004704id_/https://www.dramexchange.com/
2019-11-11,dram_chip,DDR4 4Gb (512Mx8) 2400Mbps,1.72,https://web.archive.org/web/20191112004704id_/https://www.dramexchange.com/
2019-11-11,dram_chip,DDR4 8Gb (1Gx8) 2400Mbps,2.847,https://web.archive.org/web/20191112004704id_/https://www.dramexchange.com/
2019-11-11,nand_chip,3D TLC 256Gb,2.744,https://web.archive.org/web/20191112004704id_/https://www.dramexchange.com/
2019-11-11,nand_chip,MLC 32Gb 4GBx8,2.241,https://web.archive.org/web/20191112004704id_/https://www.dramexchange.com/
2019-11-11,nand_chip,MLC 64Gb 8GBx8,2.304,https://web.archive.org/web/20191112004704id_/https://www.dramexchange.com/
2019-11-11,nand_chip,SLC 1Gb 128MBx8,0.995,https://web.archive.org/web/20191112004704id_/https://www.dramexchange.com/
2019-11-11,nand_chip,SLC 2Gb 256MBx8,1.023,https://web.archive.org/web/20191112004704id_/https://www.dramexchange.com/
2019-11-15,dram_chip,DDR3 2Gb 256Mx8 1600/1866Mbps,1.025,https://web.archive.org/web/20191117102341id_/https://www.dramexchange.com/
2019-11-15,dram_chip,DDR3 4Gb 256Mx16 1600/1866Mbps,1.433,https://web.archive.org/web/20191117102341id_/https://www.dramexchange.com/
2019-11-15,dram_chip,DDR3 4Gb 512Mx8 1600/1866Mbps,1.536,https://web.archive.org/web/20191117102341id_/https://www.dramexchange.com/
2019-11-15,dram_chip,DDR3 4Gb 512Mx8 eTT,0.915,https://web.archive.org/web/20191117102341id_/https://www.dramexchange.com/
2019-11-15,dram_chip,DDR4 4Gb (512Mx8) 2400Mbps,1.703,https://web.archive.org/web/20191117102341id_/https://www.dramexchange.com/
2019-11-15,dram_chip,DDR4 8Gb (1Gx8) 2400Mbps,2.817,https://web.archive.org/web/20191117102341id_/https://www.dramexchange.com/
2019-11-15,nand_chip,3D TLC 256Gb,2.708,https://web.archive.org/web/20191117102341id_/https://www.dramexchange.com/
2019-11-15,nand_chip,MLC 32Gb 4GBx8,2.241,https://web.archive.org/web/20191117102341id_/https://www.dramexchange.com/
2019-11-15,nand_chip,MLC 64Gb 8GBx8,2.321,https://web.archive.org/web/20191117102341id_/https://www.dramexchange.com/
2019-11-15,nand_chip,SLC 1Gb 128MBx8,0.988,https://web.archive.org/web/20191117102341id_/https://www.dramexchange.com/
2019-11-15,nand_chip,SLC 2Gb 256MBx8,1.015,https://web.archive.org/web/20191117102341id_/https://www.dramexchange.com/
2019-11-25,nand_wafer,128Gb TLC,1.477,https://web.archive.org/web/20191208003602id_/https://www.dramexchange.com/
2019-11-25,nand_wafer,256Gb TLC,2.012,https://web.archive.org/web/20191208003602id_/https://www.dramexchange.com/
2019-11-25,nand_wafer,512Gb TLC,4.119,https://web.archive.org/web/20191208003602id_/https://www.dramexchange.com/
2019-12-02,nand_wafer,128Gb TLC,1.477,https://web.archive.org/web/20191215021032id_/https://www.dramexchange.com/
2019-12-02,nand_wafer,256Gb TLC,2.051,https://web.archive.org/web/20191215021032id_/https://www.dramexchange.com/
2019-12-02,nand_wafer,512Gb TLC,4.179,https://web.archive.org/web/20191215021032id_/https://www.dramexchange.com/
2019-12-06,dram_chip,DDR3 2Gb 256Mx8 1600/1866Mbps,0.986,https://web.archive.org/web/20191208003602id_/https://www.dramexchange.com/
2019-12-06,dram_chip,DDR3 4Gb 256Mx16 1600/1866Mbps,1.415,https://web.archive.org/web/20191208003602id_/https://www.dramexchange.com/
2019-12-06,dram_chip,DDR3 4Gb 512Mx8 1600/1866Mbps,1.501,https://web.archive.org/web/20191208003602id_/https://www.dramexchange.com/
2019-12-06,dram_chip,DDR3 4Gb 512Mx8 eTT,0.935,https://web.archive.org/web/20191208003602id_/https://www.dramexchange.com/
2019-12-06,dram_chip,DDR4 4Gb (512Mx8) 2400Mbps,1.637,https://web.archive.org/web/20191208003602id_/https://www.dramexchange.com/
2019-12-06,dram_chip,DDR4 8Gb (1Gx8) 2400Mbps,2.74,https://web.archive.org/web/20191208003602id_/https://www.dramexchange.com/
2019-12-06,nand_chip,3D TLC 256Gb,2.752,https://web.archive.org/web/20191208003602id_/https://www.dramexchange.com/
2019-12-06,nand_chip,MLC 32Gb 4GBx8,2.257,https://web.archive.org/web/20191208003602id_/https://www.dramexchange.com/
2019-12-06,nand_chip,MLC 64Gb 8GBx8,2.349,https://web.archive.org/web/20191208003602id_/https://www.dramexchange.com/
2019-12-06,nand_chip,SLC 1Gb 128MBx8,0.962,https://web.archive.org/web/20191208003602id_/https://www.dramexchange.com/
2019-12-06,nand_chip,SLC 2Gb 256MBx8,1.015,https://web.archive.org/web/20191208003602id_/https://www.dramexchange.com/
2019-12-13,dram_chip,DDR3 2Gb 256Mx8 1600/1866Mbps,1.0,https://web.archive.org/web/20191215021032id_/https://www.dramexchange.com/
2019-12-13,dram_chip,DDR3 4Gb 256Mx16 1600/1866Mbps,1.443,https://web.archive.org/web/20191215021032id_/https://www.dramexchange.com/
2019-12-13,dram_chip,DDR3 4Gb 512Mx8 1600/1866Mbps,1.519,https://web.archive.org/web/20191215021032id_/https://www.dramexchange.com/
2019-12-13,dram_chip,DDR3 4Gb 512Mx8 eTT,0.998,https://web.archive.org/web/20191215021032id_/https://www.dramexchange.com/
2019-12-13,dram_chip,DDR4 4Gb (512Mx8) 2400Mbps,1.683,https://web.archive.org/web/20191215021032id_/https://www.dramexchange.com/
2019-12-13,dram_chip,DDR4 8Gb (1Gx8) 2400Mbps,2.97,https://web.archive.org/web/20191215021032id_/https://www.dramexchange.com/
2019-12-13,nand_chip,3D TLC 256Gb,2.863,https://web.archive.org/web/20191215021032id_/https://www.dramexchange.com/
2019-12-13,nand_chip,MLC 32Gb 4GBx8,2.257,https://web.archive.org/web/20191215021032id_/https://www.dramexchange.com/
2019-12-13,nand_chip,MLC 64Gb 8GBx8,2.328,https://web.archive.org/web/20191215021032id_/https://www.dramexchange.com/
2019-12-13,nand_chip,SLC 1Gb 128MBx8,0.955,https://web.archive.org/web/20191215021032id_/https://www.dramexchange.com/
2019-12-13,nand_chip,SLC 2Gb 256MBx8,1.004,https://web.archive.org/web/20191215021032id_/https://www.dramexchange.com/
2020-02-10,nand_wafer,128Gb TLC,1.791,https://web.archive.org/web/20200219050803id_/https://www.dramexchange.com/
2020-02-10,nand_wafer,256Gb TLC,3.008,https://web.archive.org/web/20200219050803id_/https://www.dramexchange.com/
2020-02-10,nand_wafer,512Gb TLC,5.523,https://web.archive.org/web/20200219050803id_/https://www.dramexchange.com/
2020-02-19,dram_chip,DDR3 2Gb 256Mx8 1600/1866Mbps,1.154,https://web.archive.org/web/20200219050803id_/https://www.dramexchange.com/
2020-02-19,dram_chip,DDR3 4Gb 256Mx16 1600/1866Mbps,1.608,https://web.archive.org/web/20200219050803id_/https://www.dramexchange.com/
2020-02-19,dram_chip,DDR3 4Gb 512Mx8 1600/1866Mbps,1.764,https://web.archive.org/web/20200219050803id_/https://www.dramexchange.com/
2020-02-19,dram_chip,DDR3 4Gb 512Mx8 eTT,1.36,https://web.archive.org/web/20200219050803id_/https://www.dramexchange.com/
2020-02-19,dram_chip,DDR4 4Gb (512Mx8) 2400Mbps,2.0,https://web.archive.org/web/20200219050803id_/https://www.dramexchange.com/
2020-02-19,dram_chip,DDR4 8Gb (1Gx8) 2400Mbps,3.36,https://web.archive.org/web/20200219050803id_/https://www.dramexchange.com/
2020-02-19,nand_chip,3D TLC 256Gb,3.4,https://web.archive.org/web/20200219050803id_/https://www.dramexchange.com/
2020-02-19,nand_chip,MLC 32Gb 4GBx8,2.315,https://web.archive.org/web/20200219050803id_/https://www.dramexchange.com/
2020-02-19,nand_chip,MLC 64Gb 8GBx8,2.559,https://web.archive.org/web/20200219050803id_/https://www.dramexchange.com/
2020-02-19,nand_chip,SLC 1Gb 128MBx8,0.996,https://web.archive.org/web/20200219050803id_/https://www.dramexchange.com/
2020-02-19,nand_chip,SLC 2Gb 256MBx8,1.015,https://web.archive.org/web/20200219050803id_/https://www.dramexchange.com/
2020-02-24,nand_wafer,128Gb TLC,1.785,https://web.archive.org/web/20200308003643id_/https://www.dramexchange.com/
2020-02-24,nand_wafer,256Gb TLC,3.029,https://web.archive.org/web/20200308003643id_/https://www.dramexchange.com/
2020-02-24,nand_wafer,512Gb TLC,5.568,https://web.archive.org/web/20200308003643id_/https://www.dramexchange.com/
2020-03-02,nand_wafer,128Gb TLC,1.795,https://web.archive.org/web/20200315095717id_/https://www.dramexchange.com/
2020-03-02,nand_wafer,256Gb TLC,3.079,https://web.archive.org/web/20200315095717id_/https://www.dramexchange.com/
2020-03-02,nand_wafer,512Gb TLC,5.727,https://web.archive.org/web/20200315095717id_/https://www.dramexchange.com/
2020-03-06,dram_chip,DDR3 2Gb 256Mx8 1600/1866Mbps,1.28,https://web.archive.org/web/20200308003643id_/https://www.dramexchange.com/
2020-03-06,dram_chip,DDR3 4Gb 256Mx16 1600/1866Mbps,1.813,https://web.archive.org/web/20200308003643id_/https://www.dramexchange.com/
2020-03-06,dram_chip,DDR3 4Gb 512Mx8 1600/1866Mbps,1.987,https://web.archive.org/web/20200308003643id_/https://www.dramexchange.com/
2020-03-06,dram_chip,DDR3 4Gb 512Mx8 eTT,1.54,https://web.archive.org/web/20200308003643id_/https://www.dramexchange.com/
2020-03-06,dram_chip,DDR4 4Gb (512Mx8) 2400Mbps,2.223,https://web.archive.org/web/20200308003643id_/https://www.dramexchange.com/
2020-03-06,dram_chip,DDR4 8Gb (1Gx8) 2400Mbps,3.563,https://web.archive.org/web/20200308003643id_/https://www.dramexchange.com/
2020-03-06,nand_chip,3D TLC 256Gb,3.421,https://web.archive.org/web/20200308003643id_/https://www.dramexchange.com/
2020-03-06,nand_chip,MLC 32Gb 4GBx8,2.315,https://web.archive.org/web/20200308003643id_/https://www.dramexchange.com/
2020-03-06,nand_chip,MLC 64Gb 8GBx8,2.606,https://web.archive.org/web/20200308003643id_/https://www.dramexchange.com/
2020-03-06,nand_chip,SLC 1Gb 128MBx8,1.039,https://web.archive.org/web/20200308003643id_/https://www.dramexchange.com/
2020-03-06,nand_chip,SLC 2Gb 256MBx8,1.031,https://web.archive.org/web/20200308003643id_/https://www.dramexchange.com/
2020-03-13,dram_chip,DDR3 2Gb 256Mx8 1600/1866Mbps,1.258,https://web.archive.org/web/20200315095717id_/https://www.dramexchange.com/
2020-03-13,dram_chip,DDR3 4Gb 256Mx16 1600/1866Mbps,1.773,https://web.archive.org/web/20200315095717id_/https://www.dramexchange.com/
2020-03-13,dram_chip,DDR3 4Gb 512Mx8 1600/1866Mbps,1.95,https://web.archive.org/web/20200315095717id_/https://www.dramexchange.com/
2020-03-13,dram_chip,DDR3 4Gb 512Mx8 eTT,1.595,https://web.archive.org/web/20200315095717id_/https://www.dramexchange.com/
2020-03-13,dram_chip,DDR4 4Gb (512Mx8) 2400Mbps,2.243,https://web.archive.org/web/20200315095717id_/https://www.dramexchange.com/
2020-03-13,dram_chip,DDR4 8Gb (1Gx8) 2400Mbps,3.597,https://web.archive.org/web/20200315095717id_/https://www.dramexchange.com/
2020-03-13,nand_chip,3D TLC 256Gb,3.391,https://web.archive.org/web/20200315095717id_/https://www.dramexchange.com/
2020-03-13,nand_chip,MLC 32Gb 4GBx8,2.315,https://web.archive.org/web/20200315095717id_/https://www.dramexchange.com/
2020-03-13,nand_chip,MLC 64Gb 8GBx8,2.623,https://web.archive.org/web/20200315095717id_/https://www.dramexchange.com/
2020-03-13,nand_chip,SLC 1Gb 128MBx8,1.042,https://web.archive.org/web/20200315095717id_/https://www.dramexchange.com/
2020-03-13,nand_chip,SLC 2Gb 256MBx8,1.022,https://web.archive.org/web/20200315095717id_/https://www.dramexchange.com/
2020-03-23,nand_wafer,128Gb TLC,1.775,https://web.archive.org/web/20200404031335id_/https://www.dramexchange.com/
2020-03-23,nand_wafer,256Gb TLC,3.161,https://web.archive.org/web/20200404031335id_/https://www.dramexchange.com/
2020-03-23,nand_wafer,512Gb TLC,5.678,https://web.archive.org/web/20200404031335id_/https://www.dramexchange.com/
2020-04-03,dram_chip,DDR3 2Gb 256Mx8 1600/1866Mbps,1.234,https://web.archive.org/web/20200404031335id_/https://www.dramexchange.com/
2020-04-03,dram_chip,DDR3 4Gb 256Mx16 1600/1866Mbps,1.675,https://web.archive.org/web/20200404031335id_/https://www.dramexchange.com/
2020-04-03,dram_chip,DDR3 4Gb 512Mx8 1600/1866Mbps,1.77,https://web.archive.org/web/20200404031335id_/https://www.dramexchange.com/
2020-04-03,dram_chip,DDR3 4Gb 512Mx8 eTT,1.59,https://web.archive.org/web/20200404031335id_/https://www.dramexchange.com/
2020-04-03,dram_chip,DDR4 4Gb (512Mx8) 2400Mbps,2.117,https://web.archive.org/web/20200404031335id_/https://www.dramexchange.com/
2020-04-03,dram_chip,DDR4 8Gb (1Gx8) 2400Mbps,3.637,https://web.archive.org/web/20200404031335id_/https://www.dramexchange.com/
2020-04-03,nand_chip,3D TLC 256Gb,3.418,https://web.archive.org/web/20200404031335id_/https://www.dramexchange.com/
2020-04-03,nand_chip,MLC 32Gb 4GBx8,2.324,https://web.archive.org/web/20200404031335id_/https://www.dramexchange.com/
2020-04-03,nand_chip,MLC 64Gb 8GBx8,2.582,https://web.archive.org/web/20200404031335id_/https://www.dramexchange.com/
2020-04-03,nand_chip,SLC 1Gb 128MBx8,1.025,https://web.archive.org/web/20200404031335id_/https://www.dramexchange.com/
2020-04-03,nand_chip,SLC 2Gb 256MBx8,1.016,https://web.archive.org/web/20200404031335id_/https://www.dramexchange.com/
2020-04-06,nand_wafer,128Gb TLC,1.741,https://web.archive.org/web/20200415045640id_/https://www.dramexchange.com/
2020-04-06,nand_wafer,256Gb TLC,3.143,https://web.archive.org/web/20200415045640id_/https://www.dramexchange.com/
2020-04-06,nand_wafer,512Gb TLC,5.626,https://web.archive.org/web/20200415045640id_/https://www.dramexchange.com/
2020-04-15,dram_chip,DDR3 2Gb 256Mx8 1600/1866Mbps,1.166,https://web.archive.org/web/20200415045640id_/https://www.dramexchange.com/
2020-04-15,dram_chip,DDR3 4Gb 256Mx16 1600/1866Mbps,1.64,https://web.archive.org/web/20200415045640id_/https://www.dramexchange.com/
2020-04-15,dram_chip,DDR3 4Gb 512Mx8 1600/1866Mbps,1.71,https://web.archive.org/web/20200415045640id_/https://www.dramexchange.com/
2020-04-15,dram_chip,DDR3 4Gb 512Mx8 eTT,1.51,https://web.archive.org/web/20200415045640id_/https://www.dramexchange.com/
2020-04-15,dram_chip,DDR4 4Gb (512Mx8) 2400Mbps,2.037,https://web.archive.org/web/20200415045640id_/https://www.dramexchange.com/
2020-04-15,dram_chip,DDR4 8Gb (1Gx8) 2400Mbps,3.527,https://web.archive.org/web/20200415045640id_/https://www.dramexchange.com/
2020-04-15,nand_chip,3D TLC 256Gb,3.424,https://web.archive.org/web/20200415045640id_/https://www.dramexchange.com/
2020-04-15,nand_chip,MLC 32Gb 4GBx8,2.333,https://web.archive.org/web/20200415045640id_/https://www.dramexchange.com/
2020-04-15,nand_chip,MLC 64Gb 8GBx8,2.574,https://web.archive.org/web/20200415045640id_/https://www.dramexchange.com/
2020-04-15,nand_chip,SLC 1Gb 128MBx8,1.016,https://web.archive.org/web/20200415045640id_/https://www.dramexchange.com/
2020-04-15,nand_chip,SLC 2Gb 256MBx8,1.011,https://web.archive.org/web/20200415045640id_/https://www.dramexchange.com/
2020-04-27,nand_wafer,128Gb TLC,1.719,https://web.archive.org/web/20200505204702id_/https://www.dramexchange.com/
2020-04-27,nand_wafer,256Gb TLC,2.925,https://web.archive.org/web/20200505204702id_/https://www.dramexchange.com/
2020-04-27,nand_wafer,512Gb TLC,5.402,https://web.archive.org/web/20200505204702id_/https://www.dramexchange.com/
2020-05-04,nand_wafer,128Gb TLC,1.716,https://web.archive.org/web/20200514081440id_/https://www.dramexchange.com/
2020-05-04,nand_wafer,256Gb TLC,2.868,https://web.archive.org/web/20200514081440id_/https://www.dramexchange.com/
2020-05-04,nand_wafer,512Gb TLC,5.385,https://web.archive.org/web/20200514081440id_/https://www.dramexchange.com/
2020-05-05,dram_chip,DDR3 2Gb 256Mx8 1600/1866Mbps,1.114,https://web.archive.org/web/20200505204702id_/https://www.dramexchange.com/
2020-05-05,dram_chip,DDR3 4Gb 256Mx16 1600/1866Mbps,1.579,https://web.archive.org/web/20200505204702id_/https://www.dramexchange.com/
2020-05-05,dram_chip,DDR3 4Gb 512Mx8 1600/1866Mbps,1.648,https://web.archive.org/web/20200505204702id_/https://www.dramexchange.com/
2020-05-05,dram_chip,DDR3 4Gb 512Mx8 eTT,1.43,https://web.archive.org/web/20200505204702id_/https://www.dramexchange.com/
2020-05-05,dram_chip,DDR4 4Gb (512Mx8) 2400Mbps,1.97,https://web.archive.org/web/20200505204702id_/https://www.dramexchange.com/
2020-05-05,dram_chip,DDR4 8Gb (1Gx8) 2400Mbps,3.287,https://web.archive.org/web/20200505204702id_/https://www.dramexchange.com/
2020-05-05,nand_chip,3D TLC 256Gb,3.31,https://web.archive.org/web/20200505204702id_/https://www.dramexchange.com/
2020-05-05,nand_chip,MLC 32Gb 4GBx8,2.356,https://web.archive.org/web/20200505204702id_/https://www.dramexchange.com/
2020-05-05,nand_chip,MLC 64Gb 8GBx8,2.747,https://web.archive.org/web/20200505204702id_/https://www.dramexchange.com/
2020-05-05,nand_chip,SLC 1Gb 128MBx8,0.99,https://web.archive.org/web/20200505204702id_/https://www.dramexchange.com/
2020-05-05,nand_chip,SLC 2Gb 256MBx8,0.997,https://web.archive.org/web/20200505204702id_/https://www.dramexchange.com/
2020-05-14,dram_chip,DDR3 2Gb 256Mx8 1600/1866Mbps,1.094,https://web.archive.org/web/20200514081440id_/https://www.dramexchange.com/
2020-05-14,dram_chip,DDR3 4Gb 256Mx16 1600/1866Mbps,1.533,https://web.archive.org/web/20200514081440id_/https://www.dramexchange.com/
2020-05-14,dram_chip,DDR3 4Gb 512Mx8 1600/1866Mbps,1.617,https://web.archive.org/web/20200514081440id_/https://www.dramexchange.com/
2020-05-14,dram_chip,DDR3 4Gb 512Mx8 eTT,1.375,https://web.archive.org/web/20200514081440id_/https://www.dramexchange.com/
2020-05-14,dram_chip,DDR4 4Gb (512Mx8) 2400Mbps,1.93,https://web.archive.org/web/20200514081440id_/https://www.dramexchange.com/
2020-05-14,dram_chip,DDR4 8Gb (1Gx8) 2400Mbps,3.195,https://web.archive.org/web/20200514081440id_/https://www.dramexchange.com/
2020-05-14,nand_chip,3D TLC 256Gb,3.323,https://web.archive.org/web/20200514081440id_/https://www.dramexchange.com/
2020-05-14,nand_chip,MLC 32Gb 4GBx8,2.289,https://web.archive.org/web/20200514081440id_/https://www.dramexchange.com/
2020-05-14,nand_chip,MLC 64Gb 8GBx8,2.579,https://web.archive.org/web/20200514081440id_/https://www.dramexchange.com/
2020-05-14,nand_chip,SLC 1Gb 128MBx8,0.996,https://web.archive.org/web/20200514081440id_/https://www.dramexchange.com/
2020-05-14,nand_chip,SLC 2Gb 256MBx8,0.997,https://web.archive.org/web/20200514081440id_/https://www.dramexchange.com/
2020-05-25,nand_wafer,128Gb TLC,1.7,https://web.archive.org/web/20200603223600id_/https://www.dramexchange.com/
2020-05-25,nand_wafer,256Gb TLC,2.784,https://web.archive.org/web/20200603223600id_/https://www.dramexchange.com/
2020-05-25,nand_wafer,512Gb TLC,5.326,https://web.archive.org/web/20200603223600id_/https://www.dramexchange.com/
2020-06-03,dram_chip,DDR3 2Gb 256Mx8 1600/1866Mbps,1.054,https://web.archive.org/web/20200603223600id_/https://www.dramexchange.com/
2020-06-03,dram_chip,DDR3 4Gb 256Mx16 1600/1866Mbps,1.505,https://web.archive.org/web/20200603223600id_/https://www.dramexchange.com/
2020-06-03,dram_chip,DDR3 4Gb 512Mx8 1600/1866Mbps,1.57,https://web.archive.org/web/20200603223600id_/https://www.dramexchange.com/
2020-06-03,dram_chip,DDR3 4Gb 512Mx8 eTT,1.2,https://web.archive.org/web/20200603223600id_/https://www.dramexchange.com/
2020-06-03,dram_chip,DDR4 4Gb (512Mx8) 2400Mbps,1.892,https://web.archive.org/web/20200603223600id_/https://www.dramexchange.com/
2020-06-03,dram_chip,DDR4 8Gb (1Gx8) 2400Mbps,3.053,https://web.archive.org/web/20200603223600id_/https://www.dramexchange.com/
2020-06-03,nand_chip,3D TLC 256Gb,3.28,https://web.archive.org/web/20200603223600id_/https://www.dramexchange.com/
2020-06-03,nand_chip,MLC 32Gb 4GBx8,2.209,https://web.archive.org/web/20200603223600id_/https://www.dramexchange.com/
2020-06-03,nand_chip,MLC 64Gb 8GBx8,2.345,https://web.archive.org/web/20200603223600id_/https://www.dramexchange.com/
2020-06-03,nand_chip,SLC 1Gb 128MBx8,0.98,https://web.archive.org/web/20200603223600id_/https://www.dramexchange.com/
2020-06-03,nand_chip,SLC 2Gb 256MBx8,0.984,https://web.archive.org/web/20200603223600id_/https://www.dramexchange.com/
2020-06-08,nand_wafer,128Gb TLC,1.692,https://web.archive.org/web/20200617213619id_/https://www.dramexchange.com/
2020-06-08,nand_wafer,256Gb TLC,2.625,https://web.archive.org/web/20200617213619id_/https://www.dramexchange.com/
2020-06-08,nand_wafer,512Gb TLC,5.256,https://web.archive.org/web/20200617213619id_/https://www.dramexchange.com/
2020-06-17,dram_chip,DDR3 2Gb 256Mx8 1600/1866Mbps,1.04,https://web.archive.org/web/20200617213619id_/https://www.dramexchange.com/
2020-06-17,dram_chip,DDR3 4Gb 256Mx16 1600/1866Mbps,1.473,https://web.archive.org/web/20200617213619id_/https://www.dramexchange.com/
2020-06-17,dram_chip,DDR3 4Gb 512Mx8 1600/1866Mbps,1.551,https://web.archive.org/web/20200617213619id_/https://www.dramexchange.com/
2020-06-17,dram_chip,DDR3 4Gb 512Mx8 eTT,1.145,https://web.archive.org/web/20200617213619id_/https://www.dramexchange.com/
2020-06-17,dram_chip,DDR4 4Gb (512Mx8) 2400Mbps,1.83,https://web.archive.org/web/20200617213619id_/https://www.dramexchange.com/
2020-06-17,dram_chip,DDR4 8Gb (1Gx8) 2400Mbps,2.876,https://web.archive.org/web/20200617213619id_/https://www.dramexchange.com/
2020-06-17,nand_chip,3D TLC 256Gb,3.233,https://web.archive.org/web/20200617213619id_/https://www.dramexchange.com/
2020-06-17,nand_chip,MLC 32Gb 4GBx8,2.162,https://web.archive.org/web/20200617213619id_/https://www.dramexchange.com/
2020-06-17,nand_chip,MLC 64Gb 8GBx8,2.312,https://web.archive.org/web/20200617213619id_/https://www.dramexchange.com/
2020-06-17,nand_chip,SLC 1Gb 128MBx8,0.968,https://web.archive.org/web/20200617213619id_/https://www.dramexchange.com/
2020-06-17,nand_chip,SLC 2Gb 256MBx8,0.976,https://web.archive.org/web/20200617213619id_/https://www.dramexchange.com/
2020-06-22,nand_wafer,128Gb TLC,1.688,https://web.archive.org/web/20200702060530id_/https://www.dramexchange.com/
2020-06-22,nand_wafer,256Gb TLC,2.621,https://web.archive.org/web/20200702060530id_/https://www.dramexchange.com/
2020-06-22,nand_wafer,512Gb TLC,5.244,https://web.archive.org/web/20200702060530id_/https://www.dramexchange.com/
2020-07-02,dram_chip,DDR3 2Gb 256Mx8 1600/1866Mbps,1.028,https://web.archive.org/web/20200702060530id_/https://www.dramexchange.com/
2020-07-02,dram_chip,DDR3 4Gb 256Mx16 1600/1866Mbps,1.449,https://web.archive.org/web/20200702060530id_/https://www.dramexchange.com/
2020-07-02,dram_chip,DDR3 4Gb 512Mx8 1600/1866Mbps,1.503,https://web.archive.org/web/20200702060530id_/https://www.dramexchange.com/
2020-07-02,dram_chip,DDR3 4Gb 512Mx8 eTT,1.15,https://web.archive.org/web/20200702060530id_/https://www.dramexchange.com/
2020-07-02,dram_chip,DDR4 4Gb (512Mx8) 2400Mbps,1.811,https://web.archive.org/web/20200702060530id_/https://www.dramexchange.com/
2020-07-02,dram_chip,DDR4 8Gb (1Gx8) 2400Mbps,2.769,https://web.archive.org/web/20200702060530id_/https://www.dramexchange.com/
2020-07-02,nand_chip,3D TLC 256Gb,3.193,https://web.archive.org/web/20200702060530id_/https://www.dramexchange.com/
2020-07-02,nand_chip,MLC 32Gb 4GBx8,2.16,https://web.archive.org/web/20200702060530id_/https://www.dramexchange.com/
2020-07-02,nand_chip,MLC 64Gb 8GBx8,2.568,https://web.archive.org/web/20200702060530id_/https://www.dramexchange.com/
2020-07-02,nand_chip,SLC 1Gb 128MBx8,0.977,https://web.archive.org/web/20200702060530id_/https://www.dramexchange.com/
2020-07-02,nand_chip,SLC 2Gb 256MBx8,0.978,https://web.archive.org/web/20200702060530id_/https://www.dramexchange.com/
2020-07-06,nand_wafer,128Gb TLC,1.686,https://web.archive.org/web/20200715095816id_/https://www.dramexchange.com/
2020-07-06,nand_wafer,256Gb TLC,2.592,https://web.archive.org/web/20200715095816id_/https://www.dramexchange.com/
2020-07-06,nand_wafer,512Gb TLC,5.216,https://web.archive.org/web/20200715095816id_/https://www.dramexchange.com/
2020-07-15,dram_chip,DDR3 2Gb 256Mx8 1600/1866Mbps,1.027,https://web.archive.org/web/20200715095816id_/https://www.dramexchange.com/
2020-07-15,dram_chip,DDR3 4Gb 256Mx16 1600/1866Mbps,1.423,https://web.archive.org/web/20200715095816id_/https://www.dramexchange.com/
2020-07-15,dram_chip,DDR3 4Gb 512Mx8 1600/1866Mbps,1.486,https://web.archive.org/web/20200715095816id_/https://www.dramexchange.com/
2020-07-15,dram_chip,DDR3 4Gb 512Mx8 eTT,1.13,https://web.archive.org/web/20200715095816id_/https://www.dramexchange.com/
2020-07-15,dram_chip,DDR4 4Gb (512Mx8) 2400Mbps,1.791,https://web.archive.org/web/20200715095816id_/https://www.dramexchange.com/
2020-07-15,dram_chip,DDR4 8Gb (1Gx8) 2400Mbps,2.668,https://web.archive.org/web/20200715095816id_/https://www.dramexchange.com/
2020-07-15,nand_chip,3D TLC 256Gb,3.13,https://web.archive.org/web/20200715095816id_/https://www.dramexchange.com/
2020-07-15,nand_chip,MLC 32Gb 4GBx8,2.103,https://web.archive.org/web/20200715095816id_/https://www.dramexchange.com/
2020-07-15,nand_chip,MLC 64Gb 8GBx8,2.631,https://web.archive.org/web/20200715095816id_/https://www.dramexchange.com/
2020-07-15,nand_chip,SLC 1Gb 128MBx8,0.977,https://web.archive.org/web/20200715095816id_/https://www.dramexchange.com/
2020-07-15,nand_chip,SLC 2Gb 256MBx8,0.972,https://web.archive.org/web/20200715095816id_/https://www.dramexchange.com/
2020-07-20,nand_wafer,128Gb TLC,1.684,https://web.archive.org/web/20200801215743id_/https://www.dramexchange.com/
2020-07-20,nand_wafer,256Gb TLC,2.56,https://web.archive.org/web/20200801215743id_/https://www.dramexchange.com/
2020-07-20,nand_wafer,512Gb TLC,5.172,https://web.archive.org/web/20200801215743id_/https://www.dramexchange.com/
2020-07-31,dram_chip,DDR3 2Gb 256Mx8 1600/1866Mbps,1.01,https://web.archive.org/web/20200801215743id_/https://www.dramexchange.com/
2020-07-31,dram_chip,DDR3 4Gb 256Mx16 1600/1866Mbps,1.408,https://web.archive.org/web/20200801215743id_/https://www.dramexchange.com/
2020-07-31,dram_chip,DDR3 4Gb 512Mx8 1600/1866Mbps,1.45,https://web.archive.org/web/20200801215743id_/https://www.dramexchange.com/
2020-07-31,dram_chip,DDR3 4Gb 512Mx8 eTT,1.13,https://web.archive.org/web/20200801215743id_/https://www.dramexchange.com/
2020-07-31,dram_chip,DDR4 4Gb (512Mx8) 2400Mbps,1.771,https://web.archive.org/web/20200801215743id_/https://www.dramexchange.com/
2020-07-31,dram_chip,DDR4 8Gb (1Gx8) 2400Mbps,2.619,https://web.archive.org/web/20200801215743id_/https://www.dramexchange.com/
2020-07-31,nand_chip,3D TLC 256Gb,3.04,https://web.archive.org/web/20200801215743id_/https://www.dramexchange.com/
2020-07-31,nand_chip,MLC 32Gb 4GBx8,2.059,https://web.archive.org/web/20200801215743id_/https://www.dramexchange.com/
2020-07-31,nand_chip,MLC 64Gb 8GBx8,2.601,https://web.archive.org/web/20200801215743id_/https://www.dramexchange.com/
2020-07-31,nand_chip,SLC 1Gb 128MBx8,0.962,https://web.archive.org/web/20200801215743id_/https://www.dramexchange.com/
2020-07-31,nand_chip,SLC 2Gb 256MBx8,0.967,https://web.archive.org/web/20200801215743id_/https://www.dramexchange.com/
2020-08-03,nand_wafer,128Gb TLC,1.68,https://web.archive.org/web/20200814154818id_/https://www.dramexchange.com/
2020-08-03,nand_wafer,256Gb TLC,2.434,https://web.archive.org/web/20200814154818id_/https://www.dramexchange.com/
2020-08-03,nand_wafer,512Gb TLC,4.9,https://web.archive.org/web/20200814154818id_/https://www.dramexchange.com/
2020-08-14,dram_chip,DDR3 2Gb 256Mx8 1600/1866Mbps,0.995,https://web.archive.org/web/20200814154818id_/https://www.dramexchange.com/
2020-08-14,dram_chip,DDR3 4Gb 256Mx16 1600/1866Mbps,1.375,https://web.archive.org/web/20200814154818id_/https://www.dramexchange.com/
2020-08-14,dram_chip,DDR3 4Gb 512Mx8 1600/1866Mbps,1.408,https://web.archive.org/web/20200814154818id_/https://www.dramexchange.com/
2020-08-14,dram_chip,DDR3 4Gb 512Mx8 eTT,1.09,https://web.archive.org/web/20200814154818id_/https://www.dramexchange.com/
2020-08-14,dram_chip,DDR4 4Gb (512Mx8) 2400Mbps,1.752,https://web.archive.org/web/20200814154818id_/https://www.dramexchange.com/
2020-08-14,dram_chip,DDR4 8Gb (1Gx8) 2400Mbps,2.573,https://web.archive.org/web/20200814154818id_/https://www.dramexchange.com/
2020-08-14,nand_chip,3D TLC 256Gb,2.983,https://web.archive.org/web/20200814154818id_/https://www.dramexchange.com/
2020-08-14,nand_chip,MLC 32Gb 4GBx8,2.129,https://web.archive.org/web/20200814154818id_/https://www.dramexchange.com/
2020-08-14,nand_chip,MLC 64Gb 8GBx8,2.534,https://web.archive.org/web/20200814154818id_/https://www.dramexchange.com/
2020-08-14,nand_chip,SLC 1Gb 128MBx8,0.962,https://web.archive.org/web/20200814154818id_/https://www.dramexchange.com/
2020-08-14,nand_chip,SLC 2Gb 256MBx8,0.972,https://web.archive.org/web/20200814154818id_/https://www.dramexchange.com/
2020-08-24,nand_wafer,128Gb TLC,1.671,https://web.archive.org/web/20200903214109id_/https://www.dramexchange.com/
2020-08-24,nand_wafer,256Gb TLC,2.269,https://web.archive.org/web/20200903214109id_/https://www.dramexchange.com/
2020-08-24,nand_wafer,512Gb TLC,4.592,https://web.archive.org/web/20200903214109id_/https://www.dramexchange.com/
2020-09-03,dram_chip,DDR3 2Gb 256Mx8 1600/1866Mbps,1.024,https://web.archive.org/web/20200903214109id_/https://www.dramexchange.com/
2020-09-03,dram_chip,DDR3 4Gb 256Mx16 1600/1866Mbps,1.465,https://web.archive.org/web/20200903214109id_/https://www.dramexchange.com/
2020-09-03,dram_chip,DDR3 4Gb 512Mx8 1600/1866Mbps,1.454,https://web.archive.org/web/20200903214109id_/https://www.dramexchange.com/
2020-09-03,dram_chip,DDR3 4Gb 512Mx8 eTT,1.195,https://web.archive.org/web/20200903214109id_/https://www.dramexchange.com/
2020-09-03,dram_chip,DDR4 4Gb (512Mx8) 2400Mbps,1.743,https://web.archive.org/web/20200903214109id_/https://www.dramexchange.com/
2020-09-03,dram_chip,DDR4 8Gb (1Gx8) 2400Mbps,2.758,https://web.archive.org/web/20200903214109id_/https://www.dramexchange.com/
2020-09-03,nand_chip,3D TLC 256Gb,2.933,https://web.archive.org/web/20200903214109id_/https://www.dramexchange.com/
2020-09-03,nand_chip,MLC 32Gb 4GBx8,2.126,https://web.archive.org/web/20200903214109id_/https://www.dramexchange.com/
2020-09-03,nand_chip,MLC 64Gb 8GBx8,2.496,https://web.archive.org/web/20200903214109id_/https://www.dramexchange.com/
2020-09-03,nand_chip,SLC 1Gb 128MBx8,0.918,https://web.archive.org/web/20200903214109id_/https://www.dramexchange.com/
2020-09-03,nand_chip,SLC 2Gb 256MBx8,0.969,https://web.archive.org/web/20200903214109id_/https://www.dramexchange.com/
2020-09-07,nand_wafer,128Gb TLC,1.674,https://web.archive.org/web/20200914104904id_/https://www.dramexchange.com/
2020-09-07,nand_wafer,256Gb TLC,2.276,https://web.archive.org/web/20200914104904id_/https://www.dramexchange.com/
2020-09-07,nand_wafer,512Gb TLC,4.599,https://web.archive.org/web/20200914104904id_/https://www.dramexchange.com/
2020-09-14,dram_chip,DDR3 2Gb 256Mx8 1600/1866Mbps,1.044,https://web.archive.org/web/20200914104904id_/https://www.dramexchange.com/
2020-09-14,dram_chip,DDR3 4Gb 256Mx16 1600/1866Mbps,1.462,https://web.archive.org/web/20200914104904id_/https://www.dramexchange.com/
2020-09-14,dram_chip,DDR3 4Gb 512Mx8 1600/1866Mbps,1.469,https://web.archive.org/web/20200914104904id_/https://www.dramexchange.com/
2020-09-14,dram_chip,DDR3 4Gb 512Mx8 eTT,1.215,https://web.archive.org/web/20200914104904id_/https://www.dramexchange.com/
2020-09-14,dram_chip,DDR4 4Gb (512Mx8) 2400Mbps,1.747,https://web.archive.org/web/20200914104904id_/https://www.dramexchange.com/
2020-09-14,dram_chip,DDR4 8Gb (1Gx8) 2400Mbps,2.945,https://web.archive.org/web/20200914104904id_/https://www.dramexchange.com/
2020-09-14,nand_chip,3D TLC 256Gb,2.91,https://web.archive.org/web/20200914104904id_/https://www.dramexchange.com/
2020-09-14,nand_chip,MLC 32Gb 4GBx8,2.114,https://web.archive.org/web/20200914104904id_/https://www.dramexchange.com/
2020-09-14,nand_chip,MLC 64Gb 8GBx8,2.472,https://web.archive.org/web/20200914104904id_/https://www.dramexchange.com/
2020-09-14,nand_chip,SLC 1Gb 128MBx8,0.912,https://web.archive.org/web/20200914104904id_/https://www.dramexchange.com/
2020-09-14,nand_chip,SLC 2Gb 256MBx8,0.966,https://web.archive.org/web/20200914104904id_/https://www.dramexchange.com/
2020-09-28,nand_wafer,128Gb TLC,1.686,https://web.archive.org/web/20201008033219id_/https://www.dramexchange.com/
2020-09-28,nand_wafer,256Gb TLC,2.329,https://web.archive.org/web/20201008033219id_/https://www.dramexchange.com/
2020-09-28,nand_wafer,512Gb TLC,4.651,https://web.archive.org/web/20201008033219id_/https://www.dramexchange.com/
2020-10-05,nand_wafer,128Gb TLC,1.686,https://web.archive.org/web/20201015134921id_/https://www.dramexchange.com/
2020-10-05,nand_wafer,256Gb TLC,2.329,https://web.archive.org/web/20201015134921id_/https://www.dramexchange.com/
2020-10-05,nand_wafer,512Gb TLC,4.651,https://web.archive.org/web/20201015134921id_/https://www.dramexchange.com/
2020-10-08,dram_chip,DDR3 2Gb 256Mx8 1600/1866Mbps,1.03,https://web.archive.org/web/20201008033219id_/https://www.dramexchange.com/
2020-10-08,dram_chip,DDR3 4Gb 256Mx16 1600/1866Mbps,1.482,https://web.archive.org/web/20201008033219id_/https://www.dramexchange.com/
2020-10-08,dram_chip,DDR3 4Gb 512Mx8 1600/1866Mbps,1.468,https://web.archive.org/web/20201008033219id_/https://www.dramexchange.com/
2020-10-08,dram_chip,DDR3 4Gb 512Mx8 eTT,1.17,https://web.archive.org/web/20201008033219id_/https://www.dramexchange.com/
2020-10-08,dram_chip,DDR4 4Gb (512Mx8) 2400Mbps,1.719,https://web.archive.org/web/20201008033219id_/https://www.dramexchange.com/
2020-10-08,dram_chip,DDR4 8Gb (1Gx8) 2400Mbps,2.953,https://web.archive.org/web/20201008033219id_/https://www.dramexchange.com/
2020-10-08,nand_chip,3D TLC 256Gb,2.933,https://web.archive.org/web/20201008033219id_/https://www.dramexchange.com/
2020-10-08,nand_chip,MLC 32Gb 4GBx8,1.977,https://web.archive.org/web/20201008033219id_/https://www.dramexchange.com/
2020-10-08,nand_chip,MLC 64Gb 8GBx8,2.468,https://web.archive.org/web/20201008033219id_/https://www.dramexchange.com/
2020-10-08,nand_chip,SLC 1Gb 128MBx8,0.916,https://web.archive.org/web/20201008033219id_/https://www.dramexchange.com/
2020-10-08,nand_chip,SLC 2Gb 256MBx8,0.975,https://web.archive.org/web/20201008033219id_/https://www.dramexchange.com/
2020-10-15,dram_chip,DDR3 2Gb 256Mx8 1600/1866Mbps,1.036,https://web.archive.org/web/20201015134921id_/https://www.dramexchange.com/
2020-10-15,dram_chip,DDR3 4Gb 256Mx16 1600/1866Mbps,1.507,https://web.archive.org/web/20201015134921id_/https://www.dramexchange.com/
2020-10-15,dram_chip,DDR3 4Gb 512Mx8 1600/1866Mbps,1.508,https://web.archive.org/web/20201015134921id_/https://www.dramexchange.com/
2020-10-15,dram_chip,DDR3 4Gb 512Mx8 eTT,1.168,https://web.archive.org/web/20201015134921id_/https://www.dramexchange.com/
2020-10-15,dram_chip,DDR4 4Gb (512Mx8) 2400Mbps,1.725,https://web.archive.org/web/20201015134921id_/https://www.dramexchange.com/
2020-10-15,dram_chip,DDR4 8Gb (1Gx8) 2400Mbps,2.938,https://web.archive.org/web/20201015134921id_/https://www.dramexchange.com/
2020-10-15,nand_chip,3D TLC 256Gb,2.938,https://web.archive.org/web/20201015134921id_/https://www.dramexchange.com/
2020-10-15,nand_chip,MLC 32Gb 4GBx8,1.991,https://web.archive.org/web/20201015134921id_/https://www.dramexchange.com/
2020-10-15,nand_chip,MLC 64Gb 8GBx8,2.468,https://web.archive.org/web/20201015134921id_/https://www.dramexchange.com/
2020-10-15,nand_chip,SLC 1Gb 128MBx8,0.919,https://web.archive.org/web/20201015134921id_/https://www.dramexchange.com/
2020-10-15,nand_chip,SLC 2Gb 256MBx8,0.982,https://web.archive.org/web/20201015134921id_/https://www.dramexchange.com/
2020-10-19,nand_wafer,128Gb TLC,1.699,https://web.archive.org/web/20201101013009id_/https://www.dramexchange.com/
2020-10-19,nand_wafer,256Gb TLC,2.384,https://web.archive.org/web/20201101013009id_/https://www.dramexchange.com/
2020-10-19,nand_wafer,512Gb TLC,4.696,https://web.archive.org/web/20201101013009id_/https://www.dramexchange.com/
2020-10-30,dram_chip,DDR3 2Gb 256Mx8 1600/1866Mbps,1.048,https://web.archive.org/web/20201101013009id_/https://www.dramexchange.com/
2020-10-30,dram_chip,DDR3 4Gb 256Mx16 1600/1866Mbps,1.501,https://web.archive.org/web/20201101013009id_/https://www.dramexchange.com/
2020-10-30,dram_chip,DDR3 4Gb 512Mx8 1600/1866Mbps,1.488,https://web.archive.org/web/20201101013009id_/https://www.dramexchange.com/
2020-10-30,dram_chip,DDR3 4Gb 512Mx8 eTT,1.153,https://web.archive.org/web/20201101013009id_/https://www.dramexchange.com/
2020-10-30,dram_chip,DDR4 4Gb (512Mx8) 2400Mbps,1.669,https://web.archive.org/web/20201101013009id_/https://www.dramexchange.com/
2020-10-30,dram_chip,DDR4 8Gb (1Gx8) 2400Mbps,2.852,https://web.archive.org/web/20201101013009id_/https://www.dramexchange.com/
2020-10-30,nand_chip,3D TLC 256Gb,2.95,https://web.archive.org/web/20201101013009id_/https://www.dramexchange.com/
2020-10-30,nand_chip,MLC 32Gb 4GBx8,2.006,https://web.archive.org/web/20201101013009id_/https://www.dramexchange.com/
2020-10-30,nand_chip,MLC 64Gb 8GBx8,2.476,https://web.archive.org/web/20201101013009id_/https://www.dramexchange.com/
2020-10-30,nand_chip,SLC 1Gb 128MBx8,0.899,https://web.archive.org/web/20201101013009id_/https://www.dramexchange.com/
2020-10-30,nand_chip,SLC 2Gb 256MBx8,0.97,https://web.archive.org/web/20201101013009id_/https://www.dramexchange.com/
2020-11-02,nand_wafer,128Gb TLC,1.684,https://web.archive.org/web/20201112024646id_/https://www.dramexchange.com/
2020-11-02,nand_wafer,256Gb TLC,2.355,https://web.archive.org/web/20201112024646id_/https://www.dramexchange.com/
2020-11-02,nand_wafer,512Gb TLC,4.649,https://web.archive.org/web/20201112024646id_/https://www.dramexchange.com/
2020-11-11,dram_chip,DDR3 2Gb 256Mx8 1600/1866Mbps,1.036,https://web.archive.org/web/20201112024646id_/https://www.dramexchange.com/
2020-11-11,dram_chip,DDR3 4Gb 256Mx16 1600/1866Mbps,1.505,https://web.archive.org/web/20201112024646id_/https://www.dramexchange.com/
2020-11-11,dram_chip,DDR3 4Gb 512Mx8 1600/1866Mbps,1.483,https://web.archive.org/web/20201112024646id_/https://www.dramexchange.com/
2020-11-11,dram_chip,DDR3 4Gb 512Mx8 eTT,1.145,https://web.archive.org/web/20201112024646id_/https://www.dramexchange.com/
2020-11-11,dram_chip,DDR4 4Gb (512Mx8) 2400Mbps,1.686,https://web.archive.org/web/20201112024646id_/https://www.dramexchange.com/
2020-11-11,dram_chip,DDR4 8Gb (1Gx8) 2400Mbps,2.842,https://web.archive.org/web/20201112024646id_/https://www.dramexchange.com/
2020-11-11,nand_chip,3D TLC 256Gb,2.934,https://web.archive.org/web/20201112024646id_/https://www.dramexchange.com/
2020-11-11,nand_chip,MLC 32Gb 4GBx8,1.985,https://web.archive.org/web/20201112024646id_/https://www.dramexchange.com/
2020-11-11,nand_chip,MLC 64Gb 8GBx8,2.461,https://web.archive.org/web/20201112024646id_/https://www.dramexchange.com/
2020-11-11,nand_chip,SLC 1Gb 128MBx8,0.901,https://web.archive.org/web/20201112024646id_/https://www.dramexchange.com/
2020-11-11,nand_chip,SLC 2Gb 256MBx8,0.961,https://web.archive.org/web/20201112024646id_/https://www.dramexchange.com/
2020-11-23,nand_wafer,128Gb TLC,1.68,https://web.archive.org/web/20201201142714id_/https://www.dramexchange.com/
2020-11-23,nand_wafer,256Gb TLC,2.224,https://web.archive.org/web/20201201142714id_/https://www.dramexchange.com/
2020-11-23,nand_wafer,512Gb TLC,4.409,https://web.archive.org/web/20201201142714id_/https://www.dramexchange.com/
2020-12-01,dram_chip,DDR3 2Gb 256Mx8 1600/1866Mbps,1.016,https://web.archive.org/web/20201201142714id_/https://www.dramexchange.com/
2020-12-01,dram_chip,DDR3 4Gb 256Mx16 1600/1866Mbps,1.52,https://web.archive.org/web/20201201142714id_/https://www.dramexchange.com/
2020-12-01,dram_chip,DDR3 4Gb 512Mx8 1600/1866Mbps,1.506,https://web.archive.org/web/20201201142714id_/https://www.dramexchange.com/
2020-12-01,dram_chip,DDR3 4Gb 512Mx8 eTT,1.08,https://web.archive.org/web/20201201142714id_/https://www.dramexchange.com/
2020-12-01,dram_chip,DDR4 4Gb (512Mx8) 2400Mbps,1.678,https://web.archive.org/web/20201201142714id_/https://www.dramexchange.com/
2020-12-01,dram_chip,DDR4 8Gb (1Gx8) 2400Mbps,2.77,https://web.archive.org/web/20201201142714id_/https://www.dramexchange.com/
2020-12-01,nand_chip,3D TLC 256Gb,2.89,https://web.archive.org/web/20201201142714id_/https://www.dramexchange.com/
2020-12-01,nand_chip,MLC 32Gb 4GBx8,1.945,https://web.archive.org/web/20201201142714id_/https://www.dramexchange.com/
2020-12-01,nand_chip,MLC 64Gb 8GBx8,2.406,https://web.archive.org/web/20201201142714id_/https://www.dramexchange.com/
2020-12-01,nand_chip,SLC 1Gb 128MBx8,0.897,https://web.archive.org/web/20201201142714id_/https://www.dramexchange.com/
2020-12-01,nand_chip,SLC 2Gb 256MBx8,0.95,https://web.archive.org/web/20201201142714id_/https://www.dramexchange.com/
2020-12-07,nand_wafer,128Gb TLC,1.679,https://web.archive.org/web/20201217032520id_/https://www.dramexchange.com/
2020-12-07,nand_wafer,256Gb TLC,2.199,https://web.archive.org/web/20201217032520id_/https://www.dramexchange.com/
2020-12-07,nand_wafer,512Gb TLC,4.298,https://web.archive.org/web/20201217032520id_/https://www.dramexchange.com/
2020-12-17,dram_chip,DDR3 2Gb 256Mx8 1600/1866Mbps,1.153,https://web.archive.org/web/20201217032520id_/https://www.dramexchange.com/
2020-12-17,dram_chip,DDR3 4Gb 256Mx16 1600/1866Mbps,1.673,https://web.archive.org/web/20201217032520id_/https://www.dramexchange.com/
2020-12-17,dram_chip,DDR3 4Gb 512Mx8 1600/1866Mbps,1.663,https://web.archive.org/web/20201217032520id_/https://www.dramexchange.com/
2020-12-17,dram_chip,DDR3 4Gb 512Mx8 eTT,1.21,https://web.archive.org/web/20201217032520id_/https://www.dramexchange.com/
2020-12-17,dram_chip,DDR4 4Gb (512Mx8) 2400Mbps,1.745,https://web.archive.org/web/20201217032520id_/https://www.dramexchange.com/
2020-12-17,dram_chip,DDR4 8Gb (1Gx8) 2400Mbps,3.243,https://web.archive.org/web/20201217032520id_/https://www.dramexchange.com/
2020-12-17,nand_chip,3D TLC 256Gb,2.839,https://web.archive.org/web/20201217032520id_/https://www.dramexchange.com/
2020-12-17,nand_chip,MLC 32Gb 4GBx8,1.929,https://web.archive.org/web/20201217032520id_/https://www.dramexchange.com/
2020-12-17,nand_chip,MLC 64Gb 8GBx8,2.393,https://web.archive.org/web/20201217032520id_/https://www.dramexchange.com/
2020-12-17,nand_chip,SLC 1Gb 128MBx8,0.91,https://web.archive.org/web/20201217032520id_/https://www.dramexchange.com/
2020-12-17,nand_chip,SLC 2Gb 256MBx8,0.972,https://web.archive.org/web/20201217032520id_/https://www.dramexchange.com/
2020-12-21,nand_wafer,128Gb TLC,1.678,https://web.archive.org/web/20210101105718id_/https://www.dramexchange.com/
2020-12-21,nand_wafer,256Gb TLC,2.194,https://web.archive.org/web/20210101105718id_/https://www.dramexchange.com/
2020-12-21,nand_wafer,512Gb TLC,4.291,https://web.archive.org/web/20210101105718id_/https://www.dramexchange.com/
2020-12-31,dram_chip,DDR3 2Gb 256Mx8 1600/1866Mbps,1.19,https://web.archive.org/web/20210101105718id_/https://www.dramexchange.com/
2020-12-31,dram_chip,DDR3 4Gb 256Mx16 1600/1866Mbps,1.824,https://web.archive.org/web/20210101105718id_/https://www.dramexchange.com/
2020-12-31,dram_chip,DDR3 4Gb 512Mx8 1600/1866Mbps,1.813,https://web.archive.org/web/20210101105718id_/https://www.dramexchange.com/
2020-12-31,dram_chip,DDR3 4Gb 512Mx8 eTT,1.26,https://web.archive.org/web/20210101105718id_/https://www.dramexchange.com/
2020-12-31,dram_chip,DDR4 4Gb (512Mx8) 2400Mbps,1.836,https://web.archive.org/web/20210101105718id_/https://www.dramexchange.com/
2020-12-31,dram_chip,DDR4 8Gb (1Gx8) 2400Mbps,3.46,https://web.archive.org/web/20210101105718id_/https://www.dramexchange.com/
2020-12-31,nand_chip,3D TLC 256Gb,2.815,https://web.archive.org/web/20210101105718id_/https://www.dramexchange.com/
2020-12-31,nand_chip,MLC 32Gb 4GBx8,1.932,https://web.archive.org/web/20210101105718id_/https://www.dramexchange.com/
2020-12-31,nand_chip,MLC 64Gb 8GBx8,2.387,https://web.archive.org/web/20210101105718id_/https://www.dramexchange.com/
2020-12-31,nand_chip,SLC 1Gb 128MBx8,0.916,https://web.archive.org/web/20210101105718id_/https://www.dramexchange.com/
2020-12-31,nand_chip,SLC 2Gb 256MBx8,0.973,https://web.archive.org/web/20210101105718id_/https://www.dramexchange.com/
2021-01-04,nand_wafer,128Gb TLC,1.676,https://web.archive.org/web/20210115105715id_/https://www.dramexchange.com/
2021-01-04,nand_wafer,256Gb TLC,2.184,https://web.archive.org/web/20210115105715id_/https://www.dramexchange.com/
2021-01-04,nand_wafer,512Gb TLC,4.275,https://web.archive.org/web/20210115105715id_/https://www.dramexchange.com/
2021-01-15,dram_chip,DDR3 2Gb 256Mx8 1600/1866Mbps,1.417,https://web.archive.org/web/20210115105715id_/https://www.dramexchange.com/
2021-01-15,dram_chip,DDR3 4Gb 256Mx16 1600/1866Mbps,2.109,https://web.archive.org/web/20210115105715id_/https://www.dramexchange.com/
2021-01-15,dram_chip,DDR3 4Gb 512Mx8 1600/1866Mbps,2.013,https://web.archive.org/web/20210115105715id_/https://www.dramexchange.com/
2021-01-15,dram_chip,DDR3 4Gb 512Mx8 eTT,1.29,https://web.archive.org/web/20210115105715id_/https://www.dramexchange.com/
2021-01-15,dram_chip,DDR4 4Gb (512Mx8) 2400Mbps,1.894,https://web.archive.org/web/20210115105715id_/https://www.dramexchange.com/
2021-01-15,dram_chip,DDR4 8Gb (1Gx8) 2400Mbps,3.45,https://web.archive.org/web/20210115105715id_/https://www.dramexchange.com/
2021-01-15,nand_chip,3D TLC 256Gb,2.865,https://web.archive.org/web/20210115105715id_/https://www.dramexchange.com/
2021-01-15,nand_chip,MLC 32Gb 4GBx8,1.963,https://web.archive.org/web/20210115105715id_/https://www.dramexchange.com/
2021-01-15,nand_chip,MLC 64Gb 8GBx8,2.406,https://web.archive.org/web/20210115105715id_/https://www.dramexchange.com/
2021-01-15,nand_chip,SLC 1Gb 128MBx8,0.942,https://web.archive.org/web/20210115105715id_/https://www.dramexchange.com/
2021-01-15,nand_chip,SLC 2Gb 256MBx8,0.996,https://web.archive.org/web/20210115105715id_/https://www.dramexchange.com/
2021-01-25,nand_wafer,128Gb TLC,1.676,https://web.archive.org/web/20210202040151id_/https://www.dramexchange.com/
2021-01-25,nand_wafer,256Gb TLC,2.175,https://web.archive.org/web/20210202040151id_/https://www.dramexchange.com/
2021-01-25,nand_wafer,512Gb TLC,4.267,https://web.archive.org/web/20210202040151id_/https://www.dramexchange.com/
2021-02-02,dram_chip,DDR3 2Gb 256Mx8 1600/1866Mbps,1.727,https://web.archive.org/web/20210202040151id_/https://www.dramexchange.com/
2021-02-02,dram_chip,DDR3 4Gb 256Mx16 1600/1866Mbps,2.573,https://web.archive.org/web/20210202040151id_/https://www.dramexchange.com/
2021-02-02,dram_chip,DDR3 4Gb 512Mx8 1600/1866Mbps,2.438,https://web.archive.org/web/20210202040151id_/https://www.dramexchange.com/
2021-02-02,dram_chip,DDR3 4Gb 512Mx8 eTT,1.39,https://web.archive.org/web/20210202040151id_/https://www.dramexchange.com/
2021-02-02,dram_chip,DDR4 4Gb (512Mx8) 2400Mbps,2.317,https://web.archive.org/web/20210202040151id_/https://www.dramexchange.com/
2021-02-02,dram_chip,DDR4 8Gb (1Gx8) 2400Mbps,3.71,https://web.archive.org/web/20210202040151id_/https://www.dramexchange.com/
2021-02-02,nand_chip,3D TLC 256Gb,2.879,https://web.archive.org/web/20210202040151id_/https://www.dramexchange.com/
2021-02-02,nand_chip,MLC 32Gb 4GBx8,1.954,https://web.archive.org/web/20210202040151id_/https://www.dramexchange.com/
2021-02-02,nand_chip,MLC 64Gb 8GBx8,2.404,https://web.archive.org/web/20210202040151id_/https://www.dramexchange.com/
2021-02-02,nand_chip,SLC 1Gb 128MBx8,0.958,https://web.archive.org/web/20210202040151id_/https://www.dramexchange.com/
2021-02-02,nand_chip,SLC 2Gb 256MBx8,1.05,https://web.archive.org/web/20210202040151id_/https://www.dramexchange.com/
2021-02-08,nand_wafer,128Gb TLC,1.676,https://web.archive.org/web/20210215225736id_/https://www.dramexchange.com/
2021-02-08,nand_wafer,256Gb TLC,2.174,https://web.archive.org/web/20210215225736id_/https://www.dramexchange.com/
2021-02-08,nand_wafer,512Gb TLC,4.263,https://web.archive.org/web/20210215225736id_/https://www.dramexchange.com/
2021-02-10,dram_chip,DDR3 2Gb 256Mx8 1600/1866Mbps,1.838,https://web.archive.org/web/20210215225736id_/https://www.dramexchange.com/
2021-02-10,dram_chip,DDR3 4Gb 256Mx16 1600/1866Mbps,2.82,https://web.archive.org/web/20210215225736id_/https://www.dramexchange.com/
2021-02-10,dram_chip,DDR3 4Gb 512Mx8 1600/1866Mbps,2.655,https://web.archive.org/web/20210215225736id_/https://www.dramexchange.com/
2021-02-10,dram_chip,DDR3 4Gb 512Mx8 eTT,1.425,https://web.archive.org/web/20210215225736id_/https://www.dramexchange.com/
2021-02-10,dram_chip,DDR4 4Gb (512Mx8) 2400Mbps,2.4,https://web.archive.org/web/20210215225736id_/https://www.dramexchange.com/
2021-02-10,dram_chip,DDR4 8Gb (1Gx8) 2400Mbps,3.735,https://web.archive.org/web/20210215225736id_/https://www.dramexchange.com/
2021-02-10,nand_chip,3D TLC 256Gb,2.889,https://web.archive.org/web/20210215225736id_/https://www.dramexchange.com/
2021-02-10,nand_chip,MLC 32Gb 4GBx8,1.963,https://web.archive.org/web/20210215225736id_/https://www.dramexchange.com/
2021-02-10,nand_chip,MLC 64Gb 8GBx8,2.407,https://web.archive.org/web/20210215225736id_/https://www.dramexchange.com/
2021-02-10,nand_chip,SLC 1Gb 128MBx8,0.959,https://web.archive.org/web/20210215225736id_/https://www.dramexchange.com/
2021-02-10,nand_chip,SLC 2Gb 256MBx8,1.058,https://web.archive.org/web/20210215225736id_/https://www.dramexchange.com/
2021-02-22,nand_wafer,128Gb TLC,1.676,https://web.archive.org/web/20210302225719id_/https://www.dramexchange.com/
2021-02-22,nand_wafer,256Gb TLC,2.174,https://web.archive.org/web/20210302225719id_/https://www.dramexchange.com/
2021-02-22,nand_wafer,512Gb TLC,4.263,https://web.archive.org/web/20210302225719id_/https://www.dramexchange.com/
2021-03-02,dram_chip,DDR3 2Gb 256Mx8 1600/1866Mbps,2.603,https://web.archive.org/web/20210302225719id_/https://www.dramexchange.com/
2021-03-02,dram_chip,DDR3 4Gb 256Mx16 1600/1866Mbps,3.536,https://web.archive.org/web/20210302225719id_/https://www.dramexchange.com/
2021-03-02,dram_chip,DDR3 4Gb 512Mx8 1600/1866Mbps,3.425,https://web.archive.org/web/20210302225719id_/https://www.dramexchange.com/
2021-03-02,dram_chip,DDR3 4Gb 512Mx8 eTT,1.75,https://web.archive.org/web/20210302225719id_/https://www.dramexchange.com/
2021-03-02,dram_chip,DDR4 4Gb (512Mx8) 2400Mbps,2.817,https://web.archive.org/web/20210302225719id_/https://www.dramexchange.com/
2021-03-02,dram_chip,DDR4 8Gb (1Gx8) 2400Mbps,4.425,https://web.archive.org/web/20210302225719id_/https://www.dramexchange.com/
2021-03-02,nand_chip,3D TLC 256Gb,2.932,https://web.archive.org/web/20210302225719id_/https://www.dramexchange.com/
2021-03-02,nand_chip,MLC 32Gb 4GBx8,1.992,https://web.archive.org/web/20210302225719id_/https://www.dramexchange.com/
2021-03-02,nand_chip,MLC 64Gb 8GBx8,2.473,https://web.archive.org/web/20210302225719id_/https://www.dramexchange.com/
2021-03-02,nand_chip,SLC 1Gb 128MBx8,0.971,https://web.archive.org/web/20210302225719id_/https://www.dramexchange.com/
2021-03-02,nand_chip,SLC 2Gb 256MBx8,1.082,https://web.archive.org/web/20210302225719id_/https://www.dramexchange.com/
2021-03-08,nand_wafer,128Gb TLC,1.693,https://web.archive.org/web/20210315095738id_/https://www.dramexchange.com/
2021-03-08,nand_wafer,256Gb TLC,2.221,https://web.archive.org/web/20210315095738id_/https://www.dramexchange.com/
2021-03-08,nand_wafer,512Gb TLC,4.353,https://web.archive.org/web/20210315095738id_/https://www.dramexchange.com/
2021-03-15,dram_chip,DDR3 2Gb 256Mx8 1600/1866Mbps,2.75,https://web.archive.org/web/20210315095738id_/https://www.dramexchange.com/
2021-03-15,dram_chip,DDR3 4Gb 256Mx16 1600/1866Mbps,3.739,https://web.archive.org/web/20210315095738id_/https://www.dramexchange.com/
2021-03-15,dram_chip,DDR3 4Gb 512Mx8 1600/1866Mbps,3.503,https://web.archive.org/web/20210315095738id_/https://www.dramexchange.com/
2021-03-15,dram_chip,DDR3 4Gb 512Mx8 eTT,1.89,https://web.archive.org/web/20210315095738id_/https://www.dramexchange.com/
2021-03-15,dram_chip,DDR4 4Gb (512Mx8) 2400Mbps,3.067,https://web.archive.org/web/20210315095738id_/https://www.dramexchange.com/
2021-03-15,dram_chip,DDR4 8Gb (1Gx8) 2400Mbps,4.5,https://web.archive.org/web/20210315095738id_/https://www.dramexchange.com/
2021-03-15,nand_chip,3D TLC 256Gb,2.958,https://web.archive.org/web/20210315095738id_/https://www.dramexchange.com/
2021-03-15,nand_chip,MLC 32Gb 4GBx8,2.017,https://web.archive.org/web/20210315095738id_/https://www.dramexchange.com/
2021-03-15,nand_chip,MLC 64Gb 8GBx8,2.492,https://web.archive.org/web/20210315095738id_/https://www.dramexchange.com/
2021-03-15,nand_chip,SLC 1Gb 128MBx8,0.996,https://web.archive.org/web/20210315095738id_/https://www.dramexchange.com/
2021-03-15,nand_chip,SLC 2Gb 256MBx8,1.099,https://web.archive.org/web/20210315095738id_/https://www.dramexchange.com/
2021-03-22,nand_wafer,128Gb TLC,1.739,https://web.archive.org/web/20210401095742id_/https://www.dramexchange.com/
2021-03-22,nand_wafer,256Gb TLC,2.321,https://web.archive.org/web/20210401095742id_/https://www.dramexchange.com/
2021-03-22,nand_wafer,512Gb TLC,4.508,https://web.archive.org/web/20210401095742id_/https://www.dramexchange.com/
2021-04-01,dram_chip,DDR3 2Gb 256Mx8 1600/1866Mbps,2.843,https://web.archive.org/web/20210401095742id_/https://www.dramexchange.com/
2021-04-01,dram_chip,DDR3 4Gb 256Mx16 1600/1866Mbps,3.404,https://web.archive.org/web/20210401095742id_/https://www.dramexchange.com/
2021-04-01,dram_chip,DDR3 4Gb 512Mx8 1600/1866Mbps,3.25,https://web.archive.org/web/20210401095742id_/https://www.dramexchange.com/
2021-04-01,dram_chip,DDR3 4Gb 512Mx8 eTT,2.065,https://web.archive.org/web/20210401095742id_/https://www.dramexchange.com/
2021-04-01,dram_chip,DDR4 4Gb (512Mx8) 2400Mbps,3.233,https://web.archive.org/web/20210401095742id_/https://www.dramexchange.com/
2021-04-01,dram_chip,DDR4 8Gb (1Gx8) 2400Mbps,4.175,https://web.archive.org/web/20210401095742id_/https://www.dramexchange.com/
2021-04-01,nand_chip,3D TLC 256Gb,2.906,https://web.archive.org/web/20210401095742id_/https://www.dramexchange.com/
2021-04-01,nand_chip,MLC 32Gb 4GBx8,2.048,https://web.archive.org/web/20210401095742id_/https://www.dramexchange.com/
2021-04-01,nand_chip,MLC 64Gb 8GBx8,2.741,https://web.archive.org/web/20210401095742id_/https://www.dramexchange.com/
2021-04-01,nand_chip,SLC 1Gb 128MBx8,1.031,https://web.archive.org/web/20210401095742id_/https://www.dramexchange.com/
2021-04-01,nand_chip,SLC 2Gb 256MBx8,1.158,https://web.archive.org/web/20210401095742id_/https://www.dramexchange.com/
2021-04-06,nand_wafer,128Gb TLC,1.752,https://web.archive.org/web/20210415095716id_/https://www.dramexchange.com/
2021-04-06,nand_wafer,256Gb TLC,2.318,https://web.archive.org/web/20210415095716id_/https://www.dramexchange.com/
2021-04-06,nand_wafer,512Gb TLC,4.5,https://web.archive.org/web/20210415095716id_/https://www.dramexchange.com/
2021-04-15,dram_chip,DDR3 2Gb 256Mx8 1600/1866Mbps,3.008,https://web.archive.org/web/20210415095716id_/https://www.dramexchange.com/
2021-04-15,dram_chip,DDR3 4Gb 256Mx16 1600/1866Mbps,3.429,https://web.archive.org/web/20210415095716id_/https://www.dramexchange.com/
2021-04-15,dram_chip,DDR3 4Gb 512Mx8 1600/1866Mbps,3.405,https://web.archive.org/web/20210415095716id_/https://www.dramexchange.com/
2021-04-15,dram_chip,DDR3 4Gb 512Mx8 eTT,2.1,https://web.archive.org/web/20210415095716id_/https://www.dramexchange.com/
2021-04-15,dram_chip,DDR4 4Gb (512Mx8) 2400Mbps,3.36,https://web.archive.org/web/20210415095716id_/https://www.dramexchange.com/
2021-04-15,dram_chip,DDR4 8Gb (1Gx8) 2400Mbps,4.375,https://web.archive.org/web/20210415095716id_/https://www.dramexchange.com/
2021-04-15,nand_chip,3D TLC 256Gb,2.888,https://web.archive.org/web/20210415095716id_/https://www.dramexchange.com/
2021-04-15,nand_chip,MLC 32Gb 4GBx8,2.063,https://web.archive.org/web/20210415095716id_/https://www.dramexchange.com/
2021-04-15,nand_chip,MLC 64Gb 8GBx8,2.789,https://web.archive.org/web/20210415095716id_/https://www.dramexchange.com/
2021-04-15,nand_chip,SLC 1Gb 128MBx8,1.035,https://web.archive.org/web/20210415095716id_/https://www.dramexchange.com/
2021-04-15,nand_chip,SLC 2Gb 256MBx8,1.17,https://web.archive.org/web/20210415095716id_/https://www.dramexchange.com/
2021-04-19,nand_wafer,128Gb TLC,1.752,https://web.archive.org/web/20210501095716id_/https://www.dramexchange.com/
2021-04-19,nand_wafer,256Gb TLC,2.3,https://web.archive.org/web/20210501095716id_/https://www.dramexchange.com/
2021-04-19,nand_wafer,512Gb TLC,4.484,https://web.archive.org/web/20210501095716id_/https://www.dramexchange.com/
2021-04-30,dram_chip,DDR3 2Gb 256Mx8 1600/1866Mbps,3.0,https://web.archive.org/web/20210501095716id_/https://www.dramexchange.com/
2021-04-30,dram_chip,DDR3 4Gb 256Mx16 1600/1866Mbps,3.251,https://web.archive.org/web/20210501095716id_/https://www.dramexchange.com/
2021-04-30,dram_chip,DDR3 4Gb 512Mx8 1600/1866Mbps,3.384,https://web.archive.org/web/20210501095716id_/https://www.dramexchange.com/
2021-04-30,dram_chip,DDR3 4Gb 512Mx8 eTT,2.06,https://web.archive.org/web/20210501095716id_/https://www.dramexchange.com/
2021-04-30,dram_chip,DDR4 4Gb (512Mx8) 2400Mbps,3.267,https://web.archive.org/web/20210501095716id_/https://www.dramexchange.com/
2021-04-30,dram_chip,DDR4 8Gb (1Gx8) 2400Mbps,4.632,https://web.archive.org/web/20210501095716id_/https://www.dramexchange.com/
2021-04-30,nand_chip,3D TLC 256Gb,2.865,https://web.archive.org/web/20210501095716id_/https://www.dramexchange.com/
2021-04-30,nand_chip,MLC 32Gb 4GBx8,2.063,https://web.archive.org/web/20210501095716id_/https://www.dramexchange.com/
2021-04-30,nand_chip,MLC 64Gb 8GBx8,2.775,https://web.archive.org/web/20210501095716id_/https://www.dramexchange.com/
2021-04-30,nand_chip,SLC 1Gb 128MBx8,1.038,https://web.archive.org/web/20210501095716id_/https://www.dramexchange.com/
2021-04-30,nand_chip,SLC 2Gb 256MBx8,1.181,https://web.archive.org/web/20210501095716id_/https://www.dramexchange.com/
2021-05-03,nand_wafer,128Gb TLC,1.752,https://web.archive.org/web/20210515095716id_/https://www.dramexchange.com/
2021-05-03,nand_wafer,256Gb TLC,2.299,https://web.archive.org/web/20210515095716id_/https://www.dramexchange.com/
2021-05-03,nand_wafer,512Gb TLC,4.481,https://web.archive.org/web/20210515095716id_/https://www.dramexchange.com/
2021-05-14,dram_chip,DDR3 2Gb 256Mx8 1600/1866Mbps,3.019,https://web.archive.org/web/20210515095716id_/https://www.dramexchange.com/
2021-05-14,dram_chip,DDR3 4Gb 256Mx16 1600/1866Mbps,3.179,https://web.archive.org/web/20210515095716id_/https://www.dramexchange.com/
2021-05-14,dram_chip,DDR3 4Gb 512Mx8 1600/1866Mbps,3.306,https://web.archive.org/web/20210515095716id_/https://www.dramexchange.com/
2021-05-14,dram_chip,DDR3 4Gb 512Mx8 eTT,1.99,https://web.archive.org/web/20210515095716id_/https://www.dramexchange.com/
2021-05-14,dram_chip,DDR4 4Gb (512Mx8) 2400Mbps,3.3,https://web.archive.org/web/20210515095716id_/https://www.dramexchange.com/
2021-05-14,dram_chip,DDR4 8Gb (1Gx8) 2400Mbps,4.458,https://web.archive.org/web/20210515095716id_/https://www.dramexchange.com/
2021-05-14,nand_chip,3D TLC 256Gb,2.832,https://web.archive.org/web/20210515095716id_/https://www.dramexchange.com/
2021-05-14,nand_chip,MLC 32Gb 4GBx8,2.058,https://web.archive.org/web/20210515095716id_/https://www.dramexchange.com/
2021-05-14,nand_chip,MLC 64Gb 8GBx8,2.774,https://web.archive.org/web/20210515095716id_/https://www.dramexchange.com/
2021-05-14,nand_chip,SLC 1Gb 128MBx8,1.046,https://web.archive.org/web/20210515095716id_/https://www.dramexchange.com/
2021-05-14,nand_chip,SLC 2Gb 256MBx8,1.166,https://web.archive.org/web/20210515095716id_/https://www.dramexchange.com/
2021-05-24,nand_wafer,128Gb TLC,1.848,https://web.archive.org/web/20210601095726id_/https://www.dramexchange.com/
2021-05-24,nand_wafer,256Gb TLC,2.71,https://web.archive.org/web/20210601095726id_/https://www.dramexchange.com/
2021-05-24,nand_wafer,512Gb TLC,4.972,https://web.archive.org/web/20210601095726id_/https://www.dramexchange.com/
2021-06-01,dram_chip,DDR3 2Gb 256Mx8 1600/1866Mbps,2.965,https://web.archive.org/web/20210601095726id_/https://www.dramexchange.com/
2021-06-01,dram_chip,DDR3 4Gb 256Mx16 1600/1866Mbps,3.11,https://web.archive.org/web/20210601095726id_/https://www.dramexchange.com/
2021-06-01,dram_chip,DDR3 4Gb 512Mx8 1600/1866Mbps,3.246,https://web.archive.org/web/20210601095726id_/https://www.dramexchange.com/
2021-06-01,dram_chip,DDR3 4Gb 512Mx8 eTT,1.94,https://web.archive.org/web/20210601095726id_/https://www.dramexchange.com/
2021-06-01,dram_chip,DDR4 4Gb (512Mx8) 2400Mbps,3.333,https://web.archive.org/web/20210601095726id_/https://www.dramexchange.com/
2021-06-01,dram_chip,DDR4 8Gb (1Gx8) 2400Mbps,4.475,https://web.archive.org/web/20210601095726id_/https://www.dramexchange.com/
2021-06-01,nand_chip,3D TLC 256Gb,2.898,https://web.archive.org/web/20210601095726id_/https://www.dramexchange.com/
2021-06-01,nand_chip,MLC 32Gb 4GBx8,2.063,https://web.archive.org/web/20210601095726id_/https://www.dramexchange.com/
2021-06-01,nand_chip,MLC 64Gb 8GBx8,2.791,https://web.archive.org/web/20210601095726id_/https://www.dramexchange.com/
2021-06-01,nand_chip,SLC 1Gb 128MBx8,1.069,https://web.archive.org/web/20210601095726id_/https://www.dramexchange.com/
2021-06-01,nand_chip,SLC 2Gb 256MBx8,1.2,https://web.archive.org/web/20210601095726id_/https://www.dramexchange.com/
2021-06-07,nand_wafer,128Gb TLC,1.848,https://web.archive.org/web/20210615095721id_/https://www.dramexchange.com/
2021-06-07,nand_wafer,256Gb TLC,2.654,https://web.archive.org/web/20210615095721id_/https://www.dramexchange.com/
2021-06-07,nand_wafer,512Gb TLC,4.908,https://web.archive.org/web/20210615095721id_/https://www.dramexchange.com/
2021-06-15,dram_chip,DDR3 2Gb 256Mx8 1600/1866Mbps,3.019,https://web.archive.org/web/20210615095721id_/https://www.dramexchange.com/
2021-06-15,dram_chip,DDR3 4Gb 256Mx16 1600/1866Mbps,3.072,https://web.archive.org/web/20210615095721id_/https://www.dramexchange.com/
2021-06-15,dram_chip,DDR3 4Gb 512Mx8 1600/1866Mbps,3.2,https://web.archive.org/web/20210615095721id_/https://www.dramexchange.com/
2021-06-15,dram_chip,DDR3 4Gb 512Mx8 eTT,1.91,https://web.archive.org/web/20210615095721id_/https://www.dramexchange.com/
2021-06-15,dram_chip,DDR4 4Gb (512Mx8) 2400Mbps,3.433,https://web.archive.org/web/20210615095721id_/https://www.dramexchange.com/
2021-06-15,dram_chip,DDR4 8Gb (1Gx8) 2400Mbps,4.495,https://web.archive.org/web/20210615095721id_/https://www.dramexchange.com/
2021-06-15,nand_chip,3D TLC 256Gb,2.915,https://web.archive.org/web/20210615095721id_/https://www.dramexchange.com/
2021-06-15,nand_chip,MLC 32Gb 4GBx8,2.063,https://web.archive.org/web/20210615095721id_/https://www.dramexchange.com/
2021-06-15,nand_chip,MLC 64Gb 8GBx8,2.677,https://web.archive.org/web/20210615095721id_/https://www.dramexchange.com/
2021-06-15,nand_chip,SLC 1Gb 128MBx8,1.068,https://web.archive.org/web/20210615095721id_/https://www.dramexchange.com/
2021-06-15,nand_chip,SLC 2Gb 256MBx8,1.188,https://web.archive.org/web/20210615095721id_/https://www.dramexchange.com/
2021-06-21,nand_wafer,128Gb TLC,1.848,https://web.archive.org/web/20210701095717id_/https://www.dramexchange.com/
2021-06-21,nand_wafer,256Gb TLC,2.632,https://web.archive.org/web/20210701095717id_/https://www.dramexchange.com/
2021-06-21,nand_wafer,512Gb TLC,4.882,https://web.archive.org/web/20210701095717id_/https://www.dramexchange.com/
2021-07-01,dram_chip,DDR3 2Gb 256Mx8 1600/1866Mbps,3.097,https://web.archive.org/web/20210701095717id_/https://www.dramexchange.com/
2021-07-01,dram_chip,DDR3 4Gb 256Mx16 1600/1866Mbps,3.11,https://web.archive.org/web/20210701095717id_/https://www.dramexchange.com/
2021-07-01,dram_chip,DDR3 4Gb 512Mx8 1600/1866Mbps,3.248,https://web.archive.org/web/20210701095717id_/https://www.dramexchange.com/
2021-07-01,dram_chip,DDR3 4Gb 512Mx8 eTT,1.86,https://web.archive.org/web/20210701095717id_/https://www.dramexchange.com/
2021-07-01,dram_chip,DDR4 4Gb (512Mx8) 2400Mbps,3.606,https://web.archive.org/web/20210701095717id_/https://www.dramexchange.com/
2021-07-01,dram_chip,DDR4 8Gb (1Gx8) 2400Mbps,4.585,https://web.archive.org/web/20210701095717id_/https://www.dramexchange.com/
2021-07-01,nand_chip,3D TLC 256Gb,2.959,https://web.archive.org/web/20210701095717id_/https://www.dramexchange.com/
2021-07-01,nand_chip,MLC 32Gb 4GBx8,2.061,https://web.archive.org/web/20210701095717id_/https://www.dramexchange.com/
2021-07-01,nand_chip,MLC 64Gb 8GBx8,2.638,https://web.archive.org/web/20210701095717id_/https://www.dramexchange.com/
2021-07-01,nand_chip,SLC 1Gb 128MBx8,1.101,https://web.archive.org/web/20210701095717id_/https://www.dramexchange.com/
2021-07-01,nand_chip,SLC 2Gb 256MBx8,1.2,https://web.archive.org/web/20210701095717id_/https://www.dramexchange.com/
2021-07-05,nand_wafer,128Gb TLC,1.848,https://web.archive.org/web/20210715095733id_/https://www.dramexchange.com/
2021-07-05,nand_wafer,256Gb TLC,2.615,https://web.archive.org/web/20210715095733id_/https://www.dramexchange.com/
2021-07-05,nand_wafer,512Gb TLC,4.863,https://web.archive.org/web/20210715095733id_/https://www.dramexchange.com/
2021-07-15,dram_chip,DDR3 2Gb 256Mx8 1600/1866Mbps,3.135,https://web.archive.org/web/20210715095733id_/https://www.dramexchange.com/
2021-07-15,dram_chip,DDR3 4Gb 256Mx16 1600/1866Mbps,3.025,https://web.archive.org/web/20210715095733id_/https://www.dramexchange.com/
2021-07-15,dram_chip,DDR3 4Gb 512Mx8 1600/1866Mbps,3.268,https://web.archive.org/web/20210715095733id_/https://www.dramexchange.com/
2021-07-15,dram_chip,DDR3 4Gb 512Mx8 eTT,1.83,https://web.archive.org/web/20210715095733id_/https://www.dramexchange.com/
2021-07-15,dram_chip,DDR4 4Gb (512Mx8) 2400Mbps,3.885,https://web.archive.org/web/20210715095733id_/https://www.dramexchange.com/
2021-07-15,dram_chip,DDR4 8Gb (1Gx8) 2400Mbps,4.59,https://web.archive.org/web/20210715095733id_/https://www.dramexchange.com/
2021-07-15,nand_chip,3D TLC 256Gb,3.0,https://web.archive.org/web/20210715095733id_/https://www.dramexchange.com/
2021-07-15,nand_chip,MLC 32Gb 4GBx8,2.071,https://web.archive.org/web/20210715095733id_/https://www.dramexchange.com/
2021-07-15,nand_chip,MLC 64Gb 8GBx8,2.566,https://web.archive.org/web/20210715095733id_/https://www.dramexchange.com/
2021-07-15,nand_chip,SLC 1Gb 128MBx8,1.086,https://web.archive.org/web/20210715095733id_/https://www.dramexchange.com/
2021-07-15,nand_chip,SLC 2Gb 256MBx8,1.211,https://web.archive.org/web/20210715095733id_/https://www.dramexchange.com/
2021-07-19,nand_wafer,128Gb TLC,1.866,https://web.archive.org/web/20210801095716id_/https://www.dramexchange.com/
2021-07-19,nand_wafer,256Gb TLC,2.65,https://web.archive.org/web/20210801095716id_/https://www.dramexchange.com/
2021-07-19,nand_wafer,512Gb TLC,4.89,https://web.archive.org/web/20210801095716id_/https://www.dramexchange.com/
2021-07-30,dram_chip,DDR3 2Gb 256Mx8 1600/1866Mbps,2.854,https://web.archive.org/web/20210801095716id_/https://www.dramexchange.com/
2021-07-30,dram_chip,DDR3 4Gb 256Mx16 1600/1866Mbps,2.88,https://web.archive.org/web/20210801095716id_/https://www.dramexchange.com/
2021-07-30,dram_chip,DDR3 4Gb 512Mx8 1600/1866Mbps,3.188,https://web.archive.org/web/20210801095716id_/https://www.dramexchange.com/
2021-07-30,dram_chip,DDR3 4Gb 512Mx8 eTT,1.7,https://web.archive.org/web/20210801095716id_/https://www.dramexchange.com/
2021-07-30,dram_chip,DDR4 4Gb (512Mx8) 2400/2666Mbps,3.563,https://web.archive.org/web/20210801095716id_/https://www.dramexchange.com/
2021-07-30,dram_chip,DDR4 8Gb (1Gx8) 2400Mbps,4.425,https://web.archive.org/web/20210801095716id_/https://www.dramexchange.com/
2021-07-30,nand_chip,3D TLC 256Gb,2.938,https://web.archive.org/web/20210801095716id_/https://www.dramexchange.com/
2021-07-30,nand_chip,MLC 32Gb 4GBx8,2.07,https://web.archive.org/web/20210801095716id_/https://www.dramexchange.com/
2021-07-30,nand_chip,MLC 64Gb 8GBx8,2.498,https://web.archive.org/web/20210801095716id_/https://www.dramexchange.com/
2021-07-30,nand_chip,SLC 1Gb 128MBx8,1.079,https://web.archive.org/web/20210801095716id_/https://www.dramexchange.com/
2021-07-30,nand_chip,SLC 2Gb 256MBx8,1.239,https://web.archive.org/web/20210801095716id_/https://www.dramexchange.com/
2021-08-02,nand_wafer,128Gb TLC,1.88,https://web.archive.org/web/20210815095715id_/https://www.dramexchange.com/
2021-08-02,nand_wafer,256Gb TLC,2.649,https://web.archive.org/web/20210815095715id_/https://www.dramexchange.com/
2021-08-02,nand_wafer,512Gb TLC,4.894,https://web.archive.org/web/20210815095715id_/https://www.dramexchange.com/
2021-08-13,dram_chip,DDR3 4Gb 512Mx8 1600/1866Mbps,2.885,https://web.archive.org/web/20210815095715id_/https://www.dramexchange.com/
2021-08-13,dram_chip,DDR4 16Gb (2Gx8) 2666Mbps,8.17,https://web.archive.org/web/20210815095715id_/https://www.dramexchange.com/
2021-08-13,dram_chip,DDR4 16Gb (2Gx8) eTT Mbps,5.871,https://web.archive.org/web/20210815095715id_/https://www.dramexchange.com/
2021-08-13,dram_chip,DDR4 8Gb (1Gx8) 2666Mbps,4.223,https://web.archive.org/web/20210815095715id_/https://www.dramexchange.com/
2021-08-13,dram_chip,DDR4 8Gb (1Gx8) eTT,2.853,https://web.archive.org/web/20210815095715id_/https://www.dramexchange.com/
2021-08-13,dram_chip,DDR4 8Gb (512Mx16) 2666Mbps,4.252,https://web.archive.org/web/20210815095715id_/https://www.dramexchange.com/
2021-08-13,nand_chip,3D TLC 256Gb,2.939,https://web.archive.org/web/20210815095715id_/https://www.dramexchange.com/
2021-08-13,nand_chip,MLC 32Gb 4GBx8,2.071,https://web.archive.org/web/20210815095715id_/https://www.dramexchange.com/
2021-08-13,nand_chip,MLC 64Gb 8GBx8,2.492,https://web.archive.org/web/20210815095715id_/https://www.dramexchange.com/
2021-08-13,nand_chip,SLC 1Gb 128MBx8,1.068,https://web.archive.org/web/20210815095715id_/https://www.dramexchange.com/
2021-08-13,nand_chip,SLC 2Gb 256MBx8,1.237,https://web.archive.org/web/20210815095715id_/https://www.dramexchange.com/
2021-08-23,nand_wafer,128Gb TLC,1.8,https://web.archive.org/web/20210901095716id_/https://www.dramexchange.com/
2021-08-23,nand_wafer,256Gb TLC,2.604,https://web.archive.org/web/20210901095716id_/https://www.dramexchange.com/
2021-08-23,nand_wafer,512Gb TLC,4.867,https://web.archive.org/web/20210901095716id_/https://www.dramexchange.com/
2021-09-01,dram_chip,DDR3 4Gb 512Mx8 1600/1866Mbps,2.762,https://web.archive.org/web/20210901095716id_/https://www.dramexchange.com/
2021-09-01,dram_chip,DDR4 16Gb (2Gx8) 2666Mbps,8.033,https://web.archive.org/web/20210901095716id_/https://www.dramexchange.com/
2021-09-01,dram_chip,DDR4 16Gb (2Gx8) eTT Mbps,5.504,https://web.archive.org/web/20210901095716id_/https://www.dramexchange.com/
2021-09-01,dram_chip,DDR4 8Gb (1Gx8) 2666Mbps,3.836,https://web.archive.org/web/20210901095716id_/https://www.dramexchange.com/
2021-09-01,dram_chip,DDR4 8Gb (1Gx8) eTT,2.593,https://web.archive.org/web/20210901095716id_/https://www.dramexchange.com/
2021-09-01,dram_chip,DDR4 8Gb (512Mx16) 2666Mbps,4.123,https://web.archive.org/web/20210901095716id_/https://www.dramexchange.com/
2021-09-01,nand_chip,3D TLC 256Gb,2.949,https://web.archive.org/web/20210901095716id_/https://www.dramexchange.com/
2021-09-01,nand_chip,MLC 32Gb 4GBx8,2.057,https://web.archive.org/web/20210901095716id_/https://www.dramexchange.com/
2021-09-01,nand_chip,MLC 64Gb 8GBx8,2.477,https://web.archive.org/web/20210901095716id_/https://www.dramexchange.com/
2021-09-01,nand_chip,SLC 1Gb 128MBx8,1.095,https://web.archive.org/web/20210901095716id_/https://www.dramexchange.com/
2021-09-01,nand_chip,SLC 2Gb 256MBx8,1.181,https://web.archive.org/web/20210901095716id_/https://www.dramexchange.com/
2021-09-06,nand_wafer,128Gb TLC,1.797,https://web.archive.org/web/20210915074302id_/https://www.dramexchange.com/
2021-09-06,nand_wafer,256Gb TLC,2.578,https://web.archive.org/web/20210915074302id_/https://www.dramexchange.com/
2021-09-06,nand_wafer,512Gb TLC,4.738,https://web.archive.org/web/20210915074302id_/https://www.dramexchange.com/
2021-09-15,dram_chip,DDR3 4Gb 512Mx8 1600/1866Mbps,2.663,https://web.archive.org/web/20210915074302id_/https://www.dramexchange.com/
2021-09-15,dram_chip,DDR4 16Gb (2Gx8) 2666Mbps,8.013,https://web.archive.org/web/20210915074302id_/https://www.dramexchange.com/
2021-09-15,dram_chip,DDR4 16Gb (2Gx8) eTT Mbps,5.405,https://web.archive.org/web/20210915074302id_/https://www.dramexchange.com/
2021-09-15,dram_chip,DDR4 8Gb (1Gx8) 2666Mbps,3.724,https://web.archive.org/web/20210915074302id_/https://www.dramexchange.com/
2021-09-15,dram_chip,DDR4 8Gb (1Gx8) eTT,2.536,https://web.archive.org/web/20210915074302id_/https://www.dramexchange.com/
2021-09-15,dram_chip,DDR4 8Gb (512Mx16) 2666Mbps,4.034,https://web.archive.org/web/20210915074302id_/https://www.dramexchange.com/
2021-09-15,nand_chip,3D TLC 256Gb,2.922,https://web.archive.org/web/20210915074302id_/https://www.dramexchange.com/
2021-09-15,nand_chip,MLC 32Gb 4GBx8,2.056,https://web.archive.org/web/20210915074302id_/https://www.dramexchange.com/
2021-09-15,nand_chip,MLC 64Gb 8GBx8,2.462,https://web.archive.org/web/20210915074302id_/https://www.dramexchange.com/
2021-09-15,nand_chip,SLC 1Gb 128MBx8,1.1,https://web.archive.org/web/20210915074302id_/https://www.dramexchange.com/
2021-09-15,nand_chip,SLC 2Gb 256MBx8,1.164,https://web.archive.org/web/20210915074302id_/https://www.dramexchange.com/
2021-09-22,dram_module,DDR4 RDIMM 16Gb 3200MHz,86.8,https://web.archive.org/web/20211001095718id_/https://www.dramexchange.com/
2021-09-22,dram_module,DDR4 SODIMM 8Gb 2666MHz,26.067,https://web.archive.org/web/20211001095718id_/https://www.dramexchange.com/
2021-09-22,dram_module,DDR4 UDIMM 8Gb 2666MHz,26.9,https://web.archive.org/web/20211001095718id_/https://www.dramexchange.com/
2021-09-22,nand_wafer,128Gb TLC,1.793,https://web.archive.org/web/20211001095718id_/https://www.dramexchange.com/
2021-09-22,nand_wafer,256Gb TLC,2.518,https://web.archive.org/web/20211001095718id_/https://www.dramexchange.com/
2021-09-22,nand_wafer,512Gb TLC,4.654,https://web.archive.org/web/20211001095718id_/https://www.dramexchange.com/
2021-10-01,dram_chip,DDR3 4Gb 512Mx8 1600/1866Mbps,2.591,https://web.archive.org/web/20211001095718id_/https://www.dramexchange.com/
2021-10-01,dram_chip,DDR4 16Gb (2Gx8) 2666Mbps,7.926,https://web.archive.org/web/20211001095718id_/https://www.dramexchange.com/
2021-10-01,dram_chip,DDR4 16Gb (2Gx8) eTT Mbps,5.294,https://web.archive.org/web/20211001095718id_/https://www.dramexchange.com/
2021-10-01,dram_chip,DDR4 8Gb (1Gx8) 2666Mbps,3.647,https://web.archive.org/web/20211001095718id_/https://www.dramexchange.com/
2021-10-01,dram_chip,DDR4 8Gb (1Gx8) eTT,2.365,https://web.archive.org/web/20211001095718id_/https://www.dramexchange.com/
2021-10-01,dram_chip,DDR4 8Gb (512Mx16) 2666Mbps,3.869,https://web.archive.org/web/20211001095718id_/https://www.dramexchange.com/
2021-10-01,nand_chip,3D TLC 256Gb,2.868,https://web.archive.org/web/20211001095718id_/https://www.dramexchange.com/
2021-10-01,nand_chip,MLC 32Gb 4GBx8,2.052,https://web.archive.org/web/20211001095718id_/https://www.dramexchange.com/
2021-10-01,nand_chip,MLC 64Gb 8GBx8,2.474,https://web.archive.org/web/20211001095718id_/https://www.dramexchange.com/
2021-10-01,nand_chip,SLC 1Gb 128MBx8,1.093,https://web.archive.org/web/20211001095718id_/https://www.dramexchange.com/
2021-10-01,nand_chip,SLC 2Gb 256MBx8,1.152,https://web.archive.org/web/20211001095718id_/https://www.dramexchange.com/
2021-10-04,nand_wafer,128Gb TLC,1.79,https://web.archive.org/web/20211015095717id_/https://www.dramexchange.com/
2021-10-04,nand_wafer,256Gb TLC,2.448,https://web.archive.org/web/20211015095717id_/https://www.dramexchange.com/
2021-10-04,nand_wafer,512Gb TLC,4.504,https://web.archive.org/web/20211015095717id_/https://www.dramexchange.com/
2021-10-11,dram_module,DDR4 RDIMM 16Gb 3200MHz,86.5,https://web.archive.org/web/20211015095717id_/https://www.dramexchange.com/
2021-10-11,dram_module,DDR4 SODIMM 8Gb 2666MHz,25.508,https://web.archive.org/web/20211015095717id_/https://www.dramexchange.com/
2021-10-11,dram_module,DDR4 UDIMM 8Gb 2666MHz,25.873,https://web.archive.org/web/20211015095717id_/https://www.dramexchange.com/
2021-10-15,dram_chip,DDR3 4Gb 512Mx8 1600/1866Mbps,2.651,https://web.archive.org/web/20211015095717id_/https://www.dramexchange.com/
2021-10-15,dram_chip,DDR4 16Gb (2Gx8) 2666Mbps,7.877,https://web.archive.org/web/20211015095717id_/https://www.dramexchange.com/
2021-10-15,dram_chip,DDR4 16Gb (2Gx8) eTT Mbps,5.201,https://web.archive.org/web/20211015095717id_/https://www.dramexchange.com/
2021-10-15,dram_chip,DDR4 8Gb (1Gx8) 2666Mbps,3.554,https://web.archive.org/web/20211015095717id_/https://www.dramexchange.com/
2021-10-15,dram_chip,DDR4 8Gb (1Gx8) eTT,2.323,https://web.archive.org/web/20211015095717id_/https://www.dramexchange.com/
2021-10-15,dram_chip,DDR4 8Gb (512Mx16) 2666Mbps,3.853,https://web.archive.org/web/20211015095717id_/https://www.dramexchange.com/
2021-10-15,nand_chip,3D TLC 256Gb,2.872,https://web.archive.org/web/20211015095717id_/https://www.dramexchange.com/
2021-10-15,nand_chip,MLC 32Gb 4GBx8,2.051,https://web.archive.org/web/20211015095717id_/https://www.dramexchange.com/
2021-10-15,nand_chip,MLC 64Gb 8GBx8,2.471,https://web.archive.org/web/20211015095717id_/https://www.dramexchange.com/
2021-10-15,nand_chip,SLC 1Gb 128MBx8,1.107,https://web.archive.org/web/20211015095717id_/https://www.dramexchange.com/
2021-10-15,nand_chip,SLC 2Gb 256MBx8,1.155,https://web.archive.org/web/20211015095717id_/https://www.dramexchange.com/
2021-10-25,dram_module,DDR4 RDIMM 16Gb 3200MHz,85.5,https://web.archive.org/web/20211101095733id_/https://www.dramexchange.com/
2021-10-25,dram_module,DDR4 SODIMM 8Gb 2666MHz,25.354,https://web.archive.org/web/20211101095733id_/https://www.dramexchange.com/
2021-10-25,dram_module,DDR4 UDIMM 8Gb 2666MHz,25.667,https://web.archive.org/web/20211101095733id_/https://www.dramexchange.com/
2021-10-25,nand_wafer,128Gb TLC,1.778,https://web.archive.org/web/20211101095733id_/https://www.dramexchange.com/
2021-10-25,nand_wafer,256Gb TLC,2.226,https://web.archive.org/web/20211101095733id_/https://www.dramexchange.com/
2021-10-25,nand_wafer,512Gb TLC,4.318,https://web.archive.org/web/20211101095733id_/https://www.dramexchange.com/
2021-11-01,dram_chip,DDR3 4Gb 512Mx8 1600/1866Mbps,2.617,https://web.archive.org/web/20211101095733id_/https://www.dramexchange.com/
2021-11-01,dram_chip,DDR4 16Gb (2Gx8) 2666Mbps,7.393,https://web.archive.org/web/20211101095733id_/https://www.dramexchange.com/
2021-11-01,dram_chip,DDR4 16Gb (2Gx8) eTT Mbps,4.905,https://web.archive.org/web/20211101095733id_/https://www.dramexchange.com/
2021-11-01,dram_chip,DDR4 8Gb (1Gx8) 2666Mbps,3.344,https://web.archive.org/web/20211101095733id_/https://www.dramexchange.com/
2021-11-01,dram_chip,DDR4 8Gb (1Gx8) eTT,2.232,https://web.archive.org/web/20211101095733id_/https://www.dramexchange.com/
2021-11-01,dram_chip,DDR4 8Gb (512Mx16) 2666Mbps,3.555,https://web.archive.org/web/20211101095733id_/https://www.dramexchange.com/
2021-11-01,nand_chip,3D TLC 256Gb,2.871,https://web.archive.org/web/20211101095733id_/https://www.dramexchange.com/
2021-11-01,nand_chip,MLC 32Gb 4GBx8,2.023,https://web.archive.org/web/20211101095733id_/https://www.dramexchange.com/
2021-11-01,nand_chip,MLC 64Gb 8GBx8,2.423,https://web.archive.org/web/20211101095733id_/https://www.dramexchange.com/
2021-11-01,nand_chip,SLC 1Gb 128MBx8,1.107,https://web.archive.org/web/20211101095733id_/https://www.dramexchange.com/
2021-11-01,nand_chip,SLC 2Gb 256MBx8,1.153,https://web.archive.org/web/20211101095733id_/https://www.dramexchange.com/
2021-11-08,dram_module,DDR4 RDIMM 16Gb 3200MHz,85.0,https://web.archive.org/web/20211115105755id_/https://www.dramexchange.com/
2021-11-08,dram_module,DDR4 SODIMM 8Gb 2666MHz,25.338,https://web.archive.org/web/20211115105755id_/https://www.dramexchange.com/
2021-11-08,dram_module,DDR4 UDIMM 8Gb 2666MHz,25.593,https://web.archive.org/web/20211115105755id_/https://www.dramexchange.com/
2021-11-08,nand_wafer,128Gb TLC,1.778,https://web.archive.org/web/20211115105755id_/https://www.dramexchange.com/
2021-11-08,nand_wafer,256Gb TLC,2.197,https://web.archive.org/web/20211115105755id_/https://www.dramexchange.com/
2021-11-08,nand_wafer,512Gb TLC,4.215,https://web.archive.org/web/20211115105755id_/https://www.dramexchange.com/
2021-11-15,dram_chip,DDR3 4Gb 512Mx8 1600/1866Mbps,2.562,https://web.archive.org/web/20211115105755id_/https://www.dramexchange.com/
2021-11-15,dram_chip,DDR4 16Gb (2Gx8) 2666Mbps,7.228,https://web.archive.org/web/20211115105755id_/https://www.dramexchange.com/
2021-11-15,dram_chip,DDR4 16Gb (2Gx8) eTT Mbps,4.815,https://web.archive.org/web/20211115105755id_/https://www.dramexchange.com/
2021-11-15,dram_chip,DDR4 8Gb (1Gx8) 2666Mbps,3.186,https://web.archive.org/web/20211115105755id_/https://www.dramexchange.com/
2021-11-15,dram_chip,DDR4 8Gb (1Gx8) eTT,2.197,https://web.archive.org/web/20211115105755id_/https://www.dramexchange.com/
2021-11-15,dram_chip,DDR4 8Gb (512Mx16) 2666Mbps,3.538,https://web.archive.org/web/20211115105755id_/https://www.dramexchange.com/
2021-11-15,nand_chip,3D TLC 256Gb,2.844,https://web.archive.org/web/20211115105755id_/https://www.dramexchange.com/
2021-11-15,nand_chip,MLC 32Gb 4GBx8,2.019,https://web.archive.org/web/20211115105755id_/https://www.dramexchange.com/
2021-11-15,nand_chip,MLC 64Gb 8GBx8,2.435,https://web.archive.org/web/20211115105755id_/https://www.dramexchange.com/
2021-11-15,nand_chip,SLC 1Gb 128MBx8,1.122,https://web.archive.org/web/20211115105755id_/https://www.dramexchange.com/
2021-11-15,nand_chip,SLC 2Gb 256MBx8,1.147,https://web.archive.org/web/20211115105755id_/https://www.dramexchange.com/
2021-11-22,dram_module,DDR4 RDIMM 16Gb 3200MHz,84.0,https://web.archive.org/web/20211201105750id_/https://www.dramexchange.com/
2021-11-22,dram_module,DDR4 SODIMM 8Gb 2666MHz,25.081,https://web.archive.org/web/20211201105750id_/https://www.dramexchange.com/
2021-11-22,dram_module,DDR4 UDIMM 8Gb 2666MHz,25.7,https://web.archive.org/web/20211201105750id_/https://www.dramexchange.com/
2021-11-22,nand_wafer,128Gb TLC,1.773,https://web.archive.org/web/20211201105750id_/https://www.dramexchange.com/
2021-11-22,nand_wafer,256Gb TLC,2.105,https://web.archive.org/web/20211201105750id_/https://www.dramexchange.com/
2021-11-22,nand_wafer,512Gb TLC,4.094,https://web.archive.org/web/20211201105750id_/https://www.dramexchange.com/
2021-12-01,dram_chip,DDR3 4Gb 512Mx8 1600/1866Mbps,2.583,https://web.archive.org/web/20211201105750id_/https://www.dramexchange.com/
2021-12-01,dram_chip,DDR4 16Gb (2Gx8) 2666Mbps,7.23,https://web.archive.org/web/20211201105750id_/https://www.dramexchange.com/
2021-12-01,dram_chip,DDR4 16Gb (2Gx8) eTT Mbps,4.845,https://web.archive.org/web/20211201105750id_/https://www.dramexchange.com/
2021-12-01,dram_chip,DDR4 8Gb (1Gx8) 2666Mbps,3.287,https://web.archive.org/web/20211201105750id_/https://www.dramexchange.com/
2021-12-01,dram_chip,DDR4 8Gb (1Gx8) eTT,2.239,https://web.archive.org/web/20211201105750id_/https://www.dramexchange.com/
2021-12-01,dram_chip,DDR4 8Gb (512Mx16) 2666Mbps,3.56,https://web.archive.org/web/20211201105750id_/https://www.dramexchange.com/
2021-12-01,nand_chip,3D TLC 256Gb,2.809,https://web.archive.org/web/20211201105750id_/https://www.dramexchange.com/
2021-12-01,nand_chip,MLC 32Gb 4GBx8,2.047,https://web.archive.org/web/20211201105750id_/https://www.dramexchange.com/
2021-12-01,nand_chip,MLC 64Gb 8GBx8,2.52,https://web.archive.org/web/20211201105750id_/https://www.dramexchange.com/
2021-12-01,nand_chip,SLC 1Gb 128MBx8,1.129,https://web.archive.org/web/20211201105750id_/https://www.dramexchange.com/
2021-12-01,nand_chip,SLC 2Gb 256MBx8,1.138,https://web.archive.org/web/20211201105750id_/https://www.dramexchange.com/
2021-12-06,dram_module,DDR4 RDIMM 16GB 3200MHz,83.4,https://web.archive.org/web/20211215105722id_/https://www.dramexchange.com/
2021-12-06,dram_module,DDR4 SODIMM 8GB 2666MHz,25.769,https://web.archive.org/web/20211215105722id_/https://www.dramexchange.com/
2021-12-06,dram_module,DDR4 UDIMM 8GB 2666MHz,26.867,https://web.archive.org/web/20211215105722id_/https://www.dramexchange.com/
2021-12-06,nand_wafer,128Gb TLC,1.773,https://web.archive.org/web/20211215105722id_/https://www.dramexchange.com/
2021-12-06,nand_wafer,256Gb TLC,2.057,https://web.archive.org/web/20211215105722id_/https://www.dramexchange.com/
2021-12-06,nand_wafer,512Gb TLC,4.019,https://web.archive.org/web/20211215105722id_/https://www.dramexchange.com/
2021-12-15,dram_chip,DDR3 4Gb 512Mx8 1600/1866Mbps,2.59,https://web.archive.org/web/20211215105722id_/https://www.dramexchange.com/
2021-12-15,dram_chip,DDR4 16Gb (2Gx8) 2666Mbps,7.305,https://web.archive.org/web/20211215105722id_/https://www.dramexchange.com/
2021-12-15,dram_chip,DDR4 16Gb (2Gx8) eTT Mbps,4.818,https://web.archive.org/web/20211215105722id_/https://www.dramexchange.com/
2021-12-15,dram_chip,DDR4 8Gb (1Gx8) 2666Mbps,3.333,https://web.archive.org/web/20211215105722id_/https://www.dramexchange.com/
2021-12-15,dram_chip,DDR4 8Gb (1Gx8) eTT,2.297,https://web.archive.org/web/20211215105722id_/https://www.dramexchange.com/
2021-12-15,dram_chip,DDR4 8Gb (512Mx16) 2666Mbps,3.815,https://web.archive.org/web/20211215105722id_/https://www.dramexchange.com/
2021-12-15,nand_chip,3D TLC 256Gb,2.812,https://web.archive.org/web/20211215105722id_/https://www.dramexchange.com/
2021-12-15,nand_chip,MLC 32Gb 4GBx8,2.047,https://web.archive.org/web/20211215105722id_/https://www.dramexchange.com/
2021-12-15,nand_chip,MLC 64Gb 8GBx8,2.579,https://web.archive.org/web/20211215105722id_/https://www.dramexchange.com/
2021-12-15,nand_chip,SLC 1Gb 128MBx8,1.107,https://web.archive.org/web/20211215105722id_/https://www.dramexchange.com/
2021-12-15,nand_chip,SLC 2Gb 256MBx8,1.134,https://web.archive.org/web/20211215105722id_/https://www.dramexchange.com/
2021-12-20,dram_module,DDR4 RDIMM 16GB 3200MHz,83.5,https://web.archive.org/web/20220101105718id_/https://www.dramexchange.com/
2021-12-20,dram_module,DDR4 SODIMM 8GB 2666MHz,26.946,https://web.archive.org/web/20220101105718id_/https://www.dramexchange.com/
2021-12-20,dram_module,DDR4 UDIMM 8GB 2666MHz,28.367,https://web.archive.org/web/20220101105718id_/https://www.dramexchange.com/
2021-12-20,nand_wafer,128Gb TLC,1.772,https://web.archive.org/web/20220101105718id_/https://www.dramexchange.com/
2021-12-20,nand_wafer,256Gb TLC,2.053,https://web.archive.org/web/20220101105718id_/https://www.dramexchange.com/
2021-12-20,nand_wafer,512Gb TLC,4.015,https://web.archive.org/web/20220101105718id_/https://www.dramexchange.com/
2021-12-31,dram_chip,DDR3 4Gb 512Mx8 1600/1866Mbps,2.696,https://web.archive.org/web/20220101105718id_/https://www.dramexchange.com/
2021-12-31,dram_chip,DDR4 16Gb (2Gx8) 2666Mbps,7.4,https://web.archive.org/web/20220101105718id_/https://www.dramexchange.com/
2021-12-31,dram_chip,DDR4 16Gb (2Gx8) eTT Mbps,5.07,https://web.archive.org/web/20220101105718id_/https://www.dramexchange.com/
2021-12-31,dram_chip,DDR4 8Gb (1Gx8) 2666Mbps,3.636,https://web.archive.org/web/20220101105718id_/https://www.dramexchange.com/
2021-12-31,dram_chip,DDR4 8Gb (1Gx8) eTT,2.464,https://web.archive.org/web/20220101105718id_/https://www.dramexchange.com/
2021-12-31,dram_chip,DDR4 8Gb (512Mx16) 2666Mbps,4.05,https://web.archive.org/web/20220101105718id_/https://www.dramexchange.com/
2021-12-31,nand_chip,3D TLC 256Gb,2.801,https://web.archive.org/web/20220101105718id_/https://www.dramexchange.com/
2021-12-31,nand_chip,MLC 32Gb 4GBx8,2.07,https://web.archive.org/web/20220101105718id_/https://www.dramexchange.com/
2021-12-31,nand_chip,MLC 64Gb 8GBx8,2.847,https://web.archive.org/web/20220101105718id_/https://www.dramexchange.com/
2021-12-31,nand_chip,SLC 1Gb 128MBx8,1.109,https://web.archive.org/web/20220101105718id_/https://www.dramexchange.com/
2021-12-31,nand_chip,SLC 2Gb 256MBx8,1.145,https://web.archive.org/web/20220101105718id_/https://www.dramexchange.com/
2022-01-03,dram_module,DDR4 RDIMM 16GB 3200MHz,85.0,https://web.archive.org/web/20220115105719id_/https://www.dramexchange.com/
2022-01-03,dram_module,DDR4 SODIMM 8GB 2666MHz,27.769,https://web.archive.org/web/20220115105719id_/https://www.dramexchange.com/
2022-01-03,dram_module,DDR4 UDIMM 8GB 2666MHz,28.467,https://web.archive.org/web/20220115105719id_/https://www.dramexchange.com/
2022-01-03,gddr,GDDR5 8GB,8.5,https://web.archive.org/web/20220115105719id_/https://www.dramexchange.com/
2022-01-03,gddr,GDDR6 8GB,12.478,https://web.archive.org/web/20220115105719id_/https://www.dramexchange.com/
2022-01-03,nand_wafer,128Gb TLC,1.78,https://web.archive.org/web/20220115105719id_/https://www.dramexchange.com/
2022-01-03,nand_wafer,256Gb TLC,2.073,https://web.archive.org/web/20220115105719id_/https://www.dramexchange.com/
2022-01-03,nand_wafer,512Gb TLC,4.062,https://web.archive.org/web/20220115105719id_/https://www.dramexchange.com/
2022-01-14,dram_chip,DDR3 4Gb 512Mx8 1600/1866Mbps,2.763,https://web.archive.org/web/20220115105719id_/https://www.dramexchange.com/
2022-01-14,dram_chip,DDR4 16Gb (2Gx8) 2666Mbps,7.644,https://web.archive.org/web/20220115105719id_/https://www.dramexchange.com/
2022-01-14,dram_chip,DDR4 16Gb (2Gx8) eTT Mbps,5.313,https://web.archive.org/web/20220115105719id_/https://www.dramexchange.com/
2022-01-14,dram_chip,DDR4 8Gb (1Gx8) 2666Mbps,3.731,https://web.archive.org/web/20220115105719id_/https://www.dramexchange.com/
2022-01-14,dram_chip,DDR4 8Gb (1Gx8) eTT,2.67,https://web.archive.org/web/20220115105719id_/https://www.dramexchange.com/
2022-01-14,dram_chip,DDR4 8Gb (512Mx16) 2666Mbps,4.073,https://web.archive.org/web/20220115105719id_/https://www.dramexchange.com/
2022-01-14,nand_chip,3D TLC 256Gb,2.815,https://web.archive.org/web/20220115105719id_/https://www.dramexchange.com/
2022-01-14,nand_chip,MLC 32Gb 4GBx8,2.084,https://web.archive.org/web/20220115105719id_/https://www.dramexchange.com/
2022-01-14,nand_chip,MLC 64Gb 8GBx8,3.148,https://web.archive.org/web/20220115105719id_/https://www.dramexchange.com/
2022-01-14,nand_chip,SLC 1Gb 128MBx8,1.123,https://web.archive.org/web/20220115105719id_/https://www.dramexchange.com/
2022-01-14,nand_chip,SLC 2Gb 256MBx8,1.169,https://web.archive.org/web/20220115105719id_/https://www.dramexchange.com/
2022-01-17,dram_module,DDR4 RDIMM 16GB 3200MHz,85.6,https://web.archive.org/web/20220201105721id_/https://www.dramexchange.com/
2022-01-17,dram_module,DDR4 SODIMM 8GB 2666MHz,28.577,https://web.archive.org/web/20220201105721id_/https://www.dramexchange.com/
2022-01-17,dram_module,DDR4 UDIMM 8GB 2666MHz,30.0,https://web.archive.org/web/20220201105721id_/https://www.dramexchange.com/
2022-01-17,gddr,GDDR5 8GB,9.05,https://web.archive.org/web/20220201105721id_/https://www.dramexchange.com/
2022-01-17,gddr,GDDR6 8GB,12.956,https://web.archive.org/web/20220201105721id_/https://www.dramexchange.com/
2022-01-24,nand_wafer,128Gb TLC,1.795,https://web.archive.org/web/20220201105721id_/https://www.dramexchange.com/
2022-01-24,nand_wafer,256Gb TLC,2.093,https://web.archive.org/web/20220201105721id_/https://www.dramexchange.com/
2022-01-24,nand_wafer,512Gb TLC,4.106,https://web.archive.org/web/20220201105721id_/https://www.dramexchange.com/
2022-01-28,dram_chip,DDR3 4Gb 512Mx8 1600/1866Mbps,2.792,https://web.archive.org/web/20220201105721id_/https://www.dramexchange.com/
2022-01-28,dram_chip,DDR4 16Gb (2Gx8) 2666Mbps,7.619,https://web.archive.org/web/20220201105721id_/https://www.dramexchange.com/
2022-01-28,dram_chip,DDR4 16Gb (2Gx8) eTT Mbps,5.515,https://web.archive.org/web/20220201105721id_/https://www.dramexchange.com/
2022-01-28,dram_chip,DDR4 8Gb (1Gx8) 2666Mbps,3.762,https://web.archive.org/web/20220201105721id_/https://www.dramexchange.com/
2022-01-28,dram_chip,DDR4 8Gb (1Gx8) eTT,2.768,https://web.archive.org/web/20220201105721id_/https://www.dramexchange.com/
2022-01-28,dram_chip,DDR4 8Gb (512Mx16) 2666Mbps,3.997,https://web.archive.org/web/20220201105721id_/https://www.dramexchange.com/
2022-01-28,nand_chip,3D TLC 256Gb,2.906,https://web.archive.org/web/20220201105721id_/https://www.dramexchange.com/
2022-01-28,nand_chip,MLC 32Gb 4GBx8,2.084,https://web.archive.org/web/20220201105721id_/https://www.dramexchange.com/
2022-01-28,nand_chip,MLC 64Gb 8GBx8,3.332,https://web.archive.org/web/20220201105721id_/https://www.dramexchange.com/
2022-01-28,nand_chip,SLC 1Gb 128MBx8,1.111,https://web.archive.org/web/20220201105721id_/https://www.dramexchange.com/
2022-01-28,nand_chip,SLC 2Gb 256MBx8,1.17,https://web.archive.org/web/20220201105721id_/https://www.dramexchange.com/
2022-02-07,dram_module,DDR4 RDIMM 16GB 3200MHz,83.5,https://web.archive.org/web/20220215120924id_/https://www.dramexchange.com/
2022-02-07,dram_module,DDR4 SODIMM 8GB 2666MHz,28.865,https://web.archive.org/web/20220215120924id_/https://www.dramexchange.com/
2022-02-07,dram_module,DDR4 UDIMM 8GB 2666MHz,30.133,https://web.archive.org/web/20220215120924id_/https://www.dramexchange.com/
2022-02-07,gddr,GDDR5 8GB,9.233,https://web.archive.org/web/20220215120924id_/https://www.dramexchange.com/
2022-02-07,gddr,GDDR6 8GB,12.3,https://web.archive.org/web/20220215120924id_/https://www.dramexchange.com/
2022-02-07,nand_wafer,128Gb TLC,1.795,https://web.archive.org/web/20220215120924id_/https://www.dramexchange.com/
2022-02-07,nand_wafer,256Gb TLC,2.093,https://web.archive.org/web/20220215120924id_/https://www.dramexchange.com/
2022-02-07,nand_wafer,512Gb TLC,4.106,https://web.archive.org/web/20220215120924id_/https://www.dramexchange.com/
2022-02-15,dram_chip,DDR3 4Gb 512Mx8 1600/1866Mbps,2.814,https://web.archive.org/web/20220215120924id_/https://www.dramexchange.com/
2022-02-15,dram_chip,DDR4 16Gb (2Gx8) 2666Mbps,7.738,https://web.archive.org/web/20220215120924id_/https://www.dramexchange.com/
2022-02-15,dram_chip,DDR4 16Gb (2Gx8) eTT Mbps,5.76,https://web.archive.org/web/20220215120924id_/https://www.dramexchange.com/
2022-02-15,dram_chip,DDR4 8Gb (1Gx8) 2666Mbps,3.864,https://web.archive.org/web/20220215120924id_/https://www.dramexchange.com/
2022-02-15,dram_chip,DDR4 8Gb (1Gx8) eTT,2.905,https://web.archive.org/web/20220215120924id_/https://www.dramexchange.com/
2022-02-15,dram_chip,DDR4 8Gb (512Mx16) 2666Mbps,4.0,https://web.archive.org/web/20220215120924id_/https://www.dramexchange.com/
2022-02-15,nand_chip,3D TLC 256Gb,2.993,https://web.archive.org/web/20220215120924id_/https://www.dramexchange.com/
2022-02-15,nand_chip,MLC 32Gb 4GBx8,2.089,https://web.archive.org/web/20220215120924id_/https://www.dramexchange.com/
2022-02-15,nand_chip,MLC 64Gb 8GBx8,3.337,https://web.archive.org/web/20220215120924id_/https://www.dramexchange.com/
2022-02-15,nand_chip,SLC 1Gb 128MBx8,1.128,https://web.archive.org/web/20220215120924id_/https://www.dramexchange.com/
2022-02-15,nand_chip,SLC 2Gb 256MBx8,1.188,https://web.archive.org/web/20220215120924id_/https://www.dramexchange.com/
2022-02-21,gddr,GDDR5 8Gb,9.767,https://web.archive.org/web/20220301105358id_/https://www.dramexchange.com/
2022-02-21,gddr,GDDR6 8Gb,12.306,https://web.archive.org/web/20220301105358id_/https://www.dramexchange.com/
2022-02-21,nand_wafer,128Gb TLC,1.881,https://web.archive.org/web/20220301105358id_/https://www.dramexchange.com/
2022-02-21,nand_wafer,256Gb TLC,2.293,https://web.archive.org/web/20220301105358id_/https://www.dramexchange.com/
2022-02-21,nand_wafer,512Gb TLC,4.454,https://web.archive.org/web/20220301105358id_/https://www.dramexchange.com/
2022-02-28,dram_module,DDR4 RDIMM 16GB 3200MHz,84.0,https://web.archive.org/web/20220301105358id_/https://www.dramexchange.com/
2022-02-28,dram_module,DDR4 SODIMM 8GB 2666MHz,30.115,https://web.archive.org/web/20220301105358id_/https://www.dramexchange.com/
2022-02-28,dram_module,DDR4 UDIMM 8GB 2666MHz,31.067,https://web.archive.org/web/20220301105358id_/https://www.dramexchange.com/
2022-03-01,dram_chip,DDR3 4Gb 512Mx8 1600/1866Mbps,2.848,https://web.archive.org/web/20220301105358id_/https://www.dramexchange.com/
2022-03-01,dram_chip,DDR4 16Gb (2Gx8) 2666Mbps,7.87,https://web.archive.org/web/20220301105358id_/https://www.dramexchange.com/
2022-03-01,dram_chip,DDR4 16Gb (2Gx8) eTT Mbps,6.025,https://web.archive.org/web/20220301105358id_/https://www.dramexchange.com/
2022-03-01,dram_chip,DDR4 8Gb (1Gx8) 2666Mbps,3.931,https://web.archive.org/web/20220301105358id_/https://www.dramexchange.com/
2022-03-01,dram_chip,DDR4 8Gb (1Gx8) eTT,2.992,https://web.archive.org/web/20220301105358id_/https://www.dramexchange.com/
2022-03-01,dram_chip,DDR4 8Gb (512Mx16) 2666Mbps,4.303,https://web.archive.org/web/20220301105358id_/https://www.dramexchange.com/
2022-03-01,nand_chip,3D TLC 256Gb,3.072,https://web.archive.org/web/20220301105358id_/https://www.dramexchange.com/
2022-03-01,nand_chip,MLC 32Gb 4GBx8,2.113,https://web.archive.org/web/20220301105358id_/https://www.dramexchange.com/
2022-03-01,nand_chip,MLC 64Gb 8GBx8,3.567,https://web.archive.org/web/20220301105358id_/https://www.dramexchange.com/
2022-03-01,nand_chip,SLC 1Gb 128MBx8,1.126,https://web.archive.org/web/20220301105358id_/https://www.dramexchange.com/
2022-03-01,nand_chip,SLC 2Gb 256MBx8,1.235,https://web.archive.org/web/20220301105358id_/https://www.dramexchange.com/
2022-03-07,dram_module,DDR4 RDIMM 16GB 3200MHz,83.8,https://web.archive.org/web/20220315095751id_/https://www.dramexchange.com/
2022-03-07,dram_module,DDR4 SODIMM 8GB 2666MHz,30.962,https://web.archive.org/web/20220315095751id_/https://www.dramexchange.com/
2022-03-07,dram_module,DDR4 UDIMM 8GB 2666MHz,31.867,https://web.archive.org/web/20220315095751id_/https://www.dramexchange.com/
2022-03-07,gddr,GDDR5 8Gb,9.717,https://web.archive.org/web/20220315095751id_/https://www.dramexchange.com/
2022-03-07,gddr,GDDR6 8Gb,11.411,https://web.archive.org/web/20220315095751id_/https://www.dramexchange.com/
2022-03-07,nand_wafer,128Gb TLC,1.903,https://web.archive.org/web/20220315095751id_/https://www.dramexchange.com/
2022-03-07,nand_wafer,256Gb TLC,2.353,https://web.archive.org/web/20220315095751id_/https://www.dramexchange.com/
2022-03-07,nand_wafer,512Gb TLC,4.552,https://web.archive.org/web/20220315095751id_/https://www.dramexchange.com/
2022-03-15,dram_chip,DDR3 4Gb 512Mx8 1600/1866Mbps,2.806,https://web.archive.org/web/20220315095751id_/https://www.dramexchange.com/
2022-03-15,dram_chip,DDR4 16Gb (2Gx8) 2666Mbps,7.763,https://web.archive.org/web/20220315095751id_/https://www.dramexchange.com/
2022-03-15,dram_chip,DDR4 16Gb (2Gx8) eTT Mbps,5.88,https://web.archive.org/web/20220315095751id_/https://www.dramexchange.com/
2022-03-15,dram_chip,DDR4 8Gb (1Gx8) 2666Mbps,3.889,https://web.archive.org/web/20220315095751id_/https://www.dramexchange.com/
2022-03-15,dram_chip,DDR4 8Gb (1Gx8) eTT,2.891,https://web.archive.org/web/20220315095751id_/https://www.dramexchange.com/
2022-03-15,dram_chip,DDR4 8Gb (512Mx16) 2666Mbps,4.133,https://web.archive.org/web/20220315095751id_/https://www.dramexchange.com/
2022-03-15,nand_chip,3D TLC 256Gb,3.062,https://web.archive.org/web/20220315095751id_/https://www.dramexchange.com/
2022-03-15,nand_chip,MLC 32Gb 4GBx8,2.136,https://web.archive.org/web/20220315095751id_/https://www.dramexchange.com/
2022-03-15,nand_chip,MLC 64Gb 8GBx8,3.976,https://web.archive.org/web/20220315095751id_/https://www.dramexchange.com/
2022-03-15,nand_chip,SLC 1Gb 128MBx8,1.156,https://web.archive.org/web/20220315095751id_/https://www.dramexchange.com/
2022-03-15,nand_chip,SLC 2Gb 256MBx8,1.266,https://web.archive.org/web/20220315095751id_/https://www.dramexchange.com/
2022-03-21,dram_module,DDR4 RDIMM 16GB 3200MHz,83.5,https://web.archive.org/web/20220401095814id_/https://www.dramexchange.com/
2022-03-21,dram_module,DDR4 SODIMM 8GB 2666MHz,31.231,https://web.archive.org/web/20220401095814id_/https://www.dramexchange.com/
2022-03-21,dram_module,DDR4 UDIMM 8GB 2666MHz,31.9,https://web.archive.org/web/20220401095814id_/https://www.dramexchange.com/
2022-03-21,gddr,GDDR5 8Gb,8.583,https://web.archive.org/web/20220401095814id_/https://www.dramexchange.com/
2022-03-21,gddr,GDDR6 8Gb,10.844,https://web.archive.org/web/20220401095814id_/https://www.dramexchange.com/
2022-03-21,nand_wafer,128Gb TLC,1.898,https://web.archive.org/web/20220401095814id_/https://www.dramexchange.com/
2022-03-21,nand_wafer,256Gb TLC,2.369,https://web.archive.org/web/20220401095814id_/https://www.dramexchange.com/
2022-03-21,nand_wafer,512Gb TLC,4.574,https://web.archive.org/web/20220401095814id_/https://www.dramexchange.com/
2022-04-01,dram_chip,DDR3 4Gb 512Mx8 1600/1866Mbps,2.695,https://web.archive.org/web/20220401095814id_/https://www.dramexchange.com/
2022-04-01,dram_chip,DDR4 16Gb (2Gx8) 2666Mbps,7.238,https://web.archive.org/web/20220401095814id_/https://www.dramexchange.com/
2022-04-01,dram_chip,DDR4 16Gb (2Gx8) eTT Mbps,5.698,https://web.archive.org/web/20220401095814id_/https://www.dramexchange.com/
2022-04-01,dram_chip,DDR4 8Gb (1Gx8) 2666Mbps,3.746,https://web.archive.org/web/20220401095814id_/https://www.dramexchange.com/
2022-04-01,dram_chip,DDR4 8Gb (1Gx8) eTT,2.757,https://web.archive.org/web/20220401095814id_/https://www.dramexchange.com/
2022-04-01,dram_chip,DDR4 8Gb (512Mx16) 2666Mbps,3.963,https://web.archive.org/web/20220401095814id_/https://www.dramexchange.com/
2022-04-01,nand_chip,3D TLC 256Gb,3.023,https://web.archive.org/web/20220401095814id_/https://www.dramexchange.com/
2022-04-01,nand_chip,MLC 32Gb 4GBx8,2.136,https://web.archive.org/web/20220401095814id_/https://www.dramexchange.com/
2022-04-01,nand_chip,MLC 64Gb 8GBx8,3.98,https://web.archive.org/web/20220401095814id_/https://www.dramexchange.com/
2022-04-01,nand_chip,SLC 1Gb 128MBx8,1.151,https://web.archive.org/web/20220401095814id_/https://www.dramexchange.com/
2022-04-01,nand_chip,SLC 2Gb 256MBx8,1.294,https://web.archive.org/web/20220401095814id_/https://www.dramexchange.com/
2022-04-06,dram_module,DDR4 RDIMM 16GB 3200MHz,82.5,https://web.archive.org/web/20220415095717id_/https://www.dramexchange.com/
2022-04-06,dram_module,DDR4 SODIMM 8GB 2666MHz,30.569,https://web.archive.org/web/20220415095717id_/https://www.dramexchange.com/
2022-04-06,dram_module,DDR4 UDIMM 8GB 2666MHz,30.433,https://web.archive.org/web/20220415095717id_/https://www.dramexchange.com/
2022-04-06,gddr,GDDR5 8Gb,8.267,https://web.archive.org/web/20220415095717id_/https://www.dramexchange.com/
2022-04-06,gddr,GDDR6 8Gb,9.5,https://web.archive.org/web/20220415095717id_/https://www.dramexchange.com/
2022-04-06,nand_wafer,128Gb TLC,1.878,https://web.archive.org/web/20220415095717id_/https://www.dramexchange.com/
2022-04-06,nand_wafer,256Gb TLC,2.332,https://web.archive.org/web/20220415095717id_/https://www.dramexchange.com/
2022-04-06,nand_wafer,512Gb TLC,4.476,https://web.archive.org/web/20220415095717id_/https://www.dramexchange.com/
2022-04-15,dram_chip,DDR3 4Gb 512Mx8 1600/1866Mbps,2.646,https://web.archive.org/web/20220415095717id_/https://www.dramexchange.com/
2022-04-15,dram_chip,DDR4 16Gb (2Gx8) 2666Mbps,6.98,https://web.archive.org/web/20220415095717id_/https://www.dramexchange.com/
2022-04-15,dram_chip,DDR4 16Gb (2Gx8) eTT Mbps,5.386,https://web.archive.org/web/20220415095717id_/https://www.dramexchange.com/
2022-04-15,dram_chip,DDR4 8Gb (1Gx8) 2666Mbps,3.628,https://web.archive.org/web/20220415095717id_/https://www.dramexchange.com/
2022-04-15,dram_chip,DDR4 8Gb (1Gx8) eTT,2.597,https://web.archive.org/web/20220415095717id_/https://www.dramexchange.com/
2022-04-15,dram_chip,DDR4 8Gb (512Mx16) 2666Mbps,3.827,https://web.archive.org/web/20220415095717id_/https://www.dramexchange.com/
2022-04-15,nand_chip,3D TLC 256Gb,2.944,https://web.archive.org/web/20220415095717id_/https://www.dramexchange.com/
2022-04-15,nand_chip,MLC 32Gb 4GBx8,2.136,https://web.archive.org/web/20220415095717id_/https://www.dramexchange.com/
2022-04-15,nand_chip,MLC 64Gb 8GBx8,3.965,https://web.archive.org/web/20220415095717id_/https://www.dramexchange.com/
2022-04-15,nand_chip,SLC 1Gb 128MBx8,1.145,https://web.archive.org/web/20220415095717id_/https://www.dramexchange.com/
2022-04-15,nand_chip,SLC 2Gb 256MBx8,1.3,https://web.archive.org/web/20220415095717id_/https://www.dramexchange.com/
2022-04-18,dram_module,DDR4 RDIMM 16GB 3200MHz,81.5,https://web.archive.org/web/20220501095716id_/https://www.dramexchange.com/
2022-04-18,dram_module,DDR4 SODIMM 8GB 2666MHz,27.769,https://web.archive.org/web/20220501095716id_/https://www.dramexchange.com/
2022-04-18,dram_module,DDR4 UDIMM 8GB 2666MHz,27.844,https://web.archive.org/web/20220501095716id_/https://www.dramexchange.com/
2022-04-18,gddr,GDDR5 8Gb,8.323,https://web.archive.org/web/20220501095716id_/https://www.dramexchange.com/
2022-04-18,gddr,GDDR6 8Gb,9.244,https://web.archive.org/web/20220501095716id_/https://www.dramexchange.com/
2022-04-18,nand_wafer,128Gb TLC,1.878,https://web.archive.org/web/20220501095716id_/https://www.dramexchange.com/
2022-04-18,nand_wafer,256Gb TLC,2.295,https://web.archive.org/web/20220501095716id_/https://www.dramexchange.com/
2022-04-18,nand_wafer,512Gb TLC,4.405,https://web.archive.org/web/20220501095716id_/https://www.dramexchange.com/
2022-04-29,dram_chip,DDR3 4Gb 512Mx8 1600/1866Mbps,2.513,https://web.archive.org/web/20220501095716id_/https://www.dramexchange.com/
2022-04-29,dram_chip,DDR4 16Gb (2Gx8) 2666Mbps,6.799,https://web.archive.org/web/20220501095716id_/https://www.dramexchange.com/
2022-04-29,dram_chip,DDR4 16Gb (2Gx8) eTT Mbps,4.953,https://web.archive.org/web/20220501095716id_/https://www.dramexchange.com/
2022-04-29,dram_chip,DDR4 8Gb (1Gx8) 2666Mbps,3.47,https://web.archive.org/web/20220501095716id_/https://www.dramexchange.com/
2022-04-29,dram_chip,DDR4 8Gb (1Gx8) eTT,2.4,https://web.archive.org/web/20220501095716id_/https://www.dramexchange.com/
2022-04-29,dram_chip,DDR4 8Gb (512Mx16) 2666Mbps,3.6,https://web.archive.org/web/20220501095716id_/https://www.dramexchange.com/
2022-04-29,nand_chip,3D TLC 256Gb,2.829,https://web.archive.org/web/20220501095716id_/https://www.dramexchange.com/
2022-04-29,nand_chip,MLC 32Gb 4GBx8,2.156,https://web.archive.org/web/20220501095716id_/https://www.dramexchange.com/
2022-04-29,nand_chip,MLC 64Gb 8GBx8,3.988,https://web.archive.org/web/20220501095716id_/https://www.dramexchange.com/
2022-04-29,nand_chip,SLC 1Gb 128MBx8,1.161,https://web.archive.org/web/20220501095716id_/https://www.dramexchange.com/
2022-04-29,nand_chip,SLC 2Gb 256MBx8,1.292,https://web.archive.org/web/20220501095716id_/https://www.dramexchange.com/
2022-05-03,dram_module,DDR4 RDIMM 16GB 3200MHz,79.5,https://web.archive.org/web/20220515095716id_/https://www.dramexchange.com/
2022-05-03,dram_module,DDR4 SODIMM 8GB 2666MHz,26.538,https://web.archive.org/web/20220515095716id_/https://www.dramexchange.com/
2022-05-03,dram_module,DDR4 UDIMM 8GB 2666MHz,27.081,https://web.archive.org/web/20220515095716id_/https://www.dramexchange.com/
2022-05-03,gddr,GDDR5 8Gb,8.05,https://web.archive.org/web/20220515095716id_/https://www.dramexchange.com/
2022-05-03,gddr,GDDR6 8Gb,9.067,https://web.archive.org/web/20220515095716id_/https://www.dramexchange.com/
2022-05-03,nand_wafer,128Gb TLC,1.868,https://web.archive.org/web/20220515095716id_/https://www.dramexchange.com/
2022-05-03,nand_wafer,256Gb TLC,2.232,https://web.archive.org/web/20220515095716id_/https://www.dramexchange.com/
2022-05-03,nand_wafer,512Gb TLC,4.303,https://web.archive.org/web/20220515095716id_/https://www.dramexchange.com/
2022-05-13,dram_chip,DDR3 4Gb 512Mx8 1600/1866Mbps,2.424,https://web.archive.org/web/20220515095716id_/https://www.dramexchange.com/
2022-05-13,dram_chip,DDR4 16Gb (2Gx8) 2666Mbps,6.712,https://web.archive.org/web/20220515095716id_/https://www.dramexchange.com/
2022-05-13,dram_chip,DDR4 16Gb (2Gx8) eTT Mbps,4.683,https://web.archive.org/web/20220515095716id_/https://www.dramexchange.com/
2022-05-13,dram_chip,DDR4 8Gb (1Gx8) 2666Mbps,3.433,https://web.archive.org/web/20220515095716id_/https://www.dramexchange.com/
2022-05-13,dram_chip,DDR4 8Gb (1Gx8) eTT,2.318,https://web.archive.org/web/20220515095716id_/https://www.dramexchange.com/
2022-05-13,dram_chip,DDR4 8Gb (512Mx16) 2666Mbps,3.53,https://web.archive.org/web/20220515095716id_/https://www.dramexchange.com/
2022-05-13,nand_chip,3D TLC 256Gb,2.799,https://web.archive.org/web/20220515095716id_/https://www.dramexchange.com/
2022-05-13,nand_chip,MLC 32Gb 4GBx8,2.155,https://web.archive.org/web/20220515095716id_/https://www.dramexchange.com/
2022-05-13,nand_chip,MLC 64Gb 8GBx8,3.988,https://web.archive.org/web/20220515095716id_/https://www.dramexchange.com/
2022-05-13,nand_chip,SLC 1Gb 128MBx8,1.179,https://web.archive.org/web/20220515095716id_/https://www.dramexchange.com/
2022-05-13,nand_chip,SLC 2Gb 256MBx8,1.345,https://web.archive.org/web/20220515095716id_/https://www.dramexchange.com/
2022-05-23,dram_module,DDR4 RDIMM 16GB 3200MHz,78.2,https://web.archive.org/web/20220601080044id_/https://www.dramexchange.com/
2022-05-23,dram_module,DDR4 SODIMM 8GB 2666MHz,25.725,https://web.archive.org/web/20220601080044id_/https://www.dramexchange.com/
2022-05-23,dram_module,DDR4 UDIMM 8GB 2666MHz,25.733,https://web.archive.org/web/20220601080044id_/https://www.dramexchange.com/
2022-05-23,gddr,GDDR5 8Gb,7.55,https://web.archive.org/web/20220601080044id_/https://www.dramexchange.com/
2022-05-23,gddr,GDDR6 8Gb,8.487,https://web.archive.org/web/20220601080044id_/https://www.dramexchange.com/
2022-05-23,nand_wafer,128Gb TLC,1.855,https://web.archive.org/web/20220601080044id_/https://www.dramexchange.com/
2022-05-23,nand_wafer,256Gb TLC,2.17,https://web.archive.org/web/20220601080044id_/https://www.dramexchange.com/
2022-05-23,nand_wafer,512Gb TLC,4.201,https://web.archive.org/web/20220601080044id_/https://www.dramexchange.com/
2022-06-01,dram_chip,DDR3 4Gb 512Mx8 1600/1866Mbps,2.382,https://web.archive.org/web/20220601080044id_/https://www.dramexchange.com/
2022-06-01,dram_chip,DDR4 16Gb (2Gx8) 2666Mbps,6.632,https://web.archive.org/web/20220601080044id_/https://www.dramexchange.com/
2022-06-01,dram_chip,DDR4 16Gb (2Gx8) eTT Mbps,4.569,https://web.archive.org/web/20220601080044id_/https://www.dramexchange.com/
2022-06-01,dram_chip,DDR4 8Gb (1Gx8) 2666Mbps,3.385,https://web.archive.org/web/20220601080044id_/https://www.dramexchange.com/
2022-06-01,dram_chip,DDR4 8Gb (1Gx8) eTT,2.24,https://web.archive.org/web/20220601080044id_/https://www.dramexchange.com/
2022-06-01,dram_chip,DDR4 8Gb (512Mx16) 2666Mbps,3.44,https://web.archive.org/web/20220601080044id_/https://www.dramexchange.com/
2022-06-01,nand_chip,3D TLC 256Gb,2.722,https://web.archive.org/web/20220601080044id_/https://www.dramexchange.com/
2022-06-01,nand_chip,MLC 32Gb 4GBx8,2.16,https://web.archive.org/web/20220601080044id_/https://www.dramexchange.com/
2022-06-01,nand_chip,MLC 64Gb 8GBx8,4.029,https://web.archive.org/web/20220601080044id_/https://www.dramexchange.com/
2022-06-01,nand_chip,SLC 1Gb 128MBx8,1.158,https://web.archive.org/web/20220601080044id_/https://www.dramexchange.com/
2022-06-01,nand_chip,SLC 2Gb 256MBx8,1.355,https://web.archive.org/web/20220601080044id_/https://www.dramexchange.com/
2022-06-06,dram_module,DDR4 RDIMM 16GB 3200MHz,77.7,https://web.archive.org/web/20220615045334id_/https://www.dramexchange.com/
2022-06-06,dram_module,DDR4 SODIMM 8GB 2666MHz,25.828,https://web.archive.org/web/20220615045334id_/https://www.dramexchange.com/
2022-06-06,dram_module,DDR4 UDIMM 8GB 2666MHz,25.603,https://web.archive.org/web/20220615045334id_/https://www.dramexchange.com/
2022-06-06,gddr,GDDR5 8Gb,7.267,https://web.archive.org/web/20220615045334id_/https://www.dramexchange.com/
2022-06-06,gddr,GDDR6 8Gb,8.137,https://web.archive.org/web/20220615045334id_/https://www.dramexchange.com/
2022-06-06,nand_wafer,128Gb TLC,1.838,https://web.archive.org/web/20220615045334id_/https://www.dramexchange.com/
2022-06-06,nand_wafer,256Gb TLC,2.076,https://web.archive.org/web/20220615045334id_/https://www.dramexchange.com/
2022-06-06,nand_wafer,512Gb TLC,4.063,https://web.archive.org/web/20220615045334id_/https://www.dramexchange.com/
2022-06-15,dram_chip,DDR3 4Gb 512Mx8 1600/1866Mbps,2.353,https://web.archive.org/web/20220615045334id_/https://www.dramexchange.com/
2022-06-15,dram_chip,DDR4 16Gb (2Gx8) 2666Mbps,6.598,https://web.archive.org/web/20220615045334id_/https://www.dramexchange.com/
2022-06-15,dram_chip,DDR4 16Gb (2Gx8) eTT Mbps,4.517,https://web.archive.org/web/20220615045334id_/https://www.dramexchange.com/
2022-06-15,dram_chip,DDR4 8Gb (1Gx8) 2666Mbps,3.427,https://web.archive.org/web/20220615045334id_/https://www.dramexchange.com/
2022-06-15,dram_chip,DDR4 8Gb (1Gx8) eTT,2.202,https://web.archive.org/web/20220615045334id_/https://www.dramexchange.com/
2022-06-15,dram_chip,DDR4 8Gb (512Mx16) 2666Mbps,3.374,https://web.archive.org/web/20220615045334id_/https://www.dramexchange.com/
2022-06-15,nand_chip,3D TLC 256Gb,2.679,https://web.archive.org/web/20220615045334id_/https://www.dramexchange.com/
2022-06-15,nand_chip,MLC 32Gb 4GBx8,2.159,https://web.archive.org/web/20220615045334id_/https://www.dramexchange.com/
2022-06-15,nand_chip,MLC 64Gb 8GBx8,4.034,https://web.archive.org/web/20220615045334id_/https://www.dramexchange.com/
2022-06-15,nand_chip,SLC 1Gb 128MBx8,1.157,https://web.archive.org/web/20220615045334id_/https://www.dramexchange.com/
2022-06-15,nand_chip,SLC 2Gb 256MBx8,1.28,https://web.archive.org/web/20220615045334id_/https://www.dramexchange.com/
2022-06-20,dram_module,DDR4 RDIMM 16GB 3200,76.2,https://web.archive.org/web/20220701045221id_/https://www.dramexchange.com/
2022-06-20,dram_module,DDR4 SODIMM 8GB 2666,24.342,https://web.archive.org/web/20220701045221id_/https://www.dramexchange.com/
2022-06-20,dram_module,DDR4 UDIMM 8GB 2666,25.077,https://web.archive.org/web/20220701045221id_/https://www.dramexchange.com/
2022-06-20,gddr,GDDR5 8Gb,7.183,https://web.archive.org/web/20220701045221id_/https://www.dramexchange.com/
2022-06-20,gddr,GDDR6 8Gb,7.6,https://web.archive.org/web/20220701045221id_/https://www.dramexchange.com/
2022-06-20,nand_wafer,128Gb TLC,1.809,https://web.archive.org/web/20220701045221id_/https://www.dramexchange.com/
2022-06-20,nand_wafer,256Gb TLC,1.968,https://web.archive.org/web/20220701045221id_/https://www.dramexchange.com/
2022-06-20,nand_wafer,512Gb TLC,3.82,https://web.archive.org/web/20220701045221id_/https://www.dramexchange.com/
2022-07-01,dram_chip,DDR3 4Gb 512Mx8 1600/1866,2.308,https://web.archive.org/web/20220701045221id_/https://www.dramexchange.com/
2022-07-01,dram_chip,DDR4 16Gb (2Gx8) 2666,6.547,https://web.archive.org/web/20220701045221id_/https://www.dramexchange.com/
2022-07-01,dram_chip,DDR4 16Gb (2Gx8) eTT,4.417,https://web.archive.org/web/20220701045221id_/https://www.dramexchange.com/
2022-07-01,dram_chip,DDR4 8Gb (1Gx8) 2666,3.267,https://web.archive.org/web/20220701045221id_/https://www.dramexchange.com/
2022-07-01,dram_chip,DDR4 8Gb (1Gx8) eTT,2.15,https://web.archive.org/web/20220701045221id_/https://www.dramexchange.com/
2022-07-01,dram_chip,DDR4 8Gb (512Mx16) 2666,3.105,https://web.archive.org/web/20220701045221id_/https://www.dramexchange.com/
2022-07-01,nand_chip,3D TLC 256Gb,2.61,https://web.archive.org/web/20220701045221id_/https://www.dramexchange.com/
2022-07-01,nand_chip,MLC 32Gb 4GBx8,2.159,https://web.archive.org/web/20220701045221id_/https://www.dramexchange.com/
2022-07-01,nand_chip,MLC 64Gb 8GBx8,4.029,https://web.archive.org/web/20220701045221id_/https://www.dramexchange.com/
2022-07-01,nand_chip,SLC 1Gb 128MBx8,1.155,https://web.archive.org/web/20220701045221id_/https://www.dramexchange.com/
2022-07-01,nand_chip,SLC 2Gb 256MBx8,1.261,https://web.archive.org/web/20220701045221id_/https://www.dramexchange.com/
2022-07-04,dram_module,DDR4 RDIMM 16GB 3200,76.1,https://web.archive.org/web/20220715042101id_/https://www.dramexchange.com/
2022-07-04,dram_module,DDR4 SODIMM 8GB 2666,23.251,https://web.archive.org/web/20220715042101id_/https://www.dramexchange.com/
2022-07-04,dram_module,DDR4 UDIMM 8GB 2666,23.859,https://web.archive.org/web/20220715042101id_/https://www.dramexchange.com/
2022-07-04,gddr,GDDR5 8Gb,7.054,https://web.archive.org/web/20220715042101id_/https://www.dramexchange.com/
2022-07-04,gddr,GDDR6 8Gb,7.521,https://web.archive.org/web/20220715042101id_/https://www.dramexchange.com/
2022-07-04,nand_wafer,128Gb TLC,1.743,https://web.archive.org/web/20220715042101id_/https://www.dramexchange.com/
2022-07-04,nand_wafer,256Gb TLC,1.814,https://web.archive.org/web/20220715042101id_/https://www.dramexchange.com/
2022-07-04,nand_wafer,512Gb TLC,3.378,https://web.archive.org/web/20220715042101id_/https://www.dramexchange.com/
2022-07-15,dram_chip,DDR3 4Gb 512Mx8 1600/1866,2.235,https://web.archive.org/web/20220715042101id_/https://www.dramexchange.com/
2022-07-15,dram_chip,DDR4 16Gb (2Gx8) 2666,6.457,https://web.archive.org/web/20220715042101id_/https://www.dramexchange.com/
2022-07-15,dram_chip,DDR4 16Gb (2Gx8) eTT,4.14,https://web.archive.org/web/20220715042101id_/https://www.dramexchange.com/
2022-07-15,dram_chip,DDR4 8Gb (1Gx8) 2666,3.121,https://web.archive.org/web/20220715042101id_/https://www.dramexchange.com/
2022-07-15,dram_chip,DDR4 8Gb (1Gx8) eTT,1.992,https://web.archive.org/web/20220715042101id_/https://www.dramexchange.com/
2022-07-15,dram_chip,DDR4 8Gb (512Mx16) 2666,2.954,https://web.archive.org/web/20220715042101id_/https://www.dramexchange.com/
2022-07-15,nand_chip,3D TLC 256Gb,2.564,https://web.archive.org/web/20220715042101id_/https://www.dramexchange.com/
2022-07-15,nand_chip,MLC 32Gb 4GBx8,2.159,https://web.archive.org/web/20220715042101id_/https://www.dramexchange.com/
2022-07-15,nand_chip,MLC 64Gb 8GBx8,4.032,https://web.archive.org/web/20220715042101id_/https://www.dramexchange.com/
2022-07-15,nand_chip,SLC 1Gb 128MBx8,1.153,https://web.archive.org/web/20220715042101id_/https://www.dramexchange.com/
2022-07-15,nand_chip,SLC 2Gb 256MBx8,1.267,https://web.archive.org/web/20220715042101id_/https://www.dramexchange.com/
2022-07-18,gddr,GDDR5 8Gb,6.723,https://web.archive.org/web/20220801062206id_/https://www.dramexchange.com/
2022-07-18,gddr,GDDR6 8Gb,6.968,https://web.archive.org/web/20220801062206id_/https://www.dramexchange.com/
2022-07-25,dram_module,DDR4 RDIMM 16GB 3200,75.0,https://web.archive.org/web/20220801062206id_/https://www.dramexchange.com/
2022-07-25,dram_module,DDR4 SODIMM 8GB 2666,22.617,https://web.archive.org/web/20220801062206id_/https://www.dramexchange.com/
2022-07-25,dram_module,DDR4 UDIMM 8GB 2666,22.638,https://web.archive.org/web/20220801062206id_/https://www.dramexchange.com/
2022-07-25,nand_wafer,128Gb TLC,1.723,https://web.archive.org/web/20220801062206id_/https://www.dramexchange.com/
2022-07-25,nand_wafer,256Gb TLC,1.787,https://web.archive.org/web/20220801062206id_/https://www.dramexchange.com/
2022-07-25,nand_wafer,512Gb TLC,3.093,https://web.archive.org/web/20220801062206id_/https://www.dramexchange.com/
2022-08-01,dram_chip,DDR3 4Gb 512Mx8 1600/1866,2.147,https://web.archive.org/web/20220801062206id_/https://www.dramexchange.com/
2022-08-01,dram_chip,DDR4 16Gb (2Gx8) 2666,6.2,https://web.archive.org/web/20220801062206id_/https://www.dramexchange.com/
2022-08-01,dram_chip,DDR4 16Gb (2Gx8) eTT,3.917,https://web.archive.org/web/20220801062206id_/https://www.dramexchange.com/
2022-08-01,dram_chip,DDR4 8Gb (1Gx8) 2666,2.938,https://web.archive.org/web/20220801062206id_/https://www.dramexchange.com/
2022-08-01,dram_chip,DDR4 8Gb (1Gx8) eTT,1.887,https://web.archive.org/web/20220801062206id_/https://www.dramexchange.com/
2022-08-01,dram_chip,DDR4 8Gb (512Mx16) 2666,2.817,https://web.archive.org/web/20220801062206id_/https://www.dramexchange.com/
2022-08-01,nand_chip,3D TLC 256Gb,2.526,https://web.archive.org/web/20220801062206id_/https://www.dramexchange.com/
2022-08-01,nand_chip,MLC 32Gb 4GBx8,2.161,https://web.archive.org/web/20220801062206id_/https://www.dramexchange.com/
2022-08-01,nand_chip,MLC 64Gb 8GBx8,4.026,https://web.archive.org/web/20220801062206id_/https://www.dramexchange.com/
2022-08-01,nand_chip,SLC 1Gb 128MBx8,1.132,https://web.archive.org/web/20220801062206id_/https://www.dramexchange.com/
2022-08-01,nand_chip,SLC 2Gb 256MBx8,1.268,https://web.archive.org/web/20220801062206id_/https://www.dramexchange.com/
2022-08-08,dram_module,DDR4 RDIMM 16GB 3200,71.0,https://web.archive.org/web/20220815121111id_/https://www.dramexchange.com/
2022-08-08,dram_module,DDR4 SODIMM 8GB 2666,22.24,https://web.archive.org/web/20220815121111id_/https://www.dramexchange.com/
2022-08-08,dram_module,DDR4 UDIMM 8GB 2666,22.541,https://web.archive.org/web/20220815121111id_/https://www.dramexchange.com/
2022-08-08,gddr,GDDR5 8Gb,6.313,https://web.archive.org/web/20220815121111id_/https://www.dramexchange.com/
2022-08-08,gddr,GDDR6 8Gb,6.585,https://web.archive.org/web/20220815121111id_/https://www.dramexchange.com/
2022-08-08,nand_wafer,128Gb TLC,1.709,https://web.archive.org/web/20220815121111id_/https://www.dramexchange.com/
2022-08-08,nand_wafer,256Gb TLC,1.784,https://web.archive.org/web/20220815121111id_/https://www.dramexchange.com/
2022-08-08,nand_wafer,512Gb TLC,2.871,https://web.archive.org/web/20220815121111id_/https://www.dramexchange.com/
2022-08-15,dram_chip,DDR3 4Gb 512Mx8 1600/1866,2.004,https://web.archive.org/web/20220815121111id_/https://www.dramexchange.com/
2022-08-15,dram_chip,DDR4 16Gb (2Gx8) 2666,5.944,https://web.archive.org/web/20220815121111id_/https://www.dramexchange.com/
2022-08-15,dram_chip,DDR4 16Gb (2Gx8) eTT,3.847,https://web.archive.org/web/20220815121111id_/https://www.dramexchange.com/
2022-08-15,dram_chip,DDR4 8Gb (1Gx8) 2666,2.786,https://web.archive.org/web/20220815121111id_/https://www.dramexchange.com/
2022-08-15,dram_chip,DDR4 8Gb (1Gx8) eTT,1.848,https://web.archive.org/web/20220815121111id_/https://www.dramexchange.com/
2022-08-15,dram_chip,DDR4 8Gb (512Mx16) 2666,2.687,https://web.archive.org/web/20220815121111id_/https://www.dramexchange.com/
2022-08-15,nand_chip,3D TLC 256Gb,2.474,https://web.archive.org/web/20220815121111id_/https://www.dramexchange.com/
2022-08-15,nand_chip,MLC 32Gb 4GBx8,2.158,https://web.archive.org/web/20220815121111id_/https://www.dramexchange.com/
2022-08-15,nand_chip,MLC 64Gb 8GBx8,4.023,https://web.archive.org/web/20220815121111id_/https://www.dramexchange.com/
2022-08-15,nand_chip,SLC 1Gb 128MBx8,1.126,https://web.archive.org/web/20220815121111id_/https://www.dramexchange.com/
2022-08-15,nand_chip,SLC 2Gb 256MBx8,1.264,https://web.archive.org/web/20220815121111id_/https://www.dramexchange.com/
2022-08-22,dram_module,DDR4 RDIMM 16GB 3200,68.5,https://web.archive.org/web/20220901084146id_/https://www.dramexchange.com/
2022-08-22,dram_module,DDR4 SODIMM 8GB 2666,22.221,https://web.archive.org/web/20220901084146id_/https://www.dramexchange.com/
2022-08-22,dram_module,DDR4 UDIMM 8GB 2666,22.297,https://web.archive.org/web/20220901084146id_/https://www.dramexchange.com/
2022-08-22,gddr,GDDR5 8Gb,6.195,https://web.archive.org/web/20220901084146id_/https://www.dramexchange.com/
2022-08-22,gddr,GDDR6 8Gb,6.313,https://web.archive.org/web/20220901084146id_/https://www.dramexchange.com/
2022-08-22,nand_wafer,128Gb TLC,1.667,https://web.archive.org/web/20220901084146id_/https://www.dramexchange.com/
2022-08-22,nand_wafer,256Gb TLC,1.669,https://web.archive.org/web/20220901084146id_/https://www.dramexchange.com/
2022-08-22,nand_wafer,512Gb TLC,2.703,https://web.archive.org/web/20220901084146id_/https://www.dramexchange.com/
2022-09-01,dram_chip,DDR3 4Gb 512Mx8 1600/1866,1.821,https://web.archive.org/web/20220901084146id_/https://www.dramexchange.com/
2022-09-01,dram_chip,DDR4 16Gb (2Gx8) 2666,5.437,https://web.archive.org/web/20220901084146id_/https://www.dramexchange.com/
2022-09-01,dram_chip,DDR4 16Gb (2Gx8) eTT,3.77,https://web.archive.org/web/20220901084146id_/https://www.dramexchange.com/
2022-09-01,dram_chip,DDR4 8Gb (1Gx8) 2666,2.575,https://web.archive.org/web/20220901084146id_/https://www.dramexchange.com/
2022-09-01,dram_chip,DDR4 8Gb (1Gx8) eTT,1.779,https://web.archive.org/web/20220901084146id_/https://www.dramexchange.com/
2022-09-01,dram_chip,DDR4 8Gb (512Mx16) 2666,2.431,https://web.archive.org/web/20220901084146id_/https://www.dramexchange.com/
2022-09-01,nand_chip,3D TLC 256Gb,2.425,https://web.archive.org/web/20220901084146id_/https://www.dramexchange.com/
2022-09-01,nand_chip,MLC 32Gb 4GBx8,2.149,https://web.archive.org/web/20220901084146id_/https://www.dramexchange.com/
2022-09-01,nand_chip,MLC 64Gb 8GBx8,3.965,https://web.archive.org/web/20220901084146id_/https://www.dramexchange.com/
2022-09-01,nand_chip,SLC 1Gb 128MBx8,1.116,https://web.archive.org/web/20220901084146id_/https://www.dramexchange.com/
2022-09-01,nand_chip,SLC 2Gb 256MBx8,1.242,https://web.archive.org/web/20220901084146id_/https://www.dramexchange.com/
2022-09-05,dram_module,DDR4 RDIMM 16GB 3200,62.0,https://web.archive.org/web/20220915095717id_/https://www.dramexchange.com/
2022-09-05,dram_module,DDR4 SODIMM 8GB 2666,21.737,https://web.archive.org/web/20220915095717id_/https://www.dramexchange.com/
2022-09-05,dram_module,DDR4 UDIMM 8GB 2666,21.669,https://web.archive.org/web/20220915095717id_/https://www.dramexchange.com/
2022-09-05,gddr,GDDR5 8Gb,6.011,https://web.archive.org/web/20220915095717id_/https://www.dramexchange.com/
2022-09-05,gddr,GDDR6 8Gb,5.981,https://web.archive.org/web/20220915095717id_/https://www.dramexchange.com/
2022-09-05,nand_wafer,128Gb TLC,1.667,https://web.archive.org/web/20220915095717id_/https://www.dramexchange.com/
2022-09-05,nand_wafer,256Gb TLC,1.49,https://web.archive.org/web/20220915095717id_/https://www.dramexchange.com/
2022-09-05,nand_wafer,512Gb TLC,2.407,https://web.archive.org/web/20220915095717id_/https://www.dramexchange.com/
2022-09-15,dram_chip,DDR3 4Gb 512Mx8 1600/1866,1.726,https://web.archive.org/web/20220915095717id_/https://www.dramexchange.com/
2022-09-15,dram_chip,DDR4 16Gb (2Gx8) 2666,5.342,https://web.archive.org/web/20220915095717id_/https://www.dramexchange.com/
2022-09-15,dram_chip,DDR4 16Gb (2Gx8) eTT,3.768,https://web.archive.org/web/20220915095717id_/https://www.dramexchange.com/
2022-09-15,dram_chip,DDR4 8Gb (1Gx8) 2666,2.506,https://web.archive.org/web/20220915095717id_/https://www.dramexchange.com/
2022-09-15,dram_chip,DDR4 8Gb (1Gx8) eTT,1.776,https://web.archive.org/web/20220915095717id_/https://www.dramexchange.com/
2022-09-15,dram_chip,DDR4 8Gb (512Mx16) 2666,2.458,https://web.archive.org/web/20220915095717id_/https://www.dramexchange.com/
2022-09-15,nand_chip,3D TLC 256Gb,2.425,https://web.archive.org/web/20220915095717id_/https://www.dramexchange.com/
2022-09-15,nand_chip,MLC 32Gb 4GBx8,2.148,https://web.archive.org/web/20220915095717id_/https://www.dramexchange.com/
2022-09-15,nand_chip,MLC 64Gb 8GBx8,3.949,https://web.archive.org/web/20220915095717id_/https://www.dramexchange.com/
2022-09-15,nand_chip,SLC 1Gb 128MBx8,1.089,https://web.archive.org/web/20220915095717id_/https://www.dramexchange.com/
2022-09-15,nand_chip,SLC 2Gb 256MBx8,1.218,https://web.archive.org/web/20220915095717id_/https://www.dramexchange.com/
2022-09-19,dram_module,DDR4 RDIMM 16GB 3200,58.0,https://web.archive.org/web/20221001095718id_/https://www.dramexchange.com/
2022-09-19,dram_module,DDR4 SODIMM 8GB 2666,21.432,https://web.archive.org/web/20221001095718id_/https://www.dramexchange.com/
2022-09-19,dram_module,DDR4 UDIMM 8GB 2666,21.159,https://web.archive.org/web/20221001095718id_/https://www.dramexchange.com/
2022-09-19,gddr,GDDR5 8Gb,5.812,https://web.archive.org/web/20221001095718id_/https://www.dramexchange.com/
2022-09-19,gddr,GDDR6 8Gb,5.725,https://web.archive.org/web/20221001095718id_/https://www.dramexchange.com/
2022-09-19,nand_wafer,128Gb TLC,1.667,https://web.archive.org/web/20221001095718id_/https://www.dramexchange.com/
2022-09-19,nand_wafer,256Gb TLC,1.474,https://web.archive.org/web/20221001095718id_/https://www.dramexchange.com/
2022-09-19,nand_wafer,512Gb TLC,2.35,https://web.archive.org/web/20221001095718id_/https://www.dramexchange.com/
2022-09-30,dram_chip,DDR3 4Gb 512Mx8 1600/1866,1.644,https://web.archive.org/web/20221001095718id_/https://www.dramexchange.com/
2022-09-30,dram_chip,DDR4 16Gb (2Gx8) 2666,5.026,https://web.archive.org/web/20221001095718id_/https://www.dramexchange.com/
2022-09-30,dram_chip,DDR4 16Gb (2Gx8) eTT,3.644,https://web.archive.org/web/20221001095718id_/https://www.dramexchange.com/
2022-09-30,dram_chip,DDR4 8Gb (1Gx8) 2666,2.481,https://web.archive.org/web/20221001095718id_/https://www.dramexchange.com/
2022-09-30,dram_chip,DDR4 8Gb (1Gx8) eTT,1.737,https://web.archive.org/web/20221001095718id_/https://www.dramexchange.com/
2022-09-30,dram_chip,DDR4 8Gb (512Mx16) 2666,2.436,https://web.archive.org/web/20221001095718id_/https://www.dramexchange.com/
2022-09-30,nand_chip,3D TLC 256Gb,2.425,https://web.archive.org/web/20221001095718id_/https://www.dramexchange.com/
2022-09-30,nand_chip,MLC 32Gb 4GBx8,2.148,https://web.archive.org/web/20221001095718id_/https://www.dramexchange.com/
2022-09-30,nand_chip,MLC 64Gb 8GBx8,3.949,https://web.archive.org/web/20221001095718id_/https://www.dramexchange.com/
2022-09-30,nand_chip,SLC 1Gb 128MBx8,1.072,https://web.archive.org/web/20221001095718id_/https://www.dramexchange.com/
2022-09-30,nand_chip,SLC 2Gb 256MBx8,1.2,https://web.archive.org/web/20221001095718id_/https://www.dramexchange.com/
2022-10-03,nand_wafer,128Gb TLC,1.667,https://web.archive.org/web/20221015095717id_/https://www.dramexchange.com/
2022-10-03,nand_wafer,256Gb TLC,1.402,https://web.archive.org/web/20221015095717id_/https://www.dramexchange.com/
2022-10-03,nand_wafer,512Gb TLC,2.295,https://web.archive.org/web/20221015095717id_/https://www.dramexchange.com/
2022-10-10,dram_module,DDR4 RDIMM 16GB 3200,56.0,https://web.archive.org/web/20221015095717id_/https://www.dramexchange.com/
2022-10-10,dram_module,DDR4 SODIMM 8GB 2666,20.682,https://web.archive.org/web/20221015095717id_/https://www.dramexchange.com/
2022-10-10,dram_module,DDR4 UDIMM 8GB 2666,20.366,https://web.archive.org/web/20221015095717id_/https://www.dramexchange.com/
2022-10-10,gddr,GDDR5 8Gb,5.798,https://web.archive.org/web/20221015095717id_/https://www.dramexchange.com/
2022-10-10,gddr,GDDR6 8Gb,5.572,https://web.archive.org/web/20221015095717id_/https://www.dramexchange.com/
2022-10-14,dram_chip,DDR3 4Gb 512Mx8 1600/1866,1.595,https://web.archive.org/web/20221015095717id_/https://www.dramexchange.com/
2022-10-14,dram_chip,DDR4 16Gb (2Gx8) 2666,4.888,https://web.archive.org/web/20221015095717id_/https://www.dramexchange.com/
2022-10-14,dram_chip,DDR4 16Gb (2Gx8) eTT,3.589,https://web.archive.org/web/20221015095717id_/https://www.dramexchange.com/
2022-10-14,dram_chip,DDR4 8Gb (1Gx8) 2666,2.44,https://web.archive.org/web/20221015095717id_/https://www.dramexchange.com/
2022-10-14,dram_chip,DDR4 8Gb (1Gx8) eTT,1.706,https://web.archive.org/web/20221015095717id_/https://www.dramexchange.com/
2022-10-14,dram_chip,DDR4 8Gb (512Mx16) 2666,2.398,https://web.archive.org/web/20221015095717id_/https://www.dramexchange.com/
2022-10-14,nand_chip,3D TLC 256Gb,2.425,https://web.archive.org/web/20221015095717id_/https://www.dramexchange.com/
2022-10-14,nand_chip,MLC 32Gb 4GBx8,2.148,https://web.archive.org/web/20221015095717id_/https://www.dramexchange.com/
2022-10-14,nand_chip,MLC 64Gb 8GBx8,3.949,https://web.archive.org/web/20221015095717id_/https://www.dramexchange.com/
2022-10-14,nand_chip,SLC 1Gb 128MBx8,1.05,https://web.archive.org/web/20221015095717id_/https://www.dramexchange.com/
2022-10-14,nand_chip,SLC 2Gb 256MBx8,1.187,https://web.archive.org/web/20221015095717id_/https://www.dramexchange.com/
2022-10-24,dram_module,DDR4 RDIMM 16GB 3200,55.4,https://web.archive.org/web/20221101091448id_/https://www.dramexchange.com/
2022-10-24,dram_module,DDR4 SODIMM 8GB 2666,20.277,https://web.archive.org/web/20221101091448id_/https://www.dramexchange.com/
2022-10-24,dram_module,DDR4 UDIMM 8GB 2666,19.828,https://web.archive.org/web/20221101091448id_/https://www.dramexchange.com/
2022-10-24,gddr,GDDR5 8Gb,5.545,https://web.archive.org/web/20221101091448id_/https://www.dramexchange.com/
2022-10-24,gddr,GDDR6 8Gb,5.425,https://web.archive.org/web/20221101091448id_/https://www.dramexchange.com/
2022-10-24,nand_wafer,128Gb TLC,1.5,https://web.archive.org/web/20221101091448id_/https://www.dramexchange.com/
2022-10-24,nand_wafer,256Gb TLC,1.351,https://web.archive.org/web/20221101091448id_/https://www.dramexchange.com/
2022-10-24,nand_wafer,512Gb TLC,2.173,https://web.archive.org/web/20221101091448id_/https://www.dramexchange.com/
2022-11-01,dram_chip,DDR3 4Gb 512Mx8 1600/1866,1.483,https://web.archive.org/web/20221101091448id_/https://www.dramexchange.com/
2022-11-01,dram_chip,DDR4 16Gb (2Gx8) 2666,4.537,https://web.archive.org/web/20221101091448id_/https://www.dramexchange.com/
2022-11-01,dram_chip,DDR4 16Gb (2Gx8) eTT,3.503,https://web.archive.org/web/20221101091448id_/https://www.dramexchange.com/
2022-11-01,dram_chip,DDR4 8Gb (1Gx8) 2666,2.227,https://web.archive.org/web/20221101091448id_/https://www.dramexchange.com/
2022-11-01,dram_chip,DDR4 8Gb (1Gx8) eTT,1.644,https://web.archive.org/web/20221101091448id_/https://www.dramexchange.com/
2022-11-01,dram_chip,DDR4 8Gb (512Mx16) 2666,2.2,https://web.archive.org/web/20221101091448id_/https://www.dramexchange.com/
2022-11-01,nand_chip,3D TLC 256Gb,2.425,https://web.archive.org/web/20221101091448id_/https://www.dramexchange.com/
2022-11-01,nand_chip,MLC 32Gb 4GBx8,2.148,https://web.archive.org/web/20221101091448id_/https://www.dramexchange.com/
2022-11-01,nand_chip,MLC 64Gb 8GBx8,3.932,https://web.archive.org/web/20221101091448id_/https://www.dramexchange.com/
2022-11-01,nand_chip,SLC 1Gb 128MBx8,1.04,https://web.archive.org/web/20221101091448id_/https://www.dramexchange.com/
2022-11-01,nand_chip,SLC 2Gb 256MBx8,1.159,https://web.archive.org/web/20221101091448id_/https://www.dramexchange.com/
2022-11-07,dram_module,DDR4 RDIMM 16GB 3200,51.0,https://web.archive.org/web/20221115105717id_/https://www.dramexchange.com/
2022-11-07,dram_module,DDR4 SODIMM 8GB 2666,20.085,https://web.archive.org/web/20221115105717id_/https://www.dramexchange.com/
2022-11-07,dram_module,DDR4 UDIMM 8GB 2666,19.522,https://web.archive.org/web/20221115105717id_/https://www.dramexchange.com/
2022-11-07,gddr,GDDR5 8Gb,5.407,https://web.archive.org/web/20221115105717id_/https://www.dramexchange.com/
2022-11-07,gddr,GDDR6 8Gb,5.131,https://web.archive.org/web/20221115105717id_/https://www.dramexchange.com/
2022-11-07,nand_wafer,128Gb TLC,1.432,https://web.archive.org/web/20221115105717id_/https://www.dramexchange.com/
2022-11-07,nand_wafer,256Gb TLC,1.236,https://web.archive.org/web/20221115105717id_/https://www.dramexchange.com/
2022-11-07,nand_wafer,512Gb TLC,2.034,https://web.archive.org/web/20221115105717id_/https://www.dramexchange.com/
2022-11-15,dram_chip,DDR3 4Gb 512Mx8 1600/1866,1.442,https://web.archive.org/web/20221115105717id_/https://www.dramexchange.com/
2022-11-15,dram_chip,DDR4 16Gb (2Gx8) 2666,4.37,https://web.archive.org/web/20221115105717id_/https://www.dramexchange.com/
2022-11-15,dram_chip,DDR4 16Gb (2Gx8) eTT,3.395,https://web.archive.org/web/20221115105717id_/https://www.dramexchange.com/
2022-11-15,dram_chip,DDR4 8Gb (1Gx8) 2666,2.164,https://web.archive.org/web/20221115105717id_/https://www.dramexchange.com/
2022-11-15,dram_chip,DDR4 8Gb (1Gx8) eTT,1.566,https://web.archive.org/web/20221115105717id_/https://www.dramexchange.com/
2022-11-15,dram_chip,DDR4 8Gb (512Mx16) 2666,2.167,https://web.archive.org/web/20221115105717id_/https://www.dramexchange.com/
2022-11-15,nand_chip,3D TLC 256Gb,2.425,https://web.archive.org/web/20221115105717id_/https://www.dramexchange.com/
2022-11-15,nand_chip,MLC 32Gb 4GBx8,2.144,https://web.archive.org/web/20221115105717id_/https://www.dramexchange.com/
2022-11-15,nand_chip,MLC 64Gb 8GBx8,3.914,https://web.archive.org/web/20221115105717id_/https://www.dramexchange.com/
2022-11-15,nand_chip,SLC 1Gb 128MBx8,1.037,https://web.archive.org/web/20221115105717id_/https://www.dramexchange.com/
2022-11-15,nand_chip,SLC 2Gb 256MBx8,1.144,https://web.archive.org/web/20221115105717id_/https://www.dramexchange.com/
2022-11-21,dram_module,DDR4 RDIMM 16GB 3200,49.4,https://web.archive.org/web/20221201101336id_/https://www.dramexchange.com/
2022-11-21,dram_module,DDR4 SODIMM 8GB 2666,18.869,https://web.archive.org/web/20221201101336id_/https://www.dramexchange.com/
2022-11-21,dram_module,DDR4 UDIMM 8GB 2666,18.257,https://web.archive.org/web/20221201101336id_/https://www.dramexchange.com/
2022-11-21,gddr,GDDR5 8Gb,4.967,https://web.archive.org/web/20221201101336id_/https://www.dramexchange.com/
2022-11-21,gddr,GDDR6 8Gb,4.941,https://web.archive.org/web/20221201101336id_/https://www.dramexchange.com/
2022-11-21,nand_wafer,128Gb TLC,1.233,https://web.archive.org/web/20221201101336id_/https://www.dramexchange.com/
2022-11-21,nand_wafer,256Gb TLC,1.109,https://web.archive.org/web/20221201101336id_/https://www.dramexchange.com/
2022-11-21,nand_wafer,512Gb TLC,1.923,https://web.archive.org/web/20221201101336id_/https://www.dramexchange.com/
2022-12-01,dram_chip,DDR3 4Gb 512Mx8 1600/1866,1.4,https://web.archive.org/web/20221201101336id_/https://www.dramexchange.com/
2022-12-01,dram_chip,DDR4 16Gb (2Gx8) 2666,4.297,https://web.archive.org/web/20221201101336id_/https://www.dramexchange.com/
2022-12-01,dram_chip,DDR4 16Gb (2Gx8) eTT,3.365,https://web.archive.org/web/20221201101336id_/https://www.dramexchange.com/
2022-12-01,dram_chip,DDR4 8Gb (1Gx8) 2666,2.095,https://web.archive.org/web/20221201101336id_/https://www.dramexchange.com/
2022-12-01,dram_chip,DDR4 8Gb (1Gx8) eTT,1.526,https://web.archive.org/web/20221201101336id_/https://www.dramexchange.com/
2022-12-01,dram_chip,DDR4 8Gb (512Mx16) 2666,2.043,https://web.archive.org/web/20221201101336id_/https://www.dramexchange.com/
2022-12-01,nand_chip,3D TLC 256Gb,2.425,https://web.archive.org/web/20221201101336id_/https://www.dramexchange.com/
2022-12-01,nand_chip,MLC 32Gb 4GBx8,2.131,https://web.archive.org/web/20221201101336id_/https://www.dramexchange.com/
2022-12-01,nand_chip,MLC 64Gb 8GBx8,3.903,https://web.archive.org/web/20221201101336id_/https://www.dramexchange.com/
2022-12-01,nand_chip,SLC 1Gb 128MBx8,1.006,https://web.archive.org/web/20221201101336id_/https://www.dramexchange.com/
2022-12-01,nand_chip,SLC 2Gb 256MBx8,1.132,https://web.archive.org/web/20221201101336id_/https://www.dramexchange.com/
2022-12-05,dram_module,DDR4 RDIMM 16GB 3200,49.0,https://web.archive.org/web/20221215105717id_/https://www.dramexchange.com/
2022-12-05,dram_module,DDR4 SODIMM 8GB 2666,18.623,https://web.archive.org/web/20221215105717id_/https://www.dramexchange.com/
2022-12-05,dram_module,DDR4 UDIMM 8GB 2666,18.2,https://web.archive.org/web/20221215105717id_/https://www.dramexchange.com/
2022-12-05,gddr,GDDR5 8Gb,4.718,https://web.archive.org/web/20221215105717id_/https://www.dramexchange.com/
2022-12-05,gddr,GDDR6 8Gb,4.824,https://web.archive.org/web/20221215105717id_/https://www.dramexchange.com/
2022-12-05,nand_wafer,128Gb TLC,1.167,https://web.archive.org/web/20221215105717id_/https://www.dramexchange.com/
2022-12-05,nand_wafer,256Gb TLC,1.065,https://web.archive.org/web/20221215105717id_/https://www.dramexchange.com/
2022-12-05,nand_wafer,512Gb TLC,1.889,https://web.archive.org/web/20221215105717id_/https://www.dramexchange.com/
2022-12-15,dram_chip,DDR3 4Gb 512Mx8 1600/1866,1.328,https://web.archive.org/web/20221215105717id_/https://www.dramexchange.com/
2022-12-15,dram_chip,DDR4 16Gb (2Gx8) 2666,4.236,https://web.archive.org/web/20221215105717id_/https://www.dramexchange.com/
2022-12-15,dram_chip,DDR4 16Gb (2Gx8) eTT,3.256,https://web.archive.org/web/20221215105717id_/https://www.dramexchange.com/
2022-12-15,dram_chip,DDR4 8Gb (1Gx8) 2666,2.043,https://web.archive.org/web/20221215105717id_/https://www.dramexchange.com/
2022-12-15,dram_chip,DDR4 8Gb (1Gx8) eTT,1.469,https://web.archive.org/web/20221215105717id_/https://www.dramexchange.com/
2022-12-15,dram_chip,DDR4 8Gb (512Mx16) 2666,1.975,https://web.archive.org/web/20221215105717id_/https://www.dramexchange.com/
2022-12-15,nand_chip,3D TLC 256Gb,2.425,https://web.archive.org/web/20221215105717id_/https://www.dramexchange.com/
2022-12-15,nand_chip,MLC 32Gb 4GBx8,2.141,https://web.archive.org/web/20221215105717id_/https://www.dramexchange.com/
2022-12-15,nand_chip,MLC 64Gb 8GBx8,3.907,https://web.archive.org/web/20221215105717id_/https://www.dramexchange.com/
2022-12-15,nand_chip,SLC 1Gb 128MBx8,0.968,https://web.archive.org/web/20221215105717id_/https://www.dramexchange.com/
2022-12-15,nand_chip,SLC 2Gb 256MBx8,1.131,https://web.archive.org/web/20221215105717id_/https://www.dramexchange.com/
2022-12-19,dram_module,DDR4 RDIMM 16GB 3200,47.5,https://web.archive.org/web/20230101105717id_/https://www.dramexchange.com/
2022-12-19,dram_module,DDR4 SODIMM 8GB 2666,18.165,https://web.archive.org/web/20230101105717id_/https://www.dramexchange.com/
2022-12-19,dram_module,DDR4 UDIMM 8GB 2666,17.639,https://web.archive.org/web/20230101105717id_/https://www.dramexchange.com/
2022-12-19,gddr,GDDR5 8Gb,4.678,https://web.archive.org/web/20230101105717id_/https://www.dramexchange.com/
2022-12-19,gddr,GDDR6 8Gb,4.805,https://web.archive.org/web/20230101105717id_/https://www.dramexchange.com/
2022-12-19,nand_wafer,128Gb TLC,1.167,https://web.archive.org/web/20230101105717id_/https://www.dramexchange.com/
2022-12-19,nand_wafer,256Gb TLC,1.065,https://web.archive.org/web/20230101105717id_/https://www.dramexchange.com/
2022-12-19,nand_wafer,512Gb TLC,1.851,https://web.archive.org/web/20230101105717id_/https://www.dramexchange.com/
2022-12-30,dram_chip,DDR3 4Gb 512Mx8 1600/1866,1.303,https://web.archive.org/web/20230101105717id_/https://www.dramexchange.com/
2022-12-30,dram_chip,DDR4 16Gb (2Gx8) 2666,4.161,https://web.archive.org/web/20230101105717id_/https://www.dramexchange.com/
2022-12-30,dram_chip,DDR4 16Gb (2Gx8) eTT,3.192,https://web.archive.org/web/20230101105717id_/https://www.dramexchange.com/
2022-12-30,dram_chip,DDR4 8Gb (1Gx8) 2666,2.004,https://web.archive.org/web/20230101105717id_/https://www.dramexchange.com/
2022-12-30,dram_chip,DDR4 8Gb (1Gx8) eTT,1.445,https://web.archive.org/web/20230101105717id_/https://www.dramexchange.com/
2022-12-30,dram_chip,DDR4 8Gb (512Mx16) 2666,1.91,https://web.archive.org/web/20230101105717id_/https://www.dramexchange.com/
2022-12-30,nand_chip,3D TLC 256Gb,2.435,https://web.archive.org/web/20230101105717id_/https://www.dramexchange.com/
2022-12-30,nand_chip,MLC 32Gb 4GBx8,2.16,https://web.archive.org/web/20230101105717id_/https://www.dramexchange.com/
2022-12-30,nand_chip,MLC 64Gb 8GBx8,3.896,https://web.archive.org/web/20230101105717id_/https://www.dramexchange.com/
2022-12-30,nand_chip,SLC 1Gb 128MBx8,0.973,https://web.archive.org/web/20230101105717id_/https://www.dramexchange.com/
2022-12-30,nand_chip,SLC 2Gb 256MBx8,1.128,https://web.archive.org/web/20230101105717id_/https://www.dramexchange.com/
2023-01-02,dram_module,DDR4 RDIMM 16GB 3200,47.0,https://web.archive.org/web/20230115105716id_/https://www.dramexchange.com/
2023-01-02,dram_module,DDR4 SODIMM 8GB 2666,18.012,https://web.archive.org/web/20230115105716id_/https://www.dramexchange.com/
2023-01-02,dram_module,DDR4 UDIMM 8GB 2666,17.561,https://web.archive.org/web/20230115105716id_/https://www.dramexchange.com/
2023-01-02,gddr,GDDR5 8Gb,3.95,https://web.archive.org/web/20230115105716id_/https://www.dramexchange.com/
2023-01-02,gddr,GDDR6 8Gb,4.647,https://web.archive.org/web/20230115105716id_/https://www.dramexchange.com/
2023-01-02,nand_wafer,128Gb TLC,1.144,https://web.archive.org/web/20230115105716id_/https://www.dramexchange.com/
2023-01-02,nand_wafer,256Gb TLC,1.034,https://web.archive.org/web/20230115105716id_/https://www.dramexchange.com/
2023-01-02,nand_wafer,512Gb TLC,1.798,https://web.archive.org/web/20230115105716id_/https://www.dramexchange.com/
2023-01-13,dram_chip,DDR3 4Gb 512Mx8 1600/1866,1.261,https://web.archive.org/web/20230115105716id_/https://www.dramexchange.com/
2023-01-13,dram_chip,DDR4 16Gb (2Gx8) 2666,4.09,https://web.archive.org/web/20230115105716id_/https://www.dramexchange.com/
2023-01-13,dram_chip,DDR4 16Gb (2Gx8) eTT,3.058,https://web.archive.org/web/20230115105716id_/https://www.dramexchange.com/
2023-01-13,dram_chip,DDR4 8Gb (1Gx8) 2666,1.937,https://web.archive.org/web/20230115105716id_/https://www.dramexchange.com/
2023-01-13,dram_chip,DDR4 8Gb (1Gx8) eTT,1.428,https://web.archive.org/web/20230115105716id_/https://www.dramexchange.com/
2023-01-13,dram_chip,DDR4 8Gb (512Mx16) 2666,1.853,https://web.archive.org/web/20230115105716id_/https://www.dramexchange.com/
2023-01-13,nand_chip,3D TLC 256Gb,2.408,https://web.archive.org/web/20230115105716id_/https://www.dramexchange.com/
2023-01-13,nand_chip,MLC 32Gb 4GBx8,2.16,https://web.archive.org/web/20230115105716id_/https://www.dramexchange.com/
2023-01-13,nand_chip,MLC 64Gb 8GBx8,3.881,https://web.archive.org/web/20230115105716id_/https://www.dramexchange.com/
2023-01-13,nand_chip,SLC 1Gb 128MBx8,0.966,https://web.archive.org/web/20230115105716id_/https://www.dramexchange.com/
2023-01-13,nand_chip,SLC 2Gb 256MBx8,1.135,https://web.archive.org/web/20230115105716id_/https://www.dramexchange.com/
2023-01-16,dram_module,DDR4 RDIMM 16GB 3200,46.5,https://web.archive.org/web/20230201033854id_/https://www.dramexchange.com/
2023-01-16,dram_module,DDR4 SODIMM 8GB 2666,17.89,https://web.archive.org/web/20230201033854id_/https://www.dramexchange.com/
2023-01-16,dram_module,DDR4 UDIMM 8GB 2666,17.423,https://web.archive.org/web/20230201033854id_/https://www.dramexchange.com/
2023-01-16,gddr,GDDR5 8Gb,3.725,https://web.archive.org/web/20230201033854id_/https://www.dramexchange.com/
2023-01-16,gddr,GDDR6 8Gb,4.524,https://web.archive.org/web/20230201033854id_/https://www.dramexchange.com/
2023-01-16,nand_wafer,128Gb TLC,1.137,https://web.archive.org/web/20230201033854id_/https://www.dramexchange.com/
2023-01-16,nand_wafer,256Gb TLC,1.032,https://web.archive.org/web/20230201033854id_/https://www.dramexchange.com/
2023-01-16,nand_wafer,512Gb TLC,1.774,https://web.archive.org/web/20230201033854id_/https://www.dramexchange.com/
2023-02-01,dram_chip,DDR3 4Gb 512Mx8 1600/1866,1.232,https://web.archive.org/web/20230201033854id_/https://www.dramexchange.com/
2023-02-01,dram_chip,DDR4 16Gb (2Gx8) 2666,3.935,https://web.archive.org/web/20230201033854id_/https://www.dramexchange.com/
2023-02-01,dram_chip,DDR4 16Gb (2Gx8) eTT,2.968,https://web.archive.org/web/20230201033854id_/https://www.dramexchange.com/
2023-02-01,dram_chip,DDR4 8Gb (1Gx8) 2666,1.854,https://web.archive.org/web/20230201033854id_/https://www.dramexchange.com/
2023-02-01,dram_chip,DDR4 8Gb (1Gx8) eTT,1.396,https://web.archive.org/web/20230201033854id_/https://www.dramexchange.com/
2023-02-01,dram_chip,DDR4 8Gb (512Mx16) 2666,1.815,https://web.archive.org/web/20230201033854id_/https://www.dramexchange.com/
2023-02-01,nand_chip,3D TLC 256Gb,2.408,https://web.archive.org/web/20230201033854id_/https://www.dramexchange.com/
2023-02-01,nand_chip,MLC 32Gb 4GBx8,2.155,https://web.archive.org/web/20230201033854id_/https://www.dramexchange.com/
2023-02-01,nand_chip,MLC 64Gb 8GBx8,3.87,https://web.archive.org/web/20230201033854id_/https://www.dramexchange.com/
2023-02-01,nand_chip,SLC 1Gb 128MBx8,0.972,https://web.archive.org/web/20230201033854id_/https://www.dramexchange.com/
2023-02-01,nand_chip,SLC 2Gb 256MBx8,1.134,https://web.archive.org/web/20230201033854id_/https://www.dramexchange.com/
2023-02-06,dram_module,DDR4 RDIMM 16GB 3200,46.0,https://web.archive.org/web/20230215105723id_/https://www.dramexchange.com/
2023-02-06,dram_module,DDR4 SODIMM 8GB 2666,17.762,https://web.archive.org/web/20230215105723id_/https://www.dramexchange.com/
2023-02-06,dram_module,DDR4 UDIMM 8GB 2666,17.0,https://web.archive.org/web/20230215105723id_/https://www.dramexchange.com/
2023-02-06,gddr,GDDR5 8Gb,3.64,https://web.archive.org/web/20230215105723id_/https://www.dramexchange.com/
2023-02-06,gddr,GDDR6 8Gb,4.341,https://web.archive.org/web/20230215105723id_/https://www.dramexchange.com/
2023-02-06,nand_wafer,128Gb TLC,1.137,https://web.archive.org/web/20230215105723id_/https://www.dramexchange.com/
2023-02-06,nand_wafer,256Gb TLC,1.029,https://web.archive.org/web/20230215105723id_/https://www.dramexchange.com/
2023-02-06,nand_wafer,512Gb TLC,1.77,https://web.archive.org/web/20230215105723id_/https://www.dramexchange.com/
2023-02-15,dram_chip,DDR3 4Gb 512Mx8 1600/1866,1.179,https://web.archive.org/web/20230215105723id_/https://www.dramexchange.com/
2023-02-15,dram_chip,DDR4 16Gb (2Gx8) 2666,3.7,https://web.archive.org/web/20230215105723id_/https://www.dramexchange.com/
2023-02-15,dram_chip,DDR4 16Gb (2Gx8) eTT,2.878,https://web.archive.org/web/20230215105723id_/https://www.dramexchange.com/
2023-02-15,dram_chip,DDR4 8Gb (1Gx8) 2666,1.819,https://web.archive.org/web/20230215105723id_/https://www.dramexchange.com/
2023-02-15,dram_chip,DDR4 8Gb (1Gx8) eTT,1.369,https://web.archive.org/web/20230215105723id_/https://www.dramexchange.com/
2023-02-15,dram_chip,DDR4 8Gb (512Mx16) 2666,1.724,https://web.archive.org/web/20230215105723id_/https://www.dramexchange.com/
2023-02-15,nand_chip,3D TLC 256Gb,2.295,https://web.archive.org/web/20230215105723id_/https://www.dramexchange.com/
2023-02-15,nand_chip,MLC 32Gb 4GBx8,2.155,https://web.archive.org/web/20230215105723id_/https://www.dramexchange.com/
2023-02-15,nand_chip,MLC 64Gb 8GBx8,3.845,https://web.archive.org/web/20230215105723id_/https://www.dramexchange.com/
2023-02-15,nand_chip,SLC 1Gb 128MBx8,0.968,https://web.archive.org/web/20230215105723id_/https://www.dramexchange.com/
2023-02-15,nand_chip,SLC 2Gb 256MBx8,1.146,https://web.archive.org/web/20230215105723id_/https://www.dramexchange.com/
2023-02-20,nand_wafer,128Gb TLC,1.137,https://web.archive.org/web/20230301122024id_/https://www.dramexchange.com/
2023-02-20,nand_wafer,256Gb TLC,1.019,https://web.archive.org/web/20230301122024id_/https://www.dramexchange.com/
2023-02-20,nand_wafer,512Gb TLC,1.747,https://web.archive.org/web/20230301122024id_/https://www.dramexchange.com/
2023-02-27,dram_module,DDR4 RDIMM 16GB 3200,43.5,https://web.archive.org/web/20230301122024id_/https://www.dramexchange.com/
2023-02-27,dram_module,DDR4 SODIMM 8GB 2666,16.714,https://web.archive.org/web/20230301122024id_/https://www.dramexchange.com/
2023-02-27,dram_module,DDR4 UDIMM 8GB 2666,16.089,https://web.archive.org/web/20230301122024id_/https://www.dramexchange.com/
2023-02-27,gddr,GDDR5 8Gb,3.44,https://web.archive.org/web/20230301122024id_/https://www.dramexchange.com/
2023-02-27,gddr,GDDR6 8Gb,3.707,https://web.archive.org/web/20230301122024id_/https://www.dramexchange.com/
2023-03-01,dram_chip,DDR3 4Gb 512Mx8 1600/1866,1.153,https://web.archive.org/web/20230301122024id_/https://www.dramexchange.com/
2023-03-01,dram_chip,DDR4 16Gb (2Gx8) 2666,3.57,https://web.archive.org/web/20230301122024id_/https://www.dramexchange.com/
2023-03-01,dram_chip,DDR4 16Gb (2Gx8) eTT,2.823,https://web.archive.org/web/20230301122024id_/https://www.dramexchange.com/
2023-03-01,dram_chip,DDR4 8Gb (1Gx8) 2666,1.786,https://web.archive.org/web/20230301122024id_/https://www.dramexchange.com/
2023-03-01,dram_chip,DDR4 8Gb (1Gx8) eTT,1.353,https://web.archive.org/web/20230301122024id_/https://www.dramexchange.com/
2023-03-01,dram_chip,DDR4 8Gb (512Mx16) 2666,1.715,https://web.archive.org/web/20230301122024id_/https://www.dramexchange.com/
2023-03-01,nand_chip,3D TLC 256Gb,2.245,https://web.archive.org/web/20230301122024id_/https://www.dramexchange.com/
2023-03-01,nand_chip,MLC 32Gb 4GBx8,2.155,https://web.archive.org/web/20230301122024id_/https://www.dramexchange.com/
2023-03-01,nand_chip,MLC 64Gb 8GBx8,3.852,https://web.archive.org/web/20230301122024id_/https://www.dramexchange.com/
2023-03-01,nand_chip,SLC 1Gb 128MBx8,0.96,https://web.archive.org/web/20230301122024id_/https://www.dramexchange.com/
2023-03-01,nand_chip,SLC 2Gb 256MBx8,1.069,https://web.archive.org/web/20230301122024id_/https://www.dramexchange.com/
2023-03-06,dram_module,DDR4 RDIMM 16GB 3200,42.0,https://web.archive.org/web/20230315052046id_/https://www.dramexchange.com/
2023-03-06,dram_module,DDR4 SODIMM 8GB 2666,16.571,https://web.archive.org/web/20230315052046id_/https://www.dramexchange.com/
2023-03-06,dram_module,DDR4 UDIMM 8GB 2666,15.833,https://web.archive.org/web/20230315052046id_/https://www.dramexchange.com/
2023-03-06,gddr,GDDR5 8Gb,3.325,https://web.archive.org/web/20230315052046id_/https://www.dramexchange.com/
2023-03-06,gddr,GDDR6 8Gb,3.624,https://web.archive.org/web/20230315052046id_/https://www.dramexchange.com/
2023-03-06,nand_wafer,128Gb TLC,1.137,https://web.archive.org/web/20230315052046id_/https://www.dramexchange.com/
2023-03-06,nand_wafer,256Gb TLC,1.011,https://web.archive.org/web/20230315052046id_/https://www.dramexchange.com/
2023-03-06,nand_wafer,512Gb TLC,1.714,https://web.archive.org/web/20230315052046id_/https://www.dramexchange.com/
2023-03-15,dram_chip,DDR3 4Gb 512Mx8 1600/1866,1.133,https://web.archive.org/web/20230315052046id_/https://www.dramexchange.com/
2023-03-15,dram_chip,DDR4 16Gb (2Gx8) 2666,3.44,https://web.archive.org/web/20230315052046id_/https://www.dramexchange.com/
2023-03-15,dram_chip,DDR4 16Gb (2Gx8) eTT,2.73,https://web.archive.org/web/20230315052046id_/https://www.dramexchange.com/
2023-03-15,dram_chip,DDR4 8Gb (1Gx8) 2666,1.714,https://web.archive.org/web/20230315052046id_/https://www.dramexchange.com/
2023-03-15,dram_chip,DDR4 8Gb (1Gx8) eTT,1.302,https://web.archive.org/web/20230315052046id_/https://www.dramexchange.com/
2023-03-15,dram_chip,DDR4 8Gb (512Mx16) 2666,1.672,https://web.archive.org/web/20230315052046id_/https://www.dramexchange.com/
2023-03-15,nand_chip,3D TLC 256Gb,2.241,https://web.archive.org/web/20230315052046id_/https://www.dramexchange.com/
2023-03-15,nand_chip,MLC 32Gb 4GBx8,2.155,https://web.archive.org/web/20230315052046id_/https://www.dramexchange.com/
2023-03-15,nand_chip,MLC 64Gb 8GBx8,3.841,https://web.archive.org/web/20230315052046id_/https://www.dramexchange.com/
2023-03-15,nand_chip,SLC 1Gb 128MBx8,0.926,https://web.archive.org/web/20230315052046id_/https://www.dramexchange.com/
2023-03-15,nand_chip,SLC 2Gb 256MBx8,1.026,https://web.archive.org/web/20230315052046id_/https://www.dramexchange.com/
2023-03-20,dram_module,DDR4 RDIMM 16GB 3200,40.0,https://web.archive.org/web/20230401161443id_/https://www.dramexchange.com/
2023-03-20,dram_module,DDR4 SODIMM 8GB 2666,15.907,https://web.archive.org/web/20230401161443id_/https://www.dramexchange.com/
2023-03-20,dram_module,DDR4 UDIMM 8GB 2666,15.589,https://web.archive.org/web/20230401161443id_/https://www.dramexchange.com/
2023-03-20,gddr,GDDR5 8Gb,3.223,https://web.archive.org/web/20230401161443id_/https://www.dramexchange.com/
2023-03-20,gddr,GDDR6 8Gb,3.409,https://web.archive.org/web/20230401161443id_/https://www.dramexchange.com/
2023-03-20,nand_wafer,128Gb TLC,1.106,https://web.archive.org/web/20230401161443id_/https://www.dramexchange.com/
2023-03-20,nand_wafer,256Gb TLC,0.947,https://web.archive.org/web/20230401161443id_/https://www.dramexchange.com/
2023-03-20,nand_wafer,512Gb TLC,1.569,https://web.archive.org/web/20230401161443id_/https://www.dramexchange.com/
2023-03-31,dram_chip,DDR3 4Gb 512Mx8 1600/1866,1.07,https://web.archive.org/web/20230401161443id_/https://www.dramexchange.com/
2023-03-31,dram_chip,DDR4 16Gb (2Gx8) 2666,3.24,https://web.archive.org/web/20230401161443id_/https://www.dramexchange.com/
2023-03-31,dram_chip,DDR4 16Gb (2Gx8) eTT,2.604,https://web.archive.org/web/20230401161443id_/https://www.dramexchange.com/
2023-03-31,dram_chip,DDR4 8Gb (1Gx8) 2666,1.656,https://web.archive.org/web/20230401161443id_/https://www.dramexchange.com/
2023-03-31,dram_chip,DDR4 8Gb (1Gx8) eTT,1.236,https://web.archive.org/web/20230401161443id_/https://www.dramexchange.com/
2023-03-31,dram_chip,DDR4 8Gb (512Mx16) 2666,1.569,https://web.archive.org/web/20230401161443id_/https://www.dramexchange.com/
2023-03-31,nand_chip,3D TLC 256Gb,2.119,https://web.archive.org/web/20230401161443id_/https://www.dramexchange.com/
2023-03-31,nand_chip,MLC 32Gb 4GBx8,2.155,https://web.archive.org/web/20230401161443id_/https://www.dramexchange.com/
2023-03-31,nand_chip,MLC 64Gb 8GBx8,3.841,https://web.archive.org/web/20230401161443id_/https://www.dramexchange.com/
2023-03-31,nand_chip,SLC 1Gb 128MBx8,0.914,https://web.archive.org/web/20230401161443id_/https://www.dramexchange.com/
2023-03-31,nand_chip,SLC 2Gb 256MBx8,1.018,https://web.archive.org/web/20230401161443id_/https://www.dramexchange.com/
2023-04-03,dram_module,DDR4 RDIMM 16GB 3200,38.0,https://web.archive.org/web/20230415050326id_/https://www.dramexchange.com/
2023-04-03,dram_module,DDR4 SODIMM 8GB 2666,15.164,https://web.archive.org/web/20230415050326id_/https://www.dramexchange.com/
2023-04-03,dram_module,DDR4 UDIMM 8GB 2666,15.044,https://web.archive.org/web/20230415050326id_/https://www.dramexchange.com/
2023-04-03,gddr,GDDR5 8Gb,3.083,https://web.archive.org/web/20230415050326id_/https://www.dramexchange.com/
2023-04-03,gddr,GDDR6 8Gb,3.335,https://web.archive.org/web/20230415050326id_/https://www.dramexchange.com/
2023-04-03,nand_wafer,128Gb TLC,1.1,https://web.archive.org/web/20230415050326id_/https://www.dramexchange.com/
2023-04-03,nand_wafer,256Gb TLC,0.932,https://web.archive.org/web/20230415050326id_/https://www.dramexchange.com/
2023-04-03,nand_wafer,512Gb TLC,1.467,https://web.archive.org/web/20230415050326id_/https://www.dramexchange.com/
2023-04-14,dram_chip,DDR3 4Gb 512Mx8 1600/1866,1.055,https://web.archive.org/web/20230415050326id_/https://www.dramexchange.com/
2023-04-14,dram_chip,DDR4 16Gb (2Gx8) 2666,3.235,https://web.archive.org/web/20230415050326id_/https://www.dramexchange.com/
2023-04-14,dram_chip,DDR4 16Gb (2Gx8) eTT,2.577,https://web.archive.org/web/20230415050326id_/https://www.dramexchange.com/
2023-04-14,dram_chip,DDR4 8Gb (1Gx8) 2666,1.633,https://web.archive.org/web/20230415050326id_/https://www.dramexchange.com/
2023-04-14,dram_chip,DDR4 8Gb (1Gx8) eTT,1.226,https://web.archive.org/web/20230415050326id_/https://www.dramexchange.com/
2023-04-14,dram_chip,DDR4 8Gb (512Mx16) 2666,1.56,https://web.archive.org/web/20230415050326id_/https://www.dramexchange.com/
2023-04-14,nand_chip,3D TLC 256Gb,2.163,https://web.archive.org/web/20230415050326id_/https://www.dramexchange.com/
2023-04-14,nand_chip,MLC 32Gb 4GBx8,2.137,https://web.archive.org/web/20230415050326id_/https://www.dramexchange.com/
2023-04-14,nand_chip,MLC 64Gb 8GBx8,3.846,https://web.archive.org/web/20230415050326id_/https://www.dramexchange.com/
2023-04-14,nand_chip,SLC 1Gb 128MBx8,0.921,https://web.archive.org/web/20230415050326id_/https://www.dramexchange.com/
2023-04-14,nand_chip,SLC 2Gb 256MBx8,1.015,https://web.archive.org/web/20230415050326id_/https://www.dramexchange.com/
2023-04-24,dram_module,DDR4 RDIMM 16GB 3200,37.5,https://web.archive.org/web/20230503065843id_/https://www.dramexchange.com/
2023-04-24,dram_module,DDR4 SODIMM 8GB 2666,15.067,https://web.archive.org/web/20230503065843id_/https://www.dramexchange.com/
2023-04-24,dram_module,DDR4 UDIMM 8GB 2666,15.172,https://web.archive.org/web/20230503065843id_/https://www.dramexchange.com/
2023-04-24,gddr,GDDR5 8Gb,3.168,https://web.archive.org/web/20230503065843id_/https://www.dramexchange.com/
2023-04-24,gddr,GDDR6 8Gb,3.38,https://web.archive.org/web/20230503065843id_/https://www.dramexchange.com/
2023-04-24,nand_wafer,128Gb TLC,1.086,https://web.archive.org/web/20230503065843id_/https://www.dramexchange.com/
2023-04-24,nand_wafer,256Gb TLC,0.93,https://web.archive.org/web/20230503065843id_/https://www.dramexchange.com/
2023-04-24,nand_wafer,512Gb TLC,1.447,https://web.archive.org/web/20230503065843id_/https://www.dramexchange.com/
2023-05-02,dram_module,DDR4 RDIMM 16GB 3200,37.5,https://web.archive.org/web/20230513152037id_/https://www.dramexchange.com/
2023-05-02,dram_module,DDR4 SODIMM 8GB 2666,15.0,https://web.archive.org/web/20230513152037id_/https://www.dramexchange.com/
2023-05-02,dram_module,DDR4 UDIMM 8GB 2666,15.126,https://web.archive.org/web/20230513152037id_/https://www.dramexchange.com/
2023-05-02,gddr,GDDR5 8Gb,3.188,https://web.archive.org/web/20230513152037id_/https://www.dramexchange.com/
2023-05-02,gddr,GDDR6 8Gb,3.391,https://web.archive.org/web/20230513152037id_/https://www.dramexchange.com/
2023-05-02,nand_wafer,128Gb TLC,1.086,https://web.archive.org/web/20230513152037id_/https://www.dramexchange.com/
2023-05-02,nand_wafer,256Gb TLC,0.93,https://web.archive.org/web/20230513152037id_/https://www.dramexchange.com/
2023-05-02,nand_wafer,512Gb TLC,1.436,https://web.archive.org/web/20230513152037id_/https://www.dramexchange.com/
2023-05-03,dram_chip,DDR3 4Gb 512Mx8 1600/1866,1.032,https://web.archive.org/web/20230503065843id_/https://www.dramexchange.com/
2023-05-03,dram_chip,DDR4 16Gb (1Gx16) 3200,3.1,https://web.archive.org/web/20230503065843id_/https://www.dramexchange.com/
2023-05-03,dram_chip,DDR4 16Gb (2Gx8) 3200,3.213,https://web.archive.org/web/20230503065843id_/https://www.dramexchange.com/
2023-05-03,dram_chip,DDR4 8Gb (1Gx8) 3200,1.601,https://web.archive.org/web/20230503065843id_/https://www.dramexchange.com/
2023-05-03,dram_chip,DDR4 8Gb (1Gx8) eTT,1.206,https://web.archive.org/web/20230503065843id_/https://www.dramexchange.com/
2023-05-03,dram_chip,DDR4 8Gb (512Mx16) 3200,1.557,https://web.archive.org/web/20230503065843id_/https://www.dramexchange.com/
2023-05-03,nand_chip,3D TLC 256Gb,2.121,https://web.archive.org/web/20230503065843id_/https://www.dramexchange.com/
2023-05-03,nand_chip,MLC 32Gb 4GBx8,2.143,https://web.archive.org/web/20230503065843id_/https://www.dramexchange.com/
2023-05-03,nand_chip,MLC 64Gb 8GBx8,3.856,https://web.archive.org/web/20230503065843id_/https://www.dramexchange.com/
2023-05-03,nand_chip,SLC 1Gb 128MBx8,0.902,https://web.archive.org/web/20230503065843id_/https://www.dramexchange.com/
2023-05-03,nand_chip,SLC 2Gb 256MBx8,0.999,https://web.archive.org/web/20230503065843id_/https://www.dramexchange.com/
2023-05-12,dram_chip,DDR3 4Gb 512Mx8 1600/1866,1.028,https://web.archive.org/web/20230513152037id_/https://www.dramexchange.com/
2023-05-12,dram_chip,DDR4 16Gb (1Gx16) 3200,3.025,https://web.archive.org/web/20230513152037id_/https://www.dramexchange.com/
2023-05-12,dram_chip,DDR4 16Gb (2Gx8) 3200,3.162,https://web.archive.org/web/20230513152037id_/https://www.dramexchange.com/
2023-05-12,dram_chip,DDR4 8Gb (1Gx8) 3200,1.536,https://web.archive.org/web/20230513152037id_/https://www.dramexchange.com/
2023-05-12,dram_chip,DDR4 8Gb (1Gx8) eTT,1.201,https://web.archive.org/web/20230513152037id_/https://www.dramexchange.com/
2023-05-12,dram_chip,DDR4 8Gb (512Mx16) 3200,1.538,https://web.archive.org/web/20230513152037id_/https://www.dramexchange.com/
2023-05-12,nand_chip,3D TLC 256Gb,2.084,https://web.archive.org/web/20230513152037id_/https://www.dramexchange.com/
2023-05-12,nand_chip,MLC 32Gb 4GBx8,2.125,https://web.archive.org/web/20230513152037id_/https://www.dramexchange.com/
2023-05-12,nand_chip,MLC 64Gb 8GBx8,3.856,https://web.archive.org/web/20230513152037id_/https://www.dramexchange.com/
2023-05-12,nand_chip,SLC 1Gb 128MBx8,0.905,https://web.archive.org/web/20230513152037id_/https://www.dramexchange.com/
2023-05-12,nand_chip,SLC 2Gb 256MBx8,0.976,https://web.archive.org/web/20230513152037id_/https://www.dramexchange.com/
2023-05-22,dram_module,DDR4 RDIMM 16GB 3200,37.0,https://web.archive.org/web/20230601043444id_/https://www.dramexchange.com/
2023-05-22,dram_module,DDR4 SODIMM 8GB 2666,14.833,https://web.archive.org/web/20230601043444id_/https://www.dramexchange.com/
2023-05-22,dram_module,DDR4 UDIMM 8GB 2666,14.864,https://web.archive.org/web/20230601043444id_/https://www.dramexchange.com/
2023-05-22,gddr,GDDR5 8Gb,3.194,https://web.archive.org/web/20230601043444id_/https://www.dramexchange.com/
2023-05-22,gddr,GDDR6 8Gb,3.379,https://web.archive.org/web/20230601043444id_/https://www.dramexchange.com/
2023-05-22,nand_wafer,128Gb TLC,1.086,https://web.archive.org/web/20230601043444id_/https://www.dramexchange.com/
2023-05-22,nand_wafer,256Gb TLC,0.93,https://web.archive.org/web/20230601043444id_/https://www.dramexchange.com/
2023-05-22,nand_wafer,512Gb TLC,1.427,https://web.archive.org/web/20230601043444id_/https://www.dramexchange.com/
2023-06-01,dram_chip,DDR3 4Gb 512Mx8 1600/1866,1.018,https://web.archive.org/web/20230601043444id_/https://www.dramexchange.com/
2023-06-01,dram_chip,DDR4 16Gb (1Gx16) 3200,2.95,https://web.archive.org/web/20230601043444id_/https://www.dramexchange.com/
2023-06-01,dram_chip,DDR4 16Gb (2Gx8) 3200,3.084,https://web.archive.org/web/20230601043444id_/https://www.dramexchange.com/
2023-06-01,dram_chip,DDR4 8Gb (1Gx8) 3200,1.521,https://web.archive.org/web/20230601043444id_/https://www.dramexchange.com/
2023-06-01,dram_chip,DDR4 8Gb (1Gx8) eTT,1.2,https://web.archive.org/web/20230601043444id_/https://www.dramexchange.com/
2023-06-01,dram_chip,DDR4 8Gb (512Mx16) 3200,1.508,https://web.archive.org/web/20230601043444id_/https://www.dramexchange.com/
2023-06-01,nand_chip,3D TLC 256Gb,2.102,https://web.archive.org/web/20230601043444id_/https://www.dramexchange.com/
2023-06-01,nand_chip,MLC 32Gb 4GBx8,2.067,https://web.archive.org/web/20230601043444id_/https://www.dramexchange.com/
2023-06-01,nand_chip,MLC 64Gb 8GBx8,3.854,https://web.archive.org/web/20230601043444id_/https://www.dramexchange.com/
2023-06-01,nand_chip,SLC 1Gb 128MBx8,0.891,https://web.archive.org/web/20230601043444id_/https://www.dramexchange.com/
2023-06-01,nand_chip,SLC 2Gb 256MBx8,0.881,https://web.archive.org/web/20230601043444id_/https://www.dramexchange.com/
2023-06-05,dram_module,DDR4 RDIMM 16GB 3200,36.9,https://web.archive.org/web/20230615224436id_/https://www.dramexchange.com/
2023-06-05,dram_module,DDR4 SODIMM 8GB 2666,14.7,https://web.archive.org/web/20230615224436id_/https://www.dramexchange.com/
2023-06-05,dram_module,DDR4 UDIMM 8GB 2666,14.698,https://web.archive.org/web/20230615224436id_/https://www.dramexchange.com/
2023-06-05,gddr,GDDR5 8Gb,3.209,https://web.archive.org/web/20230615224436id_/https://www.dramexchange.com/
2023-06-05,gddr,GDDR6 8Gb,3.279,https://web.archive.org/web/20230615224436id_/https://www.dramexchange.com/
2023-06-05,nand_wafer,128Gb TLC,1.086,https://web.archive.org/web/20230615224436id_/https://www.dramexchange.com/
2023-06-05,nand_wafer,256Gb TLC,0.939,https://web.archive.org/web/20230615224436id_/https://www.dramexchange.com/
2023-06-05,nand_wafer,512Gb TLC,1.417,https://web.archive.org/web/20230615224436id_/https://www.dramexchange.com/
2023-06-15,dram_chip,DDR3 4Gb 512Mx8 1600/1866,1.036,https://web.archive.org/web/20230615224436id_/https://www.dramexchange.com/
2023-06-15,dram_chip,DDR4 16Gb (1Gx16) 3200,2.914,https://web.archive.org/web/20230615224436id_/https://www.dramexchange.com/
2023-06-15,dram_chip,DDR4 16Gb (2Gx8) 3200,2.999,https://web.archive.org/web/20230615224436id_/https://www.dramexchange.com/
2023-06-15,dram_chip,DDR4 8Gb (1Gx8) 3200,1.518,https://web.archive.org/web/20230615224436id_/https://www.dramexchange.com/
2023-06-15,dram_chip,DDR4 8Gb (1Gx8) eTT,1.17,https://web.archive.org/web/20230615224436id_/https://www.dramexchange.com/
2023-06-15,dram_chip,DDR4 8Gb (512Mx16) 3200,1.497,https://web.archive.org/web/20230615224436id_/https://www.dramexchange.com/
2023-06-15,nand_chip,3D TLC 256Gb,2.102,https://web.archive.org/web/20230615224436id_/https://www.dramexchange.com/
2023-06-15,nand_chip,MLC 32Gb 4GBx8,2.067,https://web.archive.org/web/20230615224436id_/https://www.dramexchange.com/
2023-06-15,nand_chip,MLC 64Gb 8GBx8,3.854,https://web.archive.org/web/20230615224436id_/https://www.dramexchange.com/
2023-06-15,nand_chip,SLC 1Gb 128MBx8,0.875,https://web.archive.org/web/20230615224436id_/https://www.dramexchange.com/
2023-06-15,nand_chip,SLC 2Gb 256MBx8,0.857,https://web.archive.org/web/20230615224436id_/https://www.dramexchange.com/
2023-06-26,dram_module,DDR4 RDIMM 16GB 3200,37.5,https://web.archive.org/web/20230705120947id_/https://www.dramexchange.com/
2023-06-26,dram_module,DDR4 SODIMM 8GB 2666,14.4,https://web.archive.org/web/20230705120947id_/https://www.dramexchange.com/
2023-06-26,dram_module,DDR4 UDIMM 8GB 2666,14.053,https://web.archive.org/web/20230705120947id_/https://www.dramexchange.com/
2023-06-26,gddr,GDDR5 8Gb,3.238,https://web.archive.org/web/20230705120947id_/https://www.dramexchange.com/
2023-06-26,gddr,GDDR6 8Gb,3.199,https://web.archive.org/web/20230705120947id_/https://www.dramexchange.com/
2023-06-26,nand_wafer,128Gb TLC,1.076,https://web.archive.org/web/20230705120947id_/https://www.dramexchange.com/
2023-06-26,nand_wafer,256Gb TLC,0.937,https://web.archive.org/web/20230705120947id_/https://www.dramexchange.com/
2023-06-26,nand_wafer,512Gb TLC,1.411,https://web.archive.org/web/20230705120947id_/https://www.dramexchange.com/
2023-07-03,dram_module,DDR4 RDIMM 16GB 3200,37.4,https://web.archive.org/web/20230710210448id_/https://www.dramexchange.com/
2023-07-03,dram_module,DDR4 SODIMM 8GB 2666,14.167,https://web.archive.org/web/20230710210448id_/https://www.dramexchange.com/
2023-07-03,dram_module,DDR4 UDIMM 8GB 2666,13.715,https://web.archive.org/web/20230710210448id_/https://www.dramexchange.com/
2023-07-03,gddr,GDDR5 8Gb,3.249,https://web.archive.org/web/20230710210448id_/https://www.dramexchange.com/
2023-07-03,gddr,GDDR6 8Gb,3.187,https://web.archive.org/web/20230710210448id_/https://www.dramexchange.com/
2023-07-03,nand_wafer,128Gb TLC,1.073,https://web.archive.org/web/20230710210448id_/https://www.dramexchange.com/
2023-07-03,nand_wafer,256Gb TLC,0.936,https://web.archive.org/web/20230710210448id_/https://www.dramexchange.com/
2023-07-03,nand_wafer,512Gb TLC,1.408,https://web.archive.org/web/20230710210448id_/https://www.dramexchange.com/
2023-07-05,dram_chip,DDR3 4Gb 512Mx8 1600/1866,1.018,https://web.archive.org/web/20230705120947id_/https://www.dramexchange.com/
2023-07-05,dram_chip,DDR4 16Gb (1Gx16) 3200,2.908,https://web.archive.org/web/20230705120947id_/https://www.dramexchange.com/
2023-07-05,dram_chip,DDR4 16Gb (2Gx8) 3200,3.001,https://web.archive.org/web/20230705120947id_/https://www.dramexchange.com/
2023-07-05,dram_chip,DDR4 8Gb (1Gx8) 3200,1.496,https://web.archive.org/web/20230705120947id_/https://www.dramexchange.com/
2023-07-05,dram_chip,DDR4 8Gb (1Gx8) eTT,1.118,https://web.archive.org/web/20230705120947id_/https://www.dramexchange.com/
2023-07-05,dram_chip,DDR4 8Gb (512Mx16) 3200,1.485,https://web.archive.org/web/20230705120947id_/https://www.dramexchange.com/
2023-07-05,nand_chip,3D TLC 256Gb,2.102,https://web.archive.org/web/20230705120947id_/https://www.dramexchange.com/
2023-07-05,nand_chip,MLC 32Gb 4GBx8,2.067,https://web.archive.org/web/20230705120947id_/https://www.dramexchange.com/
2023-07-05,nand_chip,MLC 64Gb 8GBx8,3.853,https://web.archive.org/web/20230705120947id_/https://www.dramexchange.com/
2023-07-05,nand_chip,SLC 1Gb 128MBx8,0.859,https://web.archive.org/web/20230705120947id_/https://www.dramexchange.com/
2023-07-05,nand_chip,SLC 2Gb 256MBx8,0.823,https://web.archive.org/web/20230705120947id_/https://www.dramexchange.com/
2023-07-10,dram_chip,DDR3 4Gb 512Mx8 1600/1866,1.008,https://web.archive.org/web/20230710210448id_/https://www.dramexchange.com/
2023-07-10,dram_chip,DDR4 16Gb (1Gx16) 3200,2.914,https://web.archive.org/web/20230710210448id_/https://www.dramexchange.com/
2023-07-10,dram_chip,DDR4 16Gb (2Gx8) 3200,2.994,https://web.archive.org/web/20230710210448id_/https://www.dramexchange.com/
2023-07-10,dram_chip,DDR4 8Gb (1Gx8) 3200,1.491,https://web.archive.org/web/20230710210448id_/https://www.dramexchange.com/
2023-07-10,dram_chip,DDR4 8Gb (1Gx8) eTT,1.106,https://web.archive.org/web/20230710210448id_/https://www.dramexchange.com/
2023-07-10,dram_chip,DDR4 8Gb (512Mx16) 3200,1.483,https://web.archive.org/web/20230710210448id_/https://www.dramexchange.com/
2023-07-10,nand_chip,3D TLC 256Gb,2.102,https://web.archive.org/web/20230710210448id_/https://www.dramexchange.com/
2023-07-10,nand_chip,MLC 32Gb 4GBx8,2.067,https://web.archive.org/web/20230710210448id_/https://www.dramexchange.com/
2023-07-10,nand_chip,MLC 64Gb 8GBx8,3.853,https://web.archive.org/web/20230710210448id_/https://www.dramexchange.com/
2023-07-10,nand_chip,SLC 1Gb 128MBx8,0.863,https://web.archive.org/web/20230710210448id_/https://www.dramexchange.com/
2023-07-10,nand_chip,SLC 2Gb 256MBx8,0.82,https://web.archive.org/web/20230710210448id_/https://www.dramexchange.com/
2023-07-24,dram_module,DDR4 RDIMM 16GB 3200,36.8,https://web.archive.org/web/20230801143233id_/https://www.dramexchange.com/
2023-07-24,dram_module,DDR4 SODIMM 8GB 2666,13.967,https://web.archive.org/web/20230801143233id_/https://www.dramexchange.com/
2023-07-24,dram_module,DDR4 UDIMM 8GB 2666,13.423,https://web.archive.org/web/20230801143233id_/https://www.dramexchange.com/
2023-07-24,gddr,GDDR5 8Gb,3.342,https://web.archive.org/web/20230801143233id_/https://www.dramexchange.com/
2023-07-24,gddr,GDDR6 8Gb,3.179,https://web.archive.org/web/20230801143233id_/https://www.dramexchange.com/
2023-07-24,nand_wafer,128Gb TLC,1.063,https://web.archive.org/web/20230801143233id_/https://www.dramexchange.com/
2023-07-24,nand_wafer,256Gb TLC,0.929,https://web.archive.org/web/20230801143233id_/https://www.dramexchange.com/
2023-07-24,nand_wafer,512Gb TLC,1.404,https://web.archive.org/web/20230801143233id_/https://www.dramexchange.com/
2023-08-01,dram_chip,DDR3 4Gb 512Mx8 1600/1866,0.974,https://web.archive.org/web/20230801143233id_/https://www.dramexchange.com/
2023-08-01,dram_chip,DDR4 16Gb (1Gx16) 3200,2.94,https://web.archive.org/web/20230801143233id_/https://www.dramexchange.com/
2023-08-01,dram_chip,DDR4 16Gb (2Gx8) 3200,2.986,https://web.archive.org/web/20230801143233id_/https://www.dramexchange.com/
2023-08-01,dram_chip,DDR4 8Gb (1Gx8) 3200,1.456,https://web.archive.org/web/20230801143233id_/https://www.dramexchange.com/
2023-08-01,dram_chip,DDR4 8Gb (1Gx8) eTT,1.038,https://web.archive.org/web/20230801143233id_/https://www.dramexchange.com/
2023-08-01,dram_chip,DDR4 8Gb (512Mx16) 3200,1.47,https://web.archive.org/web/20230801143233id_/https://www.dramexchange.com/
2023-08-01,nand_chip,3D TLC 256Gb,2.102,https://web.archive.org/web/20230801143233id_/https://www.dramexchange.com/
2023-08-01,nand_chip,MLC 32Gb 4GBx8,2.056,https://web.archive.org/web/20230801143233id_/https://www.dramexchange.com/
2023-08-01,nand_chip,MLC 64Gb 8GBx8,3.853,https://web.archive.org/web/20230801143233id_/https://www.dramexchange.com/
2023-08-01,nand_chip,SLC 1Gb 128MBx8,0.84,https://web.archive.org/web/20230801143233id_/https://www.dramexchange.com/
2023-08-01,nand_chip,SLC 2Gb 256MBx8,0.795,https://web.archive.org/web/20230801143233id_/https://www.dramexchange.com/
2023-08-07,dram_module,DDR4 RDIMM 16GB 3200,36.0,https://web.archive.org/web/20230815184855id_/https://www.dramexchange.com/
2023-08-07,dram_module,DDR4 SODIMM 8GB 2666,13.95,https://web.archive.org/web/20230815184855id_/https://www.dramexchange.com/
2023-08-07,dram_module,DDR4 UDIMM 8GB 2666,13.309,https://web.archive.org/web/20230815184855id_/https://www.dramexchange.com/
2023-08-07,gddr,GDDR5 8Gb,3.55,https://web.archive.org/web/20230815184855id_/https://www.dramexchange.com/
2023-08-07,gddr,GDDR6 8Gb,3.157,https://web.archive.org/web/20230815184855id_/https://www.dramexchange.com/
2023-08-07,nand_wafer,128Gb TLC,1.063,https://web.archive.org/web/20230815184855id_/https://www.dramexchange.com/
2023-08-07,nand_wafer,256Gb TLC,0.929,https://web.archive.org/web/20230815184855id_/https://www.dramexchange.com/
2023-08-07,nand_wafer,512Gb TLC,1.436,https://web.archive.org/web/20230815184855id_/https://www.dramexchange.com/
2023-08-15,dram_chip,DDR3 4Gb 512Mx8 1600/1866,0.968,https://web.archive.org/web/20230815184855id_/https://www.dramexchange.com/
2023-08-15,dram_chip,DDR4 16Gb (1Gx16) 3200,2.94,https://web.archive.org/web/20230815184855id_/https://www.dramexchange.com/
2023-08-15,dram_chip,DDR4 16Gb (2Gx8) 3200,2.938,https://web.archive.org/web/20230815184855id_/https://www.dramexchange.com/
2023-08-15,dram_chip,DDR4 8Gb (1Gx8) 3200,1.438,https://web.archive.org/web/20230815184855id_/https://www.dramexchange.com/
2023-08-15,dram_chip,DDR4 8Gb (1Gx8) eTT,1.025,https://web.archive.org/web/20230815184855id_/https://www.dramexchange.com/
2023-08-15,dram_chip,DDR4 8Gb (512Mx16) 3200,1.461,https://web.archive.org/web/20230815184855id_/https://www.dramexchange.com/
2023-08-15,nand_chip,3D TLC 256Gb,2.102,https://web.archive.org/web/20230815184855id_/https://www.dramexchange.com/
2023-08-15,nand_chip,MLC 32Gb 4GBx8,2.063,https://web.archive.org/web/20230815184855id_/https://www.dramexchange.com/
2023-08-15,nand_chip,MLC 64Gb 8GBx8,3.86,https://web.archive.org/web/20230815184855id_/https://www.dramexchange.com/
2023-08-15,nand_chip,SLC 1Gb 128MBx8,0.824,https://web.archive.org/web/20230815184855id_/https://www.dramexchange.com/
2023-08-15,nand_chip,SLC 2Gb 256MBx8,0.799,https://web.archive.org/web/20230815184855id_/https://www.dramexchange.com/
2023-09-04,dram_module,DDR4 RDIMM 16GB 3200,35.5,https://web.archive.org/web/20230916102334id_/https://www.dramexchange.com/
2023-09-04,dram_module,DDR4 SODIMM 8GB 2666,13.556,https://web.archive.org/web/20230916102334id_/https://www.dramexchange.com/
2023-09-04,dram_module,DDR4 UDIMM 8GB 2666,13.125,https://web.archive.org/web/20230916102334id_/https://www.dramexchange.com/
2023-09-04,gddr,GDDR5 8Gb,3.505,https://web.archive.org/web/20230916102334id_/https://www.dramexchange.com/
2023-09-04,gddr,GDDR6 8Gb,2.996,https://web.archive.org/web/20230916102334id_/https://www.dramexchange.com/
2023-09-04,nand_wafer,128Gb TLC,1.067,https://web.archive.org/web/20230916102334id_/https://www.dramexchange.com/
2023-09-04,nand_wafer,256Gb TLC,0.966,https://web.archive.org/web/20230916102334id_/https://www.dramexchange.com/
2023-09-04,nand_wafer,512Gb TLC,1.588,https://web.archive.org/web/20230916102334id_/https://www.dramexchange.com/
2023-09-15,dram_chip,DDR3 4Gb 512Mx8 1600/1866,0.994,https://web.archive.org/web/20230916102334id_/https://www.dramexchange.com/
2023-09-15,dram_chip,DDR4 16Gb (1Gx16) 3200,2.89,https://web.archive.org/web/20230916102334id_/https://www.dramexchange.com/
2023-09-15,dram_chip,DDR4 16Gb (2Gx8) 3200,2.887,https://web.archive.org/web/20230916102334id_/https://www.dramexchange.com/
2023-09-15,dram_chip,DDR4 8Gb (1Gx8) 3200,1.43,https://web.archive.org/web/20230916102334id_/https://www.dramexchange.com/
2023-09-15,dram_chip,DDR4 8Gb (1Gx8) eTT,1.098,https://web.archive.org/web/20230916102334id_/https://www.dramexchange.com/
2023-09-15,dram_chip,DDR4 8Gb (512Mx16) 3200,1.484,https://web.archive.org/web/20230916102334id_/https://www.dramexchange.com/
2023-09-15,nand_chip,MLC 32Gb 4GBx8,2.063,https://web.archive.org/web/20230916102334id_/https://www.dramexchange.com/
2023-09-15,nand_chip,MLC 64Gb 8GBx8,3.867,https://web.archive.org/web/20230916102334id_/https://www.dramexchange.com/
2023-09-15,nand_chip,SLC 1Gb 128MBx8,0.796,https://web.archive.org/web/20230916102334id_/https://www.dramexchange.com/
2023-09-15,nand_chip,SLC 2Gb 256MBx8,0.774,https://web.archive.org/web/20230916102334id_/https://www.dramexchange.com/
2023-09-18,dram_module,DDR4 RDIMM 16GB 3200,37.5,https://web.archive.org/web/20231001205537id_/https://www.dramexchange.com/
2023-09-18,dram_module,DDR4 SODIMM 8GB 2666,13.856,https://web.archive.org/web/20231001205537id_/https://www.dramexchange.com/
2023-09-18,dram_module,DDR4 UDIMM 8GB 2666,13.684,https://web.archive.org/web/20231001205537id_/https://www.dramexchange.com/
2023-09-18,gddr,GDDR5 8Gb,3.649,https://web.archive.org/web/20231001205537id_/https://www.dramexchange.com/
2023-09-18,gddr,GDDR6 8Gb,2.957,https://web.archive.org/web/20231001205537id_/https://www.dramexchange.com/
2023-09-25,nand_wafer,128Gb TLC,1.08,https://web.archive.org/web/20231001205537id_/https://www.dramexchange.com/
2023-09-25,nand_wafer,256Gb TLC,1.077,https://web.archive.org/web/20231001205537id_/https://www.dramexchange.com/
2023-09-25,nand_wafer,512Gb TLC,1.757,https://web.archive.org/web/20231001205537id_/https://www.dramexchange.com/
2023-09-28,dram_chip,DDR3 4Gb 512Mx8 1600/1866,1.021,https://web.archive.org/web/20231001205537id_/https://www.dramexchange.com/
2023-09-28,dram_chip,DDR4 16Gb (1Gx16) 3200,2.996,https://web.archive.org/web/20231001205537id_/https://www.dramexchange.com/
2023-09-28,dram_chip,DDR4 16Gb (2Gx8) 3200,2.934,https://web.archive.org/web/20231001205537id_/https://www.dramexchange.com/
2023-09-28,dram_chip,DDR4 8Gb (1Gx8) 3200,1.45,https://web.archive.org/web/20231001205537id_/https://www.dramexchange.com/
2023-09-28,dram_chip,DDR4 8Gb (1Gx8) eTT,1.152,https://web.archive.org/web/20231001205537id_/https://www.dramexchange.com/
2023-09-28,dram_chip,DDR4 8Gb (512Mx16) 3200,1.502,https://web.archive.org/web/20231001205537id_/https://www.dramexchange.com/
2023-09-28,nand_chip,MLC 32Gb 4GBx8,2.063,https://web.archive.org/web/20231001205537id_/https://www.dramexchange.com/
2023-09-28,nand_chip,MLC 64Gb 8GBx8,3.867,https://web.archive.org/web/20231001205537id_/https://www.dramexchange.com/
2023-09-28,nand_chip,SLC 1Gb 128MBx8,0.812,https://web.archive.org/web/20231001205537id_/https://www.dramexchange.com/
2023-09-28,nand_chip,SLC 2Gb 256MBx8,0.771,https://web.archive.org/web/20231001205537id_/https://www.dramexchange.com/
2023-10-09,dram_module,DDR4 RDIMM 16GB 3200,38.5,https://web.archive.org/web/20231016114138id_/https://www.dramexchange.com/
2023-10-09,dram_module,DDR4 SODIMM 8GB 2666,14.347,https://web.archive.org/web/20231016114138id_/https://www.dramexchange.com/
2023-10-09,dram_module,DDR4 UDIMM 8GB 2666,14.298,https://web.archive.org/web/20231016114138id_/https://www.dramexchange.com/
2023-10-09,gddr,GDDR5 8Gb,3.702,https://web.archive.org/web/20231016114138id_/https://www.dramexchange.com/
2023-10-09,gddr,GDDR6 8Gb,3.018,https://web.archive.org/web/20231016114138id_/https://www.dramexchange.com/
2023-10-09,nand_wafer,128Gb TLC,1.08,https://web.archive.org/web/20231016114138id_/https://www.dramexchange.com/
2023-10-09,nand_wafer,256Gb TLC,1.118,https://web.archive.org/web/20231016114138id_/https://www.dramexchange.com/
2023-10-09,nand_wafer,512Gb TLC,1.935,https://web.archive.org/web/20231016114138id_/https://www.dramexchange.com/
2023-10-16,dram_chip,DDR3 4Gb 512Mx8 1600/1866,1.047,https://web.archive.org/web/20231016114138id_/https://www.dramexchange.com/
2023-10-16,dram_chip,DDR4 16Gb (1Gx16) 3200,3.03,https://web.archive.org/web/20231016114138id_/https://www.dramexchange.com/
2023-10-16,dram_chip,DDR4 16Gb (2Gx8) 3200,2.976,https://web.archive.org/web/20231016114138id_/https://www.dramexchange.com/
2023-10-16,dram_chip,DDR4 8Gb (1Gx8) 3200,1.505,https://web.archive.org/web/20231016114138id_/https://www.dramexchange.com/
2023-10-16,dram_chip,DDR4 8Gb (1Gx8) eTT,1.215,https://web.archive.org/web/20231016114138id_/https://www.dramexchange.com/
2023-10-16,dram_chip,DDR4 8Gb (512Mx16) 3200,1.537,https://web.archive.org/web/20231016114138id_/https://www.dramexchange.com/
2023-10-16,nand_chip,MLC 32Gb 4GBx8,2.07,https://web.archive.org/web/20231016114138id_/https://www.dramexchange.com/
2023-10-16,nand_chip,MLC 64Gb 8GBx8,3.874,https://web.archive.org/web/20231016114138id_/https://www.dramexchange.com/
2023-10-16,nand_chip,SLC 1Gb 128MBx8,0.847,https://web.archive.org/web/20231016114138id_/https://www.dramexchange.com/
2023-10-16,nand_chip,SLC 2Gb 256MBx8,0.805,https://web.archive.org/web/20231016114138id_/https://www.dramexchange.com/
2023-10-23,dram_module,DDR4 RDIMM 16GB 3200,39.8,https://web.archive.org/web/20231105224317id_/https://www.dramexchange.com/
2023-10-23,dram_module,DDR4 SODIMM 8GB 2666,14.2,https://web.archive.org/web/20231105224317id_/https://www.dramexchange.com/
2023-10-23,dram_module,DDR4 UDIMM 8GB 2666,14.083,https://web.archive.org/web/20231105224317id_/https://www.dramexchange.com/
2023-10-23,gddr,GDDR5 8Gb,3.663,https://web.archive.org/web/20231105224317id_/https://www.dramexchange.com/
2023-10-23,gddr,GDDR6 8Gb,3.02,https://web.archive.org/web/20231105224317id_/https://www.dramexchange.com/
2023-10-30,nand_wafer,128Gb TLC,1.183,https://web.archive.org/web/20231105224317id_/https://www.dramexchange.com/
2023-10-30,nand_wafer,256Gb TLC,1.302,https://web.archive.org/web/20231105224317id_/https://www.dramexchange.com/
2023-10-30,nand_wafer,512Gb TLC,2.304,https://web.archive.org/web/20231105224317id_/https://www.dramexchange.com/
2023-11-03,dram_chip,DDR3 4Gb 512Mx8 1600/1866,1.059,https://web.archive.org/web/20231105224317id_/https://www.dramexchange.com/
2023-11-03,dram_chip,DDR4 16Gb (1Gx16) 3200,3.18,https://web.archive.org/web/20231105224317id_/https://www.dramexchange.com/
2023-11-03,dram_chip,DDR4 16Gb (2Gx8) 3200,3.133,https://web.archive.org/web/20231105224317id_/https://www.dramexchange.com/
2023-11-03,dram_chip,DDR4 8Gb (1Gx8) 3200,1.545,https://web.archive.org/web/20231105224317id_/https://www.dramexchange.com/
2023-11-03,dram_chip,DDR4 8Gb (1Gx8) eTT,1.208,https://web.archive.org/web/20231105224317id_/https://www.dramexchange.com/
2023-11-03,dram_chip,DDR4 8Gb (512Mx16) 3200,1.613,https://web.archive.org/web/20231105224317id_/https://www.dramexchange.com/
2023-11-03,nand_chip,MLC 32Gb 4GBx8,2.07,https://web.archive.org/web/20231105224317id_/https://www.dramexchange.com/
2023-11-03,nand_chip,MLC 64Gb 8GBx8,3.875,https://web.archive.org/web/20231105224317id_/https://www.dramexchange.com/
2023-11-03,nand_chip,SLC 1Gb 128MBx8,0.835,https://web.archive.org/web/20231105224317id_/https://www.dramexchange.com/
2023-11-03,nand_chip,SLC 2Gb 256MBx8,0.825,https://web.archive.org/web/20231105224317id_/https://www.dramexchange.com/
2023-11-06,dram_module,DDR4 RDIMM 16GB 3200,40.5,https://web.archive.org/web/20231113203900id_/https://www.dramexchange.com/
2023-11-06,dram_module,DDR4 SODIMM 8GB 2666,14.203,https://web.archive.org/web/20231113203900id_/https://www.dramexchange.com/
2023-11-06,dram_module,DDR4 UDIMM 8GB 2666,13.927,https://web.archive.org/web/20231113203900id_/https://www.dramexchange.com/
2023-11-06,gddr,GDDR5 8Gb,3.615,https://web.archive.org/web/20231113203900id_/https://www.dramexchange.com/
2023-11-06,gddr,GDDR6 8Gb,3.02,https://web.archive.org/web/20231113203900id_/https://www.dramexchange.com/
2023-11-06,nand_wafer,128Gb TLC,1.195,https://web.archive.org/web/20231113203900id_/https://www.dramexchange.com/
2023-11-06,nand_wafer,256Gb TLC,1.3,https://web.archive.org/web/20231113203900id_/https://www.dramexchange.com/
2023-11-06,nand_wafer,512Gb TLC,2.464,https://web.archive.org/web/20231113203900id_/https://www.dramexchange.com/
2023-11-13,dram_chip,DDR3 4Gb 512Mx8 1600/1866,1.061,https://web.archive.org/web/20231113203900id_/https://www.dramexchange.com/
2023-11-13,dram_chip,DDR4 16Gb (1Gx16) 3200,3.197,https://web.archive.org/web/20231113203900id_/https://www.dramexchange.com/
2023-11-13,dram_chip,DDR4 16Gb (2Gx8) 3200,3.149,https://web.archive.org/web/20231113203900id_/https://www.dramexchange.com/
2023-11-13,dram_chip,DDR4 8Gb (1Gx8) 3200,1.557,https://web.archive.org/web/20231113203900id_/https://www.dramexchange.com/
2023-11-13,dram_chip,DDR4 8Gb (1Gx8) eTT,1.192,https://web.archive.org/web/20231113203900id_/https://www.dramexchange.com/
2023-11-13,dram_chip,DDR4 8Gb (512Mx16) 3200,1.618,https://web.archive.org/web/20231113203900id_/https://www.dramexchange.com/
2023-11-13,nand_chip,MLC 32Gb 4GBx8,2.07,https://web.archive.org/web/20231113203900id_/https://www.dramexchange.com/
2023-11-13,nand_chip,MLC 64Gb 8GBx8,3.875,https://web.archive.org/web/20231113203900id_/https://www.dramexchange.com/
2023-11-13,nand_chip,SLC 1Gb 128MBx8,0.821,https://web.archive.org/web/20231113203900id_/https://www.dramexchange.com/
2023-11-13,nand_chip,SLC 2Gb 256MBx8,0.813,https://web.archive.org/web/20231113203900id_/https://www.dramexchange.com/
2023-11-20,dram_module,DDR4 RDIMM 16GB 3200,42.5,https://web.archive.org/web/20231203113609id_/https://www.dramexchange.com/
2023-11-20,dram_module,DDR4 SODIMM 8GB 2666,14.381,https://web.archive.org/web/20231203113609id_/https://www.dramexchange.com/
2023-11-20,dram_module,DDR4 UDIMM 8GB 2666,13.813,https://web.archive.org/web/20231203113609id_/https://www.dramexchange.com/
2023-11-20,gddr,GDDR5 8Gb,3.61,https://web.archive.org/web/20231203113609id_/https://www.dramexchange.com/
2023-11-20,gddr,GDDR6 8Gb,3.067,https://web.archive.org/web/20231203113609id_/https://www.dramexchange.com/
2023-11-20,nand_wafer,128Gb TLC,1.242,https://web.archive.org/web/20231203113609id_/https://www.dramexchange.com/
2023-11-20,nand_wafer,256Gb TLC,1.363,https://web.archive.org/web/20231203113609id_/https://www.dramexchange.com/
2023-11-20,nand_wafer,512Gb TLC,2.566,https://web.archive.org/web/20231203113609id_/https://www.dramexchange.com/
2023-12-01,dram_chip,DDR3 4Gb 512Mx8 1600/1866,1.051,https://web.archive.org/web/20231203113609id_/https://www.dramexchange.com/
2023-12-01,dram_chip,DDR4 16Gb (1Gx16) 3200,3.403,https://web.archive.org/web/20231203113609id_/https://www.dramexchange.com/
2023-12-01,dram_chip,DDR4 16Gb (2Gx8) 3200,3.261,https://web.archive.org/web/20231203113609id_/https://www.dramexchange.com/
2023-12-01,dram_chip,DDR4 8Gb (1Gx8) 3200,1.582,https://web.archive.org/web/20231203113609id_/https://www.dramexchange.com/
2023-12-01,dram_chip,DDR4 8Gb (1Gx8) eTT,1.172,https://web.archive.org/web/20231203113609id_/https://www.dramexchange.com/
2023-12-01,dram_chip,DDR4 8Gb (512Mx16) 3200,1.595,https://web.archive.org/web/20231203113609id_/https://www.dramexchange.com/
2023-12-01,nand_chip,MLC 32Gb 4GBx8,2.07,https://web.archive.org/web/20231203113609id_/https://www.dramexchange.com/
2023-12-01,nand_chip,MLC 64Gb 8GBx8,3.875,https://web.archive.org/web/20231203113609id_/https://www.dramexchange.com/
2023-12-01,nand_chip,SLC 1Gb 128MBx8,0.807,https://web.archive.org/web/20231203113609id_/https://www.dramexchange.com/
2023-12-01,nand_chip,SLC 2Gb 256MBx8,0.798,https://web.archive.org/web/20231203113609id_/https://www.dramexchange.com/
2023-12-11,dram_module,DDR4 RDIMM 16GB 3200,43.0,https://web.archive.org/web/20231219155307id_/https://www.dramexchange.com/
2023-12-11,dram_module,DDR4 SODIMM 8GB 2666,14.444,https://web.archive.org/web/20231219155307id_/https://www.dramexchange.com/
2023-12-11,dram_module,DDR4 UDIMM 8GB 2666,14.026,https://web.archive.org/web/20231219155307id_/https://www.dramexchange.com/
2023-12-11,gddr,GDDR5 8Gb,3.553,https://web.archive.org/web/20231219155307id_/https://www.dramexchange.com/
2023-12-11,gddr,GDDR6 8Gb,3.074,https://web.archive.org/web/20231219155307id_/https://www.dramexchange.com/
2023-12-11,nand_wafer,128Gb TLC,1.3,https://web.archive.org/web/20231219155307id_/https://www.dramexchange.com/
2023-12-11,nand_wafer,256Gb TLC,1.474,https://web.archive.org/web/20231219155307id_/https://www.dramexchange.com/
2023-12-11,nand_wafer,512Gb TLC,3.026,https://web.archive.org/web/20231219155307id_/https://www.dramexchange.com/
2023-12-19,dram_chip,DDR3 4Gb 512Mx8 1600/1866,1.041,https://web.archive.org/web/20231219155307id_/https://www.dramexchange.com/
2023-12-19,dram_chip,DDR4 16Gb (1Gx16) 3200,3.492,https://web.archive.org/web/20231219155307id_/https://www.dramexchange.com/
2023-12-19,dram_chip,DDR4 16Gb (2Gx8) 3200,3.33,https://web.archive.org/web/20231219155307id_/https://www.dramexchange.com/
2023-12-19,dram_chip,DDR4 8Gb (1Gx8) 3200,1.601,https://web.archive.org/web/20231219155307id_/https://www.dramexchange.com/
2023-12-19,dram_chip,DDR4 8Gb (1Gx8) eTT,1.186,https://web.archive.org/web/20231219155307id_/https://www.dramexchange.com/
2023-12-19,dram_chip,DDR4 8Gb (512Mx16) 3200,1.631,https://web.archive.org/web/20231219155307id_/https://www.dramexchange.com/
2023-12-19,nand_chip,MLC 32Gb 4GBx8,2.07,https://web.archive.org/web/20231219155307id_/https://www.dramexchange.com/
2023-12-19,nand_chip,MLC 64Gb 8GBx8,3.875,https://web.archive.org/web/20231219155307id_/https://www.dramexchange.com/
2023-12-19,nand_chip,SLC 1Gb 128MBx8,0.799,https://web.archive.org/web/20231219155307id_/https://www.dramexchange.com/
2023-12-19,nand_chip,SLC 2Gb 256MBx8,0.781,https://web.archive.org/web/20231219155307id_/https://www.dramexchange.com/
2023-12-25,nand_wafer,128Gb TLC,1.397,https://web.archive.org/web/20240101174452id_/https://www.dramexchange.com/
2023-12-25,nand_wafer,256Gb TLC,1.557,https://web.archive.org/web/20240101174452id_/https://www.dramexchange.com/
2023-12-25,nand_wafer,512Gb TLC,3.128,https://web.archive.org/web/20240101174452id_/https://www.dramexchange.com/
2023-12-29,dram_chip,DDR3 4Gb 512Mx8 1600/1866,1.036,https://web.archive.org/web/20240101174452id_/https://www.dramexchange.com/
2023-12-29,dram_chip,DDR4 16Gb (1Gx16) 3200,3.547,https://web.archive.org/web/20240101174452id_/https://www.dramexchange.com/
2023-12-29,dram_chip,DDR4 16Gb (2Gx8) 3200,3.361,https://web.archive.org/web/20240101174452id_/https://www.dramexchange.com/
2023-12-29,dram_chip,DDR4 8Gb (1Gx8) 3200,1.613,https://web.archive.org/web/20240101174452id_/https://www.dramexchange.com/
2023-12-29,dram_chip,DDR4 8Gb (1Gx8) eTT,1.195,https://web.archive.org/web/20240101174452id_/https://www.dramexchange.com/
2023-12-29,dram_chip,DDR4 8Gb (512Mx16) 3200,1.653,https://web.archive.org/web/20240101174452id_/https://www.dramexchange.com/
2023-12-29,nand_chip,MLC 32Gb 4GBx8,2.071,https://web.archive.org/web/20240101174452id_/https://www.dramexchange.com/
2023-12-29,nand_chip,MLC 64Gb 8GBx8,3.874,https://web.archive.org/web/20240101174452id_/https://www.dramexchange.com/
2023-12-29,nand_chip,SLC 1Gb 128MBx8,0.784,https://web.archive.org/web/20240101174452id_/https://www.dramexchange.com/
2023-12-29,nand_chip,SLC 2Gb 256MBx8,0.772,https://web.archive.org/web/20240101174452id_/https://www.dramexchange.com/
2024-01-01,dram_module,DDR4 RDIMM 16GB 3200,43.5,https://web.archive.org/web/20240101174452id_/https://www.dramexchange.com/
2024-01-01,dram_module,DDR4 SODIMM 8GB 2666,14.556,https://web.archive.org/web/20240101174452id_/https://www.dramexchange.com/
2024-01-01,dram_module,DDR4 UDIMM 8GB 2666,14.113,https://web.archive.org/web/20240101174452id_/https://www.dramexchange.com/
2024-01-01,gddr,GDDR5 8Gb,3.393,https://web.archive.org/web/20240101174452id_/https://www.dramexchange.com/
2024-01-01,gddr,GDDR6 8Gb,3.091,https://web.archive.org/web/20240101174452id_/https://www.dramexchange.com/
2024-01-08,dram_module,DDR4 RDIMM 16GB 3200,46.0,https://web.archive.org/web/20240115100710id_/https://www.dramexchange.com/
2024-01-08,dram_module,DDR4 SODIMM 8GB 2666,14.638,https://web.archive.org/web/20240115100710id_/https://www.dramexchange.com/
2024-01-08,dram_module,DDR4 UDIMM 8GB 2666,14.349,https://web.archive.org/web/20240115100710id_/https://www.dramexchange.com/
2024-01-08,gddr,GDDR5 8Gb,3.367,https://web.archive.org/web/20240115100710id_/https://www.dramexchange.com/
2024-01-08,gddr,GDDR6 8Gb,3.154,https://web.archive.org/web/20240115100710id_/https://www.dramexchange.com/
2024-01-08,nand_wafer,128Gb TLC,1.397,https://web.archive.org/web/20240115100710id_/https://www.dramexchange.com/
2024-01-08,nand_wafer,256Gb TLC,1.556,https://web.archive.org/web/20240115100710id_/https://www.dramexchange.com/
2024-01-08,nand_wafer,512Gb TLC,3.117,https://web.archive.org/web/20240115100710id_/https://www.dramexchange.com/
2024-01-15,dram_chip,DDR3 4Gb 512Mx8 1600/1866,1.061,https://web.archive.org/web/20240115100710id_/https://www.dramexchange.com/
2024-01-15,dram_chip,DDR4 16Gb (1Gx16) 3200,3.605,https://web.archive.org/web/20240115100710id_/https://www.dramexchange.com/
2024-01-15,dram_chip,DDR4 16Gb (2Gx8) 3200,3.432,https://web.archive.org/web/20240115100710id_/https://www.dramexchange.com/
2024-01-15,dram_chip,DDR4 8Gb (1Gx8) 3200,1.685,https://web.archive.org/web/20240115100710id_/https://www.dramexchange.com/
2024-01-15,dram_chip,DDR4 8Gb (1Gx8) eTT,1.28,https://web.archive.org/web/20240115100710id_/https://www.dramexchange.com/
2024-01-15,dram_chip,DDR4 8Gb (512Mx16) 3200,1.717,https://web.archive.org/web/20240115100710id_/https://www.dramexchange.com/
2024-01-15,nand_chip,MLC 32Gb 4GBx8,2.071,https://web.archive.org/web/20240115100710id_/https://www.dramexchange.com/
2024-01-15,nand_chip,MLC 64Gb 8GBx8,3.88,https://web.archive.org/web/20240115100710id_/https://www.dramexchange.com/
2024-01-15,nand_chip,SLC 1Gb 128MBx8,0.782,https://web.archive.org/web/20240115100710id_/https://www.dramexchange.com/
2024-01-15,nand_chip,SLC 2Gb 256MBx8,0.789,https://web.archive.org/web/20240115100710id_/https://www.dramexchange.com/
2024-01-22,dram_module,DDR4 RDIMM 16GB 3200,46.8,https://web.archive.org/web/20240202125239id_/https://www.dramexchange.com/
2024-01-22,dram_module,DDR4 SODIMM 8GB 2666,14.657,https://web.archive.org/web/20240202125239id_/https://www.dramexchange.com/
2024-01-22,dram_module,DDR4 UDIMM 8GB 2666,14.519,https://web.archive.org/web/20240202125239id_/https://www.dramexchange.com/
2024-01-22,gddr,GDDR5 8Gb,3.485,https://web.archive.org/web/20240202125239id_/https://www.dramexchange.com/
2024-01-22,gddr,GDDR6 8Gb,3.067,https://web.archive.org/web/20240202125239id_/https://www.dramexchange.com/
2024-01-22,nand_wafer,128Gb TLC,1.397,https://web.archive.org/web/20240202125239id_/https://www.dramexchange.com/
2024-01-22,nand_wafer,256Gb TLC,1.706,https://web.archive.org/web/20240202125239id_/https://www.dramexchange.com/
2024-01-22,nand_wafer,512Gb TLC,3.219,https://web.archive.org/web/20240202125239id_/https://www.dramexchange.com/
2024-01-29,dram_module,DDR4 RDIMM 16GB 3200,47.0,https://web.archive.org/web/20240218140221id_/https://www.dramexchange.com/
2024-01-29,dram_module,DDR4 SODIMM 8GB 2666,14.631,https://web.archive.org/web/20240218140221id_/https://www.dramexchange.com/
2024-01-29,dram_module,DDR4 UDIMM 8GB 2666,14.462,https://web.archive.org/web/20240218140221id_/https://www.dramexchange.com/
2024-01-29,gddr,GDDR5 8Gb,3.485,https://web.archive.org/web/20240218140221id_/https://www.dramexchange.com/
2024-01-29,gddr,GDDR6 8Gb,3.035,https://web.archive.org/web/20240218140221id_/https://www.dramexchange.com/
2024-02-02,dram_chip,DDR3 4Gb 512Mx8 1600/1866,1.078,https://web.archive.org/web/20240202125239id_/https://www.dramexchange.com/
2024-02-02,dram_chip,DDR4 16Gb (1Gx16) 3200,3.8,https://web.archive.org/web/20240202125239id_/https://www.dramexchange.com/
2024-02-02,dram_chip,DDR4 16Gb (2Gx8) 3200,3.54,https://web.archive.org/web/20240202125239id_/https://www.dramexchange.com/
2024-02-02,dram_chip,DDR4 8Gb (1Gx8) 3200,1.806,https://web.archive.org/web/20240202125239id_/https://www.dramexchange.com/
2024-02-02,dram_chip,DDR4 8Gb (1Gx8) eTT,1.332,https://web.archive.org/web/20240202125239id_/https://www.dramexchange.com/
2024-02-02,dram_chip,DDR4 8Gb (512Mx16) 3200,1.808,https://web.archive.org/web/20240202125239id_/https://www.dramexchange.com/
2024-02-02,nand_chip,MLC 32Gb 4GBx8,2.071,https://web.archive.org/web/20240202125239id_/https://www.dramexchange.com/
2024-02-02,nand_chip,MLC 64Gb 8GBx8,3.882,https://web.archive.org/web/20240202125239id_/https://www.dramexchange.com/
2024-02-02,nand_chip,SLC 1Gb 128MBx8,0.767,https://web.archive.org/web/20240202125239id_/https://www.dramexchange.com/
2024-02-02,nand_chip,SLC 2Gb 256MBx8,0.79,https://web.archive.org/web/20240202125239id_/https://www.dramexchange.com/
2024-02-05,nand_wafer,128Gb TLC,1.397,https://web.archive.org/web/20240218140221id_/https://www.dramexchange.com/
2024-02-05,nand_wafer,256Gb TLC,1.766,https://web.archive.org/web/20240218140221id_/https://www.dramexchange.com/
2024-02-05,nand_wafer,512Gb TLC,3.437,https://web.archive.org/web/20240218140221id_/https://www.dramexchange.com/
2024-02-16,dram_chip,DDR3 4Gb 512Mx8 1600/1866,1.081,https://web.archive.org/web/20240218140221id_/https://www.dramexchange.com/
2024-02-16,dram_chip,DDR4 16Gb (1Gx16) 3200,3.8,https://web.archive.org/web/20240218140221id_/https://www.dramexchange.com/
2024-02-16,dram_chip,DDR4 16Gb (2Gx8) 3200,3.554,https://web.archive.org/web/20240218140221id_/https://www.dramexchange.com/
2024-02-16,dram_chip,DDR4 8Gb (1Gx8) 3200,1.829,https://web.archive.org/web/20240218140221id_/https://www.dramexchange.com/
2024-02-16,dram_chip,DDR4 8Gb (1Gx8) eTT,1.363,https://web.archive.org/web/20240218140221id_/https://www.dramexchange.com/
2024-02-16,dram_chip,DDR4 8Gb (512Mx16) 3200,1.811,https://web.archive.org/web/20240218140221id_/https://www.dramexchange.com/
2024-02-16,nand_chip,MLC 32Gb 4GBx8,2.071,https://web.archive.org/web/20240218140221id_/https://www.dramexchange.com/
2024-02-16,nand_chip,MLC 64Gb 8GBx8,3.882,https://web.archive.org/web/20240218140221id_/https://www.dramexchange.com/
2024-02-16,nand_chip,SLC 1Gb 128MBx8,0.773,https://web.archive.org/web/20240218140221id_/https://www.dramexchange.com/
2024-02-16,nand_chip,SLC 2Gb 256MBx8,0.8,https://web.archive.org/web/20240218140221id_/https://www.dramexchange.com/
2024-02-19,dram_module,DDR4 RDIMM 16GB 3200,47.0,https://web.archive.org/web/20240301212230id_/https://www.dramexchange.com/
2024-02-19,dram_module,DDR4 SODIMM 8GB 2666,14.6,https://web.archive.org/web/20240301212230id_/https://www.dramexchange.com/
2024-02-19,dram_module,DDR4 UDIMM 8GB 2666,14.409,https://web.archive.org/web/20240301212230id_/https://www.dramexchange.com/
2024-02-19,gddr,GDDR5 8Gb,3.485,https://web.archive.org/web/20240301212230id_/https://www.dramexchange.com/
2024-02-19,gddr,GDDR6 8Gb,2.947,https://web.archive.org/web/20240301212230id_/https://www.dramexchange.com/
2024-02-19,nand_wafer,128Gb TLC,1.397,https://web.archive.org/web/20240301212230id_/https://www.dramexchange.com/
2024-02-19,nand_wafer,256Gb TLC,1.766,https://web.archive.org/web/20240301212230id_/https://www.dramexchange.com/
2024-02-19,nand_wafer,512Gb TLC,3.437,https://web.archive.org/web/20240301212230id_/https://www.dramexchange.com/
2024-03-01,dram_chip,DDR3 4Gb 512Mx8 1600/1866,1.082,https://web.archive.org/web/20240301212230id_/https://www.dramexchange.com/
2024-03-01,dram_chip,DDR4 16Gb (1Gx16) 3200,3.768,https://web.archive.org/web/20240301212230id_/https://www.dramexchange.com/
2024-03-01,dram_chip,DDR4 16Gb (2Gx8) 3200,3.569,https://web.archive.org/web/20240301212230id_/https://www.dramexchange.com/
2024-03-01,dram_chip,DDR4 8Gb (1Gx8) 3200,1.818,https://web.archive.org/web/20240301212230id_/https://www.dramexchange.com/
2024-03-01,dram_chip,DDR4 8Gb (1Gx8) eTT,1.392,https://web.archive.org/web/20240301212230id_/https://www.dramexchange.com/
2024-03-01,dram_chip,DDR4 8Gb (512Mx16) 3200,1.827,https://web.archive.org/web/20240301212230id_/https://www.dramexchange.com/
2024-03-01,nand_chip,MLC 32Gb 4GBx8,2.071,https://web.archive.org/web/20240301212230id_/https://www.dramexchange.com/
2024-03-01,nand_chip,MLC 64Gb 8GBx8,3.877,https://web.archive.org/web/20240301212230id_/https://www.dramexchange.com/
2024-03-01,nand_chip,SLC 1Gb 128MBx8,0.782,https://web.archive.org/web/20240301212230id_/https://www.dramexchange.com/
2024-03-01,nand_chip,SLC 2Gb 256MBx8,0.798,https://web.archive.org/web/20240301212230id_/https://www.dramexchange.com/
2024-03-04,dram_module,DDR4 RDIMM 16GB 3200,44.0,https://web.archive.org/web/20240316100540id_/https://www.dramexchange.com/
2024-03-04,dram_module,DDR4 SODIMM 8GB 2666,14.834,https://web.archive.org/web/20240316100540id_/https://www.dramexchange.com/
2024-03-04,dram_module,DDR4 UDIMM 8GB 2666,14.249,https://web.archive.org/web/20240316100540id_/https://www.dramexchange.com/
2024-03-04,gddr,GDDR5 8Gb,3.535,https://web.archive.org/web/20240316100540id_/https://www.dramexchange.com/
2024-03-04,gddr,GDDR6 8Gb,2.963,https://web.archive.org/web/20240316100540id_/https://www.dramexchange.com/
2024-03-04,nand_wafer,128Gb TLC,1.397,https://web.archive.org/web/20240316100540id_/https://www.dramexchange.com/
2024-03-04,nand_wafer,256Gb TLC,1.837,https://web.archive.org/web/20240316100540id_/https://www.dramexchange.com/
2024-03-04,nand_wafer,512Gb TLC,3.585,https://web.archive.org/web/20240316100540id_/https://www.dramexchange.com/
2024-03-15,dram_chip,DDR3 4Gb 512Mx8 1600/1866,1.07,https://web.archive.org/web/20240316100540id_/https://www.dramexchange.com/
2024-03-15,dram_chip,DDR4 16Gb (1Gx16) 3200,3.685,https://web.archive.org/web/20240316100540id_/https://www.dramexchange.com/
2024-03-15,dram_chip,DDR4 16Gb (2Gx8) 3200,3.561,https://web.archive.org/web/20240316100540id_/https://www.dramexchange.com/
2024-03-15,dram_chip,DDR4 8Gb (1Gx8) 3200,1.789,https://web.archive.org/web/20240316100540id_/https://www.dramexchange.com/
2024-03-15,dram_chip,DDR4 8Gb (512Mx16) 3200,1.792,https://web.archive.org/web/20240316100540id_/https://www.dramexchange.com/
2024-03-15,dram_chip,DDR5 16Gb (2Gx8) 4800/5600,4.703,https://web.archive.org/web/20240316100540id_/https://www.dramexchange.com/
2024-03-15,nand_chip,MLC 32Gb 4GBx8,2.071,https://web.archive.org/web/20240316100540id_/https://www.dramexchange.com/
2024-03-15,nand_chip,MLC 64Gb 8GBx8,3.877,https://web.archive.org/web/20240316100540id_/https://www.dramexchange.com/
2024-03-15,nand_chip,SLC 1Gb 128MBx8,0.757,https://web.archive.org/web/20240316100540id_/https://www.dramexchange.com/
2024-03-15,nand_chip,SLC 2Gb 256MBx8,0.793,https://web.archive.org/web/20240316100540id_/https://www.dramexchange.com/
2024-03-25,dram_module,DDR4 RDIMM 16GB 3200,42.0,https://web.archive.org/web/20240401124251id_/https://www.dramexchange.com/
2024-03-25,dram_module,DDR4 SODIMM 8GB 2666,14.725,https://web.archive.org/web/20240401124251id_/https://www.dramexchange.com/
2024-03-25,dram_module,DDR4 UDIMM 8GB 2666,14.19,https://web.archive.org/web/20240401124251id_/https://www.dramexchange.com/
2024-03-25,gddr,GDDR5 8Gb,3.61,https://web.archive.org/web/20240401124251id_/https://www.dramexchange.com/
2024-03-25,gddr,GDDR6 8Gb,2.744,https://web.archive.org/web/20240401124251id_/https://www.dramexchange.com/
2024-03-25,nand_wafer,128Gb TLC,1.397,https://web.archive.org/web/20240401124251id_/https://www.dramexchange.com/
2024-03-25,nand_wafer,256Gb TLC,1.873,https://web.archive.org/web/20240401124251id_/https://www.dramexchange.com/
2024-03-25,nand_wafer,512Gb TLC,3.764,https://web.archive.org/web/20240401124251id_/https://www.dramexchange.com/
2024-04-01,dram_chip,DDR3 4Gb 512Mx8 1600/1866,1.055,https://web.archive.org/web/20240401124251id_/https://www.dramexchange.com/
2024-04-01,dram_chip,DDR4 16Gb (1Gx16) 3200,3.585,https://web.archive.org/web/20240401124251id_/https://www.dramexchange.com/
2024-04-01,dram_chip,DDR4 16Gb (2Gx8) 3200,3.507,https://web.archive.org/web/20240401124251id_/https://www.dramexchange.com/
2024-04-01,dram_chip,DDR4 8Gb (1Gx8) 3200,1.767,https://web.archive.org/web/20240401124251id_/https://www.dramexchange.com/
2024-04-01,dram_chip,DDR4 8Gb (512Mx16) 3200,1.753,https://web.archive.org/web/20240401124251id_/https://www.dramexchange.com/
2024-04-01,dram_chip,DDR5 16Gb (2Gx8) 4800/5600,4.692,https://web.archive.org/web/20240401124251id_/https://www.dramexchange.com/
2024-04-01,dram_module,DDR4 RDIMM 16GB 3200,42.0,https://web.archive.org/web/20240414193624id_/https://www.dramexchange.com/
2024-04-01,dram_module,DDR4 SODIMM 8GB 2666,14.706,https://web.archive.org/web/20240414193624id_/https://www.dramexchange.com/
2024-04-01,dram_module,DDR4 UDIMM 8GB 2666,14.162,https://web.archive.org/web/20240414193624id_/https://www.dramexchange.com/
2024-04-01,gddr,GDDR5 8Gb,3.61,https://web.archive.org/web/20240414193624id_/https://www.dramexchange.com/
2024-04-01,gddr,GDDR6 8Gb,2.708,https://web.archive.org/web/20240414193624id_/https://www.dramexchange.com/
2024-04-01,nand_chip,MLC 32Gb 4GBx8,2.071,https://web.archive.org/web/20240401124251id_/https://www.dramexchange.com/
2024-04-01,nand_chip,MLC 64Gb 8GBx8,3.88,https://web.archive.org/web/20240401124251id_/https://www.dramexchange.com/
2024-04-01,nand_chip,SLC 1Gb 128MBx8,0.73,https://web.archive.org/web/20240401124251id_/https://www.dramexchange.com/
2024-04-01,nand_chip,SLC 2Gb 256MBx8,0.766,https://web.archive.org/web/20240401124251id_/https://www.dramexchange.com/
2024-04-08,nand_wafer,128Gb TLC,1.397,https://web.archive.org/web/20240414193624id_/https://www.dramexchange.com/
2024-04-08,nand_wafer,256Gb TLC,1.869,https://web.archive.org/web/20240414193624id_/https://www.dramexchange.com/
2024-04-08,nand_wafer,512Gb TLC,3.764,https://web.archive.org/web/20240414193624id_/https://www.dramexchange.com/
2024-04-12,dram_chip,DDR3 4Gb 512Mx8 1600/1866,1.058,https://web.archive.org/web/20240414193624id_/https://www.dramexchange.com/
2024-04-12,dram_chip,DDR4 16Gb (1Gx16) 3200,3.61,https://web.archive.org/web/20240414193624id_/https://www.dramexchange.com/
2024-04-12,dram_chip,DDR4 16Gb (2Gx8) 3200,3.541,https://web.archive.org/web/20240414193624id_/https://www.dramexchange.com/
2024-04-12,dram_chip,DDR4 8Gb (1Gx8) 3200,1.805,https://web.archive.org/web/20240414193624id_/https://www.dramexchange.com/
2024-04-12,dram_chip,DDR4 8Gb (512Mx16) 3200,1.767,https://web.archive.org/web/20240414193624id_/https://www.dramexchange.com/
2024-04-12,dram_chip,DDR5 16Gb (2Gx8) 4800/5600,4.743,https://web.archive.org/web/20240414193624id_/https://www.dramexchange.com/
2024-04-12,nand_chip,MLC 32Gb 4GBx8,2.071,https://web.archive.org/web/20240414193624id_/https://www.dramexchange.com/
2024-04-12,nand_chip,MLC 64Gb 8GBx8,3.884,https://web.archive.org/web/20240414193624id_/https://www.dramexchange.com/
2024-04-12,nand_chip,SLC 1Gb 128MBx8,0.731,https://web.archive.org/web/20240414193624id_/https://www.dramexchange.com/
2024-04-12,nand_chip,SLC 2Gb 256MBx8,0.792,https://web.archive.org/web/20240414193624id_/https://www.dramexchange.com/
2024-04-22,dram_module,DDR4 RDIMM 16GB 3200,44.5,https://web.archive.org/web/20240502021307id_/https://www.dramexchange.com/
2024-04-22,dram_module,DDR4 SODIMM 8GB 2666,14.672,https://web.archive.org/web/20240502021307id_/https://www.dramexchange.com/
2024-04-22,dram_module,DDR4 UDIMM 8GB 2666,14.133,https://web.archive.org/web/20240502021307id_/https://www.dramexchange.com/
2024-04-22,gddr,GDDR5 8Gb,3.62,https://web.archive.org/web/20240502021307id_/https://www.dramexchange.com/
2024-04-22,gddr,GDDR6 8Gb,2.684,https://web.archive.org/web/20240502021307id_/https://www.dramexchange.com/
2024-04-22,nand_wafer,128Gb TLC,1.397,https://web.archive.org/web/20240502021307id_/https://www.dramexchange.com/
2024-04-22,nand_wafer,256Gb TLC,1.889,https://web.archive.org/web/20240502021307id_/https://www.dramexchange.com/
2024-04-22,nand_wafer,512Gb TLC,3.764,https://web.archive.org/web/20240502021307id_/https://www.dramexchange.com/
2024-04-30,dram_chip,DDR3 4Gb 512Mx8 1600/1866,1.05,https://web.archive.org/web/20240502021307id_/https://www.dramexchange.com/
2024-04-30,dram_chip,DDR4 16Gb (1Gx16) 3200,3.67,https://web.archive.org/web/20240502021307id_/https://www.dramexchange.com/
2024-04-30,dram_chip,DDR4 16Gb (2Gx8) 3200,3.561,https://web.archive.org/web/20240502021307id_/https://www.dramexchange.com/
2024-04-30,dram_chip,DDR4 8Gb (1Gx8) 3200,1.783,https://web.archive.org/web/20240502021307id_/https://www.dramexchange.com/
2024-04-30,dram_chip,DDR4 8Gb (512Mx16) 3200,1.761,https://web.archive.org/web/20240502021307id_/https://www.dramexchange.com/
2024-04-30,dram_chip,DDR5 16Gb (2Gx8) 4800/5600,4.9,https://web.archive.org/web/20240502021307id_/https://www.dramexchange.com/
2024-04-30,nand_chip,MLC 32Gb 4GBx8,2.071,https://web.archive.org/web/20240502021307id_/https://www.dramexchange.com/
2024-04-30,nand_chip,MLC 64Gb 8GBx8,3.88,https://web.archive.org/web/20240502021307id_/https://www.dramexchange.com/
2024-04-30,nand_chip,SLC 1Gb 128MBx8,0.745,https://web.archive.org/web/20240502021307id_/https://www.dramexchange.com/
2024-04-30,nand_chip,SLC 2Gb 256MBx8,0.786,https://web.archive.org/web/20240502021307id_/https://www.dramexchange.com/
2024-05-06,dram_module,DDR4 RDIMM 16GB 3200,46.5,https://web.archive.org/web/20240514034103id_/https://www.dramexchange.com/
2024-05-06,dram_module,DDR4 SODIMM 8GB 2666,14.594,https://web.archive.org/web/20240514034103id_/https://www.dramexchange.com/
2024-05-06,dram_module,DDR4 UDIMM 8GB 2666,14.064,https://web.archive.org/web/20240514034103id_/https://www.dramexchange.com/
2024-05-06,gddr,GDDR5 8Gb,3.67,https://web.archive.org/web/20240514034103id_/https://www.dramexchange.com/
2024-05-06,gddr,GDDR6 8Gb,2.676,https://web.archive.org/web/20240514034103id_/https://www.dramexchange.com/
2024-05-06,nand_wafer,128Gb TLC,1.397,https://web.archive.org/web/20240514034103id_/https://www.dramexchange.com/
2024-05-06,nand_wafer,256Gb TLC,1.848,https://web.archive.org/web/20240514034103id_/https://www.dramexchange.com/
2024-05-06,nand_wafer,512Gb TLC,3.708,https://web.archive.org/web/20240514034103id_/https://www.dramexchange.com/
2024-05-14,dram_chip,DDR3 4Gb 512Mx8 1600/1866,1.033,https://web.archive.org/web/20240514034103id_/https://www.dramexchange.com/
2024-05-14,dram_chip,DDR4 16Gb (1Gx16) 3200,3.7,https://web.archive.org/web/20240514034103id_/https://www.dramexchange.com/
2024-05-14,dram_chip,DDR4 16Gb (2Gx8) 3200,3.585,https://web.archive.org/web/20240514034103id_/https://www.dramexchange.com/
2024-05-14,dram_chip,DDR4 8Gb (1Gx8) 3200,1.766,https://web.archive.org/web/20240514034103id_/https://www.dramexchange.com/
2024-05-14,dram_chip,DDR4 8Gb (512Mx16) 3200,1.748,https://web.archive.org/web/20240514034103id_/https://www.dramexchange.com/
2024-05-14,dram_chip,DDR5 16Gb (2Gx8) 4800/5600,4.927,https://web.archive.org/web/20240514034103id_/https://www.dramexchange.com/
2024-05-14,nand_chip,MLC 32Gb 4GBx8,2.071,https://web.archive.org/web/20240514034103id_/https://www.dramexchange.com/
2024-05-14,nand_chip,MLC 64Gb 8GBx8,3.88,https://web.archive.org/web/20240514034103id_/https://www.dramexchange.com/
2024-05-14,nand_chip,SLC 1Gb 128MBx8,0.767,https://web.archive.org/web/20240514034103id_/https://www.dramexchange.com/
2024-05-14,nand_chip,SLC 2Gb 256MBx8,0.803,https://web.archive.org/web/20240514034103id_/https://www.dramexchange.com/
2024-05-20,dram_module,DDR4 RDIMM 16GB 3200,50.0,https://web.archive.org/web/20240602113533id_/https://www.dramexchange.com/
2024-05-20,dram_module,DDR4 SODIMM 8GB 2666,14.644,https://web.archive.org/web/20240602113533id_/https://www.dramexchange.com/
2024-05-20,dram_module,DDR4 UDIMM 8GB 2666,14.0,https://web.archive.org/web/20240602113533id_/https://www.dramexchange.com/
2024-05-20,gddr,GDDR5 8Gb,3.67,https://web.archive.org/web/20240602113533id_/https://www.dramexchange.com/
2024-05-20,gddr,GDDR6 8Gb,2.661,https://web.archive.org/web/20240602113533id_/https://www.dramexchange.com/
2024-05-20,nand_wafer,128Gb TLC,1.397,https://web.archive.org/web/20240602113533id_/https://www.dramexchange.com/
2024-05-20,nand_wafer,256Gb TLC,1.794,https://web.archive.org/web/20240602113533id_/https://www.dramexchange.com/
2024-05-20,nand_wafer,512Gb TLC,3.579,https://web.archive.org/web/20240602113533id_/https://www.dramexchange.com/
2024-05-31,dram_chip,DDR3 4Gb 512Mx8 1600/1866,1.011,https://web.archive.org/web/20240602113533id_/https://www.dramexchange.com/
2024-05-31,dram_chip,DDR4 16Gb (1Gx16) 3200,3.65,https://web.archive.org/web/20240602113533id_/https://www.dramexchange.com/
2024-05-31,dram_chip,DDR4 16Gb (2Gx8) 3200,3.471,https://web.archive.org/web/20240602113533id_/https://www.dramexchange.com/
2024-05-31,dram_chip,DDR4 8Gb (1Gx8) 3200,1.72,https://web.archive.org/web/20240602113533id_/https://www.dramexchange.com/
2024-05-31,dram_chip,DDR4 8Gb (512Mx16) 3200,1.733,https://web.archive.org/web/20240602113533id_/https://www.dramexchange.com/
2024-05-31,dram_chip,DDR5 16Gb (2Gx8) 4800/5600,4.84,https://web.archive.org/web/20240602113533id_/https://www.dramexchange.com/
2024-05-31,nand_chip,MLC 32Gb 4GBx8,2.071,https://web.archive.org/web/20240602113533id_/https://www.dramexchange.com/
2024-05-31,nand_chip,MLC 64Gb 8GBx8,3.88,https://web.archive.org/web/20240602113533id_/https://www.dramexchange.com/
2024-05-31,nand_chip,SLC 1Gb 128MBx8,0.739,https://web.archive.org/web/20240602113533id_/https://www.dramexchange.com/
2024-05-31,nand_chip,SLC 2Gb 256MBx8,0.777,https://web.archive.org/web/20240602113533id_/https://www.dramexchange.com/
2024-06-03,dram_module,DDR4 RDIMM 16GB 3200,49.0,https://web.archive.org/web/20240614031842id_/https://www.dramexchange.com/
2024-06-03,dram_module,DDR4 SODIMM 8GB 2666,14.8,https://web.archive.org/web/20240614031842id_/https://www.dramexchange.com/
2024-06-03,dram_module,DDR4 UDIMM 8GB 2666,13.894,https://web.archive.org/web/20240614031842id_/https://www.dramexchange.com/
2024-06-03,gddr,GDDR5 8Gb,3.481,https://web.archive.org/web/20240614031842id_/https://www.dramexchange.com/
2024-06-03,gddr,GDDR6 8Gb,2.492,https://web.archive.org/web/20240614031842id_/https://www.dramexchange.com/
2024-06-03,nand_wafer,128Gb TLC,1.397,https://web.archive.org/web/20240614031842id_/https://www.dramexchange.com/
2024-06-03,nand_wafer,256Gb TLC,1.735,https://web.archive.org/web/20240614031842id_/https://www.dramexchange.com/
2024-06-03,nand_wafer,512Gb TLC,3.387,https://web.archive.org/web/20240614031842id_/https://www.dramexchange.com/
2024-06-14,dram_chip,DDR3 4Gb 512Mx8 1600/1866,0.986,https://web.archive.org/web/20240614031842id_/https://www.dramexchange.com/
2024-06-14,dram_chip,DDR4 16Gb (1Gx16) 3200,3.57,https://web.archive.org/web/20240614031842id_/https://www.dramexchange.com/
2024-06-14,dram_chip,DDR4 16Gb (2Gx8) 3200,3.403,https://web.archive.org/web/20240614031842id_/https://www.dramexchange.com/
2024-06-14,dram_chip,DDR4 8Gb (1Gx8) 3200,1.703,https://web.archive.org/web/20240614031842id_/https://www.dramexchange.com/
2024-06-14,dram_chip,DDR4 8Gb (512Mx16) 3200,1.69,https://web.archive.org/web/20240614031842id_/https://www.dramexchange.com/
2024-06-14,dram_chip,DDR5 16Gb (2Gx8) 4800/5600,4.833,https://web.archive.org/web/20240614031842id_/https://www.dramexchange.com/
2024-06-14,nand_chip,MLC 32Gb 4GBx8,2.075,https://web.archive.org/web/20240614031842id_/https://www.dramexchange.com/
2024-06-14,nand_chip,MLC 64Gb 8GBx8,3.88,https://web.archive.org/web/20240614031842id_/https://www.dramexchange.com/
2024-06-14,nand_chip,SLC 1Gb 128MBx8,0.738,https://web.archive.org/web/20240614031842id_/https://www.dramexchange.com/
2024-06-14,nand_chip,SLC 2Gb 256MBx8,0.768,https://web.archive.org/web/20240614031842id_/https://www.dramexchange.com/
2024-06-24,dram_module,DDR4 RDIMM 16GB 3200,48.5,https://web.archive.org/web/20240702072046id_/https://www.dramexchange.com/
2024-06-24,dram_module,DDR4 SODIMM 8GB 2666,14.717,https://web.archive.org/web/20240702072046id_/https://www.dramexchange.com/
2024-06-24,dram_module,DDR4 UDIMM 8GB 2666,13.801,https://web.archive.org/web/20240702072046id_/https://www.dramexchange.com/
2024-06-24,gddr,GDDR5 8Gb,3.469,https://web.archive.org/web/20240702072046id_/https://www.dramexchange.com/
2024-06-24,gddr,GDDR6 8Gb,2.466,https://web.archive.org/web/20240702072046id_/https://www.dramexchange.com/
2024-06-24,nand_wafer,128Gb TLC,1.397,https://web.archive.org/web/20240702072046id_/https://www.dramexchange.com/
2024-06-24,nand_wafer,256Gb TLC,1.687,https://web.archive.org/web/20240702072046id_/https://www.dramexchange.com/
2024-06-24,nand_wafer,512Gb TLC,3.302,https://web.archive.org/web/20240702072046id_/https://www.dramexchange.com/
2024-07-02,dram_chip,DDR3 4Gb 512Mx8 1600/1866,0.972,https://web.archive.org/web/20240702072046id_/https://www.dramexchange.com/
2024-07-02,dram_chip,DDR4 16Gb (1Gx16) 3200,3.508,https://web.archive.org/web/20240702072046id_/https://www.dramexchange.com/
2024-07-02,dram_chip,DDR4 16Gb (2Gx8) 3200,3.375,https://web.archive.org/web/20240702072046id_/https://www.dramexchange.com/
2024-07-02,dram_chip,DDR4 8Gb (1Gx8) 3200,1.757,https://web.archive.org/web/20240702072046id_/https://www.dramexchange.com/
2024-07-02,dram_chip,DDR4 8Gb (512Mx16) 3200,1.704,https://web.archive.org/web/20240702072046id_/https://www.dramexchange.com/
2024-07-02,dram_chip,DDR5 16Gb (2Gx8) 4800/5600,4.883,https://web.archive.org/web/20240702072046id_/https://www.dramexchange.com/
2024-07-02,nand_chip,MLC 32Gb 4GBx8,2.075,https://web.archive.org/web/20240702072046id_/https://www.dramexchange.com/
2024-07-02,nand_chip,MLC 64Gb 8GBx8,3.88,https://web.archive.org/web/20240702072046id_/https://www.dramexchange.com/
2024-07-02,nand_chip,SLC 1Gb 128MBx8,0.726,https://web.archive.org/web/20240702072046id_/https://www.dramexchange.com/
2024-07-02,nand_chip,SLC 2Gb 256MBx8,0.772,https://web.archive.org/web/20240702072046id_/https://www.dramexchange.com/
2024-07-08,dram_module,DDR4 RDIMM 16GB 3200,47.75,https://web.archive.org/web/20240718064537id_/https://www.dramexchange.com/
2024-07-08,dram_module,DDR4 SODIMM 8GB 2666,14.671,https://web.archive.org/web/20240718064537id_/https://www.dramexchange.com/
2024-07-08,dram_module,DDR4 UDIMM 8GB 2666,13.642,https://web.archive.org/web/20240718064537id_/https://www.dramexchange.com/
2024-07-08,gddr,GDDR5 8Gb,3.481,https://web.archive.org/web/20240718064537id_/https://www.dramexchange.com/
2024-07-08,gddr,GDDR6 8Gb,2.453,https://web.archive.org/web/20240718064537id_/https://www.dramexchange.com/
2024-07-08,nand_wafer,128Gb TLC,1.397,https://web.archive.org/web/20240718064537id_/https://www.dramexchange.com/
2024-07-08,nand_wafer,256Gb TLC,1.687,https://web.archive.org/web/20240718064537id_/https://www.dramexchange.com/
2024-07-08,nand_wafer,512Gb TLC,3.291,https://web.archive.org/web/20240718064537id_/https://www.dramexchange.com/
2024-07-18,dram_chip,DDR3 4Gb 512Mx8 1600/1866,0.974,https://web.archive.org/web/20240718064537id_/https://www.dramexchange.com/
2024-07-18,dram_chip,DDR4 16Gb (1Gx16) 3200,3.599,https://web.archive.org/web/20240718064537id_/https://www.dramexchange.com/
2024-07-18,dram_chip,DDR4 16Gb (2Gx8) 3200,3.486,https://web.archive.org/web/20240718064537id_/https://www.dramexchange.com/
2024-07-18,dram_chip,DDR4 8Gb (1Gx8) 3200,1.831,https://web.archive.org/web/20240718064537id_/https://www.dramexchange.com/
2024-07-18,dram_chip,DDR4 8Gb (512Mx16) 3200,1.74,https://web.archive.org/web/20240718064537id_/https://www.dramexchange.com/
2024-07-18,dram_chip,DDR5 16Gb (2Gx8) 4800/5600,5.0,https://web.archive.org/web/20240718064537id_/https://www.dramexchange.com/
2024-07-18,nand_chip,MLC 32Gb 4GBx8,2.075,https://web.archive.org/web/20240718064537id_/https://www.dramexchange.com/
2024-07-18,nand_chip,MLC 64Gb 8GBx8,3.88,https://web.archive.org/web/20240718064537id_/https://www.dramexchange.com/
2024-07-18,nand_chip,SLC 1Gb 128MBx8,0.726,https://web.archive.org/web/20240718064537id_/https://www.dramexchange.com/
2024-07-18,nand_chip,SLC 2Gb 256MBx8,0.756,https://web.archive.org/web/20240718064537id_/https://www.dramexchange.com/
2024-07-22,dram_module,DDR4 RDIMM 16GB 3200,49.0,https://web.archive.org/web/20240803085842id_/https://www.dramexchange.com/
2024-07-22,dram_module,DDR4 SODIMM 8GB 2666,14.588,https://web.archive.org/web/20240803085842id_/https://www.dramexchange.com/
2024-07-22,dram_module,DDR4 UDIMM 8GB 2666,13.453,https://web.archive.org/web/20240803085842id_/https://www.dramexchange.com/
2024-07-22,gddr,GDDR5 8Gb,3.481,https://web.archive.org/web/20240803085842id_/https://www.dramexchange.com/
2024-07-22,gddr,GDDR6 8Gb,2.442,https://web.archive.org/web/20240803085842id_/https://www.dramexchange.com/
2024-07-29,nand_wafer,128Gb TLC,1.397,https://web.archive.org/web/20240803085842id_/https://www.dramexchange.com/
2024-07-29,nand_wafer,256Gb TLC,1.684,https://web.archive.org/web/20240803085842id_/https://www.dramexchange.com/
2024-07-29,nand_wafer,512Gb TLC,3.253,https://web.archive.org/web/20240803085842id_/https://www.dramexchange.com/
2024-08-02,dram_chip,DDR3 4Gb 512Mx8 1600/1866,0.962,https://web.archive.org/web/20240803085842id_/https://www.dramexchange.com/
2024-08-02,dram_chip,DDR4 16Gb (1Gx16) 3200,3.528,https://web.archive.org/web/20240803085842id_/https://www.dramexchange.com/
2024-08-02,dram_chip,DDR4 16Gb (2Gx8) 3200,3.473,https://web.archive.org/web/20240803085842id_/https://www.dramexchange.com/
2024-08-02,dram_chip,DDR4 8Gb (1Gx8) 3200,1.83,https://web.archive.org/web/20240803085842id_/https://www.dramexchange.com/
2024-08-02,dram_chip,DDR4 8Gb (512Mx16) 3200,1.739,https://web.archive.org/web/20240803085842id_/https://www.dramexchange.com/
2024-08-02,dram_chip,DDR5 16Gb (2Gx8) 4800/5600,5.15,https://web.archive.org/web/20240803085842id_/https://www.dramexchange.com/
2024-08-02,nand_chip,MLC 32Gb 4GBx8,2.063,https://web.archive.org/web/20240803085842id_/https://www.dramexchange.com/
2024-08-02,nand_chip,MLC 64Gb 8GBx8,3.88,https://web.archive.org/web/20240803085842id_/https://www.dramexchange.com/
2024-08-02,nand_chip,SLC 1Gb 128MBx8,0.72,https://web.archive.org/web/20240803085842id_/https://www.dramexchange.com/
2024-08-02,nand_chip,SLC 2Gb 256MBx8,0.754,https://web.archive.org/web/20240803085842id_/https://www.dramexchange.com/
2024-08-05,dram_module,DDR4 RDIMM 16GB 3200,49.25,https://web.archive.org/web/20240814074816id_/https://www.dramexchange.com/
2024-08-05,dram_module,DDR4 SODIMM 8GB 2666,14.503,https://web.archive.org/web/20240814074816id_/https://www.dramexchange.com/
2024-08-05,dram_module,DDR4 UDIMM 8GB 2666,13.381,https://web.archive.org/web/20240814074816id_/https://www.dramexchange.com/
2024-08-05,gddr,GDDR5 8Gb,3.488,https://web.archive.org/web/20240814074816id_/https://www.dramexchange.com/
2024-08-05,gddr,GDDR6 8Gb,2.437,https://web.archive.org/web/20240814074816id_/https://www.dramexchange.com/
2024-08-05,nand_wafer,128Gb TLC,1.397,https://web.archive.org/web/20240814074816id_/https://www.dramexchange.com/
2024-08-05,nand_wafer,256Gb TLC,1.668,https://web.archive.org/web/20240814074816id_/https://www.dramexchange.com/
2024-08-05,nand_wafer,512Gb TLC,3.291,https://web.archive.org/web/20240814074816id_/https://www.dramexchange.com/
2024-08-14,dram_chip,DDR3 4Gb 512Mx8 1600/1866,0.95,https://web.archive.org/web/20240814074816id_/https://www.dramexchange.com/
2024-08-14,dram_chip,DDR4 16Gb (1Gx16) 3200,3.497,https://web.archive.org/web/20240814074816id_/https://www.dramexchange.com/
2024-08-14,dram_chip,DDR4 16Gb (2Gx8) 3200,3.452,https://web.archive.org/web/20240814074816id_/https://www.dramexchange.com/
2024-08-14,dram_chip,DDR4 8Gb (1Gx8) 3200,1.825,https://web.archive.org/web/20240814074816id_/https://www.dramexchange.com/
2024-08-14,dram_chip,DDR4 8Gb (512Mx16) 3200,1.738,https://web.archive.org/web/20240814074816id_/https://www.dramexchange.com/
2024-08-14,dram_chip,DDR5 16Gb (2Gx8) 4800/5600,5.15,https://web.archive.org/web/20240814074816id_/https://www.dramexchange.com/
2024-08-14,nand_chip,MLC 32Gb 4GBx8,2.047,https://web.archive.org/web/20240814074816id_/https://www.dramexchange.com/
2024-08-14,nand_chip,MLC 64Gb 8GBx8,3.884,https://web.archive.org/web/20240814074816id_/https://www.dramexchange.com/
2024-08-14,nand_chip,SLC 1Gb 128MBx8,0.709,https://web.archive.org/web/20240814074816id_/https://www.dramexchange.com/
2024-08-14,nand_chip,SLC 2Gb 256MBx8,0.773,https://web.archive.org/web/20240814074816id_/https://www.dramexchange.com/
2024-08-26,dram_module,DDR4 RDIMM 16GB 3200,48.0,https://web.archive.org/web/20240905194100id_/https://www.dramexchange.com/
2024-08-26,dram_module,DDR4 SODIMM 8GB 2666,13.958,https://web.archive.org/web/20240905194100id_/https://www.dramexchange.com/
2024-08-26,dram_module,DDR4 UDIMM 8GB 2666,13.276,https://web.archive.org/web/20240905194100id_/https://www.dramexchange.com/
2024-08-26,gddr,GDDR5 8Gb,3.573,https://web.archive.org/web/20240905194100id_/https://www.dramexchange.com/
2024-08-26,gddr,GDDR6 8Gb,2.326,https://web.archive.org/web/20240905194100id_/https://www.dramexchange.com/
2024-08-26,nand_wafer,128Gb TLC,1.342,https://web.archive.org/web/20240905194100id_/https://www.dramexchange.com/
2024-08-26,nand_wafer,256Gb TLC,1.64,https://web.archive.org/web/20240905194100id_/https://www.dramexchange.com/
2024-08-26,nand_wafer,512Gb TLC,3.211,https://web.archive.org/web/20240905194100id_/https://www.dramexchange.com/
2024-09-02,dram_module,DDR4 RDIMM 16GB 3200,47.5,https://web.archive.org/web/20240916061803id_/https://www.dramexchange.com/
2024-09-02,dram_module,DDR4 SODIMM 8GB 2666,13.906,https://web.archive.org/web/20240916061803id_/https://www.dramexchange.com/
2024-09-02,dram_module,DDR4 UDIMM 8GB 2666,13.259,https://web.archive.org/web/20240916061803id_/https://www.dramexchange.com/
2024-09-02,gddr,GDDR5 8Gb,3.568,https://web.archive.org/web/20240916061803id_/https://www.dramexchange.com/
2024-09-02,gddr,GDDR6 8Gb,2.319,https://web.archive.org/web/20240916061803id_/https://www.dramexchange.com/
2024-09-05,dram_chip,DDR3 4Gb 512Mx8 1600/1866,0.905,https://web.archive.org/web/20240905194100id_/https://www.dramexchange.com/
2024-09-05,dram_chip,DDR4 16Gb (1Gx16) 3200,3.371,https://web.archive.org/web/20240905194100id_/https://www.dramexchange.com/
2024-09-05,dram_chip,DDR4 16Gb (2Gx8) 3200,3.33,https://web.archive.org/web/20240905194100id_/https://www.dramexchange.com/
2024-09-05,dram_chip,DDR4 8Gb (1Gx8) 3200,1.755,https://web.archive.org/web/20240905194100id_/https://www.dramexchange.com/
2024-09-05,dram_chip,DDR4 8Gb (512Mx16) 3200,1.698,https://web.archive.org/web/20240905194100id_/https://www.dramexchange.com/
2024-09-05,dram_chip,DDR5 16Gb (2Gx8) 4800/5600,5.064,https://web.archive.org/web/20240905194100id_/https://www.dramexchange.com/
2024-09-05,nand_chip,MLC 32Gb 4GBx8,2.067,https://web.archive.org/web/20240905194100id_/https://www.dramexchange.com/
2024-09-05,nand_chip,MLC 64Gb 8GBx8,3.965,https://web.archive.org/web/20240905194100id_/https://www.dramexchange.com/
2024-09-05,nand_chip,SLC 1Gb 128MBx8,0.695,https://web.archive.org/web/20240905194100id_/https://www.dramexchange.com/
2024-09-05,nand_chip,SLC 2Gb 256MBx8,0.783,https://web.archive.org/web/20240905194100id_/https://www.dramexchange.com/
2024-09-09,nand_wafer,128Gb TLC,1.258,https://web.archive.org/web/20240916061803id_/https://www.dramexchange.com/
2024-09-09,nand_wafer,256Gb TLC,1.517,https://web.archive.org/web/20240916061803id_/https://www.dramexchange.com/
2024-09-09,nand_wafer,512Gb TLC,3.075,https://web.archive.org/web/20240916061803id_/https://www.dramexchange.com/
2024-09-16,dram_chip,DDR3 4Gb 512Mx8 1600/1866,0.901,https://web.archive.org/web/20240916061803id_/https://www.dramexchange.com/
2024-09-16,dram_chip,DDR4 16Gb (1Gx16) 3200,3.313,https://web.archive.org/web/20240916061803id_/https://www.dramexchange.com/
2024-09-16,dram_chip,DDR4 16Gb (2Gx8) 3200,3.278,https://web.archive.org/web/20240916061803id_/https://www.dramexchange.com/
2024-09-16,dram_chip,DDR4 8Gb (1Gx8) 3200,1.725,https://web.archive.org/web/20240916061803id_/https://www.dramexchange.com/
2024-09-16,dram_chip,DDR4 8Gb (512Mx16) 3200,1.679,https://web.archive.org/web/20240916061803id_/https://www.dramexchange.com/
2024-09-16,dram_chip,DDR5 16Gb (2Gx8) 4800/5600,4.933,https://web.archive.org/web/20240916061803id_/https://www.dramexchange.com/
2024-09-16,nand_chip,MLC 32Gb 4GBx8,2.102,https://web.archive.org/web/20240916061803id_/https://www.dramexchange.com/
2024-09-16,nand_chip,MLC 64Gb 8GBx8,4.134,https://web.archive.org/web/20240916061803id_/https://www.dramexchange.com/
2024-09-16,nand_chip,SLC 1Gb 128MBx8,0.709,https://web.archive.org/web/20240916061803id_/https://www.dramexchange.com/
2024-09-16,nand_chip,SLC 2Gb 256MBx8,0.795,https://web.archive.org/web/20240916061803id_/https://www.dramexchange.com/
2024-09-30,dram_module,DDR4 RDIMM 16GB 3200,47.0,https://web.archive.org/web/20241007170803id_/https://www.dramexchange.com/
2024-09-30,dram_module,DDR4 SODIMM 8GB 2666,13.755,https://web.archive.org/web/20241007170803id_/https://www.dramexchange.com/
2024-09-30,dram_module,DDR4 UDIMM 8GB 2666,13.094,https://web.archive.org/web/20241007170803id_/https://www.dramexchange.com/
2024-09-30,gddr,GDDR5 8Gb,3.491,https://web.archive.org/web/20241007170803id_/https://www.dramexchange.com/
2024-09-30,gddr,GDDR6 8Gb,2.289,https://web.archive.org/web/20241007170803id_/https://www.dramexchange.com/
2024-09-30,nand_wafer,128Gb TLC,1.188,https://web.archive.org/web/20241007170803id_/https://www.dramexchange.com/
2024-09-30,nand_wafer,256Gb TLC,1.306,https://web.archive.org/web/20241007170803id_/https://www.dramexchange.com/
2024-09-30,nand_wafer,512Gb TLC,2.61,https://web.archive.org/web/20241007170803id_/https://www.dramexchange.com/
2024-10-07,dram_chip,DDR3 4Gb 512Mx8 1600/1866,0.885,https://web.archive.org/web/20241007170803id_/https://www.dramexchange.com/
2024-10-07,dram_chip,DDR4 16Gb (1Gx16) 3200,3.224,https://web.archive.org/web/20241007170803id_/https://www.dramexchange.com/
2024-10-07,dram_chip,DDR4 16Gb (2Gx8) 3200,3.241,https://web.archive.org/web/20241007170803id_/https://www.dramexchange.com/
2024-10-07,dram_chip,DDR4 8Gb (1Gx8) 3200,1.68,https://web.archive.org/web/20241007170803id_/https://www.dramexchange.com/
2024-10-07,dram_chip,DDR4 8Gb (512Mx16) 3200,1.661,https://web.archive.org/web/20241007170803id_/https://www.dramexchange.com/
2024-10-07,dram_chip,DDR5 16Gb (2Gx8) 4800/5600,4.949,https://web.archive.org/web/20241007170803id_/https://www.dramexchange.com/
2024-10-07,dram_module,DDR4 RDIMM 16GB 3200,47.0,https://web.archive.org/web/20241014235107id_/https://www.dramexchange.com/
2024-10-07,dram_module,DDR4 SODIMM 8GB 2666,13.714,https://web.archive.org/web/20241014235107id_/https://www.dramexchange.com/
2024-10-07,dram_module,DDR4 UDIMM 8GB 2666,13.094,https://web.archive.org/web/20241014235107id_/https://www.dramexchange.com/
2024-10-07,gddr,GDDR5 8Gb,3.485,https://web.archive.org/web/20241014235107id_/https://www.dramexchange.com/
2024-10-07,gddr,GDDR6 8Gb,2.274,https://web.archive.org/web/20241014235107id_/https://www.dramexchange.com/
2024-10-07,nand_chip,MLC 32Gb 4GBx8,2.19,https://web.archive.org/web/20241014235107id_/https://www.dramexchange.com/
2024-10-07,nand_chip,MLC 64Gb 8GBx8,4.379,https://web.archive.org/web/20241014235107id_/https://www.dramexchange.com/
2024-10-07,nand_chip,SLC 1Gb 128MBx8,0.746,https://web.archive.org/web/20241014235107id_/https://www.dramexchange.com/
2024-10-07,nand_chip,SLC 2Gb 256MBx8,0.789,https://web.archive.org/web/20241014235107id_/https://www.dramexchange.com/
2024-10-07,nand_wafer,128Gb TLC,1.182,https://web.archive.org/web/20241014235107id_/https://www.dramexchange.com/
2024-10-07,nand_wafer,256Gb TLC,1.3,https://web.archive.org/web/20241014235107id_/https://www.dramexchange.com/
2024-10-07,nand_wafer,512Gb TLC,2.595,https://web.archive.org/web/20241014235107id_/https://www.dramexchange.com/
2024-10-14,dram_chip,DDR3 4Gb 512Mx8 1600/1866,0.877,https://web.archive.org/web/20241014235107id_/https://www.dramexchange.com/
2024-10-14,dram_chip,DDR4 16Gb (1Gx16) 3200,3.208,https://web.archive.org/web/20241014235107id_/https://www.dramexchange.com/
2024-10-14,dram_chip,DDR4 16Gb (2Gx8) 3200,3.238,https://web.archive.org/web/20241014235107id_/https://www.dramexchange.com/
2024-10-14,dram_chip,DDR4 8Gb (1Gx8) 3200,1.65,https://web.archive.org/web/20241014235107id_/https://www.dramexchange.com/
2024-10-14,dram_chip,DDR4 8Gb (512Mx16) 3200,1.652,https://web.archive.org/web/20241014235107id_/https://www.dramexchange.com/
2024-10-14,dram_chip,DDR5 16Gb (2Gx8) 4800/5600,4.894,https://web.archive.org/web/20241014235107id_/https://www.dramexchange.com/
2024-10-21,dram_module,DDR4 RDIMM 16GB 3200,46.5,https://web.archive.org/web/20241101030827id_/https://www.dramexchange.com/
2024-10-21,dram_module,DDR4 SODIMM 8GB 2666,13.512,https://web.archive.org/web/20241101030827id_/https://www.dramexchange.com/
2024-10-21,dram_module,DDR4 UDIMM 8GB 2666,12.875,https://web.archive.org/web/20241101030827id_/https://www.dramexchange.com/
2024-10-21,gddr,GDDR5 8Gb,3.478,https://web.archive.org/web/20241101030827id_/https://www.dramexchange.com/
2024-10-21,gddr,GDDR6 8Gb,2.285,https://web.archive.org/web/20241101030827id_/https://www.dramexchange.com/
2024-10-21,nand_chip,MLC 32Gb 4GBx8,2.206,https://web.archive.org/web/20241101030827id_/https://www.dramexchange.com/
2024-10-21,nand_chip,MLC 64Gb 8GBx8,4.428,https://web.archive.org/web/20241101030827id_/https://www.dramexchange.com/
2024-10-21,nand_chip,SLC 1Gb 128MBx8,0.744,https://web.archive.org/web/20241101030827id_/https://www.dramexchange.com/
2024-10-21,nand_chip,SLC 2Gb 256MBx8,0.789,https://web.archive.org/web/20241101030827id_/https://www.dramexchange.com/
2024-10-21,nand_wafer,128Gb TLC,1.167,https://web.archive.org/web/20241101030827id_/https://www.dramexchange.com/
2024-10-21,nand_wafer,256Gb TLC,1.276,https://web.archive.org/web/20241101030827id_/https://www.dramexchange.com/
2024-10-21,nand_wafer,512Gb TLC,2.493,https://web.archive.org/web/20241101030827id_/https://www.dramexchange.com/
2024-11-01,dram_chip,DDR3 4Gb 512Mx8 1600/1866,0.853,https://web.archive.org/web/20241101030827id_/https://www.dramexchange.com/
2024-11-01,dram_chip,DDR4 16Gb (1Gx16) 3200,3.217,https://web.archive.org/web/20241101030827id_/https://www.dramexchange.com/
2024-11-01,dram_chip,DDR4 16Gb (2Gx8) 3200,3.225,https://web.archive.org/web/20241101030827id_/https://www.dramexchange.com/
2024-11-01,dram_chip,DDR4 8Gb (1Gx8) 3200,1.61,https://web.archive.org/web/20241101030827id_/https://www.dramexchange.com/
2024-11-01,dram_chip,DDR4 8Gb (512Mx16) 3200,1.649,https://web.archive.org/web/20241101030827id_/https://www.dramexchange.com/
2024-11-01,dram_chip,DDR5 16Gb (2Gx8) 4800/5600,4.746,https://web.archive.org/web/20241101030827id_/https://www.dramexchange.com/
2024-11-04,dram_module,DDR4 RDIMM 16GB 3200,45.45,https://web.archive.org/web/20241115011831id_/https://www.dramexchange.com/
2024-11-04,dram_module,DDR4 SODIMM 8GB 2666,13.477,https://web.archive.org/web/20241115011831id_/https://www.dramexchange.com/
2024-11-04,dram_module,DDR4 UDIMM 8GB 2666,12.784,https://web.archive.org/web/20241115011831id_/https://www.dramexchange.com/
2024-11-04,gddr,GDDR5 8Gb,3.487,https://web.archive.org/web/20241115011831id_/https://www.dramexchange.com/
2024-11-04,gddr,GDDR6 8Gb,2.322,https://web.archive.org/web/20241115011831id_/https://www.dramexchange.com/
2024-11-04,nand_chip,MLC 32Gb 4GBx8,2.187,https://web.archive.org/web/20241115011831id_/https://www.dramexchange.com/
2024-11-04,nand_chip,MLC 64Gb 8GBx8,4.389,https://web.archive.org/web/20241115011831id_/https://www.dramexchange.com/
2024-11-04,nand_chip,SLC 1Gb 128MBx8,0.746,https://web.archive.org/web/20241115011831id_/https://www.dramexchange.com/
2024-11-04,nand_chip,SLC 2Gb 256MBx8,0.793,https://web.archive.org/web/20241115011831id_/https://www.dramexchange.com/
2024-11-04,nand_wafer,128Gb TLC,1.136,https://web.archive.org/web/20241115011831id_/https://www.dramexchange.com/
2024-11-04,nand_wafer,256Gb TLC,1.203,https://web.archive.org/web/20241115011831id_/https://www.dramexchange.com/
2024-11-04,nand_wafer,512Gb TLC,2.38,https://web.archive.org/web/20241115011831id_/https://www.dramexchange.com/
2024-11-14,dram_chip,DDR3 4Gb 512Mx8 1600/1866,0.824,https://web.archive.org/web/20241115011831id_/https://www.dramexchange.com/
2024-11-14,dram_chip,DDR4 16Gb (1Gx16) 3200,3.128,https://web.archive.org/web/20241115011831id_/https://www.dramexchange.com/
2024-11-14,dram_chip,DDR4 16Gb (2Gx8) 3200,3.195,https://web.archive.org/web/20241115011831id_/https://www.dramexchange.com/
2024-11-14,dram_chip,DDR4 8Gb (1Gx8) 3200,1.565,https://web.archive.org/web/20241115011831id_/https://www.dramexchange.com/
2024-11-14,dram_chip,DDR4 8Gb (512Mx16) 3200,1.639,https://web.archive.org/web/20241115011831id_/https://www.dramexchange.com/
2024-11-14,dram_chip,DDR5 16Gb (2Gx8) 4800/5600,4.797,https://web.archive.org/web/20241115011831id_/https://www.dramexchange.com/
2024-11-25,dram_module,DDR4 RDIMM 16GB 3200,45.25,https://web.archive.org/web/20241202142229id_/https://www.dramexchange.com/
2024-11-25,dram_module,DDR4 SODIMM 8GB 2666,13.317,https://web.archive.org/web/20241202142229id_/https://www.dramexchange.com/
2024-11-25,dram_module,DDR4 UDIMM 8GB 2666,12.675,https://web.archive.org/web/20241202142229id_/https://www.dramexchange.com/
2024-11-25,gddr,GDDR5 8Gb,3.423,https://web.archive.org/web/20241202142229id_/https://www.dramexchange.com/
2024-11-25,gddr,GDDR6 8Gb,2.314,https://web.archive.org/web/20241202142229id_/https://www.dramexchange.com/
2024-11-25,nand_chip,MLC 32Gb 4GBx8,2.184,https://web.archive.org/web/20241202142229id_/https://www.dramexchange.com/
2024-11-25,nand_chip,MLC 64Gb 8GBx8,4.351,https://web.archive.org/web/20241202142229id_/https://www.dramexchange.com/
2024-11-25,nand_chip,SLC 1Gb 128MBx8,0.748,https://web.archive.org/web/20241202142229id_/https://www.dramexchange.com/
2024-11-25,nand_chip,SLC 2Gb 256MBx8,0.798,https://web.archive.org/web/20241202142229id_/https://www.dramexchange.com/
2024-11-25,nand_wafer,128Gb TLC,1.102,https://web.archive.org/web/20241202142229id_/https://www.dramexchange.com/
2024-11-25,nand_wafer,256Gb TLC,1.198,https://web.archive.org/web/20241202142229id_/https://www.dramexchange.com/
2024-11-25,nand_wafer,512Gb TLC,2.395,https://web.archive.org/web/20241202142229id_/https://www.dramexchange.com/
2024-12-02,dram_chip,DDR3 4Gb 512Mx8 1600/1866,0.785,https://web.archive.org/web/20241202142229id_/https://www.dramexchange.com/
2024-12-02,dram_chip,DDR4 16Gb (1Gx16) 3200,3.093,https://web.archive.org/web/20241202142229id_/https://www.dramexchange.com/
2024-12-02,dram_chip,DDR4 16Gb (2Gx8) 3200,3.195,https://web.archive.org/web/20241202142229id_/https://www.dramexchange.com/
2024-12-02,dram_chip,DDR4 8Gb (1Gx8) 3200,1.508,https://web.archive.org/web/20241202142229id_/https://www.dramexchange.com/
2024-12-02,dram_chip,DDR4 8Gb (512Mx16) 3200,1.591,https://web.archive.org/web/20241202142229id_/https://www.dramexchange.com/
2024-12-02,dram_chip,DDR5 16Gb (2Gx8) 4800/5600,4.757,https://web.archive.org/web/20241202142229id_/https://www.dramexchange.com/
2024-12-02,dram_module,DDR4 RDIMM 16GB 3200,44.5,https://web.archive.org/web/20241215172244id_/https://www.dramexchange.com/
2024-12-02,dram_module,DDR4 SODIMM 8GB 2666,13.297,https://web.archive.org/web/20241215172244id_/https://www.dramexchange.com/
2024-12-02,dram_module,DDR4 UDIMM 8GB 2666,12.659,https://web.archive.org/web/20241215172244id_/https://www.dramexchange.com/
2024-12-02,gddr,GDDR5 8Gb,3.423,https://web.archive.org/web/20241215172244id_/https://www.dramexchange.com/
2024-12-02,gddr,GDDR6 8Gb,2.308,https://web.archive.org/web/20241215172244id_/https://www.dramexchange.com/
2024-12-02,nand_chip,MLC 32Gb 4GBx8,2.187,https://web.archive.org/web/20241215172244id_/https://www.dramexchange.com/
2024-12-02,nand_chip,MLC 64Gb 8GBx8,4.354,https://web.archive.org/web/20241215172244id_/https://www.dramexchange.com/
2024-12-02,nand_chip,SLC 1Gb 128MBx8,0.752,https://web.archive.org/web/20241215172244id_/https://www.dramexchange.com/
2024-12-02,nand_chip,SLC 2Gb 256MBx8,0.802,https://web.archive.org/web/20241215172244id_/https://www.dramexchange.com/
2024-12-09,nand_wafer,128Gb TLC,1.069,https://web.archive.org/web/20241215172244id_/https://www.dramexchange.com/
2024-12-09,nand_wafer,256Gb TLC,1.208,https://web.archive.org/web/20241215172244id_/https://www.dramexchange.com/
2024-12-09,nand_wafer,512Gb TLC,2.435,https://web.archive.org/web/20241215172244id_/https://www.dramexchange.com/
2024-12-13,dram_chip,DDR3 4Gb 512Mx8 1600/1866,0.783,https://web.archive.org/web/20241215172244id_/https://www.dramexchange.com/
2024-12-13,dram_chip,DDR4 16Gb (1Gx16) 3200,3.138,https://web.archive.org/web/20241215172244id_/https://www.dramexchange.com/
2024-12-13,dram_chip,DDR4 16Gb (2Gx8) 3200,3.189,https://web.archive.org/web/20241215172244id_/https://www.dramexchange.com/
2024-12-13,dram_chip,DDR4 8Gb (1Gx8) 3200,1.463,https://web.archive.org/web/20241215172244id_/https://www.dramexchange.com/
2024-12-13,dram_chip,DDR4 8Gb (512Mx16) 3200,1.552,https://web.archive.org/web/20241215172244id_/https://www.dramexchange.com/
2024-12-13,dram_chip,DDR5 16Gb (2Gx8) 4800/5600,4.732,https://web.archive.org/web/20241215172244id_/https://www.dramexchange.com/
2024-12-23,dram_module,DDR4 RDIMM 16GB 3200,44.5,https://web.archive.org/web/20250101101202id_/https://www.dramexchange.com/
2024-12-23,dram_module,DDR4 SODIMM 8GB 2666,13.237,https://web.archive.org/web/20250101101202id_/https://www.dramexchange.com/
2024-12-23,dram_module,DDR4 UDIMM 8GB 2666,12.531,https://web.archive.org/web/20250101101202id_/https://www.dramexchange.com/
2024-12-23,gddr,GDDR5 8Gb,3.418,https://web.archive.org/web/20250101101202id_/https://www.dramexchange.com/
2024-12-23,gddr,GDDR6 8Gb,2.294,https://web.archive.org/web/20250101101202id_/https://www.dramexchange.com/
2024-12-23,nand_chip,MLC 32Gb 4GBx8,2.271,https://web.archive.org/web/20250101101202id_/https://www.dramexchange.com/
2024-12-23,nand_chip,MLC 64Gb 8GBx8,4.325,https://web.archive.org/web/20250101101202id_/https://www.dramexchange.com/
2024-12-23,nand_chip,SLC 1Gb 128MBx8,0.748,https://web.archive.org/web/20250101101202id_/https://www.dramexchange.com/
2024-12-23,nand_chip,SLC 2Gb 256MBx8,0.818,https://web.archive.org/web/20250101101202id_/https://www.dramexchange.com/
2024-12-23,nand_wafer,128Gb TLC,1.033,https://web.archive.org/web/20250101101202id_/https://www.dramexchange.com/
2024-12-23,nand_wafer,256Gb TLC,1.19,https://web.archive.org/web/20250101101202id_/https://www.dramexchange.com/
2024-12-23,nand_wafer,512Gb TLC,2.48,https://web.archive.org/web/20250101101202id_/https://www.dramexchange.com/
2025-01-03,dram_chip,DDR3 4Gb 512Mx8 1600/1866,0.784,https://web.archive.org/web/20250101101202id_/https://www.dramexchange.com/
2025-01-03,dram_chip,DDR4 16Gb (1Gx16) 3200,3.246,https://web.archive.org/web/20250101101202id_/https://www.dramexchange.com/
2025-01-03,dram_chip,DDR4 16Gb (2Gx8) 3200,3.188,https://web.archive.org/web/20250101101202id_/https://www.dramexchange.com/
2025-01-03,dram_chip,DDR4 8Gb (1Gx8) 3200,1.464,https://web.archive.org/web/20250101101202id_/https://www.dramexchange.com/
2025-01-03,dram_chip,DDR4 8Gb (512Mx16) 3200,1.568,https://web.archive.org/web/20250101101202id_/https://www.dramexchange.com/
2025-01-03,dram_chip,DDR5 16Gb (2Gx8) 4800/5600,4.682,https://web.archive.org/web/20250101101202id_/https://www.dramexchange.com/
2025-01-06,dram_module,DDR4 RDIMM 16GB 3200,46.0,https://web.archive.org/web/20250114033601id_/https://www.dramexchange.com/
2025-01-06,dram_module,DDR4 SODIMM 8GB 2666,13.206,https://web.archive.org/web/20250114033601id_/https://www.dramexchange.com/
2025-01-06,dram_module,DDR4 UDIMM 8GB 2666,12.441,https://web.archive.org/web/20250114033601id_/https://www.dramexchange.com/
2025-01-06,gddr,GDDR5 8Gb,3.427,https://web.archive.org/web/20250114033601id_/https://www.dramexchange.com/
2025-01-06,gddr,GDDR6 8Gb,2.294,https://web.archive.org/web/20250114033601id_/https://www.dramexchange.com/
2025-01-06,nand_chip,MLC 32Gb 4GBx8,2.297,https://web.archive.org/web/20250114033601id_/https://www.dramexchange.com/
2025-01-06,nand_chip,MLC 64Gb 8GBx8,4.335,https://web.archive.org/web/20250114033601id_/https://www.dramexchange.com/
2025-01-06,nand_chip,SLC 1Gb 128MBx8,0.751,https://web.archive.org/web/20250114033601id_/https://www.dramexchange.com/
2025-01-06,nand_chip,SLC 2Gb 256MBx8,0.827,https://web.archive.org/web/20250114033601id_/https://www.dramexchange.com/
2025-01-06,nand_wafer,128Gb TLC,1.021,https://web.archive.org/web/20250114033601id_/https://www.dramexchange.com/
2025-01-06,nand_wafer,256Gb TLC,1.186,https://web.archive.org/web/20250114033601id_/https://www.dramexchange.com/
2025-01-06,nand_wafer,512Gb TLC,2.425,https://web.archive.org/web/20250114033601id_/https://www.dramexchange.com/
2025-01-14,dram_chip,DDR3 4Gb 512Mx8 1600/1866,0.767,https://web.archive.org/web/20250114033601id_/https://www.dramexchange.com/
2025-01-14,dram_chip,DDR4 16Gb (1Gx16) 3200,3.293,https://web.archive.org/web/20250114033601id_/https://www.dramexchange.com/
2025-01-14,dram_chip,DDR4 16Gb (2Gx8) 3200,3.162,https://web.archive.org/web/20250114033601id_/https://www.dramexchange.com/
2025-01-14,dram_chip,DDR4 8Gb (1Gx8) 3200,1.464,https://web.archive.org/web/20250114033601id_/https://www.dramexchange.com/
2025-01-14,dram_chip,DDR4 8Gb (512Mx16) 3200,1.584,https://web.archive.org/web/20250114033601id_/https://www.dramexchange.com/
2025-01-14,dram_chip,DDR5 16Gb (2Gx8) 4800/5600,4.679,https://web.archive.org/web/20250114033601id_/https://www.dramexchange.com/
2025-01-20,nand_chip,MLC 32Gb 4GBx8,2.339,https://web.archive.org/web/20250202071423id_/https://www.dramexchange.com/
2025-01-20,nand_chip,MLC 64Gb 8GBx8,4.379,https://web.archive.org/web/20250202071423id_/https://www.dramexchange.com/
2025-01-20,nand_chip,SLC 1Gb 128MBx8,0.75,https://web.archive.org/web/20250202071423id_/https://www.dramexchange.com/
2025-01-20,nand_chip,SLC 2Gb 256MBx8,0.832,https://web.archive.org/web/20250202071423id_/https://www.dramexchange.com/
2025-01-20,nand_wafer,128Gb TLC,1.021,https://web.archive.org/web/20250202071423id_/https://www.dramexchange.com/
2025-01-20,nand_wafer,256Gb TLC,1.183,https://web.archive.org/web/20250202071423id_/https://www.dramexchange.com/
2025-01-20,nand_wafer,512Gb TLC,2.405,https://web.archive.org/web/20250202071423id_/https://www.dramexchange.com/
2025-01-27,dram_chip,DDR3 4Gb 512Mx8 1600/1866,0.769,https://web.archive.org/web/20250202071423id_/https://www.dramexchange.com/
2025-01-27,dram_chip,DDR4 16Gb (1Gx16) 3200,3.329,https://web.archive.org/web/20250202071423id_/https://www.dramexchange.com/
2025-01-27,dram_chip,DDR4 16Gb (2Gx8) 3200,3.112,https://web.archive.org/web/20250202071423id_/https://www.dramexchange.com/
2025-01-27,dram_chip,DDR4 8Gb (1Gx8) 3200,1.458,https://web.archive.org/web/20250202071423id_/https://www.dramexchange.com/
2025-01-27,dram_chip,DDR4 8Gb (512Mx16) 3200,1.587,https://web.archive.org/web/20250202071423id_/https://www.dramexchange.com/
2025-01-27,dram_chip,DDR5 16Gb (2Gx8) 4800/5600,4.689,https://web.archive.org/web/20250202071423id_/https://www.dramexchange.com/
2025-01-27,dram_module,DDR4 RDIMM 16GB 3200,46.5,https://web.archive.org/web/20250202071423id_/https://www.dramexchange.com/
2025-01-27,dram_module,DDR4 SODIMM 8GB 2666,12.938,https://web.archive.org/web/20250202071423id_/https://www.dramexchange.com/
2025-01-27,dram_module,DDR4 UDIMM 8GB 2666,12.141,https://web.archive.org/web/20250202071423id_/https://www.dramexchange.com/
2025-01-27,gddr,GDDR5 8Gb,3.427,https://web.archive.org/web/20250202071423id_/https://www.dramexchange.com/
2025-01-27,gddr,GDDR6 8Gb,2.303,https://web.archive.org/web/20250202071423id_/https://www.dramexchange.com/
2025-02-03,dram_module,DDR4 RDIMM 16GB 3200,46.5,https://web.archive.org/web/20250214112652id_/https://www.dramexchange.com/
2025-02-03,dram_module,DDR4 SODIMM 8GB 2666,12.923,https://web.archive.org/web/20250214112652id_/https://www.dramexchange.com/
2025-02-03,dram_module,DDR4 UDIMM 8GB 2666,12.141,https://web.archive.org/web/20250214112652id_/https://www.dramexchange.com/
2025-02-03,gddr,GDDR5 8Gb,3.427,https://web.archive.org/web/20250214112652id_/https://www.dramexchange.com/
2025-02-03,gddr,GDDR6 8Gb,2.303,https://web.archive.org/web/20250214112652id_/https://www.dramexchange.com/
2025-02-03,nand_chip,MLC 32Gb 4GBx8,2.352,https://web.archive.org/web/20250214112652id_/https://www.dramexchange.com/
2025-02-03,nand_chip,MLC 64Gb 8GBx8,4.368,https://web.archive.org/web/20250214112652id_/https://www.dramexchange.com/
2025-02-03,nand_chip,SLC 1Gb 128MBx8,0.749,https://web.archive.org/web/20250214112652id_/https://www.dramexchange.com/
2025-02-03,nand_chip,SLC 2Gb 256MBx8,0.843,https://web.archive.org/web/20250214112652id_/https://www.dramexchange.com/
2025-02-03,nand_wafer,128Gb TLC,1.02,https://web.archive.org/web/20250214112652id_/https://www.dramexchange.com/
2025-02-03,nand_wafer,256Gb TLC,1.18,https://web.archive.org/web/20250214112652id_/https://www.dramexchange.com/
2025-02-03,nand_wafer,512Gb TLC,2.4,https://web.archive.org/web/20250214112652id_/https://www.dramexchange.com/
2025-02-14,dram_chip,DDR3 4Gb 512Mx8 1600/1866,0.771,https://web.archive.org/web/20250214112652id_/https://www.dramexchange.com/
2025-02-14,dram_chip,DDR4 16Gb (1Gx16) 3200,3.374,https://web.archive.org/web/20250214112652id_/https://www.dramexchange.com/
2025-02-14,dram_chip,DDR4 16Gb (2Gx8) 3200,3.008,https://web.archive.org/web/20250214112652id_/https://www.dramexchange.com/
2025-02-14,dram_chip,DDR4 8Gb (1Gx8) 3200,1.449,https://web.archive.org/web/20250214112652id_/https://www.dramexchange.com/
2025-02-14,dram_chip,DDR4 8Gb (512Mx16) 3200,1.58,https://web.archive.org/web/20250214112652id_/https://www.dramexchange.com/
2025-02-14,dram_chip,DDR5 16Gb (2Gx8) 4800/5600,4.773,https://web.archive.org/web/20250214112652id_/https://www.dramexchange.com/
2025-02-24,dram_module,DDR4 RDIMM 16GB 3200,45.5,https://web.archive.org/web/20250307172330id_/https://www.dramexchange.com/
2025-02-24,dram_module,DDR4 SODIMM 8GB 2666,12.954,https://web.archive.org/web/20250307172330id_/https://www.dramexchange.com/
2025-02-24,dram_module,DDR4 UDIMM 8GB 2666,11.988,https://web.archive.org/web/20250307172330id_/https://www.dramexchange.com/
2025-02-24,gddr,GDDR5 8Gb,3.418,https://web.archive.org/web/20250307172330id_/https://www.dramexchange.com/
2025-02-24,gddr,GDDR6 8Gb,2.29,https://web.archive.org/web/20250307172330id_/https://www.dramexchange.com/
2025-02-24,nand_chip,MLC 32Gb 4GBx8,2.406,https://web.archive.org/web/20250307172330id_/https://www.dramexchange.com/
2025-02-24,nand_chip,MLC 64Gb 8GBx8,4.421,https://web.archive.org/web/20250307172330id_/https://www.dramexchange.com/
2025-02-24,nand_chip,SLC 1Gb 128MBx8,0.762,https://web.archive.org/web/20250307172330id_/https://www.dramexchange.com/
2025-02-24,nand_chip,SLC 2Gb 256MBx8,0.848,https://web.archive.org/web/20250307172330id_/https://www.dramexchange.com/
2025-02-24,nand_wafer,128Gb TLC,1.007,https://web.archive.org/web/20250307172330id_/https://www.dramexchange.com/
2025-02-24,nand_wafer,256Gb TLC,1.187,https://web.archive.org/web/20250307172330id_/https://www.dramexchange.com/
2025-02-24,nand_wafer,512Gb TLC,2.42,https://web.archive.org/web/20250307172330id_/https://www.dramexchange.com/
2025-03-07,dram_chip,DDR3 4Gb 512Mx8 1600/1866,0.774,https://web.archive.org/web/20250307172330id_/https://www.dramexchange.com/
2025-03-07,dram_chip,DDR4 16Gb (1Gx16) 3200,3.619,https://web.archive.org/web/20250307172330id_/https://www.dramexchange.com/
2025-03-07,dram_chip,DDR4 16Gb (2Gx8) 3200,2.934,https://web.archive.org/web/20250307172330id_/https://www.dramexchange.com/
2025-03-07,dram_chip,DDR4 8Gb (1Gx8) 3200,1.442,https://web.archive.org/web/20250307172330id_/https://www.dramexchange.com/
2025-03-07,dram_chip,DDR4 8Gb (512Mx16) 3200,1.613,https://web.archive.org/web/20250307172330id_/https://www.dramexchange.com/
2025-03-07,dram_chip,DDR5 16Gb (2Gx8) 4800/5600,5.0,https://web.archive.org/web/20250307172330id_/https://www.dramexchange.com/
2025-03-10,dram_module,DDR4 RDIMM 16GB 3200,44.5,https://web.archive.org/web/20250320015714id_/https://www.dramexchange.com/
2025-03-10,dram_module,DDR4 SODIMM 8GB 2666,12.883,https://web.archive.org/web/20250320015714id_/https://www.dramexchange.com/
2025-03-10,dram_module,DDR4 UDIMM 8GB 2666,12.059,https://web.archive.org/web/20250320015714id_/https://www.dramexchange.com/
2025-03-10,gddr,GDDR5 8Gb,3.414,https://web.archive.org/web/20250320015714id_/https://www.dramexchange.com/
2025-03-10,gddr,GDDR6 8Gb,2.285,https://web.archive.org/web/20250320015714id_/https://www.dramexchange.com/
2025-03-10,nand_chip,MLC 32Gb 4GBx8,2.461,https://web.archive.org/web/20250320015714id_/https://www.dramexchange.com/
2025-03-10,nand_chip,MLC 64Gb 8GBx8,4.486,https://web.archive.org/web/20250320015714id_/https://www.dramexchange.com/
2025-03-10,nand_chip,SLC 1Gb 128MBx8,0.777,https://web.archive.org/web/20250320015714id_/https://www.dramexchange.com/
2025-03-10,nand_chip,SLC 2Gb 256MBx8,0.868,https://web.archive.org/web/20250320015714id_/https://www.dramexchange.com/
2025-03-10,nand_wafer,128Gb TLC,1.09,https://web.archive.org/web/20250320015714id_/https://www.dramexchange.com/
2025-03-10,nand_wafer,256Gb TLC,1.282,https://web.archive.org/web/20250320015714id_/https://www.dramexchange.com/
2025-03-10,nand_wafer,512Gb TLC,2.5,https://web.archive.org/web/20250320015714id_/https://www.dramexchange.com/
2025-03-19,dram_chip,DDR3 4Gb 512Mx8 1600/1866,0.792,https://web.archive.org/web/20250320015714id_/https://www.dramexchange.com/
2025-03-19,dram_chip,DDR4 16Gb (1Gx16) 3200,3.753,https://web.archive.org/web/20250320015714id_/https://www.dramexchange.com/
2025-03-19,dram_chip,DDR4 16Gb (2Gx8) 3200,2.997,https://web.archive.org/web/20250320015714id_/https://www.dramexchange.com/
2025-03-19,dram_chip,DDR4 8Gb (1Gx8) 3200,1.495,https://web.archive.org/web/20250320015714id_/https://www.dramexchange.com/
2025-03-19,dram_chip,DDR4 8Gb (512Mx16) 3200,1.667,https://web.archive.org/web/20250320015714id_/https://www.dramexchange.com/
2025-03-19,dram_chip,DDR5 16Gb (2Gx8) 4800/5600,5.113,https://web.archive.org/web/20250320015714id_/https://www.dramexchange.com/
2025-03-24,dram_module,DDR4 RDIMM 16GB 3200,43.75,https://web.archive.org/web/20250405050954id_/https://www.dramexchange.com/
2025-03-24,dram_module,DDR4 SODIMM 8GB 2666,12.971,https://web.archive.org/web/20250405050954id_/https://www.dramexchange.com/
2025-03-24,dram_module,DDR4 UDIMM 8GB 2666,12.442,https://web.archive.org/web/20250405050954id_/https://www.dramexchange.com/
2025-03-24,gddr,GDDR5 8Gb,3.414,https://web.archive.org/web/20250405050954id_/https://www.dramexchange.com/
2025-03-24,gddr,GDDR6 8Gb,2.279,https://web.archive.org/web/20250405050954id_/https://www.dramexchange.com/
2025-03-24,nand_chip,MLC 32Gb 4GBx8,2.534,https://web.archive.org/web/20250405050954id_/https://www.dramexchange.com/
2025-03-24,nand_chip,MLC 64Gb 8GBx8,4.577,https://web.archive.org/web/20250405050954id_/https://www.dramexchange.com/
2025-03-24,nand_chip,SLC 1Gb 128MBx8,0.799,https://web.archive.org/web/20250405050954id_/https://www.dramexchange.com/
2025-03-24,nand_chip,SLC 2Gb 256MBx8,0.888,https://web.archive.org/web/20250405050954id_/https://www.dramexchange.com/
2025-03-24,nand_wafer,128Gb TLC,1.123,https://web.archive.org/web/20250405050954id_/https://www.dramexchange.com/
2025-03-24,nand_wafer,256Gb TLC,1.436,https://web.archive.org/web/20250405050954id_/https://www.dramexchange.com/
2025-03-24,nand_wafer,512Gb TLC,2.715,https://web.archive.org/web/20250405050954id_/https://www.dramexchange.com/
2025-04-03,dram_chip,DDR3 4Gb 512Mx8 1600/1866,0.865,https://web.archive.org/web/20250405050954id_/https://www.dramexchange.com/
2025-04-03,dram_chip,DDR4 16Gb (1Gx16) 3200,4.017,https://web.archive.org/web/20250405050954id_/https://www.dramexchange.com/
2025-04-03,dram_chip,DDR4 16Gb (2Gx8) 3200,3.279,https://web.archive.org/web/20250405050954id_/https://www.dramexchange.com/
2025-04-03,dram_chip,DDR4 8Gb (1Gx8) 3200,1.653,https://web.archive.org/web/20250405050954id_/https://www.dramexchange.com/
2025-04-03,dram_chip,DDR4 8Gb (512Mx16) 3200,1.846,https://web.archive.org/web/20250405050954id_/https://www.dramexchange.com/
2025-04-03,dram_chip,DDR5 16Gb (2Gx8) 4800/5600,5.343,https://web.archive.org/web/20250405050954id_/https://www.dramexchange.com/
2025-04-07,dram_module,DDR4 RDIMM 16GB 3200,44.25,https://web.archive.org/web/20250419023900id_/https://www.dramexchange.com/
2025-04-07,dram_module,DDR4 SODIMM 8GB 2666,13.25,https://web.archive.org/web/20250419023900id_/https://www.dramexchange.com/
2025-04-07,dram_module,DDR4 UDIMM 8GB 2666,12.859,https://web.archive.org/web/20250419023900id_/https://www.dramexchange.com/
2025-04-07,gddr,GDDR5 8Gb,3.418,https://web.archive.org/web/20250419023900id_/https://www.dramexchange.com/
2025-04-07,gddr,GDDR6 8Gb,2.279,https://web.archive.org/web/20250419023900id_/https://www.dramexchange.com/
2025-04-07,nand_chip,MLC 32Gb 4GBx8,2.602,https://web.archive.org/web/20250419023900id_/https://www.dramexchange.com/
2025-04-07,nand_chip,MLC 64Gb 8GBx8,4.698,https://web.archive.org/web/20250419023900id_/https://www.dramexchange.com/
2025-04-07,nand_chip,SLC 1Gb 128MBx8,0.82,https://web.archive.org/web/20250419023900id_/https://www.dramexchange.com/
2025-04-07,nand_chip,SLC 2Gb 256MBx8,0.91,https://web.archive.org/web/20250419023900id_/https://www.dramexchange.com/
2025-04-07,nand_wafer,128Gb TLC,1.167,https://web.archive.org/web/20250419023900id_/https://www.dramexchange.com/
2025-04-07,nand_wafer,256Gb TLC,1.484,https://web.archive.org/web/20250419023900id_/https://www.dramexchange.com/
2025-04-07,nand_wafer,512Gb TLC,2.775,https://web.archive.org/web/20250419023900id_/https://www.dramexchange.com/
2025-04-18,dram_chip,DDR3 4Gb 512Mx8 1600/1866,0.872,https://web.archive.org/web/20250419023900id_/https://www.dramexchange.com/
2025-04-18,dram_chip,DDR4 16Gb (1Gx16) 3200,4.269,https://web.archive.org/web/20250419023900id_/https://www.dramexchange.com/
2025-04-18,dram_chip,DDR4 16Gb (2Gx8) 3200,3.392,https://web.archive.org/web/20250419023900id_/https://www.dramexchange.com/
2025-04-18,dram_chip,DDR4 8Gb (1Gx8) 3200,1.7,https://web.archive.org/web/20250419023900id_/https://www.dramexchange.com/
2025-04-18,dram_chip,DDR4 8Gb (512Mx16) 3200,1.887,https://web.archive.org/web/20250419023900id_/https://www.dramexchange.com/
2025-04-18,dram_chip,DDR5 16Gb (2Gx8) 4800/5600,5.4,https://web.archive.org/web/20250419023900id_/https://www.dramexchange.com/
2025-05-05,dram_module,DDR4 RDIMM 16GB 3200,46.25,https://web.archive.org/web/20250515031218id_/https://www.dramexchange.com/
2025-05-05,dram_module,DDR4 SODIMM 8GB 2666,13.684,https://web.archive.org/web/20250515031218id_/https://www.dramexchange.com/
2025-05-05,dram_module,DDR4 UDIMM 8GB 2666,13.447,https://web.archive.org/web/20250515031218id_/https://www.dramexchange.com/
2025-05-05,gddr,GDDR5 8Gb,3.441,https://web.archive.org/web/20250515031218id_/https://www.dramexchange.com/
2025-05-05,gddr,GDDR6 8Gb,2.302,https://web.archive.org/web/20250515031218id_/https://www.dramexchange.com/
2025-05-05,nand_chip,MLC 32Gb 4GBx8,2.688,https://web.archive.org/web/20250515031218id_/https://www.dramexchange.com/
2025-05-05,nand_chip,MLC 64Gb 8GBx8,4.858,https://web.archive.org/web/20250515031218id_/https://www.dramexchange.com/
2025-05-05,nand_chip,SLC 1Gb 128MBx8,0.845,https://web.archive.org/web/20250515031218id_/https://www.dramexchange.com/
2025-05-05,nand_chip,SLC 2Gb 256MBx8,0.943,https://web.archive.org/web/20250515031218id_/https://www.dramexchange.com/
2025-05-05,nand_wafer,128Gb TLC,1.183,https://web.archive.org/web/20250515031218id_/https://www.dramexchange.com/
2025-05-05,nand_wafer,256Gb TLC,1.494,https://web.archive.org/web/20250515031218id_/https://www.dramexchange.com/
2025-05-05,nand_wafer,512Gb TLC,2.739,https://web.archive.org/web/20250515031218id_/https://www.dramexchange.com/
2025-05-15,dram_chip,DDR3 4Gb 512Mx8 1600/1866,1.003,https://web.archive.org/web/20250515031218id_/https://www.dramexchange.com/
2025-05-15,dram_chip,DDR4 16Gb (1Gx16) 3200,5.35,https://web.archive.org/web/20250515031218id_/https://www.dramexchange.com/
2025-05-15,dram_chip,DDR4 16Gb (2Gx8) 3200,4.226,https://web.archive.org/web/20250515031218id_/https://www.dramexchange.com/
2025-05-15,dram_chip,DDR4 8Gb (1Gx8) 3200,2.138,https://web.archive.org/web/20250515031218id_/https://www.dramexchange.com/
2025-05-15,dram_chip,DDR4 8Gb (512Mx16) 3200,2.333,https://web.archive.org/web/20250515031218id_/https://www.dramexchange.com/
2025-05-15,dram_chip,DDR5 16Gb (2Gx8) 4800/5600,5.499,https://web.archive.org/web/20250515031218id_/https://www.dramexchange.com/
2025-06-02,dram_module,DDR4 RDIMM 16GB 3200,50.0,https://web.archive.org/web/20250615085825id_/https://www.dramexchange.com/
2025-06-02,dram_module,DDR4 SODIMM 8GB 2666,14.138,https://web.archive.org/web/20250615085825id_/https://www.dramexchange.com/
2025-06-02,dram_module,DDR4 UDIMM 8GB 2666,13.882,https://web.archive.org/web/20250615085825id_/https://www.dramexchange.com/
2025-06-02,gddr,GDDR5 8Gb,3.464,https://web.archive.org/web/20250615085825id_/https://www.dramexchange.com/
2025-06-02,gddr,GDDR6 8Gb,2.348,https://web.archive.org/web/20250615085825id_/https://www.dramexchange.com/
2025-06-02,nand_chip,MLC 32Gb 4GBx8,2.893,https://web.archive.org/web/20250615085825id_/https://www.dramexchange.com/
2025-06-02,nand_chip,MLC 64Gb 8GBx8,5.208,https://web.archive.org/web/20250615085825id_/https://www.dramexchange.com/
2025-06-02,nand_chip,SLC 1Gb 128MBx8,0.863,https://web.archive.org/web/20250615085825id_/https://www.dramexchange.com/
2025-06-02,nand_chip,SLC 2Gb 256MBx8,0.966,https://web.archive.org/web/20250615085825id_/https://www.dramexchange.com/
2025-06-02,nand_wafer,128Gb TLC,1.177,https://web.archive.org/web/20250615085825id_/https://www.dramexchange.com/
2025-06-02,nand_wafer,256Gb TLC,1.496,https://web.archive.org/web/20250615085825id_/https://www.dramexchange.com/
2025-06-02,nand_wafer,512Gb TLC,2.713,https://web.archive.org/web/20250615085825id_/https://www.dramexchange.com/
2025-06-13,dram_chip,DDR3 4Gb 512Mx8 1600/1866,1.33,https://web.archive.org/web/20250615085825id_/https://www.dramexchange.com/
2025-06-13,dram_chip,DDR4 16Gb (1Gx16) 3200,8.2,https://web.archive.org/web/20250615085825id_/https://www.dramexchange.com/
2025-06-13,dram_chip,DDR4 16Gb (2Gx8) 3200,6.46,https://web.archive.org/web/20250615085825id_/https://www.dramexchange.com/
2025-06-13,dram_chip,DDR4 8Gb (1Gx8) 3200,3.775,https://web.archive.org/web/20250615085825id_/https://www.dramexchange.com/
2025-06-13,dram_chip,DDR4 8Gb (512Mx16) 3200,3.824,https://web.archive.org/web/20250615085825id_/https://www.dramexchange.com/
2025-06-13,dram_chip,DDR5 16Gb (2Gx8) 4800/5600,5.854,https://web.archive.org/web/20250615085825id_/https://www.dramexchange.com/
2025-06-23,dram_module,DDR4 RDIMM 16GB 3200,63.0,https://web.archive.org/web/20250701091516id_/https://www.dramexchange.com/
2025-06-23,dram_module,DDR4 SODIMM 8GB 2666,16.427,https://web.archive.org/web/20250701091516id_/https://www.dramexchange.com/
2025-06-23,dram_module,DDR4 UDIMM 8GB 2666,15.15,https://web.archive.org/web/20250701091516id_/https://www.dramexchange.com/
2025-06-23,gddr,GDDR5 8Gb,3.509,https://web.archive.org/web/20250701091516id_/https://www.dramexchange.com/
2025-06-23,gddr,GDDR6 8Gb,2.443,https://web.archive.org/web/20250701091516id_/https://www.dramexchange.com/
2025-06-23,nand_chip,MLC 32Gb 4GBx8,3.176,https://web.archive.org/web/20250701091516id_/https://www.dramexchange.com/
2025-06-23,nand_chip,MLC 64Gb 8GBx8,5.678,https://web.archive.org/web/20250701091516id_/https://www.dramexchange.com/
2025-06-23,nand_chip,SLC 1Gb 128MBx8,0.883,https://web.archive.org/web/20250701091516id_/https://www.dramexchange.com/
2025-06-23,nand_chip,SLC 2Gb 256MBx8,1.001,https://web.archive.org/web/20250701091516id_/https://www.dramexchange.com/
2025-06-23,nand_wafer,128Gb TLC,1.173,https://web.archive.org/web/20250701091516id_/https://www.dramexchange.com/
2025-06-23,nand_wafer,256Gb TLC,1.494,https://web.archive.org/web/20250701091516id_/https://www.dramexchange.com/
2025-06-23,nand_wafer,512Gb TLC,2.683,https://web.archive.org/web/20250701091516id_/https://www.dramexchange.com/
2025-07-01,dram_chip,DDR3 4Gb 512Mx8 1600/1866,1.42,https://web.archive.org/web/20250701091516id_/https://www.dramexchange.com/
2025-07-01,dram_chip,DDR4 16Gb (1Gx16) 3200,14.5,https://web.archive.org/web/20250701091516id_/https://www.dramexchange.com/
2025-07-01,dram_chip,DDR4 16Gb (2Gx8) 3200,8.534,https://web.archive.org/web/20250701091516id_/https://www.dramexchange.com/
2025-07-01,dram_chip,DDR4 8Gb (1Gx8) 3200,5.073,https://web.archive.org/web/20250701091516id_/https://www.dramexchange.com/
2025-07-01,dram_chip,DDR4 8Gb (512Mx16) 3200,6.073,https://web.archive.org/web/20250701091516id_/https://www.dramexchange.com/
2025-07-01,dram_chip,DDR5 16Gb (2Gx8) 4800/5600,6.078,https://web.archive.org/web/20250701091516id_/https://www.dramexchange.com/
2025-07-07,dram_module,DDR4 RDIMM 16GB 3200,70.0,https://web.archive.org/web/20250714181006id_/https://www.dramexchange.com/
2025-07-07,dram_module,DDR4 SODIMM 8GB 2666,17.503,https://web.archive.org/web/20250714181006id_/https://www.dramexchange.com/
2025-07-07,dram_module,DDR4 UDIMM 8GB 2666,16.15,https://web.archive.org/web/20250714181006id_/https://www.dramexchange.com/
2025-07-07,gddr,GDDR5 8Gb,3.532,https://web.archive.org/web/20250714181006id_/https://www.dramexchange.com/
2025-07-07,gddr,GDDR6 8Gb,2.541,https://web.archive.org/web/20250714181006id_/https://www.dramexchange.com/
2025-07-07,nand_chip,MLC 32Gb 4GBx8,3.346,https://web.archive.org/web/20250714181006id_/https://www.dramexchange.com/
2025-07-07,nand_chip,MLC 64Gb 8GBx8,5.965,https://web.archive.org/web/20250714181006id_/https://www.dramexchange.com/
2025-07-07,nand_chip,SLC 1Gb 128MBx8,0.889,https://web.archive.org/web/20250714181006id_/https://www.dramexchange.com/
2025-07-07,nand_chip,SLC 2Gb 256MBx8,1.014,https://web.archive.org/web/20250714181006id_/https://www.dramexchange.com/
2025-07-07,nand_wafer,128Gb TLC,1.183,https://web.archive.org/web/20250714181006id_/https://www.dramexchange.com/
2025-07-07,nand_wafer,256Gb TLC,1.502,https://web.archive.org/web/20250714181006id_/https://www.dramexchange.com/
2025-07-07,nand_wafer,512Gb TLC,2.676,https://web.archive.org/web/20250714181006id_/https://www.dramexchange.com/
2025-07-14,dram_chip,DDR3 4Gb 512Mx8 1600/1866,1.511,https://web.archive.org/web/20250714181006id_/https://www.dramexchange.com/
2025-07-14,dram_chip,DDR4 16Gb (1Gx16) 3200,15.923,https://web.archive.org/web/20250714181006id_/https://www.dramexchange.com/
2025-07-14,dram_chip,DDR4 16Gb (2Gx8) 3200,8.524,https://web.archive.org/web/20250714181006id_/https://www.dramexchange.com/
2025-07-14,dram_chip,DDR4 8Gb (1Gx8) 3200,4.96,https://web.archive.org/web/20250714181006id_/https://www.dramexchange.com/
2025-07-14,dram_chip,DDR4 8Gb (512Mx16) 3200,6.092,https://web.archive.org/web/20250714181006id_/https://www.dramexchange.com/
2025-07-14,dram_chip,DDR5 16Gb (2Gx8) 4800/5600,6.066,https://web.archive.org/web/20250714181006id_/https://www.dramexchange.com/
2025-07-21,dram_module,DDR4 RDIMM 16GB 3200,80.0,https://web.archive.org/web/20250803062227id_/https://www.dramexchange.com/
2025-07-21,dram_module,DDR4 SODIMM 8GB 2666,17.784,https://web.archive.org/web/20250803062227id_/https://www.dramexchange.com/
2025-07-21,dram_module,DDR4 UDIMM 8GB 2666,16.65,https://web.archive.org/web/20250803062227id_/https://www.dramexchange.com/
2025-07-21,gddr,GDDR5 8Gb,3.541,https://web.archive.org/web/20250803062227id_/https://www.dramexchange.com/
2025-07-21,gddr,GDDR6 8Gb,2.599,https://web.archive.org/web/20250803062227id_/https://www.dramexchange.com/
2025-07-21,nand_chip,MLC 32Gb 4GBx8,3.471,https://web.archive.org/web/20250803062227id_/https://www.dramexchange.com/
2025-07-21,nand_chip,MLC 64Gb 8GBx8,6.215,https://web.archive.org/web/20250803062227id_/https://www.dramexchange.com/
2025-07-21,nand_chip,SLC 1Gb 128MBx8,0.901,https://web.archive.org/web/20250803062227id_/https://www.dramexchange.com/
2025-07-21,nand_chip,SLC 2Gb 256MBx8,1.024,https://web.archive.org/web/20250803062227id_/https://www.dramexchange.com/
2025-07-21,nand_wafer,128Gb TLC,1.183,https://web.archive.org/web/20250803062227id_/https://www.dramexchange.com/
2025-07-21,nand_wafer,256Gb TLC,1.514,https://web.archive.org/web/20250803062227id_/https://www.dramexchange.com/
2025-07-21,nand_wafer,512Gb TLC,2.7,https://web.archive.org/web/20250803062227id_/https://www.dramexchange.com/
2025-08-01,dram_chip,DDR3 4Gb 512Mx8 1600/1866,1.69,https://web.archive.org/web/20250803062227id_/https://www.dramexchange.com/
2025-08-01,dram_chip,DDR4 16Gb (1Gx16) 3200,15.545,https://web.archive.org/web/20250803062227id_/https://www.dramexchange.com/
2025-08-01,dram_chip,DDR4 16Gb (2Gx8) 3200,8.589,https://web.archive.org/web/20250803062227id_/https://www.dramexchange.com/
2025-08-01,dram_chip,DDR4 8Gb (1Gx8) 3200,5.032,https://web.archive.org/web/20250803062227id_/https://www.dramexchange.com/
2025-08-01,dram_chip,DDR4 8Gb (512Mx16) 3200,6.156,https://web.archive.org/web/20250803062227id_/https://www.dramexchange.com/
2025-08-01,dram_chip,DDR5 16Gb (2Gx8) 4800/5600,6.167,https://web.archive.org/web/20250803062227id_/https://www.dramexchange.com/
2025-08-04,dram_module,DDR4 RDIMM 16GB 3200,87.5,https://web.archive.org/web/20250815075906id_/https://www.dramexchange.com/
2025-08-04,dram_module,DDR4 SODIMM 8GB 2666,17.619,https://web.archive.org/web/20250815075906id_/https://www.dramexchange.com/
2025-08-04,dram_module,DDR4 UDIMM 8GB 2666,16.8,https://web.archive.org/web/20250815075906id_/https://www.dramexchange.com/
2025-08-04,gddr,GDDR5 8Gb,3.536,https://web.archive.org/web/20250815075906id_/https://www.dramexchange.com/
2025-08-04,gddr,GDDR6 8Gb,2.608,https://web.archive.org/web/20250815075906id_/https://www.dramexchange.com/
2025-08-04,nand_chip,MLC 32Gb 4GBx8,3.505,https://web.archive.org/web/20250815075906id_/https://www.dramexchange.com/
2025-08-04,nand_chip,MLC 64Gb 8GBx8,6.265,https://web.archive.org/web/20250815075906id_/https://www.dramexchange.com/
2025-08-04,nand_chip,SLC 1Gb 128MBx8,0.91,https://web.archive.org/web/20250815075906id_/https://www.dramexchange.com/
2025-08-04,nand_chip,SLC 2Gb 256MBx8,1.035,https://web.archive.org/web/20250815075906id_/https://www.dramexchange.com/
2025-08-04,nand_wafer,128Gb TLC,1.203,https://web.archive.org/web/20250815075906id_/https://www.dramexchange.com/
2025-08-04,nand_wafer,256Gb TLC,1.544,https://web.archive.org/web/20250815075906id_/https://www.dramexchange.com/
2025-08-04,nand_wafer,512Gb TLC,2.784,https://web.archive.org/web/20250815075906id_/https://www.dramexchange.com/
2025-08-15,dram_chip,DDR3 4Gb 512Mx8 1600/1866,1.814,https://web.archive.org/web/20250815075906id_/https://www.dramexchange.com/
2025-08-15,dram_chip,DDR4 16Gb (1Gx16) 3200,15.259,https://web.archive.org/web/20250815075906id_/https://www.dramexchange.com/
2025-08-15,dram_chip,DDR4 16Gb (2Gx8) 3200,8.91,https://web.archive.org/web/20250815075906id_/https://www.dramexchange.com/
2025-08-15,dram_chip,DDR4 8Gb (1Gx8) 3200,4.902,https://web.archive.org/web/20250815075906id_/https://www.dramexchange.com/
2025-08-15,dram_chip,DDR4 8Gb (512Mx16) 3200,5.988,https://web.archive.org/web/20250815075906id_/https://www.dramexchange.com/
2025-08-15,dram_chip,DDR5 16Gb (2Gx8) 4800/5600,6.167,https://web.archive.org/web/20250815075906id_/https://www.dramexchange.com/
2025-08-25,dram_module,DDR4 RDIMM 16GB 3200,130.0,https://web.archive.org/web/20250901163642id_/https://www.dramexchange.com/
2025-08-25,dram_module,DDR4 SODIMM 8GB 2666,17.628,https://web.archive.org/web/20250901163642id_/https://www.dramexchange.com/
2025-08-25,dram_module,DDR4 UDIMM 8GB 2666,16.5,https://web.archive.org/web/20250901163642id_/https://www.dramexchange.com/
2025-08-25,gddr,GDDR5 8Gb,3.536,https://web.archive.org/web/20250901163642id_/https://www.dramexchange.com/
2025-08-25,gddr,GDDR6 8Gb,2.613,https://web.archive.org/web/20250901163642id_/https://www.dramexchange.com/
2025-08-25,nand_chip,MLC 32Gb 4GBx8,3.544,https://web.archive.org/web/20250901163642id_/https://www.dramexchange.com/
2025-08-25,nand_chip,MLC 64Gb 8GBx8,6.233,https://web.archive.org/web/20250901163642id_/https://www.dramexchange.com/
2025-08-25,nand_chip,SLC 1Gb 128MBx8,0.915,https://web.archive.org/web/20250901163642id_/https://www.dramexchange.com/
2025-08-25,nand_chip,SLC 2Gb 256MBx8,1.034,https://web.archive.org/web/20250901163642id_/https://www.dramexchange.com/
2025-08-25,nand_wafer,128Gb TLC,1.203,https://web.archive.org/web/20250901163642id_/https://www.dramexchange.com/
2025-08-25,nand_wafer,256Gb TLC,1.558,https://web.archive.org/web/20250901163642id_/https://www.dramexchange.com/
2025-08-25,nand_wafer,512Gb TLC,2.795,https://web.archive.org/web/20250901163642id_/https://www.dramexchange.com/
2025-09-01,dram_chip,DDR3 4Gb 512Mx8 1600/1866,1.913,https://web.archive.org/web/20250901163642id_/https://www.dramexchange.com/
2025-09-01,dram_chip,DDR4 16Gb (1Gx16) 3200,15.625,https://web.archive.org/web/20250901163642id_/https://www.dramexchange.com/
2025-09-01,dram_chip,DDR4 16Gb (2Gx8) 3200,9.377,https://web.archive.org/web/20250901163642id_/https://www.dramexchange.com/
2025-09-01,dram_chip,DDR4 8Gb (1Gx8) 3200,4.857,https://web.archive.org/web/20250901163642id_/https://www.dramexchange.com/
2025-09-01,dram_chip,DDR4 8Gb (512Mx16) 3200,5.858,https://web.archive.org/web/20250901163642id_/https://www.dramexchange.com/
2025-09-01,dram_chip,DDR5 16Gb (2Gx8) 4800/5600,6.02,https://web.archive.org/web/20250901163642id_/https://www.dramexchange.com/
2025-09-08,dram_module,DDR4 RDIMM 16GB 3200,133.5,https://web.archive.org/web/20250915191727id_/https://www.dramexchange.com/
2025-09-08,dram_module,DDR4 SODIMM 8GB 2666,17.694,https://web.archive.org/web/20250915191727id_/https://www.dramexchange.com/
2025-09-08,dram_module,DDR4 UDIMM 8GB 2666,16.734,https://web.archive.org/web/20250915191727id_/https://www.dramexchange.com/
2025-09-08,gddr,GDDR5 8Gb,3.536,https://web.archive.org/web/20250915191727id_/https://www.dramexchange.com/
2025-09-08,gddr,GDDR6 8Gb,2.613,https://web.archive.org/web/20250915191727id_/https://www.dramexchange.com/
2025-09-08,nand_chip,MLC 32Gb 4GBx8,3.52,https://web.archive.org/web/20250915191727id_/https://www.dramexchange.com/
2025-09-08,nand_chip,MLC 64Gb 8GBx8,6.133,https://web.archive.org/web/20250915191727id_/https://www.dramexchange.com/
2025-09-08,nand_chip,SLC 1Gb 128MBx8,0.934,https://web.archive.org/web/20250915191727id_/https://www.dramexchange.com/
2025-09-08,nand_chip,SLC 2Gb 256MBx8,1.037,https://web.archive.org/web/20250915191727id_/https://www.dramexchange.com/
2025-09-08,nand_wafer,128Gb TLC,1.203,https://web.archive.org/web/20250915191727id_/https://www.dramexchange.com/
2025-09-08,nand_wafer,256Gb TLC,1.558,https://web.archive.org/web/20250915191727id_/https://www.dramexchange.com/
2025-09-08,nand_wafer,512Gb TLC,2.84,https://web.archive.org/web/20250915191727id_/https://www.dramexchange.com/
2025-09-15,dram_chip,DDR3 4Gb 512Mx8 1600/1866,1.972,https://web.archive.org/web/20250915191727id_/https://www.dramexchange.com/
2025-09-15,dram_chip,DDR4 16Gb (1Gx16) 3200,16.272,https://web.archive.org/web/20250915191727id_/https://www.dramexchange.com/
2025-09-15,dram_chip,DDR4 16Gb (2Gx8) 3200,10.293,https://web.archive.org/web/20250915191727id_/https://www.dramexchange.com/
2025-09-15,dram_chip,DDR4 8Gb (1Gx8) 3200,5.334,https://web.archive.org/web/20250915191727id_/https://www.dramexchange.com/
2025-09-15,dram_chip,DDR4 8Gb (512Mx16) 3200,6.246,https://web.archive.org/web/20250915191727id_/https://www.dramexchange.com/
2025-09-15,dram_chip,DDR5 16Gb (2Gx8) 4800/5600,6.216,https://web.archive.org/web/20250915191727id_/https://www.dramexchange.com/
2025-09-22,nand_chip,MLC 32Gb 4GBx8,3.544,https://web.archive.org/web/20251002221256id_/https://www.dramexchange.com/
2025-09-22,nand_chip,MLC 64Gb 8GBx8,6.16,https://web.archive.org/web/20251002221256id_/https://www.dramexchange.com/
2025-09-22,nand_chip,SLC 1Gb 128MBx8,0.953,https://web.archive.org/web/20251002221256id_/https://www.dramexchange.com/
2025-09-22,nand_chip,SLC 2Gb 256MBx8,1.061,https://web.archive.org/web/20251002221256id_/https://www.dramexchange.com/
2025-09-22,nand_wafer,128Gb TLC,1.203,https://web.archive.org/web/20251002221256id_/https://www.dramexchange.com/
2025-09-22,nand_wafer,256Gb TLC,1.656,https://web.archive.org/web/20251002221256id_/https://www.dramexchange.com/
2025-09-22,nand_wafer,512Gb TLC,2.96,https://web.archive.org/web/20251002221256id_/https://www.dramexchange.com/
2025-09-29,dram_module,DDR4 RDIMM 16GB 3200,139.0,https://web.archive.org/web/20251002221256id_/https://www.dramexchange.com/
2025-09-29,dram_module,DDR4 SODIMM 8GB 2666,18.582,https://web.archive.org/web/20251002221256id_/https://www.dramexchange.com/
2025-09-29,dram_module,DDR4 UDIMM 8GB 2666,17.519,https://web.archive.org/web/20251002221256id_/https://www.dramexchange.com/
2025-09-29,gddr,GDDR5 8Gb,3.577,https://web.archive.org/web/20251002221256id_/https://www.dramexchange.com/
2025-09-29,gddr,GDDR6 8Gb,2.632,https://web.archive.org/web/20251002221256id_/https://www.dramexchange.com/
2025-10-02,dram_chip,DDR3 4Gb 512Mx8 1600/1866,2.388,https://web.archive.org/web/20251002221256id_/https://www.dramexchange.com/
2025-10-02,dram_chip,DDR4 16Gb (1Gx16) 3200,20.6,https://web.archive.org/web/20251002221256id_/https://www.dramexchange.com/
2025-10-02,dram_chip,DDR4 16Gb (2Gx8) 3200,13.676,https://web.archive.org/web/20251002221256id_/https://www.dramexchange.com/
2025-10-02,dram_chip,DDR4 8Gb (1Gx8) 3200,6.444,https://web.archive.org/web/20251002221256id_/https://www.dramexchange.com/
2025-10-02,dram_chip,DDR4 8Gb (512Mx16) 3200,7.328,https://web.archive.org/web/20251002221256id_/https://www.dramexchange.com/
2025-10-02,dram_chip,DDR5 16Gb (2Gx8) 4800/5600,8.022,https://web.archive.org/web/20251002221256id_/https://www.dramexchange.com/
2025-10-06,dram_module,DDR4 RDIMM 16GB 3200,138.0,https://web.archive.org/web/20251013154617id_/https://www.dramexchange.com/
2025-10-06,dram_module,DDR4 SODIMM 8GB 2666,18.7,https://web.archive.org/web/20251013154617id_/https://www.dramexchange.com/
2025-10-06,dram_module,DDR4 UDIMM 8GB 2666,17.782,https://web.archive.org/web/20251013154617id_/https://www.dramexchange.com/
2025-10-06,gddr,GDDR5 8Gb,3.577,https://web.archive.org/web/20251013154617id_/https://www.dramexchange.com/
2025-10-06,gddr,GDDR6 8Gb,2.648,https://web.archive.org/web/20251013154617id_/https://www.dramexchange.com/
2025-10-06,nand_chip,MLC 32Gb 4GBx8,3.593,https://web.archive.org/web/20251013154617id_/https://www.dramexchange.com/
2025-10-06,nand_chip,MLC 64Gb 8GBx8,6.187,https://web.archive.org/web/20251013154617id_/https://www.dramexchange.com/
2025-10-06,nand_chip,SLC 1Gb 128MBx8,0.972,https://web.archive.org/web/20251013154617id_/https://www.dramexchange.com/
2025-10-06,nand_chip,SLC 2Gb 256MBx8,1.086,https://web.archive.org/web/20251013154617id_/https://www.dramexchange.com/
2025-10-06,nand_wafer,128Gb TLC,1.333,https://web.archive.org/web/20251013154617id_/https://www.dramexchange.com/
2025-10-06,nand_wafer,256Gb TLC,1.862,https://web.archive.org/web/20251013154617id_/https://www.dramexchange.com/
2025-10-06,nand_wafer,512Gb TLC,3.455,https://web.archive.org/web/20251013154617id_/https://www.dramexchange.com/
2025-10-13,dram_chip,DDR3 4Gb 512Mx8 1600/1866,2.6,https://web.archive.org/web/20251013154617id_/https://www.dramexchange.com/
2025-10-13,dram_chip,DDR4 16Gb (1Gx16) 3200,22.433,https://web.archive.org/web/20251013154617id_/https://www.dramexchange.com/
2025-10-13,dram_chip,DDR4 16Gb (2Gx8) 3200,15.636,https://web.archive.org/web/20251013154617id_/https://www.dramexchange.com/
2025-10-13,dram_chip,DDR4 8Gb (1Gx8) 3200,7.004,https://web.archive.org/web/20251013154617id_/https://www.dramexchange.com/
2025-10-13,dram_chip,DDR4 8Gb (512Mx16) 3200,7.725,https://web.archive.org/web/20251013154617id_/https://www.dramexchange.com/
2025-10-13,dram_chip,DDR5 16Gb (2Gx8) 4800/5600,8.867,https://web.archive.org/web/20251013154617id_/https://www.dramexchange.com/
2025-10-20,dram_module,DDR4 RDIMM 16GB 3200,160.0,https://web.archive.org/web/20251101032030id_/https://www.dramexchange.com/
2025-10-20,dram_module,DDR4 SODIMM 8GB 2666,19.088,https://web.archive.org/web/20251101032030id_/https://www.dramexchange.com/
2025-10-20,dram_module,DDR4 UDIMM 8GB 2666,18.364,https://web.archive.org/web/20251101032030id_/https://www.dramexchange.com/
2025-10-20,gddr,GDDR5 8Gb,3.659,https://web.archive.org/web/20251101032030id_/https://www.dramexchange.com/
2025-10-20,gddr,GDDR6 8Gb,2.846,https://web.archive.org/web/20251101032030id_/https://www.dramexchange.com/
2025-10-20,nand_chip,MLC 32Gb 4GBx8,3.714,https://web.archive.org/web/20251101032030id_/https://www.dramexchange.com/
2025-10-20,nand_chip,MLC 64Gb 8GBx8,6.407,https://web.archive.org/web/20251101032030id_/https://www.dramexchange.com/
2025-10-20,nand_chip,SLC 1Gb 128MBx8,1.024,https://web.archive.org/web/20251101032030id_/https://www.dramexchange.com/
2025-10-20,nand_chip,SLC 2Gb 256MBx8,1.152,https://web.archive.org/web/20251101032030id_/https://www.dramexchange.com/
2025-10-20,nand_wafer,128Gb TLC,1.68,https://web.archive.org/web/20251101032030id_/https://www.dramexchange.com/
2025-10-20,nand_wafer,256Gb TLC,2.368,https://web.archive.org/web/20251101032030id_/https://www.dramexchange.com/
2025-10-20,nand_wafer,512Gb TLC,4.576,https://web.archive.org/web/20251101032030id_/https://www.dramexchange.com/
2025-10-31,dram_chip,DDR3 4Gb 512Mx8 1600/1866,3.336,https://web.archive.org/web/20251101032030id_/https://www.dramexchange.com/
2025-10-31,dram_chip,DDR4 16Gb (1Gx16) 3200,27.667,https://web.archive.org/web/20251101032030id_/https://www.dramexchange.com/
2025-10-31,dram_chip,DDR4 16Gb (2Gx8) 3200,25.5,https://web.archive.org/web/20251101032030id_/https://www.dramexchange.com/
2025-10-31,dram_chip,DDR4 8Gb (1Gx8) 3200,10.078,https://web.archive.org/web/20251101032030id_/https://www.dramexchange.com/
2025-10-31,dram_chip,DDR4 8Gb (512Mx16) 3200,9.15,https://web.archive.org/web/20251101032030id_/https://www.dramexchange.com/
2025-10-31,dram_chip,DDR5 16Gb (2Gx8) 4800/5600,15.488,https://web.archive.org/web/20251101032030id_/https://www.dramexchange.com/
2025-11-03,dram_module,DDR4 RDIMM 16GB 3200,180.0,https://web.archive.org/web/20251114115632id_/https://www.dramexchange.com/
2025-11-03,dram_module,DDR4 SODIMM 8GB 2666,20.941,https://web.archive.org/web/20251114115632id_/https://www.dramexchange.com/
2025-11-03,dram_module,DDR4 UDIMM 8GB 2666,20.545,https://web.archive.org/web/20251114115632id_/https://www.dramexchange.com/
2025-11-03,gddr,GDDR5 8Gb,4.0,https://web.archive.org/web/20251114115632id_/https://www.dramexchange.com/
2025-11-03,gddr,GDDR6 8Gb,3.329,https://web.archive.org/web/20251114115632id_/https://www.dramexchange.com/
2025-11-03,nand_chip,MLC 32Gb 4GBx8,3.89,https://web.archive.org/web/20251114115632id_/https://www.dramexchange.com/
2025-11-03,nand_chip,MLC 64Gb 8GBx8,6.753,https://web.archive.org/web/20251114115632id_/https://www.dramexchange.com/
2025-11-03,nand_chip,SLC 1Gb 128MBx8,1.12,https://web.archive.org/web/20251114115632id_/https://www.dramexchange.com/
2025-11-03,nand_chip,SLC 2Gb 256MBx8,1.294,https://web.archive.org/web/20251114115632id_/https://www.dramexchange.com/
2025-11-03,nand_wafer,128Gb TLC,2.08,https://web.archive.org/web/20251114115632id_/https://www.dramexchange.com/
2025-11-03,nand_wafer,256Gb TLC,2.988,https://web.archive.org/web/20251114115632id_/https://www.dramexchange.com/
2025-11-03,nand_wafer,512Gb TLC,5.514,https://web.archive.org/web/20251114115632id_/https://www.dramexchange.com/
2025-11-14,dram_chip,DDR3 4Gb 512Mx8 1600/1866,3.524,https://web.archive.org/web/20251114115632id_/https://www.dramexchange.com/
2025-11-14,dram_chip,DDR4 16Gb (2Gx8) 3200,34.375,https://web.archive.org/web/20251114115632id_/https://www.dramexchange.com/
2025-11-14,dram_chip,DDR4 16Gb (2Gx8) eTT,7.913,https://web.archive.org/web/20251114115632id_/https://www.dramexchange.com/
2025-11-14,dram_chip,DDR4 8Gb (1Gx8) 3200,12.543,https://web.archive.org/web/20251114115632id_/https://www.dramexchange.com/
2025-11-14,dram_chip,DDR4 8Gb (1Gx8) eTT,4.106,https://web.archive.org/web/20251114115632id_/https://www.dramexchange.com/
2025-11-14,dram_chip,DDR5 16Gb (2Gx8) 4800/5600,24.505,https://web.archive.org/web/20251114115632id_/https://www.dramexchange.com/
2025-11-14,dram_chip,DDR5 16Gb (2Gx8) eTT,10.1,https://web.archive.org/web/20251114115632id_/https://www.dramexchange.com/
2025-11-24,dram_module,DDR4 UDIMM 16GB 3200,54.884,https://web.archive.org/web/20251203200641id_/https://www.dramexchange.com/
2025-11-24,dram_module,DDR5 RDIMM 32GB 4800/5600,395.0,https://web.archive.org/web/20251203200641id_/https://www.dramexchange.com/
2025-11-24,dram_module,DDR5 UDIMM 16GB 4800/5600,115.0,https://web.archive.org/web/20251203200641id_/https://www.dramexchange.com/
2025-11-24,gddr,GDDR5 8Gb,4.455,https://web.archive.org/web/20251203200641id_/https://www.dramexchange.com/
2025-11-24,gddr,GDDR6 8Gb,3.94,https://web.archive.org/web/20251203200641id_/https://www.dramexchange.com/
2025-11-24,nand_chip,MLC 32Gb 4GBx8,4.003,https://web.archive.org/web/20251203200641id_/https://www.dramexchange.com/
2025-11-24,nand_chip,MLC 64Gb 8GBx8,6.832,https://web.archive.org/web/20251203200641id_/https://www.dramexchange.com/
2025-11-24,nand_chip,SLC 1Gb 128MBx8,1.19,https://web.archive.org/web/20251203200641id_/https://www.dramexchange.com/
2025-11-24,nand_chip,SLC 2Gb 256MBx8,1.416,https://web.archive.org/web/20251203200641id_/https://www.dramexchange.com/
2025-11-24,nand_wafer,128Gb TLC,3.94,https://web.archive.org/web/20251203200641id_/https://www.dramexchange.com/
2025-11-24,nand_wafer,256Gb TLC,5.192,https://web.archive.org/web/20251203200641id_/https://www.dramexchange.com/
2025-11-24,nand_wafer,512Gb TLC,9.072,https://web.archive.org/web/20251203200641id_/https://www.dramexchange.com/
2025-12-05,dram_chip,DDR3 4Gb 512Mx8 1600/1866,3.576,https://web.archive.org/web/20251203200641id_/https://www.dramexchange.com/
2025-12-05,dram_chip,DDR4 16Gb (2Gx8) 3200,46.5,https://web.archive.org/web/20251203200641id_/https://www.dramexchange.com/
2025-12-05,dram_chip,DDR4 16Gb (2Gx8) eTT,9.85,https://web.archive.org/web/20251203200641id_/https://www.dramexchange.com/
2025-12-05,dram_chip,DDR4 8Gb (1Gx8) 3200,17.05,https://web.archive.org/web/20251203200641id_/https://www.dramexchange.com/
2025-12-05,dram_chip,DDR4 8Gb (1Gx8) eTT,4.717,https://web.archive.org/web/20251203200641id_/https://www.dramexchange.com/
2025-12-05,dram_chip,DDR5 16Gb (2Gx8) 4800/5600,26.333,https://web.archive.org/web/20251203200641id_/https://www.dramexchange.com/
2025-12-05,dram_chip,DDR5 16Gb (2Gx8) eTT,12.55,https://web.archive.org/web/20251203200641id_/https://www.dramexchange.com/
2025-12-08,dram_module,DDR4 UDIMM 16GB 3200,65.465,https://web.archive.org/web/20251215070550id_/https://www.dramexchange.com/
2025-12-08,dram_module,DDR5 RDIMM 32GB 4800/5600,410.0,https://web.archive.org/web/20251215070550id_/https://www.dramexchange.com/
2025-12-08,dram_module,DDR5 UDIMM 16GB 4800/5600,120.0,https://web.archive.org/web/20251215070550id_/https://www.dramexchange.com/
2025-12-08,gddr,GDDR5 8Gb,4.927,https://web.archive.org/web/20251215070550id_/https://www.dramexchange.com/
2025-12-08,gddr,GDDR6 8Gb,4.45,https://web.archive.org/web/20251215070550id_/https://www.dramexchange.com/
2025-12-08,nand_chip,MLC 32Gb 4GBx8,4.178,https://web.archive.org/web/20251215070550id_/https://www.dramexchange.com/
2025-12-08,nand_chip,MLC 64Gb 8GBx8,6.875,https://web.archive.org/web/20251215070550id_/https://www.dramexchange.com/
2025-12-08,nand_chip,SLC 1Gb 128MBx8,1.216,https://web.archive.org/web/20251215070550id_/https://www.dramexchange.com/
2025-12-08,nand_chip,SLC 2Gb 256MBx8,1.462,https://web.archive.org/web/20251215070550id_/https://www.dramexchange.com/
2025-12-08,nand_wafer,128Gb TLC,3.94,https://web.archive.org/web/20251215070550id_/https://www.dramexchange.com/
2025-12-08,nand_wafer,256Gb TLC,5.192,https://web.archive.org/web/20251215070550id_/https://www.dramexchange.com/
2025-12-08,nand_wafer,512Gb TLC,9.634,https://web.archive.org/web/20251215070550id_/https://www.dramexchange.com/
2025-12-15,dram_chip,DDR3 4Gb 512Mx8 1600/1866,3.58,https://web.archive.org/web/20251215070550id_/https://www.dramexchange.com/
2025-12-15,dram_chip,DDR4 16Gb (2Gx8) 3200,50.75,https://web.archive.org/web/20251215070550id_/https://www.dramexchange.com/
2025-12-15,dram_chip,DDR4 16Gb (2Gx8) eTT,10.125,https://web.archive.org/web/20251215070550id_/https://www.dramexchange.com/
2025-12-15,dram_chip,DDR4 8Gb (1Gx8) 3200,19.0,https://web.archive.org/web/20251215070550id_/https://www.dramexchange.com/
2025-12-15,dram_chip,DDR4 8Gb (1Gx8) eTT,4.954,https://web.archive.org/web/20251215070550id_/https://www.dramexchange.com/
2025-12-15,dram_chip,DDR5 16Gb (2Gx8) 4800/5600,26.267,https://web.archive.org/web/20251215070550id_/https://www.dramexchange.com/
2025-12-15,dram_chip,DDR5 16Gb (2Gx8) eTT,13.2,https://web.archive.org/web/20251215070550id_/https://www.dramexchange.com/
2025-12-22,dram_module,DDR4 UDIMM 16GB 3200,79.6,https://web.archive.org/web/20260102191338id_/https://www.dramexchange.com/
2025-12-22,dram_module,DDR5 RDIMM 32GB 4800/5600,447.5,https://web.archive.org/web/20260102191338id_/https://www.dramexchange.com/
2025-12-22,dram_module,DDR5 UDIMM 16GB 4800/5600,142.5,https://web.archive.org/web/20260102191338id_/https://www.dramexchange.com/
2025-12-22,gddr,GDDR5 8Gb,5.436,https://web.archive.org/web/20260102191338id_/https://www.dramexchange.com/
2025-12-22,gddr,GDDR6 8Gb,5.221,https://web.archive.org/web/20260102191338id_/https://www.dramexchange.com/
2025-12-22,nand_chip,MLC 32Gb 4GBx8,4.224,https://web.archive.org/web/20260102191338id_/https://www.dramexchange.com/
2025-12-22,nand_chip,MLC 64Gb 8GBx8,6.95,https://web.archive.org/web/20260102191338id_/https://www.dramexchange.com/
2025-12-22,nand_chip,SLC 1Gb 128MBx8,1.308,https://web.archive.org/web/20260102191338id_/https://www.dramexchange.com/
2025-12-22,nand_chip,SLC 2Gb 256MBx8,1.546,https://web.archive.org/web/20260102191338id_/https://www.dramexchange.com/
2025-12-22,nand_wafer,128Gb TLC,4.4,https://web.archive.org/web/20260102191338id_/https://www.dramexchange.com/
2025-12-22,nand_wafer,256Gb TLC,6.04,https://web.archive.org/web/20260102191338id_/https://www.dramexchange.com/
2025-12-22,nand_wafer,512Gb TLC,11.517,https://web.archive.org/web/20260102191338id_/https://www.dramexchange.com/
2026-01-02,dram_chip,DDR3 4Gb 512Mx8 1600/1866,4.023,https://web.archive.org/web/20260102191338id_/https://www.dramexchange.com/
2026-01-02,dram_chip,DDR4 16Gb (2Gx8) 3200,65.561,https://web.archive.org/web/20260102191338id_/https://www.dramexchange.com/
2026-01-02,dram_chip,DDR4 16Gb (2Gx8) eTT,12.25,https://web.archive.org/web/20260102191338id_/https://www.dramexchange.com/
2026-01-02,dram_chip,DDR4 8Gb (1Gx8) 3200,24.496,https://web.archive.org/web/20260102191338id_/https://www.dramexchange.com/
2026-01-02,dram_chip,DDR4 8Gb (1Gx8) eTT,5.836,https://web.archive.org/web/20260102191338id_/https://www.dramexchange.com/
2026-01-02,dram_chip,DDR5 16Gb (2Gx8) 4800/5600,29.803,https://web.archive.org/web/20260102191338id_/https://www.dramexchange.com/
2026-01-02,dram_chip,DDR5 16Gb (2Gx8) eTT,16.4,https://web.archive.org/web/20260102191338id_/https://www.dramexchange.com/
2026-01-05,dram_module,DDR4 UDIMM 16GB 3200,89.333,https://web.archive.org/web/20260116052511id_/https://www.dramexchange.com/
2026-01-05,dram_module,DDR5 RDIMM 32GB 4800/5600,480.0,https://web.archive.org/web/20260116052511id_/https://www.dramexchange.com/
2026-01-05,dram_module,DDR5 UDIMM 16GB 4800/5600,157.5,https://web.archive.org/web/20260116052511id_/https://www.dramexchange.com/
2026-01-05,gddr,GDDR5 8Gb,6.0,https://web.archive.org/web/20260116052511id_/https://www.dramexchange.com/
2026-01-05,gddr,GDDR6 8Gb,5.969,https://web.archive.org/web/20260116052511id_/https://www.dramexchange.com/
2026-01-05,nand_chip,MLC 32Gb 4GBx8,4.362,https://web.archive.org/web/20260116052511id_/https://www.dramexchange.com/
2026-01-05,nand_chip,MLC 64Gb 8GBx8,7.113,https://web.archive.org/web/20260116052511id_/https://www.dramexchange.com/
2026-01-05,nand_chip,SLC 1Gb 128MBx8,1.406,https://web.archive.org/web/20260116052511id_/https://www.dramexchange.com/
2026-01-05,nand_chip,SLC 2Gb 256MBx8,1.667,https://web.archive.org/web/20260116052511id_/https://www.dramexchange.com/
2026-01-05,nand_wafer,128Gb TLC,4.987,https://web.archive.org/web/20260116052511id_/https://www.dramexchange.com/
2026-01-05,nand_wafer,256Gb TLC,6.968,https://web.archive.org/web/20260116052511id_/https://www.dramexchange.com/
2026-01-05,nand_wafer,512Gb TLC,13.724,https://web.archive.org/web/20260116052511id_/https://www.dramexchange.com/
2026-01-16,dram_chip,DDR3 4Gb 512Mx8 1600/1866,4.564,https://web.archive.org/web/20260116052511id_/https://www.dramexchange.com/
2026-01-16,dram_chip,DDR4 16Gb (2Gx8) 3200,76.636,https://web.archive.org/web/20260116052511id_/https://www.dramexchange.com/
2026-01-16,dram_chip,DDR4 16Gb (2Gx8) eTT,12.575,https://web.archive.org/web/20260116052511id_/https://www.dramexchange.com/
2026-01-16,dram_chip,DDR4 8Gb (1Gx8) 3200,29.077,https://web.archive.org/web/20260116052511id_/https://www.dramexchange.com/
2026-01-16,dram_chip,DDR4 8Gb (1Gx8) eTT,5.943,https://web.archive.org/web/20260116052511id_/https://www.dramexchange.com/
2026-01-16,dram_chip,DDR5 16Gb (2Gx8) 4800/5600,35.0,https://web.archive.org/web/20260116052511id_/https://www.dramexchange.com/
2026-01-16,dram_chip,DDR5 16Gb (2Gx8) eTT,19.1,https://web.archive.org/web/20260116052511id_/https://www.dramexchange.com/
2026-01-19,dram_module,DDR4 UDIMM 16GB 3200,99.667,https://web.archive.org/web/20260202035548id_/https://www.dramexchange.com/
2026-01-19,dram_module,DDR5 RDIMM 32GB 4800/5600,715.0,https://web.archive.org/web/20260202035548id_/https://www.dramexchange.com/
2026-01-19,dram_module,DDR5 UDIMM 16GB 4800/5600,215.0,https://web.archive.org/web/20260202035548id_/https://www.dramexchange.com/
2026-01-19,gddr,GDDR5 8Gb,7.882,https://web.archive.org/web/20260202035548id_/https://www.dramexchange.com/
2026-01-19,gddr,GDDR6 8Gb,8.038,https://web.archive.org/web/20260202035548id_/https://www.dramexchange.com/
2026-01-19,nand_chip,MLC 32Gb 4GBx8,4.71,https://web.archive.org/web/20260202035548id_/https://www.dramexchange.com/
2026-01-19,nand_chip,MLC 64Gb 8GBx8,7.525,https://web.archive.org/web/20260202035548id_/https://www.dramexchange.com/
2026-01-19,nand_chip,SLC 1Gb 128MBx8,1.518,https://web.archive.org/web/20260202035548id_/https://www.dramexchange.com/
2026-01-19,nand_chip,SLC 2Gb 256MBx8,1.832,https://web.archive.org/web/20260202035548id_/https://www.dramexchange.com/
2026-01-26,nand_wafer,128Gb TLC,4.987,https://web.archive.org/web/20260202035548id_/https://www.dramexchange.com/
2026-01-26,nand_wafer,256Gb TLC,7.572,https://web.archive.org/web/20260202035548id_/https://www.dramexchange.com/
2026-01-26,nand_wafer,512Gb TLC,16.31,https://web.archive.org/web/20260202035548id_/https://www.dramexchange.com/
2026-02-02,dram_chip,DDR3 4Gb 512Mx8 1600/1866,5.4,https://web.archive.org/web/20260202035548id_/https://www.dramexchange.com/
2026-02-02,dram_chip,DDR4 16Gb (2Gx8) 3200,77.705,https://web.archive.org/web/20260202035548id_/https://www.dramexchange.com/
2026-02-02,dram_chip,DDR4 16Gb (2Gx8) eTT,12.9,https://web.archive.org/web/20260202035548id_/https://www.dramexchange.com/
2026-02-02,dram_chip,DDR4 8Gb (1Gx8) 3200,30.7,https://web.archive.org/web/20260202035548id_/https://www.dramexchange.com/
2026-02-02,dram_chip,DDR4 8Gb (1Gx8) eTT,6.571,https://web.archive.org/web/20260202035548id_/https://www.dramexchange.com/
2026-02-02,dram_chip,DDR5 16Gb (2Gx8) 4800/5600,38.167,https://web.archive.org/web/20260202035548id_/https://www.dramexchange.com/
2026-02-02,dram_chip,DDR5 16Gb (2Gx8) eTT,19.5,https://web.archive.org/web/20260202035548id_/https://www.dramexchange.com/
2026-02-02,dram_module,DDR4 UDIMM 16GB 3200,118.333,https://web.archive.org/web/20260214164654id_/https://www.dramexchange.com/
2026-02-02,dram_module,DDR5 RDIMM 32GB 4800/5600,870.0,https://web.archive.org/web/20260214164654id_/https://www.dramexchange.com/
2026-02-02,dram_module,DDR5 UDIMM 16GB 4800/5600,250.0,https://web.archive.org/web/20260214164654id_/https://www.dramexchange.com/
2026-02-02,gddr,GDDR5 8Gb,9.409,https://web.archive.org/web/20260214164654id_/https://www.dramexchange.com/
2026-02-02,gddr,GDDR6 8Gb,9.654,https://web.archive.org/web/20260214164654id_/https://www.dramexchange.com/
2026-02-02,nand_chip,MLC 32Gb 4GBx8,4.973,https://web.archive.org/web/20260214164654id_/https://www.dramexchange.com/
2026-02-02,nand_chip,MLC 64Gb 8GBx8,7.9,https://web.archive.org/web/20260214164654id_/https://www.dramexchange.com/
2026-02-02,nand_chip,SLC 1Gb 128MBx8,1.673,https://web.archive.org/web/20260214164654id_/https://www.dramexchange.com/
2026-02-02,nand_chip,SLC 2Gb 256MBx8,2.028,https://web.archive.org/web/20260214164654id_/https://www.dramexchange.com/
2026-02-02,nand_wafer,128Gb TLC,5.517,https://web.archive.org/web/20260214164654id_/https://www.dramexchange.com/
2026-02-02,nand_wafer,256Gb TLC,8.748,https://web.archive.org/web/20260214164654id_/https://www.dramexchange.com/
2026-02-02,nand_wafer,512Gb TLC,17.724,https://web.archive.org/web/20260214164654id_/https://www.dramexchange.com/
2026-02-09,dram_module,DDR4 UDIMM 16GB 3200,121.0,https://web.archive.org/web/20260301151742id_/https://www.dramexchange.com/
2026-02-09,dram_module,DDR5 RDIMM 32GB 4800/5600,885.0,https://web.archive.org/web/20260301151742id_/https://www.dramexchange.com/
2026-02-09,dram_module,DDR5 UDIMM 16GB 4800/5600,245.0,https://web.archive.org/web/20260301151742id_/https://www.dramexchange.com/
2026-02-09,gddr,GDDR5 8Gb,9.636,https://web.archive.org/web/20260301151742id_/https://www.dramexchange.com/
2026-02-09,gddr,GDDR6 8Gb,9.865,https://web.archive.org/web/20260301151742id_/https://www.dramexchange.com/
2026-02-09,nand_chip,MLC 32Gb 4GBx8,5.245,https://web.archive.org/web/20260301151742id_/https://www.dramexchange.com/
2026-02-09,nand_chip,MLC 64Gb 8GBx8,8.375,https://web.archive.org/web/20260301151742id_/https://www.dramexchange.com/
2026-02-09,nand_chip,SLC 1Gb 128MBx8,1.749,https://web.archive.org/web/20260301151742id_/https://www.dramexchange.com/
2026-02-09,nand_chip,SLC 2Gb 256MBx8,2.1,https://web.archive.org/web/20260301151742id_/https://www.dramexchange.com/
2026-02-09,nand_wafer,128Gb TLC,5.517,https://web.archive.org/web/20260301151742id_/https://www.dramexchange.com/
2026-02-09,nand_wafer,256Gb TLC,8.748,https://web.archive.org/web/20260301151742id_/https://www.dramexchange.com/
2026-02-09,nand_wafer,512Gb TLC,17.948,https://web.archive.org/web/20260301151742id_/https://www.dramexchange.com/
2026-02-13,dram_chip,DDR3 4Gb 512Mx8 1600/1866,5.545,https://web.archive.org/web/20260214164654id_/https://www.dramexchange.com/
2026-02-13,dram_chip,DDR4 16Gb (2Gx8) 3200,78.409,https://web.archive.org/web/20260214164654id_/https://www.dramexchange.com/
2026-02-13,dram_chip,DDR4 16Gb (2Gx8) eTT,13.325,https://web.archive.org/web/20260214164654id_/https://www.dramexchange.com/
2026-02-13,dram_chip,DDR4 8Gb (1Gx8) 3200,31.4,https://web.archive.org/web/20260214164654id_/https://www.dramexchange.com/
2026-02-13,dram_chip,DDR4 8Gb (1Gx8) eTT,6.655,https://web.archive.org/web/20260214164654id_/https://www.dramexchange.com/
2026-02-13,dram_chip,DDR5 16Gb (2Gx8) 4800/5600,38.067,https://web.archive.org/web/20260214164654id_/https://www.dramexchange.com/
2026-02-13,dram_chip,DDR5 16Gb (2Gx8) eTT,20.0,https://web.archive.org/web/20260214164654id_/https://www.dramexchange.com/
2026-02-27,dram_chip,DDR3 4Gb 512Mx8 1600/1866,5.589,https://web.archive.org/web/20260301151742id_/https://www.dramexchange.com/
2026-02-27,dram_chip,DDR4 16Gb (2Gx8) 3200,79.909,https://web.archive.org/web/20260301151742id_/https://www.dramexchange.com/
2026-02-27,dram_chip,DDR4 16Gb (2Gx8) eTT,13.675,https://web.archive.org/web/20260301151742id_/https://www.dramexchange.com/
2026-02-27,dram_chip,DDR4 8Gb (1Gx8) 3200,32.9,https://web.archive.org/web/20260301151742id_/https://www.dramexchange.com/
2026-02-27,dram_chip,DDR4 8Gb (1Gx8) eTT,6.897,https://web.archive.org/web/20260301151742id_/https://www.dramexchange.com/
2026-02-27,dram_chip,DDR5 16Gb (2Gx8) 4800/5600,39.5,https://web.archive.org/web/20260301151742id_/https://www.dramexchange.com/
2026-02-27,dram_chip,DDR5 16Gb (2Gx8) eTT,20.6,https://web.archive.org/web/20260301151742id_/https://www.dramexchange.com/
2026-03-02,dram_module,DDR4 UDIMM 16GB 3200,123.333,https://web.archive.org/web/20260311135712id_/https://www.dramexchange.com/
2026-03-02,dram_module,DDR5 RDIMM 32GB 4800/5600,900.0,https://web.archive.org/web/20260311135712id_/https://www.dramexchange.com/
2026-03-02,dram_module,DDR5 UDIMM 16GB 4800/5600,240.0,https://web.archive.org/web/20260311135712id_/https://www.dramexchange.com/
2026-03-02,gddr,GDDR5 8Gb,10.455,https://web.archive.org/web/20260311135712id_/https://www.dramexchange.com/
2026-03-02,gddr,GDDR6 8Gb,10.721,https://web.archive.org/web/20260311135712id_/https://www.dramexchange.com/
2026-03-02,nand_chip,MLC 32Gb 4GBx8,5.818,https://web.archive.org/web/20260311135712id_/https://www.dramexchange.com/
2026-03-02,nand_chip,MLC 64Gb 8GBx8,9.35,https://web.archive.org/web/20260311135712id_/https://www.dramexchange.com/
2026-03-02,nand_chip,SLC 1Gb 128MBx8,1.874,https://web.archive.org/web/20260311135712id_/https://www.dramexchange.com/
2026-03-02,nand_chip,SLC 2Gb 256MBx8,2.25,https://web.archive.org/web/20260311135712id_/https://www.dramexchange.com/
2026-03-02,nand_wafer,128Gb TLC,6.45,https://web.archive.org/web/20260311135712id_/https://www.dramexchange.com/
2026-03-02,nand_wafer,256Gb TLC,10.14,https://web.archive.org/web/20260311135712id_/https://www.dramexchange.com/
2026-03-02,nand_wafer,512Gb TLC,20.586,https://web.archive.org/web/20260311135712id_/https://www.dramexchange.com/
2026-03-11,dram_chip,DDR3 4Gb 512Mx8 1600/1866,6.305,https://web.archive.org/web/20260311135712id_/https://www.dramexchange.com/
2026-03-11,dram_chip,DDR4 16Gb (2Gx8) 3200,77.318,https://web.archive.org/web/20260311135712id_/https://www.dramexchange.com/
2026-03-11,dram_chip,DDR4 16Gb (2Gx8) eTT,13.75,https://web.archive.org/web/20260311135712id_/https://www.dramexchange.com/
2026-03-11,dram_chip,DDR4 8Gb (1Gx8) 3200,33.4,https://web.archive.org/web/20260311135712id_/https://www.dramexchange.com/
2026-03-11,dram_chip,DDR4 8Gb (1Gx8) eTT,6.906,https://web.archive.org/web/20260311135712id_/https://www.dramexchange.com/
2026-03-11,dram_chip,DDR5 16Gb (2Gx8) 4800/5600,39.567,https://web.archive.org/web/20260311135712id_/https://www.dramexchange.com/
2026-03-11,dram_chip,DDR5 16Gb (2Gx8) eTT,21.15,https://web.archive.org/web/20260311135712id_/https://www.dramexchange.com/
2026-03-23,dram_module,DDR4 UDIMM 16GB 3200,143.333,https://web.archive.org/web/20260401095412id_/https://www.dramexchange.com/
2026-03-23,dram_module,DDR5 RDIMM 32GB 4800/5600,925.0,https://web.archive.org/web/20260401095412id_/https://www.dramexchange.com/
2026-03-23,dram_module,DDR5 UDIMM 16GB 4800/5600,232.5,https://web.archive.org/web/20260401095412id_/https://www.dramexchange.com/
2026-03-23,gddr,GDDR5 8Gb,12.727,https://web.archive.org/web/20260401095412id_/https://www.dramexchange.com/
2026-03-23,gddr,GDDR6 8Gb,12.865,https://web.archive.org/web/20260401095412id_/https://www.dramexchange.com/
2026-03-23,nand_chip,MLC 32Gb 4GBx8,7.5,https://web.archive.org/web/20260401095412id_/https://www.dramexchange.com/
2026-03-23,nand_chip,MLC 64Gb 8GBx8,12.625,https://web.archive.org/web/20260401095412id_/https://www.dramexchange.com/
2026-03-23,nand_chip,SLC 1Gb 128MBx8,2.458,https://web.archive.org/web/20260401095412id_/https://www.dramexchange.com/
2026-03-23,nand_chip,SLC 2Gb 256MBx8,2.989,https://web.archive.org/web/20260401095412id_/https://www.dramexchange.com/
2026-03-23,nand_wafer,128Gb TLC,6.967,https://web.archive.org/web/20260401095412id_/https://www.dramexchange.com/
2026-03-23,nand_wafer,256Gb TLC,11.24,https://web.archive.org/web/20260401095412id_/https://www.dramexchange.com/
2026-03-23,nand_wafer,512Gb TLC,22.834,https://web.archive.org/web/20260401095412id_/https://www.dramexchange.com/
2026-03-30,nand_chip,MLC 32Gb 4GBx8,7.7,https://web.archive.org/web/20260410071331id_/https://www.dramexchange.com/
2026-03-30,nand_chip,MLC 64Gb 8GBx8,13.125,https://web.archive.org/web/20260410071331id_/https://www.dramexchange.com/
2026-03-30,nand_chip,SLC 1Gb 128MBx8,2.573,https://web.archive.org/web/20260410071331id_/https://www.dramexchange.com/
2026-03-30,nand_chip,SLC 2Gb 256MBx8,3.089,https://web.archive.org/web/20260410071331id_/https://www.dramexchange.com/
2026-03-30,nand_wafer,128Gb TLC,6.833,https://web.archive.org/web/20260410071331id_/https://www.dramexchange.com/
2026-03-30,nand_wafer,256Gb TLC,10.92,https://web.archive.org/web/20260410071331id_/https://www.dramexchange.com/
2026-03-30,nand_wafer,512Gb TLC,22.155,https://web.archive.org/web/20260410071331id_/https://www.dramexchange.com/
2026-04-01,dram_chip,DDR3 4Gb 512Mx8 1600/1866,7.625,https://web.archive.org/web/20260401095412id_/https://www.dramexchange.com/
2026-04-01,dram_chip,DDR4 16Gb (2Gx8) 3200,74.0,https://web.archive.org/web/20260401095412id_/https://www.dramexchange.com/
2026-04-01,dram_chip,DDR4 16Gb (2Gx8) eTT,13.575,https://web.archive.org/web/20260401095412id_/https://www.dramexchange.com/
2026-04-01,dram_chip,DDR4 8Gb (1Gx8) 3200,33.96,https://web.archive.org/web/20260401095412id_/https://www.dramexchange.com/
2026-04-01,dram_chip,DDR4 8Gb (1Gx8) eTT,6.797,https://web.archive.org/web/20260401095412id_/https://www.dramexchange.com/
2026-04-01,dram_chip,DDR5 16Gb (2Gx8) 4800/5600,37.067,https://web.archive.org/web/20260401095412id_/https://www.dramexchange.com/
2026-04-01,dram_chip,DDR5 16Gb (2Gx8) eTT,21.4,https://web.archive.org/web/20260401095412id_/https://www.dramexchange.com/
2026-04-06,dram_module,DDR4 UDIMM 16GB 3200,149.333,https://web.archive.org/web/20260410071331id_/https://www.dramexchange.com/
2026-04-06,dram_module,DDR5 RDIMM 32GB 4800/5600,930.0,https://web.archive.org/web/20260410071331id_/https://www.dramexchange.com/
2026-04-06,dram_module,DDR5 UDIMM 16GB 4800/5600,222.5,https://web.archive.org/web/20260410071331id_/https://www.dramexchange.com/
2026-04-06,gddr,GDDR5 8Gb,12.318,https://web.archive.org/web/20260410071331id_/https://www.dramexchange.com/
2026-04-06,gddr,GDDR6 8Gb,12.412,https://web.archive.org/web/20260410071331id_/https://www.dramexchange.com/
2026-04-10,dram_chip,DDR3 4Gb 512Mx8 1600/1866,7.75,https://web.archive.org/web/20260410071331id_/https://www.dramexchange.com/
2026-04-10,dram_chip,DDR4 16Gb (2Gx8) 3200,71.727,https://web.archive.org/web/20260410071331id_/https://www.dramexchange.com/
2026-04-10,dram_chip,DDR4 16Gb (2Gx8) eTT,13.5,https://web.archive.org/web/20260410071331id_/https://www.dramexchange.com/
2026-04-10,dram_chip,DDR4 8Gb (1Gx8) 3200,33.4,https://web.archive.org/web/20260410071331id_/https://www.dramexchange.com/
2026-04-10,dram_chip,DDR4 8Gb (1Gx8) eTT,6.63,https://web.archive.org/web/20260410071331id_/https://www.dramexchange.com/
2026-04-10,dram_chip,DDR5 16Gb (2Gx8) 4800/5600,37.033,https://web.archive.org/web/20260410071331id_/https://www.dramexchange.com/
2026-04-10,dram_chip,DDR5 16Gb (2Gx8) eTT,21.25,https://web.archive.org/web/20260410071331id_/https://www.dramexchange.com/
2026-04-20,dram_module,DDR4 UDIMM 16GB 3200,148.868,https://web.archive.org/web/20260501001543id_/https://www.dramexchange.com/
2026-04-20,dram_module,DDR5 RDIMM 32GB 4800/5600,970.0,https://web.archive.org/web/20260501001543id_/https://www.dramexchange.com/
2026-04-20,dram_module,DDR5 UDIMM 16GB 4800/5600,218.5,https://web.archive.org/web/20260501001543id_/https://www.dramexchange.com/
2026-04-20,gddr,GDDR5 8Gb,11.864,https://web.archive.org/web/20260501001543id_/https://www.dramexchange.com/
2026-04-20,gddr,GDDR6 8Gb,11.962,https://web.archive.org/web/20260501001543id_/https://www.dramexchange.com/
2026-04-20,nand_chip,MLC 32Gb 4GBx8,9.8,https://web.archive.org/web/20260501001543id_/https://www.dramexchange.com/
2026-04-20,nand_chip,MLC 64Gb 8GBx8,17.75,https://web.archive.org/web/20260501001543id_/https://www.dramexchange.com/
2026-04-20,nand_chip,SLC 1Gb 128MBx8,3.4,https://web.archive.org/web/20260501001543id_/https://www.dramexchange.com/
2026-04-20,nand_chip,SLC 2Gb 256MBx8,3.9,https://web.archive.org/web/20260501001543id_/https://www.dramexchange.com/
2026-04-20,nand_wafer,128Gb TLC,6.58,https://web.archive.org/web/20260501001543id_/https://www.dramexchange.com/
2026-04-20,nand_wafer,256Gb TLC,10.476,https://web.archive.org/web/20260501001543id_/https://www.dramexchange.com/
2026-04-20,nand_wafer,512Gb TLC,20.972,https://web.archive.org/web/20260501001543id_/https://www.dramexchange.com/
2026-04-30,dram_chip,DDR3 4Gb 512Mx8 1600/1866,8.375,https://web.archive.org/web/20260501001543id_/https://www.dramexchange.com/
2026-04-30,dram_chip,DDR4 16Gb (2Gx8) 3200,61.152,https://web.archive.org/web/20260501001543id_/https://www.dramexchange.com/
2026-04-30,dram_chip,DDR4 16Gb (2Gx8) eTT,13.075,https://web.archive.org/web/20260501001543id_/https://www.dramexchange.com/
2026-04-30,dram_chip,DDR4 8Gb (1Gx8) 3200,32.48,https://web.archive.org/web/20260501001543id_/https://www.dramexchange.com/
2026-04-30,dram_chip,DDR4 8Gb (1Gx8) eTT,5.82,https://web.archive.org/web/20260501001543id_/https://www.dramexchange.com/
2026-04-30,dram_chip,DDR5 16Gb (2Gx8) 4800/5600,39.0,https://web.archive.org/web/20260501001543id_/https://www.dramexchange.com/
2026-04-30,dram_chip,DDR5 16Gb (2Gx8) eTT,22.0,https://web.archive.org/web/20260501001543id_/https://www.dramexchange.com/
2026-05-11,dram_module,DDR4 UDIMM 16GB 3200,150.761,https://web.archive.org/web/20260516082121id_/https://www.dramexchange.com/
2026-05-11,dram_module,DDR5 RDIMM 32GB 4800/5600,975.0,https://web.archive.org/web/20260516082121id_/https://www.dramexchange.com/
2026-05-11,dram_module,DDR5 UDIMM 16GB 4800/5600,215.0,https://web.archive.org/web/20260516082121id_/https://www.dramexchange.com/
2026-05-11,gddr,GDDR5 8Gb,11.636,https://web.archive.org/web/20260516082121id_/https://www.dramexchange.com/
2026-05-11,gddr,GDDR6 8Gb,11.633,https://web.archive.org/web/20260516082121id_/https://www.dramexchange.com/
2026-05-11,nand_chip,MLC 32Gb 4GBx8,10.7,https://web.archive.org/web/20260516082121id_/https://www.dramexchange.com/
2026-05-11,nand_chip,MLC 64Gb 8GBx8,20.295,https://web.archive.org/web/20260516082121id_/https://www.dramexchange.com/
2026-05-11,nand_chip,SLC 1Gb 128MBx8,3.425,https://web.archive.org/web/20260516082121id_/https://www.dramexchange.com/
2026-05-11,nand_chip,SLC 2Gb 256MBx8,3.725,https://web.archive.org/web/20260516082121id_/https://www.dramexchange.com/
2026-05-11,nand_wafer,128Gb TLC,6.58,https://web.archive.org/web/20260516082121id_/https://www.dramexchange.com/
2026-05-11,nand_wafer,256Gb TLC,10.476,https://web.archive.org/web/20260516082121id_/https://www.dramexchange.com/
2026-05-11,nand_wafer,512Gb TLC,20.541,https://web.archive.org/web/20260516082121id_/https://www.dramexchange.com/
2026-05-20,dram_chip,DDR3 4Gb 512Mx8 1600/1866,9.038,https://web.archive.org/web/20260516082121id_/https://www.dramexchange.com/
2026-05-20,dram_chip,DDR4 16Gb (2Gx8) 3200,59.19,https://web.archive.org/web/20260516082121id_/https://www.dramexchange.com/
2026-05-20,dram_chip,DDR4 16Gb (2Gx8) eTT,12.375,https://web.archive.org/web/20260516082121id_/https://www.dramexchange.com/
2026-05-20,dram_chip,DDR4 8Gb (1Gx8) 3200,32.1,https://web.archive.org/web/20260516082121id_/https://www.dramexchange.com/
2026-05-20,dram_chip,DDR4 8Gb (1Gx8) eTT,4.907,https://web.archive.org/web/20260516082121id_/https://www.dramexchange.com/
2026-05-20,dram_chip,DDR5 16Gb (2Gx8) 4800/5600,40.833,https://web.archive.org/web/20260516082121id_/https://www.dramexchange.com/
2026-05-20,dram_chip,DDR5 16Gb (2Gx8) eTT,22.5,https://web.archive.org/web/20260516082121id_/https://www.dramexchange.com/
2026-06-01,dram_module,DDR4 UDIMM 16GB 3200,150.087,https://web.archive.org/web/20260613000451id_/https://www.dramexchange.com/
2026-06-01,dram_module,DDR5 RDIMM 32GB 4800/5600,1075.0,https://web.archive.org/web/20260613000451id_/https://www.dramexchange.com/
2026-06-01,dram_module,DDR5 UDIMM 16GB 4800/5600,211.0,https://web.archive.org/web/20260613000451id_/https://www.dramexchange.com/
2026-06-01,gddr,GDDR5 8Gb,11.545,https://web.archive.org/web/20260613000451id_/https://www.dramexchange.com/
2026-06-01,gddr,GDDR6 8Gb,11.537,https://web.archive.org/web/20260613000451id_/https://www.dramexchange.com/
2026-06-01,nand_chip,MLC 32Gb 4GBx8,12.233,https://web.archive.org/web/20260613000451id_/https://www.dramexchange.com/
2026-06-01,nand_chip,MLC 64Gb 8GBx8,24.318,https://web.archive.org/web/20260613000451id_/https://www.dramexchange.com/
2026-06-01,nand_chip,SLC 1Gb 128MBx8,3.513,https://web.archive.org/web/20260613000451id_/https://www.dramexchange.com/
2026-06-01,nand_chip,SLC 2Gb 256MBx8,3.825,https://web.archive.org/web/20260613000451id_/https://www.dramexchange.com/
2026-06-01,nand_wafer,128Gb TLC,6.58,https://web.archive.org/web/20260613000451id_/https://www.dramexchange.com/
2026-06-01,nand_wafer,256Gb TLC,10.48,https://web.archive.org/web/20260613000451id_/https://www.dramexchange.com/
2026-06-01,nand_wafer,512Gb TLC,20.683,https://web.archive.org/web/20260613000451id_/https://www.dramexchange.com/
2026-06-09,dram_chip,DDR3 4Gb 512Mx8 1600/1866,10.314,https://web.archive.org/web/20260609172718id_/https://www.dramexchange.com/
2026-06-09,dram_chip,DDR4 16Gb (2Gx8) 3200,64.875,https://web.archive.org/web/20260609172718id_/https://www.dramexchange.com/
2026-06-09,dram_chip,DDR4 16Gb (2Gx8) eTT,12.1,https://web.archive.org/web/20260609172718id_/https://www.dramexchange.com/
2026-06-09,dram_chip,DDR4 8Gb (1Gx8) 3200,35.9,https://web.archive.org/web/20260609172718id_/https://www.dramexchange.com/
2026-06-09,dram_chip,DDR4 8Gb (1Gx8) eTT,4.729,https://web.archive.org/web/20260609172718id_/https://www.dramexchange.com/
2026-06-09,dram_chip,DDR5 16Gb (2Gx8) 4800/5600,44.0,https://web.archive.org/web/20260609172718id_/https://www.dramexchange.com/
2026-06-09,dram_chip,DDR5 16Gb (2Gx8) eTT,22.8,https://web.archive.org/web/20260609172718id_/https://www.dramexchange.com/
2026-06-12,dram_chip,DDR3 4Gb 512Mx8 1600/1866,10.671,https://web.archive.org/web/20260613000451id_/https://www.dramexchange.com/
2026-06-12,dram_chip,DDR4 16Gb (2Gx8) 3200,67.0,https://web.archive.org/web/20260613000451id_/https://www.dramexchange.com/
2026-06-12,dram_chip,DDR4 16Gb (2Gx8) eTT,11.975,https://web.archive.org/web/20260613000451id_/https://www.dramexchange.com/
2026-06-12,dram_chip,DDR4 8Gb (1Gx8) 3200,35.9,https://web.archive.org/web/20260613000451id_/https://www.dramexchange.com/
2026-06-12,dram_chip,DDR4 8Gb (1Gx8) eTT,4.643,https://web.archive.org/web/20260613000451id_/https://www.dramexchange.com/
2026-06-12,dram_chip,DDR5 16Gb (2Gx8) 4800/5600,44.833,https://web.archive.org/web/20260613000451id_/https://www.dramexchange.com/
2026-06-12,dram_chip,DDR5 16Gb (2Gx8) eTT,23.0,https://web.archive.org/web/20260613000451id_/https://www.dramexchange.com/
2026-06-22,dram_module,DDR4 UDIMM 16GB 3200,149.576,https://web.archive.org/web/20260702064027id_/https://www.dramexchange.com/
2026-06-22,dram_module,DDR5 RDIMM 32GB 4800/5600,1335.0,https://web.archive.org/web/20260702064027id_/https://www.dramexchange.com/
2026-06-22,dram_module,DDR5 UDIMM 16GB 4800/5600,208.5,https://web.archive.org/web/20260702064027id_/https://www.dramexchange.com/
2026-06-22,gddr,GDDR5 8Gb,11.545,https://web.archive.org/web/20260702064027id_/https://www.dramexchange.com/
2026-06-22,gddr,GDDR6 8Gb,11.522,https://web.archive.org/web/20260702064027id_/https://www.dramexchange.com/
2026-06-22,nand_chip,MLC 32Gb 4GBx8,14.5,https://web.archive.org/web/20260702064027id_/https://www.dramexchange.com/
2026-06-22,nand_chip,MLC 64Gb 8GBx8,29.068,https://web.archive.org/web/20260702064027id_/https://www.dramexchange.com/
2026-06-22,nand_chip,SLC 1Gb 128MBx8,3.598,https://web.archive.org/web/20260702064027id_/https://www.dramexchange.com/
2026-06-22,nand_chip,SLC 2Gb 256MBx8,3.92,https://web.archive.org/web/20260702064027id_/https://www.dramexchange.com/
2026-06-22,nand_wafer,128Gb TLC,6.487,https://web.archive.org/web/20260702064027id_/https://www.dramexchange.com/
2026-06-22,nand_wafer,256Gb TLC,10.18,https://web.archive.org/web/20260702064027id_/https://www.dramexchange.com/
2026-06-22,nand_wafer,512Gb TLC,20.069,https://web.archive.org/web/20260702064027id_/https://www.dramexchange.com/
2026-07-02,dram_chip,DDR3 4Gb 512Mx8 1600/1866,12.341,https://web.archive.org/web/20260702064027id_/https://www.dramexchange.com/
2026-07-02,dram_chip,DDR4 16Gb (2Gx8) 3200,75.5,https://web.archive.org/web/20260702064027id_/https://www.dramexchange.com/
2026-07-02,dram_chip,DDR4 16Gb (2Gx8) eTT,11.6,https://web.archive.org/web/20260702064027id_/https://www.dramexchange.com/
2026-07-02,dram_chip,DDR4 8Gb (1Gx8) 3200,36.3,https://web.archive.org/web/20260702064027id_/https://www.dramexchange.com/
2026-07-02,dram_chip,DDR4 8Gb (1Gx8) eTT,4.204,https://web.archive.org/web/20260702064027id_/https://www.dramexchange.com/
2026-07-02,dram_chip,DDR5 16Gb (2Gx8) 4800/5600,46.667,https://web.archive.org/web/20260702064027id_/https://www.dramexchange.com/
2026-07-02,dram_chip,DDR5 16Gb (2Gx8) eTT,23.3,https://web.archive.org/web/20260702064027id_/https://www.dramexchange.com/
2026-07-06,dram_module,DDR4 UDIMM 16GB 3200,154.0,https://web.archive.org/web/20260715090545id_/https://www.dramexchange.com/
2026-07-06,dram_module,DDR5 RDIMM 32GB 4800/5600,1475.0,https://web.archive.org/web/20260715090545id_/https://www.dramexchange.com/
2026-07-06,dram_module,DDR5 UDIMM 16GB 4800/5600,209.0,https://web.archive.org/web/20260715090545id_/https://www.dramexchange.com/
2026-07-06,gddr,GDDR5 8Gb,11.591,https://web.archive.org/web/20260715090545id_/https://www.dramexchange.com/
2026-07-06,gddr,GDDR6 8Gb,11.585,https://web.archive.org/web/20260715090545id_/https://www.dramexchange.com/
2026-07-06,nand_chip,MLC 32Gb 4GBx8,15.438,https://web.archive.org/web/20260715090545id_/https://www.dramexchange.com/
2026-07-06,nand_chip,MLC 64Gb 8GBx8,31.1,https://web.archive.org/web/20260715090545id_/https://www.dramexchange.com/
2026-07-06,nand_chip,SLC 1Gb 128MBx8,3.563,https://web.archive.org/web/20260715090545id_/https://www.dramexchange.com/
2026-07-06,nand_chip,SLC 2Gb 256MBx8,4.038,https://web.archive.org/web/20260715090545id_/https://www.dramexchange.com/
2026-07-06,nand_wafer,128Gb TLC,6.487,https://web.archive.org/web/20260715090545id_/https://www.dramexchange.com/
2026-07-06,nand_wafer,256Gb TLC,10.18,https://web.archive.org/web/20260715090545id_/https://www.dramexchange.com/
2026-07-06,nand_wafer,512Gb TLC,19.293,https://web.archive.org/web/20260715090545id_/https://www.dramexchange.com/
2026-07-15,dram_chip,DDR3 4Gb 512Mx8 1600/1866,13.175,https://web.archive.org/web/20260715090545id_/https://www.dramexchange.com/
2026-07-15,dram_chip,DDR4 16Gb (2Gx8) 3200,78.625,https://web.archive.org/web/20260715090545id_/https://www.dramexchange.com/
2026-07-15,dram_chip,DDR4 16Gb (2Gx8) eTT,11.525,https://web.archive.org/web/20260715090545id_/https://www.dramexchange.com/
2026-07-15,dram_chip,DDR4 8Gb (1Gx8) 3200,39.6,https://web.archive.org/web/20260715090545id_/https://www.dramexchange.com/
2026-07-15,dram_chip,DDR4 8Gb (1Gx8) eTT,4.214,https://web.archive.org/web/20260715090545id_/https://www.dramexchange.com/
2026-07-15,dram_chip,DDR5 16Gb (2Gx8) 4800/5600,48.567,https://web.archive.org/web/20260715090545id_/https://www.dramexchange.com/
2026-07-15,dram_chip,DDR5 16Gb (2Gx8) eTT,23.6,https://web.archive.org/web/20260715090545id_/https://www.dramexchange.com/
2026-07-20,dram_module,DDR4 UDIMM 16GB 3200,156.0,https://web.archive.org/web/20260803031352id_/https://www.dramexchange.com/
2026-07-20,dram_module,DDR5 RDIMM 32GB 4800/5600,1555.0,https://web.archive.org/web/20260803031352id_/https://www.dramexchange.com/
2026-07-20,dram_module,DDR5 UDIMM 16GB 4800/5600,211.0,https://web.archive.org/web/20260803031352id_/https://www.dramexchange.com/
2026-07-20,gddr,GDDR5 8Gb,11.636,https://web.archive.org/web/20260803031352id_/https://www.dramexchange.com/
2026-07-20,gddr,GDDR6 8Gb,11.613,https://web.archive.org/web/20260803031352id_/https://www.dramexchange.com/
2026-07-20,nand_chip,MLC 32Gb 4GBx8,15.938,https://web.archive.org/web/20260803031352id_/https://www.dramexchange.com/
2026-07-20,nand_chip,MLC 64Gb 8GBx8,32.565,https://web.archive.org/web/20260803031352id_/https://www.dramexchange.com/
2026-07-20,nand_chip,SLC 1Gb 128MBx8,3.538,https://web.archive.org/web/20260803031352id_/https://www.dramexchange.com/
2026-07-20,nand_chip,SLC 2Gb 256MBx8,4.093,https://web.archive.org/web/20260803031352id_/https://www.dramexchange.com/
2026-07-27,nand_wafer,128Gb TLC,6.853,https://web.archive.org/web/20260803031352id_/https://www.dramexchange.com/
2026-07-27,nand_wafer,256Gb TLC,10.787,https://web.archive.org/web/20260803031352id_/https://www.dramexchange.com/
2026-07-27,nand_wafer,512Gb TLC,19.25,https://web.archive.org/web/20260803031352id_/https://www.dramexchange.com/
2026-08-03,dram_chip,DDR3 4Gb 512Mx8 1600/1866,13.838,https://web.archive.org/web/20260803031352id_/https://www.dramexchange.com/
2026-08-03,dram_chip,DDR4 16Gb (2Gx8) 3200,85.707,https://web.archive.org/web/20260803031352id_/https://www.dramexchange.com/
2026-08-03,dram_chip,DDR4 16Gb (2Gx8) eTT,11.45,https://web.archive.org/web/20260803031352id_/https://www.dramexchange.com/
2026-08-03,dram_chip,DDR4 8Gb (1Gx8) 3200,42.112,https://web.archive.org/web/20260803031352id_/https://www.dramexchange.com/
2026-08-03,dram_chip,DDR4 8Gb (1Gx8) eTT,4.21,https://web.archive.org/web/20260803031352id_/https://www.dramexchange.com/
2026-08-03,dram_chip,DDR5 16Gb (2Gx8) 4800/5600,51.0,https://web.archive.org/web/20260803031352id_/https://www.dramexchange.com/
2026-08-03,dram_chip,DDR5 16Gb (2Gx8) eTT,23.63,https://web.archive.org/web/20260803031352id_/https://www.dramexchange.com/
2026-08-03,dram_module,DDR4 UDIMM 16GB 3200,158.9,https://web.archive.org/web/20260810102945id_/https://www.dramexchange.com/
2026-08-03,dram_module,DDR5 RDIMM 32GB 4800/5600,1565.0,https://web.archive.org/web/20260810102945id_/https://www.dramexchange.com/
2026-08-03,dram_module,DDR5 UDIMM 16GB 4800/5600,222.5,https://web.archive.org/web/20260810102945id_/https://www.dramexchange.com/
2026-08-03,gddr,GDDR5 8Gb,11.727,https://web.archive.org/web/20260810102945id_/https://www.dramexchange.com/
2026-08-03,gddr,GDDR6 8Gb,11.683,https://web.archive.org/web/20260810102945id_/https://www.dramexchange.com/
2026-08-03,nand_chip,MLC 32Gb 4GBx8,16.938,https://web.archive.org/web/20260810102945id_/https://www.dramexchange.com/
2026-08-03,nand_chip,MLC 64Gb 8GBx8,34.75,https://web.archive.org/web/20260810102945id_/https://www.dramexchange.com/
2026-08-03,nand_chip,SLC 1Gb 128MBx8,3.525,https://web.archive.org/web/20260810102945id_/https://www.dramexchange.com/
2026-08-03,nand_chip,SLC 2Gb 256MBx8,4.275,https://web.archive.org/web/20260810102945id_/https://www.dramexchange.com/
2026-08-03,nand_wafer,128Gb TLC,7.833,https://web.archive.org/web/20260810102945id_/https://www.dramexchange.com/
2026-08-03,nand_wafer,256Gb TLC,12.538,https://web.archive.org/web/20260810102945id_/https://www.dramexchange.com/
2026-08-03,nand_wafer,512Gb TLC,20.125,https://web.archive.org/web/20260810102945id_/https://www.dramexchange.com/
2026-08-10,dram_chip,DDR3 4Gb 512Mx8 1600/1866,14.024,https://web.archive.org/web/20260810102945id_/https://www.dramexchange.com/
2026-08-10,dram_chip,DDR4 16Gb (2Gx8) 3200,86.744,https://web.archive.org/web/20260810102945id_/https://www.dramexchange.com/
2026-08-10,dram_chip,DDR4 16Gb (2Gx8) eTT,11.4,https://web.archive.org/web/20260810102945id_/https://www.dramexchange.com/
2026-08-10,dram_chip,DDR4 8Gb (1Gx8) 3200,42.45,https://web.archive.org/web/20260810102945id_/https://www.dramexchange.com/
2026-08-10,dram_chip,DDR4 8Gb (1Gx8) eTT,4.208,https://web.archive.org/web/20260810102945id_/https://www.dramexchange.com/
2026-08-10,dram_chip,DDR5 16Gb (2Gx8) 4800/5600,51.767,https://web.archive.org/web/20260810102945id_/https://www.dramexchange.com/
2026-08-10,dram_chip,DDR5 16Gb (2Gx8) eTT,23.64,https://web.archive.org/web/20260810102945id_/https://www.dramexchange.com/
2026-08-24,dram_module,DDR4 UDIMM 16GB 3200,162.2,https://web.archive.org/web/20260902113542id_/https://www.dramexchange.com/
2026-08-24,dram_module,DDR5 RDIMM 32GB 4800/5600,1665.0,https://web.archive.org/web/20260902113542id_/https://www.dramexchange.com/
2026-08-24,dram_module,DDR5 UDIMM 16GB 4800/5600,230.0,https://web.archive.org/web/20260902113542id_/https://www.dramexchange.com/
2026-08-24,gddr,GDDR5 8Gb,11.773,https://web.archive.org/web/20260902113542id_/https://www.dramexchange.com/
2026-08-24,gddr,GDDR6 8Gb,11.729,https://web.archive.org/web/20260902113542id_/https://www.dramexchange.com/
2026-08-24,nand_chip,MLC 32Gb 4GBx8,18.438,https://web.archive.org/web/20260902113542id_/https://www.dramexchange.com/
2026-08-24,nand_chip,MLC 64Gb 8GBx8,37.587,https://web.archive.org/web/20260902113542id_/https://www.dramexchange.com/
2026-08-24,nand_chip,SLC 1Gb 128MBx8,3.445,https://web.archive.org/web/20260902113542id_/https://www.dramexchange.com/
2026-08-24,nand_chip,SLC 2Gb 256MBx8,4.285,https://web.archive.org/web/20260902113542id_/https://www.dramexchange.com/
2026-08-24,nand_wafer,128Gb TLC,9.967,https://web.archive.org/web/20260902113542id_/https://www.dramexchange.com/
2026-08-24,nand_wafer,256Gb TLC,16.808,https://web.archive.org/web/20260902113542id_/https://www.dramexchange.com/
2026-08-24,nand_wafer,512Gb TLC,20.896,https://web.archive.org/web/20260902113542id_/https://www.dramexchange.com/
2026-09-02,dram_chip,DDR3 4Gb 512Mx8 1600/1866,13.83,https://web.archive.org/web/20260902113542id_/https://www.dramexchange.com/
2026-09-02,dram_chip,DDR4 16Gb (2Gx8) 3200,92.649,https://web.archive.org/web/20260902113542id_/https://www.dramexchange.com/
2026-09-02,dram_chip,DDR4 16Gb (2Gx8) eTT,11.675,https://web.archive.org/web/20260902113542id_/https://www.dramexchange.com/
2026-09-02,dram_chip,DDR4 8Gb (1Gx8) 3200,44.571,https://web.archive.org/web/20260902113542id_/https://www.dramexchange.com/
2026-09-02,dram_chip,DDR4 8Gb (1Gx8) eTT,4.69,https://web.archive.org/web/20260902113542id_/https://www.dramexchange.com/
2026-09-02,dram_chip,DDR5 16Gb (2Gx8) 4800/5600,54.25,https://web.archive.org/web/20260902113542id_/https://www.dramexchange.com/
2026-09-02,dram_chip,DDR5 16Gb (2Gx8) eTT,24.0,https://web.archive.org/web/20260902113542id_/https://www.dramexchange.com/
2026-09-07,dram_module,DDR4 UDIMM 16GB 3200,163.7,https://web.archive.org/web/20260915115850id_/https://www.dramexchange.com/
2026-09-07,dram_module,DDR5 RDIMM 32GB 4800/5600,1900.0,https://web.archive.org/web/20260915115850id_/https://www.dramexchange.com/
2026-09-07,dram_module,DDR5 UDIMM 16GB 4800/5600,234.0,https://web.archive.org/web/20260915115850id_/https://www.dramexchange.com/
2026-09-07,gddr,GDDR5 8Gb,11.818,https://web.archive.org/web/20260915115850id_/https://www.dramexchange.com/
2026-09-07,gddr,GDDR6 8Gb,11.844,https://web.archive.org/web/20260915115850id_/https://www.dramexchange.com/
2026-09-07,nand_chip,MLC 32Gb 4GBx8,18.938,https://web.archive.org/web/20260915115850id_/https://www.dramexchange.com/
2026-09-07,nand_chip,MLC 64Gb 8GBx8,39.25,https://web.archive.org/web/20260915115850id_/https://www.dramexchange.com/
2026-09-07,nand_chip,SLC 1Gb 128MBx8,3.4,https://web.archive.org/web/20260915115850id_/https://www.dramexchange.com/
2026-09-07,nand_chip,SLC 2Gb 256MBx8,4.313,https://web.archive.org/web/20260915115850id_/https://www.dramexchange.com/
2026-09-07,nand_wafer,128Gb TLC,9.967,https://web.archive.org/web/20260915115850id_/https://www.dramexchange.com/
2026-09-07,nand_wafer,256Gb TLC,16.808,https://web.archive.org/web/20260915115850id_/https://www.dramexchange.com/
2026-09-07,nand_wafer,512Gb TLC,20.146,https://web.archive.org/web/20260915115850id_/https://www.dramexchange.com/
2026-09-15,dram_chip,DDR3 4Gb 512Mx8 1600/1866,13.81,https://web.archive.org/web/20260915115850id_/https://www.dramexchange.com/
2026-09-15,dram_chip,DDR4 16Gb (2Gx8) 3200,89.125,https://web.archive.org/web/20260915115850id_/https://www.dramexchange.com/
2026-09-15,dram_chip,DDR4 16Gb (2Gx8) eTT,12.7,https://web.archive.org/web/20260915115850id_/https://www.dramexchange.com/
2026-09-15,dram_chip,DDR4 8Gb (1Gx8) 3200,45.536,https://web.archive.org/web/20260915115850id_/https://www.dramexchange.com/
2026-09-15,dram_chip,DDR4 8Gb (1Gx8) eTT,5.5,https://web.archive.org/web/20260915115850id_/https://www.dramexchange.com/
2026-09-15,dram_chip,DDR5 16Gb (2Gx8) 4800/5600,54.4,https://web.archive.org/web/20260915115850id_/https://www.dramexchange.com/
2026-09-15,dram_chip,DDR5 16Gb (2Gx8) eTT,24.3,https://web.archive.org/web/20260915115850id_/https://www.dramexchange.com/
