month,code,g,z,a,r3,event_date,name,market,industry,ticker
2013-01-01,1101,1.252845443051489,7.578539163411862,1.2320379233190226,13125037.0,2013-02-11,台泥,sii,Cement,1101.TW
2013-07-01,1101,3.8056031852131706,4.125027293150879,0.5448422681784963,28937300.0,2013-08-11,台泥,sii,Cement,1101.TW
2010-12-01,1102,0.3233682482437028,3.678274729078859,0.43897001372804045,3030950.0,2011-01-11,亞泥,sii,Cement,1102.TW
2011-08-01,1102,0.32641167502097646,2.8574824721974545,0.21851236975218513,2739572.0,2011-09-11,亞泥,sii,Cement,1102.TW
2013-01-01,1102,1.921107303655122,7.824331422614275,1.87927342453705,8201444.0,2013-02-11,亞泥,sii,Cement,1102.TW
2013-07-01,1102,5.484535271481094,4.518929315380623,1.8169591474871218,18134794.0,2013-08-11,亞泥,sii,Cement,1102.TW
2012-06-01,1103,1.0386145606497559,4.125109709373695,1.4024739969729603,346381.0,2012-07-11,嘉泥,sii,Cement,1103.TW
2013-05-01,1103,1.9440574972521372,2.1623098380986376,0.6356572288339741,1033900.0,2013-06-11,嘉泥,sii,Cement,1103.TW
2013-11-01,1103,2.7842830713141002,2.6661005475136816,0.9307336433293538,1253873.0,2013-12-11,嘉泥,sii,Cement,1103.TW
2010-01-01,1104,0.3797100298545386,3.420137862652923,0.2951686047938433,868831.0,2010-02-11,環泥,sii,Cement,1104.TW
2013-01-01,1104,0.40126521551349636,2.959477118299308,0.3407513801565658,1112847.0,2013-02-11,環泥,sii,Cement,1104.TW
2013-07-01,1104,0.6052983165050938,3.3687303190618576,0.33791711331708285,1276042.0,2013-08-11,環泥,sii,Cement,1104.TW
2013-01-01,1108,0.4980453228227626,3.6781763555588096,0.47002301281199066,1119696.0,2013-02-11,幸福,sii,Cement,1108.TW
2013-07-01,1108,0.3885463450179718,2.1553110080165627,0.04199773093911996,1189065.0,2013-08-11,幸福,sii,Cement,1108.TW
2020-04-01,1108,0.5062547205438066,2.782691295832743,0.40124896867363646,1212523.0,2020-05-11,幸福,sii,Cement,1108.TW
2022-10-01,1108,0.4283167956418319,2.2964134753506604,0.42881701757127944,1137890.0,2022-11-11,幸福,sii,Cement,1108.TW
2011-05-01,1109,0.3199528081976728,2.6579392123320953,0.28094215380312737,416193.0,2011-06-11,信大,sii,Cement,1109.TW
2013-01-01,1109,0.658362822468006,3.3271385400910938,0.4679913773619593,672025.0,2013-02-11,信大,sii,Cement,1109.TW
2013-07-01,1109,1.115879699387127,3.001308373928956,0.08521563991475167,915575.0,2013-08-11,信大,sii,Cement,1109.TW
2012-09-01,1110,0.31734258747713207,3.390806044621745,0.3905870492729444,398205.0,2012-10-11,東泥,sii,Cement,1110.TW
2013-05-01,1110,0.31622753859935715,2.4032068122030883,0.21936455530077859,499561.0,2013-06-11,東泥,sii,Cement,1110.TW
2017-09-01,1110,0.5230388873895035,3.496728802206863,0.7014661919414176,457099.0,2017-10-11,東泥,sii,Cement,1110.TW
2021-06-01,1110,0.4319207835899903,2.4558187584182463,0.43347255394859874,547777.0,2021-07-11,東泥,sii,Cement,1110.TW
2023-04-01,1110,0.561466362774975,2.9312621122879587,0.5780696061448011,609737.0,2023-05-11,東泥,sii,Cement,1110.TW
2024-08-01,1110,0.5556774139217526,2.5625031336151882,0.5814102572816322,794346.0,2024-09-11,東泥,sii,Cement,1110.TW
2013-01-01,1201,0.3900348570093928,6.592305295063543,0.2907313662164439,4701640.0,2013-02-11,味全,sii,Food,1201.TW
2013-09-01,1201,0.9796349477014106,3.251861332248039,0.022809816757389578,8288005.0,2013-10-11,味全,sii,Food,1201.TW
2008-12-01,1203,3.1125707769479725,5.583222798212993,3.083745723302076,1871742.0,2009-01-11,味王,sii,Food,1203.TW
2013-03-01,1203,2.2673125941433803,3.04683223453569,2.2840160008273314,1585617.0,2013-04-11,味王,sii,Food,1203.TW
2013-11-01,1203,2.164858164167335,2.124646459289471,0.10714954260403253,1392699.0,2013-12-11,味王,sii,Food,1203.TW
2013-01-01,1210,1.0606703024392221,5.094204059125328,1.0420398246639675,12005459.0,2013-02-11,大成,sii,Food,1210.TW
2013-07-01,1210,2.8498179443841463,3.8989807658347067,0.27701446824244913,21438204.0,2013-08-11,大成,sii,Food,1210.TW
2013-01-01,1216,2.9671909853348972,8.655962653901852,3.062868768325286,46810632.0,2013-02-11,統一,sii,Food,1216.TW
2013-10-01,1216,7.862347140116045,3.053085576836392,0.10899411392067115,109538717.0,2013-11-11,統一,sii,Food,1216.TW
2013-05-01,1217,0.33202266296222627,2.632667089730554,0.03359386915394258,1037972.0,2013-06-11,愛之味,sii,Food,1217.TW
2014-12-01,1220,0.445327016508708,2.4191501156940967,0.4180639339838004,1267890.0,2015-01-11,台榮,sii,Food,1220.TW
2008-12-01,1227,0.38010138163940765,2.007020865610212,0.0841223042961392,2456862.0,2009-01-11,佳格,sii,Food,1227.TW
2013-01-01,1227,0.3589035959026081,2.010129830989965,0.30786676769968646,4979141.0,2013-02-11,佳格,sii,Food,1227.TW
2013-07-01,1227,0.5949981908482993,2.878116156256587,0.2552346181687897,4588872.0,2013-08-11,佳格,sii,Food,1227.TW
2019-06-01,1229,0.6005340781415662,2.414874015285943,0.5970941438694652,2022851.0,2019-07-11,聯華,sii,Food,1229.TW
2020-02-01,1229,0.7319237218697003,2.29565251747003,0.061331353489668894,2181351.0,2020-03-11,聯華,sii,Food,1229.TW
2010-11-01,1231,0.3273854880496354,3.0438767606636974,0.09550630723251086,1027776.0,2010-12-11,聯華食,sii,Food,1231.TW
2011-05-01,1231,0.3427240097497979,2.396327975786462,0.10831520427769559,1154078.0,2011-06-11,聯華食,sii,Food,1231.TW
2008-02-01,1232,0.6066563272997021,2.1902247952558,0.3060538189004145,4130323.0,2008-03-11,大統益,sii,Food,1232.TW
2011-01-01,1234,0.6387054685657949,3.7782292122973997,0.715926837946438,1341364.0,2011-02-11,黑松,sii,Food,1234.TW
2016-06-01,1234,0.42308790317891787,2.052931127729273,0.10424963152853617,2178379.0,2016-07-11,黑松,sii,Food,1234.TW
2010-03-01,1236,0.3043369749185729,2.332517950856138,0.4373156437116298,621917.0,2010-04-11,宏亞,sii,Food,1236.TW
2011-06-01,1236,0.34449209557807037,2.245166431185574,0.2614552916315631,437651.0,2011-07-11,宏亞,sii,Food,1236.TW
2011-12-01,1236,0.3627773241130281,2.1869029949271868,0.2955924268337389,791035.0,2012-01-11,宏亞,sii,Food,1236.TW
2013-03-01,1236,0.34733030465487724,2.1295709706751804,0.36425749498147464,726304.0,2013-04-11,宏亞,sii,Food,1236.TW
2022-05-01,1236,0.38052205312399323,2.7776963409003104,0.3991393863456205,432784.0,2022-06-11,宏亞,sii,Food,1236.TW
2022-08-01,1259,0.32582350856550923,4.305593109470535,0.21526923049169744,1507696.0,2022-09-11,安心,otc,Tourism,1259.TWO
2021-03-01,1264,0.3184764597478391,2.4226133842945234,0.1846629048816526,1191937.0,2021-04-11,德麥,otc,Food,1264.TWO
2021-04-01,1268,1.0621909006202013,5.057131816752673,1.175051658412711,978225.0,2021-05-11,漢來美食,otc,Tourism,1268.TWO
2022-07-01,1268,1.2968857285626467,4.288560429904369,1.4507143467230903,638927.0,2022-08-11,漢來美食,otc,Tourism,1268.TWO
2023-06-01,1268,1.0717914376331183,2.084820681545482,0.8218514878148124,1113764.0,2023-07-11,漢來美食,otc,Tourism,1268.TWO
2008-02-01,1301,0.40441052723970894,2.0672375798389084,0.07548778693756963,50369897.0,2008-03-11,台塑,sii,Plastics,1301.TW
2010-01-01,1301,0.7152159253704669,2.4488339762805333,0.67098228078757,46036380.0,2010-02-11,台塑,sii,Plastics,1301.TW
2021-03-01,1301,0.4422446711774164,2.0366582674744746,0.3169442698239069,60601937.0,2021-04-11,台塑,sii,Plastics,1301.TW
2010-01-01,1303,0.7956138449779266,2.40716657255174,0.8369096101498373,49760981.0,2010-02-11,南亞,sii,Plastics,1303.TW
2013-06-01,1303,0.6939319911306905,2.0071059221861587,0.14529787230574387,74034602.0,2013-07-11,南亞,sii,Plastics,1303.TW
2021-05-01,1303,0.6450661896172953,2.100020391463996,0.38235828115418835,103761553.0,2021-06-11,南亞,sii,Plastics,1303.TW
2013-01-01,1304,1.224157929287656,3.9397037030550943,1.505957153375008,6220516.0,2013-02-11,台聚,sii,Plastics,1304.TW
2013-07-01,1304,4.895228793578367,4.828720573332025,1.9323361212082997,15452220.0,2013-08-11,台聚,sii,Plastics,1304.TW
2008-02-01,1305,0.46376362189279785,2.5288840588181247,0.3719312944584654,2407433.0,2008-03-11,華夏,sii,Plastics,1305.TW
2010-01-01,1305,0.5827438137971157,2.4002549275244855,0.532535955718386,2214515.0,2010-02-11,華夏,sii,Plastics,1305.TW
2013-03-01,1305,0.512363677414083,2.2523814348739606,0.5761260199818229,3201869.0,2013-04-11,華夏,sii,Plastics,1305.TW
2013-12-01,1305,0.8028466537807932,2.210387499215815,0.08237328515653908,3474401.0,2014-01-11,華夏,sii,Plastics,1305.TW
2021-05-01,1305,0.8007411925614913,2.8245148481580036,0.4364793882405138,4714724.0,2021-06-11,華夏,sii,Plastics,1305.TW
2010-05-01,1307,0.36719150099856646,2.820669982028371,0.3967601307482771,1649831.0,2010-06-11,三芳,sii,Plastics,1307.TW
2013-03-01,1307,0.48302884366981913,2.8472348200767184,0.5878917718010027,2611989.0,2013-04-11,三芳,sii,Plastics,1307.TW
2013-11-01,1307,0.6496387527927165,2.992633088574419,0.24602033404101165,2854525.0,2013-12-11,三芳,sii,Plastics,1307.TW
2022-08-01,1307,0.5882611302940606,2.95222169985264,0.30665918882884324,2900141.0,2022-09-11,三芳,sii,Plastics,1307.TW
2013-11-01,1308,0.8132028908487297,2.6495377012386814,0.7235860804223866,1685470.0,2013-12-11,亞聚,sii,Plastics,1308.TW
2021-05-01,1308,0.5792403770883088,2.113699709163434,0.2607179844467844,2221140.0,2021-06-11,亞聚,sii,Plastics,1308.TW
2021-11-01,1308,0.8892630635895988,2.8840339315945007,0.02815939341167195,2851085.0,2021-12-11,亞聚,sii,Plastics,1308.TW
2009-10-01,1309,0.4248862381294223,2.07306676065728,0.4914679122907145,2395751.0,2009-11-11,台達化,sii,Plastics,1309.TW
2013-03-01,1309,0.7814626361155264,2.5444657827834285,0.7628432665216158,4389018.0,2013-04-11,台達化,sii,Plastics,1309.TW
2013-09-01,1309,1.450434746152145,3.3536078287537205,0.3115329720000819,5961697.0,2013-10-11,台達化,sii,Plastics,1309.TW
2009-12-01,1310,2.321933310471426,4.479677676893487,2.4678793419982834,3293564.0,2010-01-11,台苯,sii,Plastics,1310.TW
2021-05-01,1310,0.8700871584487964,2.061734048535603,0.8076599817249039,3019957.0,2021-06-11,台苯,sii,Plastics,1310.TW
2009-11-01,1312,0.6398240915740159,2.0509734741209473,0.6802964321338316,3562508.0,2009-12-11,國喬,sii,Plastics,1312.TW
2025-03-01,1312,0.7503161197089119,2.0269545546523395,0.7379254509052269,5697447.0,2025-04-11,國喬,sii,Plastics,1312.TW
2025-11-01,1312,0.8178844026106347,2.162652798692662,0.9663585004088922,6478451.0,2025-12-11,國喬,sii,Plastics,1312.TW
2009-12-01,1313,0.6022903097462498,2.313935153227045,0.6613600760935271,1739754.0,2010-01-11,聯成,sii,Plastics,1313.TW
2013-01-01,1313,2.3426544920436574,5.69525702625916,2.318903947492414,5641642.0,2013-02-11,聯成,sii,Plastics,1313.TW
2013-07-01,1313,6.413200788045701,4.195306580931523,1.7644471404589916,13049487.0,2013-08-11,聯成,sii,Plastics,1313.TW
2009-11-01,1314,0.769655175471263,2.6393959687968747,0.9816254726671639,7983410.0,2009-12-11,中石化,sii,Plastics,1314.TW
2021-05-01,1314,0.9825500686430855,2.2659738015001945,0.8170744602767444,8793127.0,2021-06-11,中石化,sii,Plastics,1314.TW
2024-01-01,1314,1.2553101381743708,2.4383603141468537,0.8357779415775208,8051906.0,2024-02-11,中石化,sii,Plastics,1314.TW
2013-05-01,1315,0.35206166011823403,2.27946626262437,0.31184313569052113,709228.0,2013-06-11,達新,sii,Plastics,1315.TW
2022-05-01,1315,0.4447728299300655,2.3009578656870078,0.46205937659424723,742070.0,2022-06-11,達新,sii,Plastics,1315.TW
2013-03-01,1316,4.655325688224991,5.749148118851089,4.682567560322169,342249.0,2013-04-11,上曜,sii,Construction,1316.TW
2017-11-01,1316,3.431848423956083,2.6604679475383617,3.221488423956083,822653.0,2017-12-11,上曜,sii,Construction,1316.TW
2020-06-01,1316,4.0478618249921965,2.2483334986519123,3.7383135397801945,679210.0,2020-07-11,上曜,sii,Construction,1316.TW
2009-11-01,1319,0.32739280682463745,2.492246695902574,0.39457517626505034,2282809.0,2009-12-11,東陽,sii,Automotive,1319.TW
2010-11-01,1319,0.40976752763809854,2.1303358017881417,0.23564648171941416,3218230.0,2010-12-11,東陽,sii,Automotive,1319.TW
2013-03-01,1319,0.48591629978630824,2.3025869025499435,0.5009958636590508,4617158.0,2013-04-11,東陽,sii,Automotive,1319.TW
2013-12-01,1319,0.556225959549703,2.1209940183052285,0.11213393708055297,5342144.0,2014-01-11,東陽,sii,Automotive,1319.TW
2010-01-01,1321,0.44497670631917385,2.425602155003101,0.29022899113926104,1361314.0,2010-02-11,大洋,sii,Plastics,1321.TW
2013-06-01,1321,0.3543113645066587,2.0735089312718786,0.3132586910266755,1591519.0,2013-07-11,大洋,sii,Plastics,1321.TW
2021-03-01,1321,0.4014739371892013,2.5725104161826446,0.23104081178782376,1534841.0,2021-04-11,大洋,sii,Plastics,1321.TW
2013-01-01,1323,0.3301497555012225,2.488298603607716,0.3510251506332438,574497.0,2013-02-11,永裕,sii,Plastics,1323.TW
2013-07-01,1323,0.9696478489997349,3.8375376764775786,0.18418731576917047,846921.0,2013-08-11,永裕,sii,Plastics,1323.TW
2010-01-01,1324,0.45261137418969244,3.219349471828366,0.38018854178142014,379149.0,2010-02-11,地球,sii,Plastics,1324.TW
2020-03-01,1325,1.1880523171124389,5.744181407116507,1.4896810853813252,428099.0,2020-04-11,恆大,sii,Plastics,1325.TW
2020-09-01,1325,6.458440329774294,6.871128621714366,1.9253862388287057,1324440.0,2020-10-11,恆大,sii,Plastics,1325.TW
2008-02-01,1326,0.5587814098340214,2.110410476465791,0.09448249540397113,71352343.0,2008-03-11,台化,sii,Plastics,1326.TW
2010-01-01,1326,0.9899506301927077,2.6511022114464695,0.9435040027950019,65742389.0,2010-02-11,台化,sii,Plastics,1326.TW
2013-08-01,1326,0.7306726688201624,2.0324196743731173,0.3843560782167075,109121667.0,2013-09-11,台化,sii,Plastics,1326.TW
2021-05-01,1326,0.7107594858862607,2.3615474602816793,0.5615571152151437,97362607.0,2021-06-11,台化,sii,Plastics,1326.TW
2010-08-01,1336,0.4487828203790645,2.0651638244523975,0.15535954163704058,333278.0,2010-09-11,台翰,otc,Electronic components,1336.TWO
2013-02-01,1336,0.6632152886186446,2.5286964954036018,0.863167240231092,365440.0,2013-03-11,台翰,otc,Electronic components,1336.TWO
2013-08-01,1336,1.219080513098092,2.7780973041335173,0.11337610405739529,516562.0,2013-09-11,台翰,otc,Electronic components,1336.TWO
2014-04-01,1339,0.3223375071298584,2.771828915669148,0.3118435852503296,389476.0,2014-05-11,昭輝,sii,Automotive,1339.TW
2015-06-01,1339,0.4038109138519903,2.9225165938226096,0.35680202327511457,523227.0,2015-07-11,昭輝,sii,Automotive,1339.TW
2026-08-01,1342,0.5899298580476378,2.18510421275187,0.21489377775826735,952934.0,2026-09-11,八貫,sii,Other,1342.TW
2013-01-01,1402,1.075311267461009,4.866897998011234,1.1033558183758663,29891640.0,2013-02-11,遠東新,sii,Textiles,1402.TW
2013-07-01,1402,2.8677415899476233,3.9031120630911342,0.3332846958875657,60950123.0,2013-08-11,遠東新,sii,Textiles,1402.TW
2010-01-01,1409,0.46145421856053837,2.5516786726048886,0.584984227066395,5415271.0,2010-02-11,新纖,sii,Textiles,1409.TW
2013-05-01,1409,0.6247552383681603,2.9767976562330327,0.4187429848268247,10993544.0,2013-06-11,新纖,sii,Textiles,1409.TW
2013-11-01,1409,0.8319952054357309,2.8865594049431316,0.1125229408915891,9815343.0,2013-12-11,新纖,sii,Textiles,1409.TW
2021-05-01,1409,0.5744628705264025,2.199526419460288,0.2648513447296401,11685517.0,2021-06-11,新纖,sii,Textiles,1409.TW
2009-12-01,1413,0.6196172127102879,2.1324130662612464,0.49116620551987644,955132.0,2010-01-11,宏洲,sii,Textiles,1413.TW
2017-03-01,1413,0.5814841542517268,2.035833859146005,0.5560248840197812,751681.0,2017-04-11,宏洲,sii,Textiles,1413.TW
2021-04-01,1413,0.7309500703198386,2.3707919792051753,0.6274235820149174,667077.0,2021-05-11,宏洲,sii,Textiles,1413.TW
2010-01-01,1414,0.36276068957919616,2.4134169618141392,0.42665061645179414,964870.0,2010-02-11,東和,sii,Textiles,1414.TW
2014-12-01,1416,15.57552199731818,9.465526289315234,16.035017046984095,1038357.0,2015-01-11,廣豐,sii,Other,1416.TW
2016-04-01,1416,13.252268663765475,2.1147435815931797,14.213610006162204,2534880.0,2016-05-11,廣豐,sii,Other,1416.TW
2012-02-01,1417,0.44631930437140865,2.26336542352207,0.29175792243251397,511971.0,2012-03-11,嘉裕,sii,Textiles,1417.TW
2013-03-01,1417,0.6473745254121355,2.0046213235489003,0.5435381618150932,830911.0,2013-04-11,嘉裕,sii,Textiles,1417.TW
2013-11-01,1417,0.8487726739463948,2.2670431531966178,0.3649550281461573,819450.0,2013-12-11,嘉裕,sii,Textiles,1417.TW
2021-05-01,1417,0.6607180806137851,2.1760062064968055,0.8216273260296548,304770.0,2021-06-11,嘉裕,sii,Textiles,1417.TW
2009-08-01,1418,0.7330254390441153,2.649433068976894,0.8223800277246263,940733.0,2009-09-11,東華,sii,Textiles,1418.TW
2010-02-01,1418,1.4720498937701323,2.5051836165499703,0.6699962919385565,901742.0,2010-03-11,東華,sii,Textiles,1418.TW
2019-11-01,1419,0.46486641560666553,2.1462623043464726,0.26290188521130875,725062.0,2019-12-11,新紡,sii,Textiles,1419.TW
2021-06-01,1419,0.47350386447954396,2.1142327917543846,0.5024489604481389,634283.0,2021-07-11,新紡,sii,Textiles,1419.TW
2010-05-01,1423,0.45355626206940225,2.001392325776186,0.631219231492801,321406.0,2010-06-11,利華,sii,Textiles,1423.TW
2010-12-01,1423,0.5865138239781964,2.2558830595317274,0.630985074158534,330639.0,2011-01-11,利華,sii,Textiles,1423.TW
2010-05-01,1432,4101.4375,6.928606176977457,4100.840747631935,853307.0,2010-06-11,大魯閣,sii,Sports & leisure,1432.TW
2010-01-01,1434,0.365091249844127,2.8792988257284646,0.41897052785888245,7444061.0,2010-02-11,福懋,sii,Textiles,1434.TW
2013-05-01,1434,0.3795848712866867,2.3303319953805253,0.23274020110626203,13105183.0,2013-06-11,福懋,sii,Textiles,1434.TW
2013-12-01,1434,0.43449576188420425,2.2562843205759995,0.09001492393171717,11530147.0,2014-01-11,福懋,sii,Textiles,1434.TW
2011-12-01,1436,317.94670991658944,7.606345765231791,318.4836095651642,1376574.0,2012-01-11,華友聯,sii,Construction,1436.TW
2014-05-01,1436,724.4695222405272,6.558162759089682,683.655729137079,440360.0,2014-06-11,華友聯,sii,Construction,1436.TW
2010-01-01,1437,1.4251524505444038,3.4050626453686332,1.3455860364985146,417182.0,2010-02-11,勤益控,sii,Other,1437.TW
2013-11-01,1437,0.8511985744087158,2.064540507804865,0.4471024367485643,346972.0,2013-12-11,勤益控,sii,Other,1437.TW
2022-06-01,1438,21698.95238095238,5.87836046401403,21699.915525915527,455699.0,2022-07-11,三地開發,sii,Construction,1438.TW
2023-02-01,1438,20011.315789473683,4.671687387036559,20011.045741205413,380234.0,2023-03-11,三地開發,sii,Construction,1438.TW
2025-08-01,1439,15.803080786131634,8.131004060719475,12.400172964090343,347975.0,2025-09-11,雋揚,sii,Construction,1439.TW
2009-12-01,1440,0.43648095586118507,2.3086948791445874,0.307468887976746,3158553.0,2010-01-11,南紡,sii,Textiles,1440.TW
2021-06-01,1440,0.4929547617109544,2.0277468398397964,0.43435456369130976,5318935.0,2021-07-11,南紡,sii,Textiles,1440.TW
2014-11-01,1441,0.5799362727477655,2.1056295716845193,0.2731894874749756,518652.0,2014-12-11,大東,sii,Textiles,1441.TW
2024-06-01,1441,0.6262295448448538,2.6523631673701322,0.8859081292303433,436467.0,2024-07-11,大東,sii,Textiles,1441.TW
2025-01-01,1441,0.7145019808186814,2.6705288115648593,0.13572576463006536,402049.0,2025-02-11,大東,sii,Textiles,1441.TW
2013-03-01,1443,1.1031029255233364,2.154863949792422,0.9565949656486756,391215.0,2013-04-11,立益物流,sii,Other,1443.TW
2013-09-01,1443,1.720294046334787,2.8989735094856646,0.7788916893268352,774144.0,2013-10-11,立益物流,sii,Other,1443.TW
2010-01-01,1444,0.6481097254983299,2.3554390249061146,0.49719376592386855,2367920.0,2010-02-11,力麗,sii,Textiles,1444.TW
2021-06-01,1444,0.5591959257809009,2.200550841487794,0.6579785499911658,2600204.0,2021-07-11,力麗,sii,Textiles,1444.TW
2021-07-01,1445,0.7003529016356711,4.366558435632096,0.651470276456293,303547.0,2021-08-11,大宇,sii,Textiles,1445.TW
2022-01-01,1445,0.6345953169532561,3.2076516691347714,0.03635973998300002,396306.0,2022-02-11,大宇,sii,Textiles,1445.TW
2023-12-01,1446,9.42221831990693,11.797247347418615,9.816104803121531,474805.0,2024-01-11,宏和,sii,Textiles,1446.TW
2024-06-01,1446,19.21225928939517,5.666957487475544,0.04726940630164478,745226.0,2024-07-11,宏和,sii,Textiles,1446.TW
2009-12-01,1447,0.870597554862955,2.3198833418317983,0.9523797091236825,5221008.0,2010-01-11,力鵬,sii,Textiles,1447.TW
2020-11-01,1447,0.7252361012818096,2.349688140463767,1.0625785689021021,5589815.0,2020-12-11,力鵬,sii,Textiles,1447.TW
2021-05-01,1447,1.8204500102193832,5.069523206407757,1.2008846524765635,6471971.0,2021-06-11,力鵬,sii,Textiles,1447.TW
2013-02-01,1449,0.3391591379397365,2.641011161212475,0.4530438518744847,663319.0,2013-03-11,佳和,sii,Textiles,1449.TW
2013-08-01,1449,0.9083307159929521,3.6138401048432955,0.21010261897842408,856705.0,2013-09-11,佳和,sii,Textiles,1449.TW
2021-04-01,1449,0.7768263841889538,2.7051444974779555,0.8556561907645667,700974.0,2021-05-11,佳和,sii,Textiles,1449.TW
2024-01-01,1449,0.7929204241752577,2.6334001010823758,0.5913845223969778,813751.0,2024-02-11,佳和,sii,Textiles,1449.TW
2026-01-01,1449,0.6342632577589111,2.130706713038775,1.0169002475680733,980169.0,2026-02-11,佳和,sii,Textiles,1449.TW
2010-08-01,1451,0.38581552706212974,2.6655885441548186,0.29326862015063737,2905426.0,2010-09-11,年興,sii,Textiles,1451.TW
2021-05-01,1451,0.7782993330275436,3.66302357600078,0.8898250397754253,1891954.0,2021-06-11,年興,sii,Textiles,1451.TW
2009-12-01,1452,0.5583239541012408,2.13713717715546,0.6929064654522388,454133.0,2010-01-11,宏益,sii,Textiles,1452.TW
2021-04-01,1452,0.7575463494382413,3.033767535097029,0.588586130011221,505277.0,2021-05-11,宏益,sii,Textiles,1452.TW
2010-01-01,1454,0.6256411826427719,3.1223437361125135,0.7496831233847115,584088.0,2010-02-11,台富,sii,Textiles,1454.TW
2021-06-01,1454,0.7481663203744962,4.099206352973251,0.8126521897152863,419004.0,2021-07-11,台富,sii,Textiles,1454.TW
2010-01-01,1455,1.0194467056957532,2.4728162099726374,0.84793216510309,4038643.0,2010-02-11,集盛,sii,Textiles,1455.TW
2021-05-01,1455,0.7322373218168561,2.5060971897296307,0.655179725547042,2646481.0,2021-06-11,集盛,sii,Textiles,1455.TW
2016-12-01,1456,3.729355982826209,9.269826651933732,3.9591605132764136,633379.0,2017-01-11,怡華,sii,Construction,1456.TW
2019-11-01,1456,2.1763980088213186,2.791343704561775,1.9499500050776732,447942.0,2019-12-11,怡華,sii,Construction,1456.TW
2021-02-01,1456,3.375925422078387,3.993523630766291,3.824222299799163,611168.0,2021-03-11,怡華,sii,Construction,1456.TW
2021-08-01,1456,5.052361796003114,3.637549653865331,0.715359524996301,839511.0,2021-09-11,怡華,sii,Construction,1456.TW
2023-06-01,1456,3.002795802395288,2.0677869842895005,2.932049011761092,923457.0,2023-07-11,怡華,sii,Construction,1456.TW
2026-08-01,1456,7.0203818134622455,5.017917766769129,7.310498644474701,2379142.0,2026-09-11,怡華,sii,Construction,1456.TW
2009-12-01,1457,0.6089376200729786,2.3902879012194242,0.5458106886291656,998275.0,2010-01-11,宜進,sii,Textiles,1457.TW
2011-03-01,1457,0.7181984597512161,2.1177014231290134,0.40405656498274056,1659467.0,2011-04-11,宜進,sii,Textiles,1457.TW
2021-05-01,1457,0.8144785489031303,2.7816982504158445,0.8756915971369137,1108171.0,2021-06-11,宜進,sii,Textiles,1457.TW
2010-01-01,1459,0.6897840335738199,2.578429806491586,0.6749130020944791,716705.0,2010-02-11,聯發,sii,Textiles,1459.TW
2012-06-01,1459,0.9974909343003413,2.8072304416797174,1.1757940559951252,749139.0,2012-07-11,聯發,sii,Textiles,1459.TW
2021-05-01,1459,0.8269108718331459,2.7533218346563006,0.7225515010345442,670701.0,2021-06-11,聯發,sii,Textiles,1459.TW
2010-08-01,1460,0.41478269985830085,3.3564576738215406,0.5579345169252479,1255041.0,2010-09-11,宏遠,sii,Textiles,1460.TW
2011-03-01,1460,0.5199684755685656,2.9254370360667092,0.23509196847628777,1350036.0,2011-04-11,宏遠,sii,Textiles,1460.TW
2021-05-01,1460,0.6293388985241519,3.4946861890221226,0.5682262993426233,2218050.0,2021-06-11,宏遠,sii,Textiles,1460.TW
2016-12-01,1463,12.527428651327543,10.678329604042863,12.559020119744279,1741440.0,2017-01-11,強盛新,sii,Textiles,1463.TW
2025-01-01,1463,9.376105712799042,4.750080185976594,9.81728355940202,857471.0,2025-02-11,強盛新,sii,Textiles,1463.TW
2008-02-01,1464,0.32118386735897886,2.2466091234333425,0.22405687678525288,388543.0,2008-03-11,得力,sii,Textiles,1464.TW
2010-02-01,1464,0.4758622552572698,3.005276889936434,0.6346325370676882,327820.0,2010-03-11,得力,sii,Textiles,1464.TW
2013-01-01,1464,0.5243699043825347,2.4056061918510983,0.48936417935355614,753118.0,2013-02-11,得力,sii,Textiles,1464.TW
2013-07-01,1464,1.1183978772559873,3.430590854828877,0.3014988749326306,1018710.0,2013-08-11,得力,sii,Textiles,1464.TW
2021-06-01,1464,0.8004471111013343,2.13023218979752,0.843980519595921,2619060.0,2021-07-11,得力,sii,Textiles,1464.TW
2011-05-01,1465,0.5942080640233858,2.5421925180804212,0.47090023588918917,532271.0,2011-06-11,偉全,sii,Textiles,1465.TW
2013-05-01,1465,0.5667150751328547,2.007534425471332,0.28355971956132264,680733.0,2013-06-11,偉全,sii,Textiles,1465.TW
2013-11-01,1465,0.938907145711187,2.683262249063175,0.03831919583736987,713322.0,2013-12-11,偉全,sii,Textiles,1465.TW
2010-01-01,1466,0.81094791472033,2.894013122590762,0.9121954635850702,1037052.0,2010-02-11,聚隆,sii,Textiles,1466.TW
2010-10-01,1466,0.8956579453796483,2.047886575343275,0.2713400810307425,1590857.0,2010-11-11,聚隆,sii,Textiles,1466.TW
2021-05-01,1466,0.9324623079956227,3.113389437462853,0.931419356301562,872356.0,2021-06-11,聚隆,sii,Textiles,1466.TW
2013-02-01,1467,0.7331720623553448,3.336481615241998,0.8655257009794362,1392089.0,2013-03-11,南緯,sii,Textiles,1467.TW
2013-10-01,1467,1.5020981699165197,3.338322487970225,0.6122159037169685,2129831.0,2013-11-11,南緯,sii,Textiles,1467.TW
2020-09-01,1467,0.8287713902111558,2.0878880735768792,1.0651830803620683,3745781.0,2020-10-11,南緯,sii,Textiles,1467.TW
2009-12-01,1471,1.0531761031780231,3.0979868248188085,0.8075361002874988,2406230.0,2010-01-11,首利,sii,Electronic components,1471.TW
2017-12-01,1471,0.6277400658115448,2.1510657647829854,0.7008268403852479,456083.0,2018-01-11,首利,sii,Electronic components,1471.TW
2020-07-01,1471,0.7333265086758458,2.350594132591628,0.994595402589321,372504.0,2020-08-11,首利,sii,Electronic components,1471.TW
2011-02-01,1472,1.0425487716211181,2.0530317948270413,0.7250156979752214,334306.0,2011-03-11,三洋實業,sii,Construction,1472.TW
2022-12-01,1472,1.2824931734536387,2.1694992518490905,1.120816227712172,480636.0,2023-01-11,三洋實業,sii,Construction,1472.TW
2023-08-01,1472,1.7765964626302373,2.9013743796898632,0.7965111446169895,534853.0,2023-09-11,三洋實業,sii,Construction,1472.TW
2022-06-01,1473,0.832067842226974,3.2297376354920235,0.4679758180004323,1682725.0,2022-07-11,台南,sii,Textiles,1473.TW
2010-05-01,1474,0.49340493110012806,2.485624760372655,0.3305178188496378,901355.0,2010-06-11,弘裕,sii,Textiles,1474.TW
2010-11-01,1474,0.574176581089543,2.1746434061198565,0.2147906985769259,1005584.0,2010-12-11,弘裕,sii,Textiles,1474.TW
2022-05-01,1475,5.502150746817111,3.2518523674302053,2.7769326212893874,300809.0,2022-06-11,業旺,sii,Textiles,1475.TW
2010-05-01,1476,0.3183203470104887,2.1594546537280848,0.25784718725221056,1984639.0,2010-06-11,儒鴻,sii,Textiles,1476.TW
2021-04-01,1476,0.65195834017297,2.8930635235922533,0.4390779527810367,8594343.0,2021-05-11,儒鴻,sii,Textiles,1476.TW
2022-02-01,1477,0.3543636697764776,2.0804025189983566,0.2879895009251525,8593256.0,2022-03-11,聚陽,sii,Textiles,1477.TW
2009-05-01,1503,1.0305099582757302,4.917913424431986,1.1304585634005335,7636019.0,2009-06-11,士電,sii,Electrical machinery,1503.TW
2013-01-01,1504,0.370197442838309,2.9838503417833055,0.44436312044172854,8782212.0,2013-02-11,東元,sii,Electrical machinery,1504.TW
2013-07-01,1504,1.2612035009766673,3.955408090843392,0.22527357372360068,15169347.0,2013-08-11,東元,sii,Electrical machinery,1504.TW
2013-03-01,1512,0.3618528134675387,2.4578915281947262,0.604190036199577,795702.0,2013-04-11,瑞利,sii,Automotive,1512.TW
2013-12-01,1512,1.2507422095955159,5.48862444489186,1.1956882311690349,1408591.0,2014-01-11,瑞利,sii,Automotive,1512.TW
2018-07-01,1512,0.7217079657831771,2.797666026882875,0.7391634008590049,838291.0,2018-08-11,瑞利,sii,Automotive,1512.TW
2023-02-01,1512,0.5922269318552331,2.2887605402194864,0.5808927425789752,366252.0,2023-03-11,瑞利,sii,Automotive,1512.TW
2010-06-01,1513,0.3359560282753087,2.4241273174579177,0.5201381258404157,2554046.0,2010-07-11,中興電,sii,Electrical machinery,1513.TW
2011-07-01,1513,0.3091708687343142,2.2698581119080585,0.5157139996133886,2274344.0,2011-08-11,中興電,sii,Electrical machinery,1513.TW
2013-01-01,1513,0.3339182057472567,2.1117820911356127,0.396543979993918,2448711.0,2013-02-11,中興電,sii,Electrical machinery,1513.TW
2013-07-01,1513,0.4633287838517348,2.5446934971896953,0.40115059843129997,2546375.0,2013-08-11,中興電,sii,Electrical machinery,1513.TW
2016-03-01,1513,0.6429650385129837,2.8835825544238993,0.7493700524513132,3419628.0,2016-04-11,中興電,sii,Electrical machinery,1513.TW
2018-10-01,1513,0.5626523796187732,2.565399971508743,0.6727001274882921,3677057.0,2018-11-11,中興電,sii,Electrical machinery,1513.TW
2020-12-01,1513,0.5497596925698713,2.530703415722884,0.4310069798919789,5463653.0,2021-01-11,中興電,sii,Electrical machinery,1513.TW
2008-02-01,1514,0.46472821289379396,2.992769557324256,0.41313767188148587,839591.0,2008-03-11,亞力,sii,Electrical machinery,1514.TW
2010-12-01,1514,0.4828248302745157,3.2085677365139147,0.5308120323541777,1229459.0,2011-01-11,亞力,sii,Electrical machinery,1514.TW
2014-12-01,1514,0.4658015909371751,2.314654722193927,0.46723018321004284,1174346.0,2015-01-11,亞力,sii,Electrical machinery,1514.TW
2017-11-01,1514,0.4615232823968234,2.118632185933946,0.6208495101968159,1214672.0,2017-12-11,亞力,sii,Electrical machinery,1514.TW
2022-06-01,1514,0.46120872083206566,2.005930504636899,0.2514253480146933,1964468.0,2022-07-11,亞力,sii,Electrical machinery,1514.TW
2022-12-01,1514,0.48158856403900296,2.0203776005974228,0.25998787379164146,2454087.0,2023-01-11,亞力,sii,Electrical machinery,1514.TW
2010-03-01,1515,0.4802966713460446,2.2765301220377627,0.37685030010725007,815115.0,2010-04-11,力山,sii,Electrical machinery,1515.TW
2012-04-01,1515,0.7973107663770256,3.5039932276974355,0.9089637652005651,856539.0,2012-05-11,力山,sii,Electrical machinery,1515.TW
2017-09-01,1515,0.7036621749192402,2.9665352248230787,0.7099885667808472,1710838.0,2017-10-11,力山,sii,Electrical machinery,1515.TW
2019-01-01,1515,0.984620519086606,3.436561178536532,1.0270960371480151,2895992.0,2019-02-11,力山,sii,Electrical machinery,1515.TW
2020-11-01,1515,0.7794837983204543,2.2280467219463573,0.15172398430048872,4194149.0,2020-12-11,力山,sii,Electrical machinery,1515.TW
2023-09-01,1515,1.1765600366738598,2.2495895272477906,1.0958508070676471,2335980.0,2023-10-11,力山,sii,Electrical machinery,1515.TW
2024-03-01,1515,2.7149431027717332,4.417521099863798,0.6361023795838556,2186961.0,2024-04-11,力山,sii,Electrical machinery,1515.TW
2010-05-01,1517,0.3953412168857766,2.1533013211061682,0.26347786850171806,528032.0,2010-06-11,利奇,sii,Electrical machinery,1517.TW
2012-04-01,1517,0.4464111728473381,2.1932067620291695,0.5062171790529766,604205.0,2012-05-11,利奇,sii,Electrical machinery,1517.TW
2013-03-01,1517,0.6053553981964221,2.8683347045956533,0.5917267216617359,928369.0,2013-04-11,利奇,sii,Electrical machinery,1517.TW
2013-10-01,1517,0.7896346376689254,2.793678011721278,0.0693148652987543,932822.0,2013-11-11,利奇,sii,Electrical machinery,1517.TW
2021-02-01,1517,0.613312222986246,2.394270908568934,0.1502201301318482,1015914.0,2021-03-11,利奇,sii,Electrical machinery,1517.TW
2013-03-01,1519,1.0619813898580879,3.2476366435155217,1.1173118876097092,904783.0,2013-04-11,華城,sii,Electrical machinery,1519.TW
2018-02-01,1519,0.8721319960228529,2.5836350040929363,0.6585698791767347,1786862.0,2018-03-11,華城,sii,Electrical machinery,1519.TW
2019-12-01,1519,0.6910628031342136,2.0718017772598607,0.88273183598569,3058813.0,2020-01-11,華城,sii,Electrical machinery,1519.TW
2023-07-01,1519,0.7065373576380147,2.0420836338813815,0.1650152738013384,3260099.0,2023-08-11,華城,sii,Electrical machinery,1519.TW
2024-01-01,1519,1.156594031266871,3.041538920585546,0.1300745108168888,4941419.0,2024-02-11,華城,sii,Electrical machinery,1519.TW
2009-11-01,1521,0.4374990689956175,2.4104548059864377,0.3505079052993467,965019.0,2009-12-11,大億,sii,Automotive,1521.TW
2021-05-01,1521,0.5279427869395568,2.3701376820894104,0.42622465376809204,1328259.0,2021-06-11,大億,sii,Automotive,1521.TW
2013-02-01,1522,0.4715645160675703,3.1488039459525234,0.5038028419827558,3089379.0,2013-03-11,堤維西,sii,Automotive,1522.TW
2013-08-01,1522,0.8663782515135479,3.2945050531606084,0.0024560439572192116,3988818.0,2013-09-11,堤維西,sii,Automotive,1522.TW
2025-10-01,1522,0.5612678694240554,2.169271258755575,0.5706158315171208,7448261.0,2025-11-11,堤維西,sii,Automotive,1522.TW
2021-06-01,1524,0.41199345004425236,3.7965265400446717,0.5619725875557452,457877.0,2021-07-11,耿鼎,sii,Automotive,1524.TW
2022-04-01,1524,0.3491054797795119,3.0796413254035406,0.19912246042158,570020.0,2022-05-11,耿鼎,sii,Automotive,1524.TW
2024-01-01,1524,0.3564413121030192,2.6523312412622095,0.135080826686941,779479.0,2024-02-11,耿鼎,sii,Automotive,1524.TW
2008-02-01,1525,0.5497018659554067,2.726367778356872,0.5492134753424609,421818.0,2008-03-11,江申,sii,Automotive,1525.TW
2010-05-01,1525,0.7442739309995743,2.2514786411555,0.27722181892729236,303249.0,2010-06-11,江申,sii,Automotive,1525.TW
2021-02-01,1525,0.536902402452119,2.2161678591298446,0.6419900930682132,324915.0,2021-03-11,江申,sii,Automotive,1525.TW
2022-10-01,1525,0.5454681624924627,2.1436188592390475,0.48980884235798383,402392.0,2022-11-11,江申,sii,Automotive,1525.TW
2017-09-01,1526,0.6430903932037204,2.983305948944796,0.4132707366393631,391463.0,2017-10-11,日馳,sii,Electrical machinery,1526.TW
2021-04-01,1526,0.5647356578138925,2.2418618978180787,0.20276512511292166,384551.0,2021-05-11,日馳,sii,Electrical machinery,1526.TW
2021-12-01,1526,0.6024537402825587,2.1727365156015157,0.30919915275632515,580053.0,2022-01-11,日馳,sii,Electrical machinery,1526.TW
2010-03-01,1527,0.47925295493085085,2.1300201494969855,0.2911605763278906,644654.0,2010-04-11,鑽全,sii,Electrical machinery,1527.TW
2021-06-01,1527,0.5215972718968016,2.1165248640380296,0.24450012119621167,1197599.0,2021-07-11,鑽全,sii,Electrical machinery,1527.TW
2010-03-01,1528,1.0476337025174902,3.819865372648924,1.2283146854231137,572201.0,2010-04-11,恩德,sii,Electrical machinery,1528.TW
2017-12-01,1529,5.196713829301689,3.089711362164526,4.004077296035195,502349.0,2018-01-11,樂事綠能,sii,Electrical machinery,1529.TW
2010-03-01,1530,1.793828320631834,4.268141648189682,2.012827185707045,514341.0,2010-04-11,亞崴,sii,Electrical machinery,1530.TW
2025-02-01,1530,0.8415869408870866,2.222154489078633,1.1048214153799276,609429.0,2025-03-11,亞崴,sii,Electrical machinery,1530.TW
2010-04-01,1531,0.9658956011161841,2.5419113508086664,0.8639187436031492,892609.0,2010-05-11,高林股,sii,Electrical machinery,1531.TW
2021-06-01,1531,1.175226854277803,2.2644951727705327,0.3182578208182314,759661.0,2021-07-11,高林股,sii,Electrical machinery,1531.TW
2008-04-01,1532,0.8614453811742453,3.1478412579737256,0.5462137785107553,2566546.0,2008-05-11,勤美,sii,Electrical machinery,1532.TW
2013-02-01,1532,0.8759335003430979,2.703381364050234,1.196515478418283,2293672.0,2013-03-11,勤美,sii,Electrical machinery,1532.TW
2013-08-01,1532,2.388982319429448,3.8331891897115655,0.5390612083055406,3816699.0,2013-09-11,勤美,sii,Electrical machinery,1532.TW
2013-04-01,1533,0.490305007310488,2.0909323487416738,0.431321391501708,498434.0,2013-05-11,車王電,sii,Automotive,1533.TW
2013-10-01,1533,1.095067645050742,3.1255451353179056,0.15392338541664685,632128.0,2013-11-11,車王電,sii,Automotive,1533.TW
2023-05-01,1533,0.7481320868202779,2.3136588944734924,0.9268226965788376,1177096.0,2023-06-11,車王電,sii,Automotive,1533.TW
2025-02-01,1533,0.7205768469600233,2.1819892948172392,0.765568077218655,1099791.0,2025-03-11,車王電,sii,Automotive,1533.TW
2025-08-01,1533,0.9474528589666822,2.8395347430740796,0.8161087458435159,1034226.0,2025-09-11,車王電,sii,Automotive,1533.TW
2026-04-01,1533,0.7142445716679466,2.0232887123993644,0.6611828247626057,1374975.0,2026-05-11,車王電,sii,Automotive,1533.TW
2008-05-01,1535,1.2768067307545996,2.8186645202710268,0.6256620900217349,1945183.0,2008-06-11,中宇,sii,Electrical machinery,1535.TW
2010-02-01,1536,0.5571317317455466,2.0699274766875706,0.7948708594472041,473871.0,2010-03-11,和大,sii,Automotive,1536.TW
2010-08-01,1536,1.5011213263797232,3.2362974004617673,0.6362696662620493,661344.0,2010-09-11,和大,sii,Automotive,1536.TW
2021-05-01,1536,0.9689388181480594,2.734168842526359,0.8302894103534928,1701996.0,2021-06-11,和大,sii,Automotive,1536.TW
2022-09-01,1537,1.5943990198984532,4.922449138901482,1.5540300123377164,2039304.0,2022-10-11,廣隆,sii,Electrical machinery,1537.TW
2009-11-01,1538,0.6373822120954662,2.8224982139877457,1.1932731707535271,339187.0,2009-12-11,正峰,sii,Electrical machinery,1538.TW
2013-11-01,1539,0.8943046054138981,2.17020238424684,0.5581758411119688,578729.0,2013-12-11,巨庭,sii,Electrical machinery,1539.TW
2024-02-01,1539,0.7967114483048257,2.200034421534458,0.71656339420998,393593.0,2024-03-11,巨庭,sii,Electrical machinery,1539.TW
2008-02-01,1540,0.4631130258374079,2.241494863166326,0.31360084490793305,513500.0,2008-03-11,喬福,sii,Electrical machinery,1540.TW
2011-08-01,1540,0.8963353328588697,3.1638061901649435,1.067751548151571,335731.0,2011-09-11,喬福,sii,Electrical machinery,1540.TW
2012-03-01,1541,0.9441781181422366,2.7439362943782206,0.7832309973565443,388927.0,2012-04-11,錩泰,sii,Electrical machinery,1541.TW
2013-12-01,1541,0.8493097955389572,2.112616328670254,0.39897965575210215,451607.0,2014-01-11,錩泰,sii,Electrical machinery,1541.TW
2010-02-01,1558,0.8848587594767796,2.029625697661847,0.7752691091099031,793829.0,2010-03-11,伸興,sii,Electrical machinery,1558.TW
2021-01-01,1558,0.9453839900956371,3.6494474160155694,0.7566304251157894,2232867.0,2021-02-11,伸興,sii,Electrical machinery,1558.TW
2022-11-01,1558,0.6628692279958142,2.0311528870463675,0.8303308362694803,1890965.0,2022-12-11,伸興,sii,Electrical machinery,1558.TW
2021-04-01,1563,0.7050558550697179,2.7698215683420933,0.3369615817796825,1961781.0,2021-05-11,巧新,sii,Automotive,1563.TW
2013-01-01,1569,19.191804362194315,8.89564113058209,19.80171463951895,305502.0,2013-02-11,濱川,otc,Computers & peripherals,1569.TWO
2013-08-01,1569,108.51584638329605,3.6428646908346543,25.793925570644546,587443.0,2013-09-11,濱川,otc,Computers & peripherals,1569.TWO
2010-07-01,1580,0.4729328271992077,2.3969780020882725,0.2608550846940678,321282.0,2010-08-11,新麥,otc,Electrical machinery,1580.TWO
2013-01-01,1580,0.7891934488421801,4.01870152732737,0.8897207019911754,513121.0,2013-02-11,新麥,otc,Electrical machinery,1580.TWO
2013-07-01,1580,1.862009039201682,3.583607659596502,0.546140426166295,989760.0,2013-08-11,新麥,otc,Electrical machinery,1580.TWO
2010-07-01,1582,1.3438844593865182,2.627087619760045,0.41402961918557524,303969.0,2010-08-11,信錦,sii,Electronic components,1582.TW
2013-01-01,1582,1.5339075181650315,2.470793191727166,2.105723052803076,780816.0,2013-02-11,信錦,sii,Electronic components,1582.TW
2013-07-01,1582,16.03603800140746,5.145538480559888,9.288012659956085,2420821.0,2013-08-11,信錦,sii,Electronic components,1582.TW
2010-03-01,1583,1.0836333878887072,2.9278714610945,1.528799980579212,343737.0,2010-04-11,程泰,sii,Electrical machinery,1583.TW
2021-11-01,1584,1.0646204752260604,2.132241634359453,0.5798274570383584,361897.0,2021-12-11,精剛,otc,Other,1584.TWO
2013-04-01,1586,0.4433938696920705,2.4167226456905593,0.2806534124456208,306229.0,2013-05-11,和勤,otc,Electrical machinery,1586.TWO
2013-10-01,1586,0.7338382848834211,2.281180443695213,0.40847364475255965,336271.0,2013-11-11,和勤,otc,Electrical machinery,1586.TWO
2018-12-01,1587,0.3377603846650723,2.6716675160022167,0.2575759731969842,424561.0,2019-01-11,吉茂,sii,Automotive,1587.TW
2020-10-01,1587,0.4369884655419294,3.211540465823269,0.42234424981489727,543926.0,2020-11-11,吉茂,sii,Automotive,1587.TW
2021-04-01,1587,0.7495311429292748,4.319573708284597,0.5437741290072677,582111.0,2021-05-11,吉茂,sii,Automotive,1587.TW
2021-01-01,1593,0.6563815250068326,3.936758453259561,0.4982462751603798,303035.0,2021-02-11,祺驊,otc,Sports & leisure,1593.TWO
2021-07-01,1593,0.6749080636126739,2.8386483940057095,0.087000640909634,343867.0,2021-08-11,祺驊,otc,Sports & leisure,1593.TWO
2017-07-01,1595,0.8721377402070558,2.631130948207831,0.5825208132477397,319353.0,2017-08-11,川寶,otc,Semiconductors,1595.TWO
2018-01-01,1595,1.317161973218726,2.7995493152201574,0.26390533324149335,493866.0,2018-02-11,川寶,otc,Semiconductors,1595.TWO
2017-07-01,1597,0.5292340226680501,2.3724868740535014,0.24794348618780804,386153.0,2017-08-11,直得,sii,Electrical machinery,1597.TW
2018-01-01,1597,0.8895034651982487,2.735272315877811,0.11901563372845514,460489.0,2018-02-11,直得,sii,Electrical machinery,1597.TW
2020-05-01,1598,0.7134772258832409,2.7025681354826774,0.9379147736509706,2360966.0,2020-06-11,岱宇,sii,Sports & leisure,1598.TW
2020-11-01,1598,2.050770992828091,3.7190733931137596,0.22522271887571854,4842501.0,2020-12-11,岱宇,sii,Sports & leisure,1598.TW
2020-09-01,1599,0.9035782982961134,2.009929559097961,0.9121163247189563,1116304.0,2020-10-11,宏佳騰,otc,Electrical machinery,1599.TWO
2011-09-01,1603,1.1089996803361037,3.6758849472167943,0.915654819717526,1108389.0,2011-10-11,華電,sii,Electric wire & cable,1603.TW
2014-02-01,1603,0.8092436227890853,2.329080985578567,0.9742690009540975,916011.0,2014-03-11,華電,sii,Electric wire & cable,1603.TW
2020-02-01,1603,0.6823834383438343,2.1884170565159584,0.5776200821326574,700923.0,2020-03-11,華電,sii,Electric wire & cable,1603.TW
2022-06-01,1603,0.6953990849557483,2.2288415816426683,0.7384380436028128,785219.0,2022-07-11,華電,sii,Electric wire & cable,1603.TW
2025-04-01,1603,0.7843955029507765,2.3806540929755817,0.6671577861061728,1515430.0,2025-05-11,華電,sii,Electric wire & cable,1603.TW
2012-04-01,1604,0.41661810572776714,2.7007140300489794,0.35737821034409545,2649787.0,2012-05-11,聲寶,sii,Electric wire & cable,1604.TW
2021-11-01,1604,0.31748852176054254,2.2021439336931232,0.3088276666634817,2204377.0,2021-12-11,聲寶,sii,Electric wire & cable,1604.TW
2013-03-01,1605,0.9053580616383474,2.066310219573041,0.9306805876843367,34232326.0,2013-04-11,華新,sii,Electric wire & cable,1605.TW
2013-11-01,1605,1.2757154850923165,2.39983346658038,0.2197814137819356,37322114.0,2013-12-11,華新,sii,Electric wire & cable,1605.TW
2010-02-01,1608,0.981181111155921,2.044262365727807,1.2790412137560212,2554527.0,2010-03-11,華榮,sii,Electric wire & cable,1608.TW
2021-08-01,1608,0.6229653778077664,2.02251395327415,0.2833548175426335,2655457.0,2021-09-11,華榮,sii,Electric wire & cable,1608.TW
2010-01-01,1609,0.7631137176975689,2.0284658607684016,0.7323265129869583,2629871.0,2010-02-11,大亞,sii,Electric wire & cable,1609.TW
2013-03-01,1609,0.9109423800226442,2.7616666383100914,1.0977345697955738,4361275.0,2013-04-11,大亞,sii,Electric wire & cable,1609.TW
2013-09-01,1609,0.8639002228371044,2.163205775337322,0.16694583823475795,4484995.0,2013-10-11,大亞,sii,Electric wire & cable,1609.TW
2008-03-01,1611,0.3620181175610351,2.75327056330126,0.25116951611604255,1005864.0,2008-04-11,中電,sii,Electric wire & cable,1611.TW
2010-05-01,1611,0.5443778757425566,2.1939165319929743,0.15815087707581066,1522162.0,2010-06-11,中電,sii,Electric wire & cable,1611.TW
2009-12-01,1612,0.5427443793226074,2.3330241889686962,0.5406695494334708,1722272.0,2010-01-11,宏泰,sii,Electric wire & cable,1612.TW
2020-06-01,1612,0.38796896192422103,2.013028826487954,0.10970798740899346,1192189.0,2020-07-11,宏泰,sii,Electric wire & cable,1612.TW
2021-01-01,1612,0.44737510993476115,2.1637965902892797,0.21364517364036306,1212896.0,2021-02-11,宏泰,sii,Electric wire & cable,1612.TW
2021-08-01,1612,0.4721358858284126,2.1620981479334938,0.10408878189670556,1730693.0,2021-09-11,宏泰,sii,Electric wire & cable,1612.TW
2009-08-01,1614,0.32220256148612547,3.406840719029844,0.38781103292949715,1871070.0,2009-09-11,三洋電,sii,Electric wire & cable,1614.TW
2010-07-01,1614,0.33143857237338015,2.1120485401635944,0.26814088588953,2305073.0,2010-08-11,三洋電,sii,Electric wire & cable,1614.TW
2012-03-01,1614,0.41820503826204813,2.701399548870965,0.5484108619007898,2082159.0,2012-04-11,三洋電,sii,Electric wire & cable,1614.TW
2016-02-01,1614,0.4697327990257856,2.7583923127135246,0.5554706544434788,1556910.0,2016-03-11,三洋電,sii,Electric wire & cable,1614.TW
2021-04-01,1615,1.0427509320592177,3.338348523104255,1.0697046302111706,1410877.0,2021-05-11,大山,sii,Electric wire & cable,1615.TW
2010-02-01,1617,0.9229863391462365,2.2778230515447686,1.1018816393322215,965093.0,2010-03-11,榮星,sii,Electric wire & cable,1617.TW
2021-05-01,1617,0.7771432069463013,2.2673519334474737,0.3059162436389795,1277359.0,2021-06-11,榮星,sii,Electric wire & cable,1617.TW
2010-05-01,1618,0.42551224772762297,2.259478503916182,0.3323616690457767,980818.0,2010-06-11,合機,sii,Electric wire & cable,1618.TW
2012-06-01,1618,0.7254627053443978,2.9055120276412216,1.201070136519144,1426371.0,2012-07-11,合機,sii,Electric wire & cable,1618.TW
2013-01-01,1618,0.7501822328063117,2.774187236686235,0.6255197100106817,953207.0,2013-02-11,合機,sii,Electric wire & cable,1618.TW
2015-09-01,1618,0.5929859648453573,2.1709732156018684,0.8887867633892106,584637.0,2015-10-11,合機,sii,Electric wire & cable,1618.TW
2019-11-01,1618,1.7922285661804098,4.158604654724831,2.1030503793768043,1094481.0,2019-12-11,合機,sii,Electric wire & cable,1618.TW
2023-08-01,1618,1.134683116953969,2.4509656435962808,0.8097896536337361,1330358.0,2023-09-11,合機,sii,Electric wire & cable,1618.TW
2008-04-01,1702,0.43170711610012114,2.7893719245333717,0.26293483974373855,451758.0,2008-05-11,南僑,sii,Food,1702.TW
2013-01-01,1702,1.480278639469836,7.135677723199596,1.5030417929634976,1536736.0,2013-02-11,南僑,sii,Food,1702.TW
2013-07-01,1702,5.033330274768747,4.442359286645124,1.084129427143898,3484930.0,2013-08-11,南僑,sii,Food,1702.TW
2008-05-01,1704,0.5051574743009335,3.2775283885120507,0.4604721419011715,6562315.0,2008-06-11,榮化,sii,,1704.TW
2009-11-01,1707,0.39073762009584434,2.176968902241968,0.1794052242790165,538915.0,2009-12-11,葡萄王,sii,Biotech & medical,1707.TW
2013-01-01,1707,0.5173244771541692,2.9142129638171426,0.22307144751976193,955790.0,2013-02-11,葡萄王,sii,Biotech & medical,1707.TW
2013-07-01,1707,1.0478907584856954,3.499835733257179,0.06805551878545502,1489818.0,2013-08-11,葡萄王,sii,Biotech & medical,1707.TW
2008-02-01,1708,0.854450370450587,2.2406703264971894,0.4324498144751543,821974.0,2008-03-11,東鹼,sii,Chemicals,1708.TW
2021-11-01,1708,0.5564551092443091,2.041652550252039,0.3237132319032747,1497053.0,2021-12-11,東鹼,sii,Chemicals,1708.TW
2022-08-01,1708,0.9183921276693985,2.8069715518557667,0.13532997939438007,2368257.0,2022-09-11,東鹼,sii,Chemicals,1708.TW
2026-07-01,1709,0.473551437380058,2.196283199785203,0.5239494003354155,3063705.0,2026-08-11,和益,sii,Chemicals,1709.TW
2016-11-01,1710,0.7406601884636055,2.54935631085596,0.37038984824911503,6060145.0,2016-12-11,東聯,sii,Chemicals,1710.TW
2010-01-01,1711,0.7070489460271718,2.7559217297601397,0.5750941088330745,1464310.0,2010-02-11,永光,sii,Chemicals,1711.TW
2013-12-01,1711,0.6176405923368349,2.183211597965741,0.10722315783422687,2288206.0,2014-01-11,永光,sii,Chemicals,1711.TW
2021-06-01,1711,0.5423141128441986,2.4223326459122494,0.5377661698348661,2349495.0,2021-07-11,永光,sii,Chemicals,1711.TW
2008-07-01,1712,0.33568329333037816,2.4292683672080138,0.13337959501559782,3386820.0,2008-08-11,興農,sii,Chemicals,1712.TW
2013-01-01,1712,0.782223941154534,3.3577307879693468,0.5989242169463427,2704949.0,2013-02-11,興農,sii,Chemicals,1712.TW
2013-09-01,1712,0.8698739400581692,2.3512714935706605,0.16217290641719373,4183411.0,2013-10-11,興農,sii,Chemicals,1712.TW
2010-01-01,1715,0.5469069867332301,3.6308408976590085,0.6390397170936781,954372.0,2010-02-11,萬洲化學,sii,,1715.TW
2010-01-01,1717,0.6467611242373581,2.7901430671377945,0.7540538165902547,4271066.0,2010-02-11,長興,sii,Chemicals,1717.TW
2013-01-01,1717,0.46874954135358515,2.1127440268844793,0.5234937950175577,5804272.0,2013-02-11,長興,sii,Chemicals,1717.TW
2013-07-01,1717,1.276599713217839,3.607113184497662,0.44307904324573966,9886519.0,2013-08-11,長興,sii,Chemicals,1717.TW
2010-01-01,1718,0.8115835320958209,2.3605716771022,0.9007888836489192,3319129.0,2010-02-11,中纖,sii,Chemicals,1718.TW
2010-08-01,1718,0.9869928643812824,2.2611562213452707,0.34238389402443636,5682279.0,2010-09-11,中纖,sii,Chemicals,1718.TW
2013-03-01,1718,0.9147632868268167,2.156414670601878,0.8557405163008318,8456441.0,2013-04-11,中纖,sii,Chemicals,1718.TW
2013-09-01,1718,1.3544126984126983,2.542060569566002,0.1077894484029489,8677188.0,2013-10-11,中纖,sii,Chemicals,1718.TW
2013-02-01,1720,0.3072105261269922,3.025275576666877,0.20462635977006038,728830.0,2013-03-11,生達,sii,Biotech & medical,1720.TW
2013-08-01,1720,0.4543241072652837,3.1590891168854305,0.1526012372518415,742447.0,2013-09-11,生達,sii,Biotech & medical,1720.TW
2020-04-01,1720,0.3736463731876021,2.5458111892016864,0.40205141636224995,1089884.0,2020-05-11,生達,sii,Biotech & medical,1720.TW
2022-07-01,1720,0.3542110929056126,2.425666396200914,0.2729279246753469,1513316.0,2022-08-11,生達,sii,Biotech & medical,1720.TW
2008-04-01,1721,0.6105682766292759,2.0051781541291707,0.3060718382844856,434330.0,2008-05-11,國慶科技,sii,Chemicals,1721.TW
2010-01-01,1721,1.0922661796692248,2.8369283252337993,1.1924490537768526,407858.0,2010-02-11,國慶科技,sii,Chemicals,1721.TW
2016-03-01,1721,2.0810159616613797,6.093858277125806,2.162472301511356,1046008.0,2016-04-11,國慶科技,sii,Chemicals,1721.TW
2016-09-01,1721,1.487656896756528,2.817867866937757,0.2759424744915484,816750.0,2016-10-11,國慶科技,sii,Chemicals,1721.TW
2008-02-01,1722,0.3781318508040319,2.054755785737595,0.25047058061412586,3600827.0,2008-03-11,台肥,sii,Chemicals,1722.TW
2008-11-01,1722,0.7760572949200717,2.168890352617275,0.3742540989549792,5126410.0,2008-12-11,台肥,sii,Chemicals,1722.TW
2014-12-01,1722,1.1911576025922734,4.256069837071464,1.157070485236045,7285507.0,2015-01-11,台肥,sii,Chemicals,1722.TW
2021-11-01,1722,0.7084865831593112,2.3472475130236106,0.535774348966872,3920512.0,2021-12-11,台肥,sii,Chemicals,1722.TW
2008-02-01,1723,0.3642735624362028,2.0263786806241537,0.11131393622416064,1503600.0,2008-03-11,中碳,sii,Chemicals,1723.TW
2008-08-01,1723,0.6527372115584558,2.3055478679758767,0.2392679416163903,2233438.0,2008-09-11,中碳,sii,Chemicals,1723.TW
2021-07-01,1723,0.7790504285332751,2.1784143092056634,0.4273226252546818,2051665.0,2021-08-11,中碳,sii,Chemicals,1723.TW
2010-01-01,1724,0.4405022977196664,2.1710971856807832,0.6619152072181186,364558.0,2010-02-11,台硝,sii,,1724.TW
2010-01-01,1725,0.8374069636168107,2.963456816661472,1.0030438551497238,2333878.0,2010-02-11,元禎,sii,Chemicals,1725.TW
2021-04-01,1725,0.5755866315252174,2.4476102154144797,0.3512529664456372,2568181.0,2021-05-11,元禎,sii,Chemicals,1725.TW
2010-03-01,1726,0.3208970122315422,2.1406770958711436,0.22722879065335455,1627641.0,2010-04-11,永記,sii,Chemicals,1726.TW
2013-03-01,1726,0.3508134826279308,2.1827017970042375,0.2873480137440112,2062214.0,2013-04-11,永記,sii,Chemicals,1726.TW
2008-02-01,1727,0.6180061538461539,3.5505932767653006,0.4730678108662507,394389.0,2008-03-11,中華化,sii,Chemicals,1727.TW
2008-08-01,1727,1.23363003157377,2.3972204512382556,0.3734377869065968,703895.0,2008-09-11,中華化,sii,Chemicals,1727.TW
2010-07-01,1729,0.3667651743107203,2.7199618717070626,0.5181160002204709,457403.0,2010-08-11,必翔實業,sii,,1729.TW
2013-05-01,1730,0.3663719583160032,2.7209773465041165,0.2182351303403791,358081.0,2013-06-11,花仙子,sii,Chemicals,1730.TW
2013-11-01,1730,0.3775117989280745,2.312617554146425,0.0921692490383752,408913.0,2013-12-11,花仙子,sii,Chemicals,1730.TW
2018-08-01,1730,0.5214453886847845,3.276851677930617,0.4790254928422566,737971.0,2018-09-11,花仙子,sii,Chemicals,1730.TW
2019-03-01,1730,0.8306481322745727,3.5758303094985706,0.02078961101815291,1003770.0,2019-04-11,花仙子,sii,Chemicals,1730.TW
2010-01-01,1733,0.38176776360242703,2.0168059668167415,0.3051265536722818,413085.0,2010-02-11,五鼎,sii,Biotech & medical,1733.TW
2012-03-01,1733,0.47532980588018736,2.2672076705732014,0.33932120288512135,537023.0,2012-04-11,五鼎,sii,Biotech & medical,1733.TW
2025-04-01,1733,0.44404825146087457,2.211858458038131,0.44545746416217924,576285.0,2025-05-11,五鼎,sii,Biotech & medical,1733.TW
2012-07-01,1734,0.3674958884382611,4.487693580222134,0.28364972660930543,501391.0,2012-08-11,杏輝,sii,Biotech & medical,1734.TW
2013-06-01,1734,0.3049056839996662,2.651759780852753,0.05770680264451955,625363.0,2013-07-11,杏輝,sii,Biotech & medical,1734.TW
2013-12-01,1734,0.6436196473317002,3.656698042388557,0.0578645623351941,705790.0,2014-01-11,杏輝,sii,Biotech & medical,1734.TW
2013-01-01,1735,0.6933141561253986,2.2770152309552194,0.6861945586723486,728755.0,2013-02-11,日勝化,sii,Chemicals,1735.TW
2013-07-01,1735,1.6198791165237445,3.6540365254643437,0.7420457413607404,1163394.0,2013-08-11,日勝化,sii,Chemicals,1735.TW
2021-06-01,1735,1.0079540473828694,2.2410577953234028,0.7249679624168288,870428.0,2021-07-11,日勝化,sii,Chemicals,1735.TW
2009-12-01,1736,0.6309595121536982,2.1422572998912313,0.6525809442668088,710627.0,2010-01-11,喬山,sii,Sports & leisure,1736.TW
2010-08-01,1736,2.7569608077972187,2.6391718105255397,0.29658130304774444,2023315.0,2010-09-11,喬山,sii,Sports & leisure,1736.TW
2011-03-01,1737,0.3034406389338038,3.0466889850392,0.18675016126438337,665048.0,2011-04-11,臺鹽,sii,Food,1737.TW
2021-09-01,1737,0.4276620201314578,3.6657441346789055,0.18078081636336019,1124034.0,2021-10-11,臺鹽,sii,Food,1737.TW
2010-01-01,1742,1.3359407313690665,3.127673370091432,1.5694693243397198,384038.0,2010-02-11,台蠟,otc,Chemicals,1742.TWO
2014-09-01,1752,0.44904049103568733,2.3386931394923502,0.23923620774120669,358368.0,2014-10-11,南光,sii,Biotech & medical,1752.TW
2023-03-01,1752,0.5251574168205795,2.794421393441905,0.1877067051987582,573084.0,2023-04-11,南光,sii,Biotech & medical,1752.TW
2021-06-01,1760,0.6221209512307164,2.5561103661088045,0.5239341899875205,533209.0,2021-07-11,寶齡富錦,sii,Biotech & medical,1760.TW
2018-06-01,1762,0.7464593765566421,2.492670408750658,0.7327393603938386,333076.0,2018-07-11,中化生,sii,Biotech & medical,1762.TW
2020-10-01,1762,0.7897703204633721,2.654289886871542,0.7600832665760626,401390.0,2020-11-11,中化生,sii,Biotech & medical,1762.TW
2021-07-01,1762,0.8584211890510376,2.5778748313586712,0.9129282963475617,616613.0,2021-08-11,中化生,sii,Biotech & medical,1762.TW
2022-04-01,1762,0.8015433137465713,2.2751257782323333,0.7384518767017016,604906.0,2022-05-11,中化生,sii,Biotech & medical,1762.TW
2026-03-01,1762,0.8720977237862266,2.5184220275394598,1.4759884074498955,361225.0,2026-04-11,中化生,sii,Biotech & medical,1762.TW
2021-06-01,1773,0.47964245226851965,2.3177062188722686,0.3202021049118573,2721351.0,2021-07-11,勝一,sii,Chemicals,1773.TW
2021-06-01,1776,0.4164435344148685,3.415675252777773,0.42643334073495,377706.0,2021-07-11,展宇,sii,Chemicals,1776.TW
2020-05-01,1777,0.5132843073146687,2.100937928785306,0.33046896979586005,300850.0,2020-06-11,生泰,otc,Biotech & medical,1777.TWO
2010-06-01,1781,0.6286160987873552,3.2713268091134604,0.5730478511392454,337503.0,2010-07-11,合世,otc,Biotech & medical,1781.TWO
2012-06-01,1781,0.7242482621872219,2.4080473832788964,0.9514564109061585,306092.0,2012-07-11,合世,otc,Biotech & medical,1781.TWO
2012-12-01,1781,1.9761514909883315,4.649850293242263,1.4635018215778894,488943.0,2013-01-11,合世,otc,Biotech & medical,1781.TWO
2009-12-01,1785,2.935976742097523,3.2958046510501533,2.795104070552126,13893254.0,2010-01-11,光洋科,otc,Other electronics,1785.TWO
2015-02-01,1785,2.104394471941051,2.0875128226884123,1.8706755295185495,19761439.0,2015-03-11,光洋科,otc,Other electronics,1785.TWO
2022-05-01,1788,0.8091768167185895,9.350823536619389,0.7240786035186995,1639391.0,2022-06-11,杏昌,otc,Biotech & medical,1788.TWO
2020-05-01,1789,0.5003287626196902,2.785179854365626,0.6416447080850133,876204.0,2020-06-11,神隆,sii,Biotech & medical,1789.TW
2022-12-01,1789,0.41221774120676025,2.2767578695111905,0.33504916134952345,1015852.0,2023-01-11,神隆,sii,Biotech & medical,1789.TW
2014-08-01,1795,1.1065669502435398,4.292367057559305,0.9416472187899247,317447.0,2014-09-11,美時,sii,Biotech & medical,1795.TW
2015-02-01,1795,5.941197483697922,5.421678015912441,3.8944850204987076,1146429.0,2015-03-11,美時,sii,Biotech & medical,1795.TW
2010-01-01,1802,0.5875287402059337,3.3758919989785574,0.6254902265669136,3650489.0,2010-02-11,台玻,sii,Glass & ceramics,1802.TW
2013-01-01,1802,0.6607355723668351,2.8610438886920884,0.6970951064303832,5029355.0,2013-02-11,台玻,sii,Glass & ceramics,1802.TW
2013-07-01,1802,1.551828006574202,3.6682503732810283,0.3298824255693602,8632630.0,2013-08-11,台玻,sii,Glass & ceramics,1802.TW
2011-08-01,1805,17.126859533265964,4.5387277300919795,17.82024080597918,771316.0,2011-09-11,寶徠,sii,Construction,1805.TW
2012-03-01,1805,33.26934499257548,6.006285456296935,31.986420272331333,415413.0,2012-04-11,寶徠,sii,Construction,1805.TW
2014-01-01,1805,16.50649292033116,2.575004427538152,17.39126461042577,2715117.0,2014-02-11,寶徠,sii,Construction,1805.TW
2013-01-01,1806,0.417314780452702,2.2124856587980575,0.38905127107938386,1065533.0,2013-02-11,冠軍,sii,Glass & ceramics,1806.TW
2013-07-01,1806,1.383494116586109,4.320147522117881,0.5264935652867535,2035125.0,2013-08-11,冠軍,sii,Glass & ceramics,1806.TW
2014-01-01,1808,10.910341746705383,2.955256681638394,11.574599782613129,533226.0,2014-02-11,潤隆,sii,Construction,1808.TW
2014-07-01,1808,45.205661619486506,7.938923935422882,43.282931608145425,2105592.0,2014-08-11,潤隆,sii,Construction,1808.TW
2015-11-01,1808,27.250898701787985,3.9095411768514543,27.361206070266658,1799667.0,2015-12-11,潤隆,sii,Construction,1808.TW
2023-06-01,1808,15.000462944687083,2.5595404099488706,10.953834828889622,4458545.0,2023-07-11,潤隆,sii,Construction,1808.TW
2026-01-01,1808,75.03877842680248,2.48532297379305,76.03338626395863,7927727.0,2026-02-11,潤隆,sii,Construction,1808.TW
2026-07-01,1808,169.07494185545698,4.404392829389696,12.397161493098821,5923200.0,2026-08-11,潤隆,sii,Construction,1808.TW
2013-03-01,1809,0.7362228462161278,3.17674803427988,0.8054676481619976,705502.0,2013-04-11,中釉,sii,Glass & ceramics,1809.TW
2013-09-01,1809,1.2414576706289413,3.2875952585436474,0.1571258126469628,1004117.0,2013-10-11,中釉,sii,Glass & ceramics,1809.TW
2013-02-01,1810,0.4934797893739229,2.4284888138340994,0.5429113764901463,1068422.0,2013-03-11,和成,sii,Glass & ceramics,1810.TW
2013-10-01,1810,1.2298886320545774,3.700650756477539,0.512594200016415,1706536.0,2013-11-11,和成,sii,Glass & ceramics,1810.TW
2009-04-01,1815,0.6806863949172195,3.1150449210790785,0.9216251336080253,489910.0,2009-05-11,富喬,otc,Electronic components,1815.TWO
2009-12-01,1815,0.6660067525095099,2.272692075931131,0.5111767967893852,514173.0,2010-01-11,富喬,otc,Electronic components,1815.TWO
2010-07-01,1815,0.958355673679133,2.462124751047491,0.42490463165100545,1019048.0,2010-08-11,富喬,otc,Electronic components,1815.TWO
2021-06-01,1815,0.8242633728748789,2.4040508283175535,0.5472463644965446,1379601.0,2021-07-11,富喬,otc,Electronic components,1815.TWO
2024-12-01,1815,0.8144946949134619,2.2017814258090027,0.37698898883164667,1286885.0,2025-01-11,富喬,otc,Electronic components,1815.TWO
2009-12-01,1902,0.5411236730819022,2.2570800881806705,0.48739497434825285,1303561.0,2010-01-11,台紙,sii,,1902.TW
2010-01-01,1903,1.2846554577213016,3.0150954110837502,1.376260094539648,559158.0,2010-02-11,士紙,sii,Paper,1903.TW
2010-03-01,1904,0.3469995190631858,2.3206380254083037,0.4129140846347963,5413913.0,2010-04-11,正隆,sii,Paper,1904.TW
2013-01-01,1904,0.4126430112396564,2.5132519221738256,0.4193630770900162,8353324.0,2013-02-11,正隆,sii,Paper,1904.TW
2013-07-01,1904,0.618513850331565,2.713202412239835,0.1317267965779252,10441151.0,2013-08-11,正隆,sii,Paper,1904.TW
2009-12-01,1905,0.8161695596951737,2.922381603255997,1.0752102699952544,1715917.0,2010-01-11,華紙,sii,Paper,1905.TW
2012-11-01,1905,1.3115329606908133,3.6499013034616494,1.351842820128766,3434441.0,2012-12-11,華紙,sii,Paper,1905.TW
2013-05-01,1905,2.0352985194797815,3.185708553333221,0.23965945891117846,5127032.0,2013-06-11,華紙,sii,Paper,1905.TW
2008-04-01,1906,0.5059448118006105,2.147817229043549,0.37996200598292473,426339.0,2008-05-11,寶隆,sii,Paper,1906.TW
2016-07-01,1906,3.6033278719346784,3.820146093860968,1.5587856269281493,342773.0,2016-08-11,寶隆,sii,Paper,1906.TW
2021-10-01,1906,2.5640591845946608,2.2448333935156457,3.2505247985266053,1002773.0,2021-11-11,寶隆,sii,Paper,1906.TW
2022-04-01,1906,18.833842661311447,9.261775822466165,13.902685029042155,1362942.0,2022-05-11,寶隆,sii,Paper,1906.TW
2009-12-01,1907,0.31621294296985103,2.2915671715890786,0.1993933564206194,4419976.0,2010-01-11,永豐餘,sii,Paper,1907.TW
2013-02-01,1907,1.1682587292074738,4.6256082810268815,1.83898036521343,8842480.0,2013-03-11,永豐餘,sii,Paper,1907.TW
2013-08-01,1907,2.4482834866010097,3.749773694317344,0.3150598521903136,14269635.0,2013-09-11,永豐餘,sii,Paper,1907.TW
2008-03-01,1909,0.32909306597954613,2.4859109369811954,0.1747174608036417,1797088.0,2008-04-11,榮成,sii,Paper,1909.TW
2010-03-01,1909,0.6079724235064041,2.379871845425302,0.6258689088846656,1433948.0,2010-04-11,榮成,sii,Paper,1909.TW
2013-01-01,1909,0.9598586628946311,3.2586852636974184,1.0175393038994267,3088359.0,2013-02-11,榮成,sii,Paper,1909.TW
2013-07-01,1909,2.5098699728609377,3.735640591448008,0.3312081303880894,5870247.0,2013-08-11,榮成,sii,Paper,1909.TW
2013-03-01,2002,0.6501971877154784,2.059869204750816,0.8556800924895414,88460515.0,2013-04-11,中鋼,sii,Steel,2002.TW
2013-09-01,2002,0.7402603401152401,2.131187082481168,0.25618485678216874,87260040.0,2013-10-11,中鋼,sii,Steel,2002.TW
2021-07-01,2002,0.6757342114573859,2.1620153123480086,0.36457535603973246,120425141.0,2021-08-11,中鋼,sii,Steel,2002.TW
2010-01-01,2007,1.2730670997408167,3.276853810480655,1.4110154988873176,2407394.0,2010-02-11,燁興,sii,Steel,2007.TW
2024-08-01,2007,0.7675646472109345,2.006642593366517,0.49304826865554596,1913919.0,2024-09-11,燁興,sii,Steel,2007.TW
2017-09-01,2008,0.7496646815816299,2.5804774059108055,0.7216010079259001,391344.0,2017-10-11,高興昌,sii,Steel,2008.TW
2021-05-01,2008,0.9084885785422565,2.8754096970198186,0.6759555766911802,368699.0,2021-06-11,高興昌,sii,Steel,2008.TW
2022-04-01,2008,0.786438969059172,2.1354668514022452,0.4673076194950001,538631.0,2022-05-11,高興昌,sii,Steel,2008.TW
2010-01-01,2009,1.6729554642174524,3.0262825614061075,1.90014735822659,1580278.0,2010-02-11,第一銅,sii,Steel,2009.TW
2008-05-01,2010,0.37971478097059586,2.705911362438268,0.24875321126554795,5952985.0,2008-06-11,春源,sii,Steel,2010.TW
2021-05-01,2010,0.42460219492661433,2.495523090065604,0.1860908098592544,6526389.0,2021-06-11,春源,sii,Steel,2010.TW
2008-06-01,2012,0.3656225799371353,2.4085467539974323,0.2118264702300896,1319033.0,2008-07-11,春雨,sii,Steel,2012.TW
2010-03-01,2012,0.7582300518134715,2.525349589671511,0.9772534806654192,848346.0,2010-04-11,春雨,sii,Steel,2012.TW
2013-03-01,2012,1.0152706696728684,2.8823423999138624,1.1147997078425738,1897597.0,2013-04-11,春雨,sii,Steel,2012.TW
2013-09-01,2012,1.1314624685342154,2.4803164238154207,0.06373186767022565,2056727.0,2013-10-11,春雨,sii,Steel,2012.TW
2008-04-01,2013,0.6917644002035312,2.8287368195691736,0.7830488882706975,4062938.0,2008-05-11,中鋼構,sii,Steel,2013.TW
2011-09-01,2013,0.8570832910158708,2.0383584656331712,0.3964326606315818,3986181.0,2011-10-11,中鋼構,sii,Steel,2013.TW
2009-12-01,2014,1.0714482389064828,2.7320034080091307,1.4041924478909549,8937454.0,2010-01-11,中鴻,sii,Steel,2014.TW
2021-06-01,2014,0.7065810049205061,2.463395277387077,0.6341345496506068,13397364.0,2021-07-11,中鴻,sii,Steel,2014.TW
2008-02-01,2015,0.4263409953260131,2.242605794941475,0.15888607511817088,9242557.0,2008-03-11,豐興,sii,Steel,2015.TW
2009-10-01,2017,1.0565516203635554,2.8776604411900113,1.4763795950328227,1257388.0,2009-11-11,官田鋼,sii,Steel,2017.TW
2021-06-01,2017,0.7555517351766003,2.09417656406569,0.4137909527110557,1184548.0,2021-07-11,官田鋼,sii,Steel,2017.TW
2008-02-01,2022,1.4737046725180551,2.050184151150342,1.6661268673989524,585375.0,2008-03-11,聚亨,sii,Steel,2022.TW
2008-08-01,2022,3.281036098836614,2.413362134773188,1.4922098152083305,1087015.0,2008-09-11,聚亨,sii,Steel,2022.TW
2013-01-01,2022,2.5601076141383032,2.590037386355565,2.5014163454822165,1544275.0,2013-02-11,聚亨,sii,Steel,2022.TW
2013-07-01,2022,2.7907654396488923,2.1888730979103714,0.1621592182114706,2528994.0,2013-08-11,聚亨,sii,Steel,2022.TW
2010-05-01,2023,0.5328580636207514,2.0340209797807405,0.09129110767655413,9001640.0,2010-06-11,燁輝,sii,Steel,2023.TW
2013-02-01,2023,0.6008851001169555,2.4581677835326357,0.7817812198673009,11471893.0,2013-03-11,燁輝,sii,Steel,2023.TW
2013-08-01,2023,0.9881415894310865,2.8440443801268347,0.11690754694751382,13412701.0,2013-09-11,燁輝,sii,Steel,2023.TW
2021-06-01,2023,0.8178329111135587,2.2532704879540972,0.34173072451456843,23105747.0,2021-07-11,燁輝,sii,Steel,2023.TW
2008-06-01,2024,0.5178226136150184,2.409116807099425,0.43922630059472656,549470.0,2008-07-11,志聯,sii,Steel,2024.TW
2009-12-01,2024,0.8102349493483629,2.18727333072654,1.1137553783277883,321829.0,2010-01-11,志聯,sii,Steel,2024.TW
2021-06-01,2024,0.8007375925773803,2.0723774960137265,0.511673984829883,416498.0,2021-07-11,志聯,sii,Steel,2024.TW
2016-10-01,2025,1.4506486428119683,2.3202506296605643,1.41503062726535,953219.0,2016-11-11,千興,sii,Steel,2025.TW
2021-08-01,2025,1.610991586643578,2.656138893725365,0.7088925911092598,597092.0,2021-09-11,千興,sii,Steel,2025.TW
2023-10-01,2025,3.934908559053958,4.323316097210232,4.8457949752057745,435254.0,2023-11-11,千興,sii,Steel,2025.TW
2013-02-01,2027,1.877311010116058,2.6580181750538263,1.9122427535752715,7049599.0,2013-03-11,大成鋼,sii,Steel,2027.TW
2013-08-01,2027,2.795290143781017,2.73451793814748,0.09548554519754404,9525905.0,2013-09-11,大成鋼,sii,Steel,2027.TW
2008-02-01,2028,0.7455071873991168,2.3812061873481096,0.3161018872692227,3963298.0,2008-03-11,威致,sii,Steel,2028.TW
2011-04-01,2028,1.2634182764102317,2.4157703113581994,0.5815517738644924,2819178.0,2011-05-11,威致,sii,Steel,2028.TW
2016-08-01,2028,0.9259743618699297,2.09453591091679,1.128848244414995,1586115.0,2016-09-11,威致,sii,Steel,2028.TW
2016-11-01,2029,0.5145610127432867,2.565986441010712,0.6089321283231227,3588251.0,2016-12-11,盛餘,sii,Steel,2029.TW
2021-04-01,2029,0.5870067317097227,2.8241189516823515,0.35881728226882736,3475440.0,2021-05-11,盛餘,sii,Steel,2029.TW
2021-11-01,2029,0.6291037964458805,2.5141065627057593,0.017422639717659782,4033661.0,2021-12-11,盛餘,sii,Steel,2029.TW
2010-01-01,2031,1.2684631532634212,2.7310469482027475,1.3614788478028736,1938615.0,2010-02-11,新光鋼,sii,Steel,2031.TW
2008-04-01,2033,0.4346156401147654,2.670951449754362,0.28416907879077,453515.0,2008-05-11,佳大,sii,Steel,2033.TW
2010-05-01,2033,1.2853706828037201,2.848630827039282,0.716246089310776,327809.0,2010-06-11,佳大,sii,Steel,2033.TW
2009-12-01,2035,1.7243110313825545,2.31414189179458,1.353383086529311,5286452.0,2010-01-11,唐榮公司,otc,Steel,2035.TWO
2017-02-01,2035,1.2813770799530206,2.1650260817644127,1.1878945565260768,5376713.0,2017-03-11,唐榮公司,otc,Steel,2035.TWO
2017-12-01,2038,0.46524780497089413,2.1312961299346207,0.34645342162080617,1832203.0,2018-01-11,海光,sii,Steel,2038.TW
2021-10-01,2038,0.7156909310591275,2.2050486266798104,0.44970264234781543,2676658.0,2021-11-11,海光,sii,Steel,2038.TW
2008-02-01,2059,0.68799281755016,2.098554687530783,0.2611914021888997,605402.0,2008-03-11,川湖,sii,Electronic components,2059.TW
2013-03-01,2059,0.8934868531857045,2.9596311009962415,1.0416147508436104,865670.0,2013-04-11,川湖,sii,Electronic components,2059.TW
2013-12-01,2059,1.1788000281353308,2.7000225973782186,0.2940678632876095,991232.0,2014-01-11,川湖,sii,Electronic components,2059.TW
2024-04-01,2059,0.7250556680960556,2.08571407284066,0.5813582784017168,2076986.0,2024-05-11,川湖,sii,Electronic components,2059.TW
2025-02-01,2059,1.0522617664503717,2.814222253481305,0.43749467243204454,3695360.0,2025-03-11,川湖,sii,Electronic components,2059.TW
2026-05-01,2059,0.9662699338078851,2.3110441028223656,0.5444114409952767,8305361.0,2026-06-11,川湖,sii,Electronic components,2059.TW
2017-07-01,2061,0.49397385347639866,3.1085147338650025,0.050171404027196775,307291.0,2017-08-11,風青,otc,Electric wire & cable,2061.TWO
2024-06-01,2061,0.49552579183907985,2.1902356280465987,0.4402501632123874,335759.0,2024-07-11,風青,otc,Electric wire & cable,2061.TWO
2013-05-01,2062,0.4250468500184832,2.354339661026381,0.2574542277530141,1553559.0,2013-06-11,橋椿,sii,Home & living,2062.TW
2020-09-01,2062,0.41234405523571294,2.2614422530177167,0.45636444121784503,2186286.0,2020-10-11,橋椿,sii,Home & living,2062.TW
2021-05-01,2062,0.7069262703198331,3.264663522207888,0.25403872573553765,2293491.0,2021-06-11,橋椿,sii,Home & living,2062.TW
2024-01-01,2062,0.48502450733487623,2.026576789527427,0.2452456027906198,2314430.0,2024-02-11,橋椿,sii,Home & living,2062.TW
2018-01-01,2064,0.40192119315107333,2.5747132592259008,0.13915950284137524,805750.0,2018-02-11,晉椿,otc,Steel,2064.TWO
2021-03-01,2064,0.3949823655601208,2.211493081251696,0.413236428772944,575493.0,2021-04-11,晉椿,otc,Steel,2064.TWO
2018-05-01,2065,0.3274050416001284,2.0482648134210812,0.3091557986328526,364078.0,2018-06-11,世豐,otc,Steel,2065.TWO
2019-06-01,2065,0.5269546851214182,2.351853365435751,0.314670359406517,543660.0,2019-07-11,世豐,otc,Steel,2065.TWO
2020-11-01,2065,0.6872708278924,2.7960701394769267,0.6270332170145096,646056.0,2020-12-11,世豐,otc,Steel,2065.TWO
2018-08-01,2066,0.5293395295781451,3.889578151591551,0.49092019716174096,525556.0,2018-09-11,世德,otc,Electrical machinery,2066.TWO
2019-02-01,2066,1.1105232556271902,3.4457227019620325,0.0782273766685826,657008.0,2019-03-11,世德,otc,Electrical machinery,2066.TWO
2021-02-01,2069,0.4561623710459639,2.536419226501893,0.5186440337382143,2429355.0,2021-03-11,運錩,sii,Steel,2069.TW
2021-08-01,2069,1.0907209332457635,3.2932884043643207,0.30332463999950465,3743578.0,2021-09-11,運錩,sii,Steel,2069.TW
2023-11-01,2072,4.430174539875356,2.8626007895345102,2.1402672813812385,2569488.0,2023-12-11,世紀風電,sii,Green energy,2072.TW
2026-07-01,2073,1.5560712270175543,4.950928948595702,1.6748936979662592,344221.0,2026-08-11,雄順,otc,Steel,2073.TWO
2009-11-01,2101,0.3362671274498925,2.8785872806796076,0.6294914701518183,1264396.0,2009-12-11,南港,sii,Rubber,2101.TW
2010-07-01,2101,0.6307147798667121,2.0186934383941573,0.4107653859133107,1503868.0,2010-08-11,南港,sii,Rubber,2101.TW
2013-03-01,2101,0.7630287461743852,2.345996910069761,0.9878526811606394,2890096.0,2013-04-11,南港,sii,Rubber,2101.TW
2013-09-01,2101,1.7137967722399723,3.622222144308529,0.5712659570344853,3445971.0,2013-10-11,南港,sii,Rubber,2101.TW
2024-09-01,2101,3.1484960347432027,7.196756915375926,2.992813441331138,8788174.0,2024-10-11,南港,sii,Rubber,2101.TW
2026-03-01,2101,1.6218913913892141,2.986228135673196,1.78559930530841,5423988.0,2026-04-11,南港,sii,Rubber,2101.TW
2009-12-01,2102,0.6727195083894311,3.4444828837387527,0.7590961948503462,1425796.0,2010-01-11,泰豐,sii,Rubber,2102.TW
2008-06-01,2103,0.4305819349817328,2.419188300002679,0.24316375074018182,4679681.0,2008-07-11,台橡,sii,Rubber,2103.TW
2013-03-01,2103,1.4318286370301219,3.775595002684304,1.7119376137740452,10102018.0,2013-04-11,台橡,sii,Rubber,2103.TW
2010-01-01,2104,0.9379379015916331,3.438521935068618,0.9729515844054373,1387674.0,2010-02-11,國際中橡,sii,Rubber,2104.TW
2013-01-01,2104,0.8962348820219699,2.927849679753268,1.1607063753342626,2567064.0,2013-02-11,國際中橡,sii,Rubber,2104.TW
2013-07-01,2104,2.612132713324509,3.740614751907874,0.29415744721948567,5637954.0,2013-08-11,國際中橡,sii,Rubber,2104.TW
2010-01-01,2105,0.356845790634446,2.0309524040855327,0.42210366210632244,4884269.0,2010-02-11,正新,sii,Rubber,2105.TW
2013-01-01,2105,1.3527092125402453,6.476499295325986,1.3608311766007721,13854147.0,2013-02-11,正新,sii,Rubber,2105.TW
2013-07-01,2105,4.395402422342203,4.128832550207231,0.5841260466985148,35655409.0,2013-08-11,正新,sii,Rubber,2105.TW
2008-02-01,2106,0.6453971809146413,2.581144127340267,0.22706338795057035,1528031.0,2008-03-11,建大,sii,Rubber,2106.TW
2013-01-01,2106,1.1689724440856186,4.508168571465324,1.1280605868511726,3384996.0,2013-02-11,建大,sii,Rubber,2106.TW
2013-07-01,2106,3.312488439362114,3.81847410096402,0.1633842632475213,7600528.0,2013-08-11,建大,sii,Rubber,2106.TW
2013-05-01,2107,1.170037253464276,2.1030021208564387,1.4691854868526606,1465003.0,2013-06-11,厚生,sii,Rubber,2107.TW
2014-02-01,2107,1.2488324646172577,2.301998131938094,0.8988656603346286,945733.0,2014-03-11,厚生,sii,Rubber,2107.TW
2019-05-01,2107,1.0829022586858228,2.125628298818576,0.4270020896646409,812159.0,2019-06-11,厚生,sii,Rubber,2107.TW
2008-09-01,2108,0.3116923729854697,2.1824379517462007,0.254771996688119,1174450.0,2008-10-11,南帝,sii,Rubber,2108.TW
2010-02-01,2108,0.5232846767520967,2.3619800861178946,0.64025773968776,1043875.0,2010-03-11,南帝,sii,Rubber,2108.TW
2011-07-01,2108,0.6374207652674482,2.118540719022819,0.3435009196087504,1788594.0,2011-08-11,南帝,sii,Rubber,2108.TW
2020-12-01,2108,0.8807014845011922,3.1258401762191013,0.8068762089072334,5599279.0,2021-01-11,南帝,sii,Rubber,2108.TW
2021-06-01,2108,1.6581452577953733,4.26271052161924,0.03194812065255048,7203672.0,2021-07-11,南帝,sii,Rubber,2108.TW
2013-01-01,2109,0.8002618211036663,4.724227637389547,0.7434981072044002,1057517.0,2013-02-11,華豐,sii,Rubber,2109.TW
2013-07-01,2109,1.9883532766386325,3.6688430602575752,0.12263976795531129,1909492.0,2013-08-11,華豐,sii,Rubber,2109.TW
2010-09-01,2114,0.72906398955603,2.5843105778010353,0.48847272360902316,512562.0,2010-10-11,鑫永銓,sii,Rubber,2114.TW
2009-10-01,2201,0.40616066018655217,2.108482390620772,0.3311971251520065,4943175.0,2009-11-11,裕隆,sii,Automotive,2201.TW
2010-09-01,2201,1.048165937937124,2.012001330469176,0.7527224081835788,9450168.0,2010-10-11,裕隆,sii,Automotive,2201.TW
2013-04-01,2201,1.0740618921058123,2.161717207174311,0.8075319535163865,19037223.0,2013-05-11,裕隆,sii,Automotive,2201.TW
2013-10-01,2201,1.986278578658379,2.9061627711567533,0.3352704713481369,24116272.0,2013-11-11,裕隆,sii,Automotive,2201.TW
2009-09-01,2204,0.3622084541634185,3.2004371625201604,0.5072262784033684,7134876.0,2009-10-11,中華,sii,Automotive,2204.TW
2023-11-01,2204,0.42170565448744024,2.0286261156509244,0.1281995549230066,10879385.0,2023-12-11,中華,sii,Automotive,2204.TW
2010-09-01,2206,0.3009544822505099,2.2969821798161654,0.5030568512369177,5311455.0,2010-10-11,三陽工業,sii,Automotive,2206.TW
2011-03-01,2206,0.37969017403030936,2.541143781754716,0.5363665705205274,5681193.0,2011-04-11,三陽工業,sii,Automotive,2206.TW
2013-01-01,2206,0.3837184861647629,2.251563458208769,0.3086575566187122,6734598.0,2013-02-11,三陽工業,sii,Automotive,2206.TW
2016-12-01,2206,0.6184464394127178,3.080973546517207,0.7031104233389821,11263052.0,2017-01-11,三陽工業,sii,Automotive,2206.TW
2020-11-01,2206,0.44627148934003147,2.2778013979074987,0.22687867742622903,11700588.0,2020-12-11,三陽工業,sii,Automotive,2206.TW
2022-10-01,2206,0.43165209477792676,2.038565119108558,0.1373477588694152,14108018.0,2022-11-11,三陽工業,sii,Automotive,2206.TW
2023-04-01,2206,0.5019218040731115,2.357463586695825,0.4433496706972997,16515009.0,2023-05-11,三陽工業,sii,Automotive,2206.TW
2009-07-01,2207,0.5855687498457502,2.6410537449313716,0.8262919099047235,20879681.0,2009-08-11,和泰車,sii,Automotive,2207.TW
2010-01-01,2207,1.0265968058169852,2.1304121701769243,0.2595522544454303,24827878.0,2010-02-11,和泰車,sii,Automotive,2207.TW
2019-08-01,2208,0.4535285390971011,2.943434153826225,0.4945659891397868,4832244.0,2019-09-11,台船,sii,Shipping,2208.TW
2020-02-01,2208,0.7084271055007443,3.468936171021627,0.2931974058618534,5357120.0,2020-03-11,台船,sii,Shipping,2208.TW
2022-11-01,2208,0.5901338960265348,2.0716950178749234,0.7205282290512361,7442380.0,2022-12-11,台船,sii,Shipping,2208.TW
2025-05-01,2208,1.8208025734025024,5.7382215121469216,2.0501090497844614,10410674.0,2025-06-11,台船,sii,Shipping,2208.TW
2021-10-01,2221,0.9508669311265574,2.029783192461724,0.15364818371622402,559653.0,2021-11-11,大甲,otc,Other,2221.TWO
2009-11-01,2227,0.6484977380328054,2.3512869174237525,0.41602773284008254,6359052.0,2009-12-11,裕日車,sii,Automotive,2227.TW
2024-05-01,2230,1.3598687134069807,4.195999741868376,0.13878244073446888,302698.0,2024-06-11,泰茂,otc,Home & living,2230.TWO
2024-11-01,2230,2.7514335213309855,6.054263034741642,1.6167716352307604,796857.0,2024-12-11,泰茂,otc,Home & living,2230.TWO
2021-05-01,2231,0.7575833753521957,2.5826850685484097,0.5423118528475979,1209539.0,2021-06-11,為升,sii,Automotive,2231.TW
2021-01-01,2237,393.093050647821,7.001791277412948,394.0748231345935,334585.0,2021-02-11,華德動能-創,sii,Automotive,2237.TW
2022-11-01,2237,263.57578253706754,2.59539484060557,260.3234671993671,321195.0,2022-12-11,華德動能-創,sii,Automotive,2237.TW
2023-07-01,2247,0.3776150902298556,2.0480680081128586,0.17374002823773016,15948176.0,2023-08-11,汎德永業,sii,Automotive,2247.TW
2024-11-01,2247,0.3559190819124918,2.00008502536662,0.3293238161133649,15237660.0,2024-12-11,汎德永業,sii,Automotive,2247.TW
2010-01-01,2301,0.7727489202570201,2.638291691398766,1.0135475914122671,24891297.0,2010-02-11,光寶科,sii,Computers & peripherals,2301.TW
2013-02-01,2301,1.004093267283133,3.020862085589602,1.1383137258158291,36581494.0,2013-03-11,光寶科,sii,Computers & peripherals,2301.TW
2013-08-01,2301,1.7488943195878552,3.241091690187949,0.2682861308718545,54066441.0,2013-09-11,光寶科,sii,Computers & peripherals,2301.TW
2020-11-01,2302,1.6391052526462953,4.078911616624354,1.3767159397247384,317136.0,2020-12-11,麗正,sii,Semiconductors,2302.TW
2009-12-01,2303,0.4964503712403565,2.2310103405812782,0.3892999813170348,27745616.0,2010-01-11,聯電,sii,Semiconductors,2303.TW
2026-08-01,2305,1.91045151122354,2.2300131302529915,1.0617316085814554,509687.0,2026-09-11,全友,sii,Computers & peripherals,2305.TW
2013-01-01,2308,1.7104949671732697,5.475548521715703,1.6171090131495773,20300599.0,2013-02-11,台達電,sii,Electronic components,2308.TW
2013-10-01,2308,4.044349840144447,3.3698143386913344,0.8104645035625051,47560713.0,2013-11-11,台達電,sii,Electronic components,2308.TW
2009-12-01,2311,0.5837574309000817,2.0581956345493486,0.5748441770208421,14105829.0,2010-01-11,日月光,sii,,2311.TW
2008-10-01,2312,0.5007207596922536,2.7331728345892246,0.5477409067554021,8194252.0,2008-11-11,金寶,sii,Other electronics,2312.TW
2012-05-01,2312,0.7751205050434553,2.559136855988361,0.9063211233621862,6333085.0,2012-06-11,金寶,sii,Other electronics,2312.TW
2013-01-01,2312,0.8153611279280399,2.355208218265258,0.7179384676033846,11379564.0,2013-02-11,金寶,sii,Other electronics,2312.TW
2016-03-01,2312,1.2660738499458586,2.859554878876932,1.852314350574003,27875337.0,2016-04-11,金寶,sii,Other electronics,2312.TW
2016-09-01,2312,2.1582649644080845,3.6706866873497828,0.3829019138788152,32574787.0,2016-10-11,金寶,sii,Other electronics,2312.TW
2013-02-01,2313,0.5603447033879163,2.426342231612987,0.5039166796690129,6389972.0,2013-03-11,華通,sii,Electronic components,2313.TW
2013-08-01,2313,0.5865201969770399,2.0653339722508446,0.004912694626567404,7804334.0,2013-09-11,華通,sii,Electronic components,2313.TW
2016-05-01,2314,0.5136109640928439,2.0463563702588226,0.27982583045736686,1953265.0,2016-06-11,台揚,sii,Communications & networking,2314.TW
2023-02-01,2314,0.6187292144243743,2.5852309116708234,0.4067799336457125,1290820.0,2023-03-11,台揚,sii,Communications & networking,2314.TW
2025-10-01,2314,0.965951832847413,3.621803550413959,1.2388772591401322,660145.0,2025-11-11,台揚,sii,Communications & networking,2314.TW
2026-04-01,2314,0.6733498308166255,2.356968086747783,0.3680592115031125,430742.0,2026-05-11,台揚,sii,Communications & networking,2314.TW
2026-08-01,2316,0.5579537743723391,2.2528592527529883,0.15739800055753483,1297238.0,2026-09-11,楠梓電,sii,Electronic components,2316.TW
2010-05-01,2317,0.640716693137078,2.0076436376950837,0.3256829654311053,474087648.0,2010-06-11,鴻海,sii,Other electronics,2317.TW
2011-11-01,2323,0.3256692699593102,2.3365640117369595,0.226057487234548,5273055.0,2011-12-11,中環,sii,Optoelectronics,2323.TW
2020-03-01,2323,0.4482891536396463,3.2889423205863135,0.7144307648498742,2663957.0,2020-04-11,中環,sii,Optoelectronics,2323.TW
2020-09-01,2323,0.3398336276383698,2.458620195522037,0.3344891685459561,2356695.0,2020-10-11,中環,sii,Optoelectronics,2323.TW
2009-12-01,2324,1.0798262567261023,2.5463567956851985,0.5091179649418738,222222387.0,2010-01-11,仁寶,sii,Computers & peripherals,2324.TW
2010-01-01,2325,0.7269721603733938,2.3495610262352558,0.7084783538642505,15907277.0,2010-02-11,矽品,sii,,2325.TW
2010-01-01,2327,1.1332034959906712,3.947685824721446,1.2673767665045725,2661630.0,2010-02-11,國巨*,sii,Electronic components,2327.TW
2013-01-01,2327,0.8317913187001507,2.5842092390809794,0.7319509699025566,3826689.0,2013-02-11,國巨*,sii,Electronic components,2327.TW
2013-07-01,2327,1.0947222048733192,2.4922753753013525,0.16389512832413766,6473054.0,2013-08-11,國巨*,sii,Electronic components,2327.TW
2018-05-01,2327,0.9692481910419657,2.1967948168998808,0.5416261896226395,15461243.0,2018-06-11,國巨*,sii,Electronic components,2327.TW
2021-02-01,2327,1.4169766363495064,2.175455903176274,0.22091398379556626,22345575.0,2021-03-11,國巨*,sii,Electronic components,2327.TW
2010-02-01,2328,0.6463842334150192,2.02021698843588,0.8090285544783444,1302690.0,2010-03-11,廣宇,sii,Electronic components,2328.TW
2012-03-01,2328,0.6104673983638267,2.018809555969984,0.59551639462491,1817588.0,2012-04-11,廣宇,sii,Electronic components,2328.TW
2008-04-01,2329,0.33624993462373576,2.2391165587712902,0.20756000484802128,2580471.0,2008-05-11,華泰,sii,Semiconductors,2329.TW
2010-03-01,2329,0.43295969478756224,2.021334129574251,0.3304338995447851,2346728.0,2010-04-11,華泰,sii,Semiconductors,2329.TW
2014-06-01,2329,0.48200370760093825,2.0284086191977466,0.161389302456586,3328072.0,2014-07-11,華泰,sii,Semiconductors,2329.TW
2014-12-01,2329,0.5586042883194944,2.061256991878966,0.13997052443702573,3993844.0,2015-01-11,華泰,sii,Semiconductors,2329.TW
2010-01-01,2330,0.9819086779778361,3.101140762392669,0.9993155339542901,88971666.0,2010-02-11,台積電,sii,Semiconductors,2330.TW
2009-12-01,2332,0.8773894166009146,2.431089143848253,1.2841390059974058,861335.0,2010-01-11,友訊,sii,Communications & networking,2332.TW
2013-01-01,2332,2.470190172650786,3.8819579300158873,2.548681348754384,2756844.0,2013-02-11,友訊,sii,Communications & networking,2332.TW
2013-07-01,2332,8.17562199609355,4.034736694194973,1.4059466913535426,7525680.0,2013-08-11,友訊,sii,Communications & networking,2332.TW
2010-01-01,2337,0.7035813128873347,3.7035958526862216,0.6363312978282538,6926087.0,2010-02-11,旺宏,sii,Semiconductors,2337.TW
2011-12-01,2337,0.5281869084325514,2.323086201067857,0.7259321892507306,8413757.0,2012-01-11,旺宏,sii,Semiconductors,2337.TW
2017-08-01,2337,0.4670428682125918,2.320648196918283,0.22091746754039265,8741127.0,2017-09-11,旺宏,sii,Semiconductors,2337.TW
2020-03-01,2337,0.5616710447463127,2.3776145017742887,0.49494135099514636,9415157.0,2020-04-11,旺宏,sii,Semiconductors,2337.TW
2026-02-01,2337,0.521927534224236,2.0683876281986207,0.3367262823671031,8679294.0,2026-03-11,旺宏,sii,Semiconductors,2337.TW
2026-08-01,2337,2.038669837258034,5.998924374486451,0.6165416575560347,22826345.0,2026-09-11,旺宏,sii,Semiconductors,2337.TW
2017-10-01,2338,0.3901115308758576,3.4317716597219223,0.3731172268375269,400341.0,2017-11-11,光罩,sii,Semiconductors,2338.TW
2018-04-01,2338,1.3330250293243182,5.729476749638465,0.5712833234013655,658354.0,2018-05-11,光罩,sii,Semiconductors,2338.TW
2010-01-01,2340,0.7090583416198206,2.3948375201099523,0.6961801488667458,1799500.0,2010-02-11,台亞,sii,Semiconductors,2340.TW
2010-02-01,2342,0.8325567775491383,2.7529884591721414,1.0938274918915596,919949.0,2010-03-11,茂矽,sii,Semiconductors,2342.TW
2020-06-01,2342,0.967383210236771,2.5125530738427786,0.8906571033963588,517831.0,2020-07-11,茂矽,sii,Semiconductors,2342.TW
2009-12-01,2344,0.7227477324851286,2.237272640822873,0.598909908752592,6508031.0,2010-01-11,華邦電,sii,Semiconductors,2344.TW
2021-01-01,2344,0.7256071171768634,2.010268724665308,0.32601903022648715,20386728.0,2021-02-11,華邦電,sii,Semiconductors,2344.TW
2021-07-01,2344,1.0768494582089372,2.800295347378029,0.21625898962043344,26019121.0,2021-08-11,華邦電,sii,Semiconductors,2344.TW
2026-02-01,2344,0.7838360312446719,2.052369235781716,0.5166534960050786,33521968.0,2026-03-11,華邦電,sii,Semiconductors,2344.TW
2026-08-01,2344,2.5636498405658763,5.780690453714756,1.0620498001663399,74678695.0,2026-09-11,華邦電,sii,Semiconductors,2344.TW
2010-01-01,2345,0.3523413427074884,2.2441158704272395,0.32155845509873915,4474838.0,2010-02-11,智邦,sii,Communications & networking,2345.TW
2010-07-01,2345,0.49287769766642864,2.119889030654643,0.09021353379470698,4901428.0,2010-08-11,智邦,sii,Communications & networking,2345.TW
2017-03-01,2345,0.4454266435211016,2.0414089333370242,0.2613505584733027,8562229.0,2017-04-11,智邦,sii,Communications & networking,2345.TW
2019-05-01,2345,0.5141228427847471,2.2806534938021614,0.3558749261834606,13724712.0,2019-06-11,智邦,sii,Communications & networking,2345.TW
2024-11-01,2345,0.5539829986166847,2.507294462254565,0.3503269020418045,33478845.0,2024-12-11,智邦,sii,Communications & networking,2345.TW
2025-05-01,2345,1.2800344889933921,4.768199036742975,0.1412333607091294,53379089.0,2025-06-11,智邦,sii,Communications & networking,2345.TW
2011-03-01,2347,0.31631349811540566,2.463604089451275,0.16659271647095686,15154483.0,2011-04-11,聯強,sii,Electronics distribution,2347.TW
2013-01-01,2347,1.4547475459379404,6.595102949304022,1.2959291017191537,37776299.0,2013-02-11,聯強,sii,Electronics distribution,2347.TW
2013-09-01,2347,4.223844118875526,3.602143463548062,0.5429863193268902,85972031.0,2013-10-11,聯強,sii,Electronics distribution,2347.TW
2013-10-01,2348,10.741730379154314,6.680142925093153,6.0852898727002325,301011.0,2013-11-11,海悅,sii,Other,2348.TW
2010-01-01,2349,0.35959410801963987,2.2112723053537575,0.3536923622482291,4153560.0,2010-02-11,錸德,sii,Optoelectronics,2349.TW
2010-03-01,2351,1.5789487142077152,2.9595270908491424,1.2261225381045673,1714596.0,2010-04-11,順德,sii,Semiconductors,2351.TW
2013-05-01,2352,0.5660580705687697,2.0372114793332394,0.40306628595688077,29182493.0,2013-06-11,佳世達,sii,Computers & peripherals,2352.TW
2013-11-01,2352,0.7110144165312817,2.229736357926805,0.21502813578631197,32344173.0,2013-12-11,佳世達,sii,Computers & peripherals,2352.TW
2010-01-01,2353,0.7799010933133501,2.6904454572529155,0.7548023223917144,146890759.0,2010-02-11,宏,sii,Computers & peripherals,2353.TW
2021-02-01,2353,0.5020051676205344,2.098005296807047,0.16390034752625815,72177113.0,2021-03-11,宏,sii,Computers & peripherals,2353.TW
2017-12-01,2354,1.813520056270025,2.0996997701863744,0.7083960648534515,60328403.0,2018-01-11,鴻準,sii,Other electronics,2354.TW
2024-12-01,2354,1.7452310725121283,2.3987938939344815,1.8400620092837723,33171231.0,2025-01-11,鴻準,sii,Other electronics,2354.TW
2009-12-01,2355,0.5887442284293485,2.527166888532517,0.613142974845761,3302216.0,2010-01-11,敬鵬,sii,Electronic components,2355.TW
2008-08-01,2356,0.8335869590218099,2.1410863763843384,0.4997502374045888,89922933.0,2008-09-11,英業達,sii,Computers & peripherals,2356.TW
2013-09-01,2356,0.687146562632655,2.000831388113468,0.3674275554913049,122469284.0,2013-10-11,英業達,sii,Computers & peripherals,2356.TW
2024-12-01,2356,0.5445119042901592,2.0998496497819232,0.33857421294697354,197806296.0,2025-01-11,英業達,sii,Computers & peripherals,2356.TW
2026-07-01,2356,0.5386463533879171,2.0439609910919376,0.25016443178471426,275260583.0,2026-08-11,英業達,sii,Computers & peripherals,2356.TW
2012-11-01,2358,2.0596178439780335,4.771843363858941,0.8591949523700055,406715.0,2012-12-11,廷鑫,sii,,2358.TW
2010-09-01,2359,0.6419856559085981,2.0296010176029924,0.6192891786505308,1575124.0,2010-10-11,所羅門,sii,Other electronics,2359.TW
2013-02-01,2359,1.000349268794484,3.2724109610726266,1.1438521054699526,1151177.0,2013-03-11,所羅門,sii,Other electronics,2359.TW
2009-12-01,2360,0.7679083050490356,2.275172396299398,0.8989861331033343,1149570.0,2010-01-11,致茂,sii,Other electronics,2360.TW
2013-03-01,2360,1.4761053715348762,2.637905402488567,1.4529089773432362,2166872.0,2013-04-11,致茂,sii,Other electronics,2360.TW
2013-12-01,2360,1.6681971983042367,2.2894028334815757,0.5477771174136983,2431923.0,2014-01-11,致茂,sii,Other electronics,2360.TW
2026-06-01,2360,1.0958375126541444,2.0255022906096087,0.3682947748070402,13529459.0,2026-07-11,致茂,sii,Other electronics,2360.TW
2013-03-01,2362,0.9674919991810609,2.2010151698766016,0.8648651189681027,4564729.0,2013-04-11,藍天,sii,Computers & peripherals,2362.TW
2024-10-01,2363,2.951008477734302,5.444097116433274,2.5419644662966343,339281.0,2024-11-11,矽統,sii,Semiconductors,2363.TW
2025-04-01,2363,12.25804389516301,6.494957152354941,0.47553613357656843,497760.0,2025-05-11,矽統,sii,Semiconductors,2363.TW
2010-01-01,2365,0.46274199304130614,3.217424268881153,0.6249965789137402,2229839.0,2010-02-11,昆盈,sii,Computers & peripherals,2365.TW
2021-02-01,2365,0.3104341285533385,2.1614610655745325,0.1411401753532635,412906.0,2021-03-11,昆盈,sii,Computers & peripherals,2365.TW
2022-08-01,2367,0.6838321407669787,2.1814975060792485,0.29704958772628665,5161582.0,2022-09-11,燿華,sii,Electronic components,2367.TW
2025-08-01,2368,0.5726428164970716,2.0951294268830276,0.0895427929500936,16164719.0,2025-09-11,金像電,sii,Electronic components,2368.TW
2026-05-01,2368,0.6975769356435317,2.3524979766820366,0.13569527358600486,23447868.0,2026-06-11,金像電,sii,Electronic components,2368.TW
2009-12-01,2369,0.38630947088869716,2.0569701155423736,0.4752046838382654,1450131.0,2010-01-11,菱生,sii,Semiconductors,2369.TW
2021-05-01,2369,0.43963603657356876,2.255873103990917,0.13581730734478858,1949558.0,2021-06-11,菱生,sii,Semiconductors,2369.TW
2013-01-01,2371,0.6944536772884176,2.689461754959605,0.9567417930504459,14427070.0,2013-02-11,大同,sii,Electrical machinery,2371.TW
2013-07-01,2371,2.5422777865663124,4.070162611998954,0.6929748555365629,29512707.0,2013-08-11,大同,sii,Electrical machinery,2371.TW
2013-01-01,2373,0.8332880117561425,3.951668340756684,0.9046141948218324,1334872.0,2013-02-11,震旦行,sii,Other electronics,2373.TW
2013-07-01,2373,2.886979532948111,3.9942157098177553,0.4130235854886659,2680636.0,2013-08-11,震旦行,sii,Other electronics,2373.TW
2010-01-01,2374,0.787554007482238,2.0285403860211977,0.5808548896653007,10235225.0,2010-02-11,佳能,sii,Optoelectronics,2374.TW
2022-02-01,2374,0.7041143628404123,2.253300402953362,0.7214199087164265,1063093.0,2022-03-11,佳能,sii,Optoelectronics,2374.TW
2025-10-01,2374,0.8933768261502042,2.469011063279224,0.47653791323134764,3195329.0,2025-11-11,佳能,sii,Optoelectronics,2374.TW
2008-06-01,2376,0.40073726872150117,2.022123622955976,0.3489461073394178,8178692.0,2008-07-11,技嘉,sii,Computers & peripherals,2376.TW
2009-04-01,2376,1.2062402518629773,2.208875921533089,0.7666490580592207,10693823.0,2009-05-11,技嘉,sii,Computers & peripherals,2376.TW
2020-06-01,2376,0.6988078335979928,2.166007893922718,0.6237892650622714,20909377.0,2020-07-11,技嘉,sii,Computers & peripherals,2376.TW
2023-10-01,2376,0.8076805508734834,2.3409337298380484,0.569867957848951,44973608.0,2023-11-11,技嘉,sii,Computers & peripherals,2376.TW
2024-04-01,2376,1.4605655242461695,4.103649012026194,0.8201165164715367,66745950.0,2024-05-11,技嘉,sii,Computers & peripherals,2376.TW
2018-05-01,2377,0.4225423177318577,2.2590290516933313,0.20338521934272236,31495269.0,2018-06-11,微星,sii,Computers & peripherals,2377.TW
2020-07-01,2377,0.4095007727280535,2.249301189997333,0.3413881075172407,38569706.0,2020-08-11,微星,sii,Computers & peripherals,2377.TW
2021-01-01,2377,0.48810679836747384,2.6146678481958254,0.3192124058166341,45089322.0,2021-02-11,微星,sii,Computers & peripherals,2377.TW
2009-12-01,2379,0.7098453770393458,2.792309356161786,0.38705970142173207,5267112.0,2010-01-11,瑞昱,sii,Semiconductors,2379.TW
2018-05-01,2380,0.3632927804904962,2.7954088888737756,0.28601480559243964,543598.0,2018-06-11,虹光,sii,Computers & peripherals,2380.TW
2020-09-01,2380,0.4356465938549148,3.1588533081372803,0.8209541521775537,506733.0,2020-10-11,虹光,sii,Computers & peripherals,2380.TW
2021-03-01,2380,1.1416753440129703,4.983235556866105,0.25531410152419065,631428.0,2021-04-11,虹光,sii,Computers & peripherals,2380.TW
2024-02-01,2380,0.779866087160813,2.22845600147948,1.0647733703755562,727296.0,2024-03-11,虹光,sii,Computers & peripherals,2380.TW
2025-01-01,2382,0.5674344003082956,2.0060536763146812,0.06856580970557324,422329622.0,2025-02-11,廣達,sii,Computers & peripherals,2382.TW
2026-01-01,2382,0.6486565297093936,2.098794269218272,0.4791569616928928,696276489.0,2026-02-11,廣達,sii,Computers & peripherals,2382.TW
2026-07-01,2382,1.0905498347142548,3.4158018422216183,0.24330360200212175,1062945917.0,2026-08-11,廣達,sii,Computers & peripherals,2382.TW
2013-01-01,2383,1.4000788786819283,4.69162279103162,1.1498543595340074,2166436.0,2013-02-11,台光電,sii,Electronic components,2383.TW
2013-12-01,2383,2.256578342146752,2.51557229780554,0.11783479912530392,4106402.0,2014-01-11,台光電,sii,Electronic components,2383.TW
2010-01-01,2384,0.47704772323660727,2.80688869844821,0.7151597377314165,7559514.0,2010-02-11,勝華科技,sii,,2384.TW
2010-07-01,2384,1.3283884535852795,3.7655204140786442,0.9028397933929773,13879165.0,2010-08-11,勝華科技,sii,,2384.TW
2010-01-01,2385,0.6417353099168583,2.7692703715099833,0.5154501982010509,5119218.0,2010-02-11,群光,sii,Electronic components,2385.TW
2012-12-01,2385,0.7059922089894166,2.9943370772741345,0.48311352693425125,8583159.0,2013-01-11,群光,sii,Electronic components,2385.TW
2010-06-01,2387,0.4042928781278492,2.2823110093592516,0.4631955911128388,554471.0,2010-07-11,精元,sii,Computers & peripherals,2387.TW
2013-01-01,2387,2.358012876879401,7.219941576058958,2.433152698042273,1470269.0,2013-02-11,精元,sii,Computers & peripherals,2387.TW
2013-07-01,2387,5.563886381290282,4.10341194245612,0.8291146264114619,3126576.0,2013-08-11,精元,sii,Computers & peripherals,2387.TW
2013-06-01,2388,0.7910944029421336,2.968010227109328,0.7900095574783181,1447421.0,2013-07-11,威盛,sii,Semiconductors,2388.TW
2013-12-01,2388,1.5460301537419414,3.2955079244194274,0.44536226752814434,1969530.0,2014-01-11,威盛,sii,Semiconductors,2388.TW
2023-12-01,2388,0.9113214189153633,2.188373556663186,0.6593197228989609,4213294.0,2024-01-11,威盛,sii,Semiconductors,2388.TW
2024-10-01,2388,0.9764907780978895,2.3118189448125337,1.2086294060525815,6120178.0,2024-11-11,威盛,sii,Semiconductors,2388.TW
2010-09-01,2390,0.4918356531891461,2.7376710044375034,0.1679733445519791,360335.0,2010-10-11,云辰,sii,Other electronics,2390.TW
2014-06-01,2390,0.6809890015129778,2.299658105744421,0.33368623432619526,428864.0,2014-07-11,云辰,sii,Other electronics,2390.TW
2013-01-01,2392,0.9493918734425961,2.2495349054534377,0.8140289151479703,27200859.0,2013-02-11,正崴,sii,Electronic components,2392.TW
2010-01-01,2393,0.6856133097925903,2.608582295804043,0.5873867963987509,3320520.0,2010-02-11,億光,sii,Optoelectronics,2393.TW
2010-05-01,2395,0.6416581364395277,2.869116963148242,0.4589555464508981,3994980.0,2010-06-11,研華,sii,Computers & peripherals,2395.TW
2013-12-01,2395,0.7039522999208803,2.0863502058533205,0.1582958369076075,8272121.0,2014-01-11,研華,sii,Computers & peripherals,2395.TW
2026-07-01,2395,0.6455158233490008,2.737098737693494,0.4296635839646332,29129033.0,2026-08-11,研華,sii,Computers & peripherals,2395.TW
2008-03-01,2397,0.3842171425559915,2.0300047143115183,0.32582349925545984,893018.0,2008-04-11,友通,sii,Computers & peripherals,2397.TW
2013-05-01,2397,0.5706433860362816,2.232885460364071,0.50435980003676,674117.0,2013-06-11,友通,sii,Computers & peripherals,2397.TW
2019-11-01,2397,0.6111708007439558,2.018267774211206,0.44098869150587117,2079920.0,2019-12-11,友通,sii,Computers & peripherals,2397.TW
2021-07-01,2397,0.9059376238468138,2.985566238127707,0.9823368686800698,3799277.0,2021-08-11,友通,sii,Computers & peripherals,2397.TW
2022-01-01,2397,0.9319113774596506,2.6810362049593004,0.10386932831333251,4192097.0,2022-02-11,友通,sii,Computers & peripherals,2397.TW
2009-12-01,2399,0.709617277008505,2.0523474483872306,0.35759527321420514,1945818.0,2010-01-11,映泰,sii,Computers & peripherals,2399.TW
2017-07-01,2399,0.6047686653831517,2.3609330639741564,0.5458789564206334,1142767.0,2017-08-11,映泰,sii,Computers & peripherals,2399.TW
2018-02-01,2399,0.5457037521642598,2.0702641829114006,0.6984151719369036,1056116.0,2018-03-11,映泰,sii,Computers & peripherals,2399.TW
2021-06-01,2399,0.5751374027297507,2.266836925782695,0.4673263269628738,636806.0,2021-07-11,映泰,sii,Computers & peripherals,2399.TW
2022-01-01,2399,0.5944351799845933,2.277236647681523,0.5909571942702492,916923.0,2022-02-11,映泰,sii,Computers & peripherals,2399.TW
2009-09-01,2401,0.4657103736063115,2.799420683614844,0.4951518634458645,2247960.0,2009-10-11,凌陽,sii,Semiconductors,2401.TW
2013-02-01,2401,0.9365381658529754,2.4116112421486577,1.0306801617348664,1272079.0,2013-03-11,凌陽,sii,Semiconductors,2401.TW
2013-08-01,2401,2.213114644081901,3.5163206836019367,0.8991722464193175,2393915.0,2013-09-11,凌陽,sii,Semiconductors,2401.TW
2011-11-01,2402,1.1683567332960418,2.9713685060009927,1.2223640512249676,2027355.0,2011-12-11,毅嘉,sii,Electronic components,2402.TW
2013-05-01,2402,1.6151619870882312,2.8384161088399398,1.5909059234172713,2393629.0,2013-06-11,毅嘉,sii,Electronic components,2402.TW
2013-11-01,2402,2.130137327999855,2.669805824399717,0.11014050052578028,2760706.0,2013-12-11,毅嘉,sii,Electronic components,2402.TW
2008-06-01,2403,0.515269904689881,2.1341998952641092,0.25766887591421295,18674156.0,2008-07-11,友尚,sii,,2403.TW
2010-05-01,2404,1.7644261068667677,2.8108761647052605,2.039373984794624,1829124.0,2010-06-11,漢唐,sii,Other electronics,2404.TW
2010-01-01,2405,0.5922596261667787,2.197516959409783,0.8465915981993173,411787.0,2010-02-11,輔信,sii,Computers & peripherals,2405.TW
2010-07-01,2405,1.5509139155942147,2.9476710016737817,0.5760622502323893,601781.0,2010-08-11,輔信,sii,Computers & peripherals,2405.TW
2013-01-01,2405,2.665842850577105,2.9875626618389766,2.511607518111655,1268202.0,2013-02-11,輔信,sii,Computers & peripherals,2405.TW
2013-07-01,2405,6.705415853257823,3.5657438018770606,0.14544248002714433,3986551.0,2013-08-11,輔信,sii,Computers & peripherals,2405.TW
2011-03-01,2406,0.5295778332811087,2.4652349622080445,0.6166689788665914,502786.0,2011-04-11,國碩,sii,Optoelectronics,2406.TW
2011-09-01,2406,1.3490384615384614,3.657045348039212,0.7423500757906845,608307.0,2011-10-11,國碩,sii,Optoelectronics,2406.TW
2013-03-01,2406,1.6072039919901817,3.10380466166279,1.7290698603286836,1937382.0,2013-04-11,國碩,sii,Optoelectronics,2406.TW
2013-09-01,2406,1.610479409508867,2.4132038543297383,0.1769019125396798,1790272.0,2013-10-11,國碩,sii,Optoelectronics,2406.TW
2024-06-01,2406,2.0904353506696016,3.1425995776300493,1.5883825604564423,2469434.0,2024-07-11,國碩,sii,Optoelectronics,2406.TW
2026-01-01,2406,1.8007939364449759,2.519277293156459,1.7015431206643914,2653559.0,2026-02-11,國碩,sii,Optoelectronics,2406.TW
2009-11-01,2408,1.0373210835411557,2.5244964700065116,1.226500083920532,16285540.0,2009-12-11,南亞科,sii,Semiconductors,2408.TW
2025-09-01,2408,1.309087396848705,2.6687335524838733,1.2481007646972264,18778868.0,2025-10-11,南亞科,sii,Semiconductors,2408.TW
2026-03-01,2408,5.829068133568171,7.088394664903426,2.252159534349026,49086932.0,2026-04-11,南亞科,sii,Semiconductors,2408.TW
2010-01-01,2409,1.378737738059924,2.249237792239257,1.2207515086426497,108248664.0,2010-02-11,友達,sii,Optoelectronics,2409.TW
2022-10-01,2413,0.4624353784003561,2.043784082384509,0.23595491589325013,1343418.0,2022-11-11,環科,sii,Electronic components,2413.TW
2010-03-01,2414,0.33547736503188896,2.312695423312858,0.18703202474316205,3468411.0,2010-04-11,精技,sii,Electronics distribution,2414.TW
2025-04-01,2414,0.32819817031129017,2.7435340011777196,0.17710679127859819,6886754.0,2025-05-11,精技,sii,Electronics distribution,2414.TW
2026-05-01,2414,0.459913523474615,3.6565823615457127,0.30680427781315966,10362291.0,2026-06-11,精技,sii,Electronics distribution,2414.TW
2013-03-01,2415,0.9140064651796438,3.2066088237649546,1.256719737739241,403218.0,2013-04-11,錩新,sii,Electronic components,2415.TW
2013-09-01,2415,1.1373576369025948,2.994093242009714,0.22226441369330074,493191.0,2013-10-11,錩新,sii,Electronic components,2415.TW
2021-06-01,2415,1.2710636698856503,3.2834552938296997,1.064150079194522,743385.0,2021-07-11,錩新,sii,Electronic components,2415.TW
2010-01-01,2417,0.8894614756889783,2.392146774559838,1.1808532358503017,882165.0,2010-02-11,圓剛,sii,Computers & peripherals,2417.TW
2015-03-01,2417,1.1301601164483261,2.862738720891584,1.3900678940729105,512197.0,2015-04-11,圓剛,sii,Computers & peripherals,2417.TW
2015-09-01,2417,2.3179959535725696,3.837950956142068,0.49812014537877713,623186.0,2015-10-11,圓剛,sii,Computers & peripherals,2417.TW
2020-08-01,2417,1.8978713613527818,3.106346283237323,1.6235489228456421,2292280.0,2020-09-11,圓剛,sii,Computers & peripherals,2417.TW
2010-04-01,2419,0.6495177665313803,2.993658144243533,0.7347551257649328,1234316.0,2010-05-11,仲琦,sii,Communications & networking,2419.TW
2021-02-01,2419,0.8562300111807379,2.1171712910939244,0.5258439648938364,3141105.0,2021-03-11,仲琦,sii,Communications & networking,2419.TW
2010-01-01,2420,0.48747235221741536,2.0288444001090182,0.4843838792178441,824497.0,2010-02-11,新巨,sii,Electronic components,2420.TW
2013-03-01,2421,0.3723470794891157,2.3150711907227874,0.4223386947750345,1671903.0,2013-04-11,建準,sii,Electronic components,2421.TW
2013-09-01,2421,0.6455745903163812,2.882014645683027,0.027859916484306302,2229668.0,2013-10-11,建準,sii,Electronic components,2421.TW
2025-04-01,2421,0.4660266441163332,2.2225470819683197,0.29662480164461247,4486647.0,2025-05-11,建準,sii,Electronic components,2421.TW
2010-03-01,2423,0.41674173008231086,2.492976996512004,0.5195295436472787,319284.0,2010-04-11,固緯,sii,Other electronics,2423.TW
2013-03-01,2423,0.4694597932369118,2.3545837541121273,0.5998042334763254,461669.0,2013-04-11,固緯,sii,Other electronics,2423.TW
2013-11-01,2423,0.5489145115657477,2.2736523789451297,0.07866866438966791,544730.0,2013-12-11,固緯,sii,Other electronics,2423.TW
2013-12-01,2424,97.87839163125204,9.339608989317261,97.9124553969598,302469.0,2014-01-11,隴華,sii,Communications & networking,2424.TW
2009-11-01,2425,2.137878910197344,2.7520676156743544,1.6055600988718517,1127192.0,2009-12-11,承啟,sii,Computers & peripherals,2425.TW
2012-06-01,2425,3.5076214164992505,3.0865588985238372,3.9704695051192562,565418.0,2012-07-11,承啟,sii,Computers & peripherals,2425.TW
2012-12-01,2425,52.44797840502318,7.52694604270117,39.343410987756336,910807.0,2013-01-11,承啟,sii,Computers & peripherals,2425.TW
2009-12-01,2426,0.7501803412009576,2.5344855055367055,0.7511269453733682,761829.0,2010-01-11,鼎元,sii,Optoelectronics,2426.TW
2013-10-01,2426,0.9108842068522851,2.198433608253342,0.8207809915872837,1292052.0,2013-11-11,鼎元,sii,Optoelectronics,2426.TW
2008-07-01,2427,0.5014379223752723,2.3406124910807864,0.48303732816878564,650519.0,2008-08-11,三商電,sii,IT services,2427.TW
2009-11-01,2427,0.7587564540958815,2.1848426221564363,1.3073678921182204,516392.0,2009-12-11,三商電,sii,IT services,2427.TW
2016-05-01,2427,1.1620768712070126,3.318468379728825,1.2579936846082405,641272.0,2016-06-11,三商電,sii,IT services,2427.TW
2017-10-01,2427,1.0981048813390406,3.0260040564243855,1.0422832799544497,934733.0,2017-11-11,三商電,sii,IT services,2427.TW
2024-05-01,2427,1.0432395531868908,2.9996020942379915,1.0446225398253142,1550402.0,2024-06-11,三商電,sii,IT services,2427.TW
2025-06-01,2427,1.4756858809722244,4.240453151133727,1.7440878683433125,2037742.0,2025-07-11,三商電,sii,IT services,2427.TW
2026-01-01,2427,0.9022675192782674,2.31934233448039,0.2884336004423371,2687145.0,2026-02-11,三商電,sii,IT services,2427.TW
2010-01-01,2428,0.9336104235128926,3.8568273722061113,0.9613995165345096,586640.0,2010-02-11,興勤,sii,Electronic components,2428.TW
2013-06-01,2428,0.6251379347689281,2.0025681617611983,0.12517428457238555,1110447.0,2013-07-11,興勤,sii,Electronic components,2428.TW
2013-12-01,2428,0.8210939202440619,2.343283654248078,0.09413613218696049,1128195.0,2014-01-11,興勤,sii,Electronic components,2428.TW
2021-03-01,2428,0.6048922355363942,2.167465759788286,0.4835847762884731,1758145.0,2021-04-11,興勤,sii,Electronic components,2428.TW
2008-04-01,2431,1.2392123714768726,3.1345880925218346,1.2530615533910177,323190.0,2008-05-11,聯昌,sii,Electronic components,2431.TW
2009-02-01,2431,2.223296281242453,2.3312684113113593,1.206168366282966,547190.0,2009-03-11,聯昌,sii,Electronic components,2431.TW
2013-02-01,2433,0.32104019799010053,4.06135520650982,0.3538942633883976,422754.0,2013-03-11,互盛電,sii,Other electronics,2433.TW
2013-08-01,2433,0.513762080317995,3.4698699938779556,0.09058132122252416,498883.0,2013-09-11,互盛電,sii,Other electronics,2433.TW
2013-09-01,2439,1.2773326753010763,2.050742858295423,0.7840831610309345,3017837.0,2013-10-11,美律,sii,Communications & networking,2439.TW
2013-11-01,2440,0.7166005042647927,2.478656432900821,0.37751490832754975,639983.0,2013-12-11,太空梭,sii,Electronic components,2440.TW
2021-01-01,2440,0.5749031298324836,2.089519804548245,0.4043336084215483,1071394.0,2021-02-11,太空梭,sii,Electronic components,2440.TW
2009-12-01,2441,0.8541038906747997,3.187915352439236,0.7925375303617259,2430504.0,2010-01-11,超豐,sii,Semiconductors,2441.TW
2016-06-01,2442,0.993343038756803,2.04762082596786,0.9229108100701346,471015.0,2016-07-11,新美齊,sii,Construction,2442.TW
2018-10-01,2442,4.040258558630619,6.721306920623755,3.3543511311434946,3024639.0,2018-11-11,新美齊,sii,Construction,2442.TW
2022-07-01,2442,7.008372763891575,7.575771653541638,7.9738305754384555,455284.0,2022-08-11,新美齊,sii,Construction,2442.TW
2023-12-01,2442,38.93752668746921,13.776027764826452,38.61848562377516,1215898.0,2024-01-11,新美齊,sii,Construction,2442.TW
2025-12-01,2442,18.93003397558494,3.363383439339227,19.244533267483384,9931116.0,2026-01-11,新美齊,sii,Construction,2442.TW
2010-01-01,2444,0.4749328121182508,2.946128823725399,0.6377350257505765,603690.0,2010-02-11,兆勁,sii,Communications & networking,2444.TW
2019-07-01,2444,0.397765630030708,2.306044289402406,0.38026927966574453,403746.0,2019-08-11,兆勁,sii,Communications & networking,2444.TW
2020-02-01,2444,0.5633324746036499,2.550849781131538,0.2707517574053935,449061.0,2020-03-11,兆勁,sii,Communications & networking,2444.TW
2010-01-01,2448,1.5268529769137302,2.352873894373308,1.1454181987652436,3878454.0,2010-02-11,晶電,sii,,2448.TW
2010-01-01,2449,1.0579457371502334,3.118146820620695,1.105020654692158,3341540.0,2010-02-11,京元電子,sii,Semiconductors,2449.TW
2008-02-01,2450,0.5049150185975002,2.598300088348473,0.3075987860696894,6135376.0,2008-03-11,神腦,sii,Communications & networking,2450.TW
2011-08-01,2450,0.4707629561292932,2.272253961676848,0.2768916110808801,7309611.0,2011-09-11,神腦,sii,Communications & networking,2450.TW
2025-09-01,2451,0.6323526373504125,2.376331068950153,0.24706049986890566,4108501.0,2025-10-11,創見,sii,Semiconductors,2451.TW
2026-03-01,2451,3.5689390556420504,7.672856622251869,1.8500482765443236,13628469.0,2026-04-11,創見,sii,Semiconductors,2451.TW
2008-10-01,2452,0.32904815868850235,2.035978394968245,0.10351904656506661,623919.0,2008-11-11,乾坤科技,sii,,2452.TW
2008-04-01,2453,1.141952863935464,2.117416643402763,1.583287905378243,436515.0,2008-05-11,凌群,sii,IT services,2453.TW
2009-02-01,2453,1.213735634330681,2.1142333927128454,1.2077582903923827,711167.0,2009-03-11,凌群,sii,IT services,2453.TW
2013-01-01,2454,0.598804815861175,2.1016569380078827,0.23125775164039442,19245039.0,2013-02-11,聯發科,sii,Semiconductors,2454.TW
2013-07-01,2454,1.1976242163002042,2.901000880060468,0.08704523554787569,33922345.0,2013-08-11,聯發科,sii,Semiconductors,2454.TW
2014-02-01,2454,1.1440007212618006,2.2215079729312848,0.2398328867866375,41663532.0,2014-03-11,聯發科,sii,Semiconductors,2454.TW
2009-12-01,2455,1.5023613518197574,2.4259339070773183,1.0806388410454184,462036.0,2010-01-11,全新,sii,Communications & networking,2455.TW
2023-11-01,2455,0.9313253612978041,2.0623096051046206,0.8025169719242577,929319.0,2023-12-11,全新,sii,Communications & networking,2455.TW
2010-01-01,2456,0.4198349562207815,2.8295830240595343,0.4978962110023355,439774.0,2010-02-11,奇力新,sii,,2456.TW
2021-02-01,2457,0.46192851684964964,2.2274282387496243,0.4467559870361437,2508279.0,2021-03-11,飛宏,sii,Electronic components,2457.TW
2009-09-01,2458,0.3732524909245385,2.5445230288467475,0.3660026137079744,1351242.0,2009-10-11,義隆,sii,Semiconductors,2458.TW
2010-03-01,2458,0.742133481339952,2.7790168437284235,0.41361751999416074,1227286.0,2010-04-11,義隆,sii,Semiconductors,2458.TW
2012-10-01,2458,0.6128230127840133,2.0480931571092658,0.19711087261584748,2067752.0,2012-11-11,義隆,sii,Semiconductors,2458.TW
2020-05-01,2458,0.5718685706929261,2.347342039373631,0.5143010493887883,3235605.0,2020-06-11,義隆,sii,Semiconductors,2458.TW
2021-01-01,2458,0.8485818308271929,3.0469407678918623,0.23869287939104433,4550384.0,2021-02-11,義隆,sii,Semiconductors,2458.TW
2010-03-01,2459,0.6815007236827892,2.1908004433726784,0.5898168123756804,1556767.0,2010-04-11,敦吉,sii,Other electronics,2459.TW
2013-09-01,2459,0.9111012061562889,2.67406607646541,0.4613463978722423,3957495.0,2013-10-11,敦吉,sii,Other electronics,2459.TW
2010-01-01,2460,1.115632415008486,2.2628775650871162,1.3357314607033886,519813.0,2010-02-11,建通,sii,Electronic components,2460.TW
2013-02-01,2460,1.0387850227936282,2.293015039162051,1.5337087288792006,597048.0,2013-03-11,建通,sii,Electronic components,2460.TW
2013-08-01,2460,3.7302181028081076,4.320619863163751,1.1474465466795354,1031916.0,2013-09-11,建通,sii,Electronic components,2460.TW
2013-01-01,2461,2.6318292241691217,5.929232199346877,2.285600593335917,491855.0,2013-02-11,光群雷,sii,Other electronics,2461.TW
2013-09-01,2461,5.858204118943182,3.105970450352978,0.04753413850104771,1005351.0,2013-10-11,光群雷,sii,Other electronics,2461.TW
2010-01-01,2462,0.6308395515637895,3.1046615535246778,0.5621633021646484,946567.0,2010-02-11,良得電,sii,Electronic components,2462.TW
2021-02-01,2462,0.5090004289333119,2.597435487377156,0.5426622434605273,1157432.0,2021-03-11,良得電,sii,Electronic components,2462.TW
2010-02-01,2464,0.3594649131225407,2.2473888422692543,0.5287746393645615,1090749.0,2010-03-11,盟立,sii,Other electronics,2464.TW
2010-08-01,2464,0.9102952473642891,3.018070150069426,0.3028705201624988,1360220.0,2010-09-11,盟立,sii,Other electronics,2464.TW
2010-05-01,2465,0.4036716111505072,3.2043274357505305,0.513106489864917,866989.0,2010-06-11,麗臺,sii,Computers & peripherals,2465.TW
2015-12-01,2465,0.37890167956218157,2.3284492619396473,0.3084112156936163,767214.0,2016-01-11,麗臺,sii,Computers & peripherals,2465.TW
2020-12-01,2465,0.5011053166072226,2.4135670670278992,0.24871524499028164,1529874.0,2021-01-11,麗臺,sii,Computers & peripherals,2465.TW
2021-06-01,2465,1.6769121510457854,5.281850186413484,0.56218983673394,2857154.0,2021-07-11,麗臺,sii,Computers & peripherals,2465.TW
2025-09-01,2465,0.9357044383833375,2.63982901575372,0.8820166151019331,1951674.0,2025-10-11,麗臺,sii,Computers & peripherals,2465.TW
2026-03-01,2465,0.9128577645528606,2.4786522789659053,1.3429764973653433,1569188.0,2026-04-11,麗臺,sii,Computers & peripherals,2465.TW
2009-12-01,2466,0.5584257216980675,2.234882165316145,0.5790866117387719,320777.0,2010-01-11,冠西電,sii,Optoelectronics,2466.TW
2013-07-01,2466,0.6377048542177586,2.0840933177934216,0.4731257673030922,378639.0,2013-08-11,冠西電,sii,Optoelectronics,2466.TW
2016-06-01,2466,0.8628897282085461,2.55751494508875,0.7702814224551611,503092.0,2016-07-11,冠西電,sii,Optoelectronics,2466.TW
2016-12-01,2466,1.4815809230534311,3.769851131992945,0.8290385501720752,585060.0,2017-01-11,冠西電,sii,Optoelectronics,2466.TW
2022-06-01,2466,0.9627974911934014,2.280010419444262,0.9990187072707326,571125.0,2022-07-11,冠西電,sii,Optoelectronics,2466.TW
2010-03-01,2467,0.9456129765529628,2.5198022503683974,1.2885397696194711,554632.0,2010-04-11,志聖,sii,Electronic components,2467.TW
2010-09-01,2467,2.063902657649522,3.1111228793603907,1.1654196290450467,916064.0,2010-10-11,志聖,sii,Electronic components,2467.TW
2009-12-01,2468,0.35250530741801844,2.324545439956175,0.30539249441424454,656195.0,2010-01-11,華經,sii,IT services,2468.TW
2011-09-01,2468,0.3913910841709507,2.404009731943702,0.6505533115023027,471484.0,2011-10-11,華經,sii,IT services,2468.TW
2014-04-01,2468,0.34676570858043787,2.083779721652843,0.3843020429719822,426250.0,2014-05-11,華經,sii,IT services,2468.TW
2018-04-01,2468,0.36589064510268465,2.451108337258976,0.4415601671946594,368393.0,2018-05-11,華經,sii,IT services,2468.TW
2018-10-01,2468,0.48499121740305373,2.891065841491539,0.35207918885818845,549521.0,2018-11-11,華經,sii,IT services,2468.TW
2019-08-01,2468,0.43052934256959885,2.347229956803518,0.3011121653275095,547249.0,2019-09-11,華經,sii,IT services,2468.TW
2020-02-01,2468,1.0362739071434373,4.717421528683163,0.7921113196180845,702262.0,2020-03-11,華經,sii,IT services,2468.TW
2023-05-01,2468,0.5468240264511388,2.4736162943260607,0.5702093825400499,842091.0,2023-06-11,華經,sii,IT services,2468.TW
2025-01-01,2468,0.4633640286661016,2.074506185478742,0.6634495829414389,759603.0,2025-02-11,華經,sii,IT services,2468.TW
2009-12-01,2472,0.46353339815460326,2.332724626180404,0.36809450836087465,946770.0,2010-01-11,立隆電,sii,Electronic components,2472.TW
2013-06-01,2472,0.5912560558927022,2.0591237467561263,0.3771719983728188,1560147.0,2013-07-11,立隆電,sii,Electronic components,2472.TW
2013-12-01,2472,0.7813868951033276,2.5088949161755534,0.31243041885687006,1462312.0,2014-01-11,立隆電,sii,Electronic components,2472.TW
2010-09-01,2474,2.742742206753575,2.745002610042483,2.3522841914863992,545209.0,2010-10-11,可成,sii,Other electronics,2474.TW
2011-06-01,2474,10.248486399960521,2.87450140203786,2.345587134955272,3647063.0,2011-07-11,可成,sii,Other electronics,2474.TW
2010-02-01,2475,1.3071147012697302,2.38931570577334,1.4348066787486191,17391349.0,2010-03-11,華映,sii,,2475.TW
2010-01-01,2476,0.6391833184512106,2.2524046196744254,0.8608658464171857,354298.0,2010-02-11,鉅祥,sii,Electronic components,2476.TW
2013-01-01,2476,0.9090997337992779,2.8826889564926748,1.174916781627033,511339.0,2013-02-11,鉅祥,sii,Electronic components,2476.TW
2013-07-01,2476,3.104770124901692,4.220742586340484,0.9413427716920588,1231743.0,2013-08-11,鉅祥,sii,Electronic components,2476.TW
2013-09-01,2477,2.0533389650427605,4.96334471627213,2.237707830575232,3506027.0,2013-10-11,美隆電,sii,Other electronics,2477.TW
2008-02-01,2478,0.5859837123179785,2.7466380811836015,0.3201477442070009,378587.0,2008-03-11,大毅,sii,Electronic components,2478.TW
2009-12-01,2478,0.8872968104421919,2.712534561079287,0.8792279864662578,528043.0,2010-01-11,大毅,sii,Electronic components,2478.TW
2014-09-01,2480,0.41608506200466944,3.611919607853363,0.40551513216499435,1257366.0,2014-10-11,敦陽科,sii,IT services,2480.TW
2015-04-01,2480,0.33002429928276955,2.1028827510978054,0.1495621243792702,1109481.0,2015-05-11,敦陽科,sii,IT services,2480.TW
2017-01-01,2480,0.334947935554059,2.1204913927012465,0.3938966800005643,1288425.0,2017-02-11,敦陽科,sii,IT services,2480.TW
2019-02-01,2480,0.38797700876985064,2.3714113704685897,0.2667444319618524,1452257.0,2019-03-11,敦陽科,sii,IT services,2480.TW
2009-12-01,2481,0.40746577652682636,2.5368095439813754,0.32817598420456706,1210125.0,2010-01-11,強茂,sii,Semiconductors,2481.TW
2013-02-01,2481,0.7671391118982362,3.085140177395741,0.6907653770671336,2077424.0,2013-03-11,強茂,sii,Semiconductors,2481.TW
2013-09-01,2481,1.8384398129598565,3.6164115038504336,0.30032327715577845,3761719.0,2013-10-11,強茂,sii,Semiconductors,2481.TW
2022-05-01,2482,0.7827454406465,4.265624856270102,0.9143415743978062,326492.0,2022-06-11,連宇,sii,Other electronics,2482.TW
2022-11-01,2482,1.0867572982105589,4.988531451004853,0.8140893324752705,398940.0,2022-12-11,連宇,sii,Other electronics,2482.TW
2010-01-01,2483,0.7392200837198266,3.2058728480609058,0.8847908599755344,307875.0,2010-02-11,百容,sii,Electronic components,2483.TW
2013-08-01,2483,0.7088787493455009,2.252557085496942,0.22827592869400526,434074.0,2013-09-11,百容,sii,Electronic components,2483.TW
2010-01-01,2484,0.65850159913013,2.865012147738745,0.6793713054846978,468263.0,2010-02-11,希華,sii,Electronic components,2484.TW
2010-07-01,2484,0.8110337877324174,2.568552692053684,0.4028414291268356,607399.0,2010-08-11,希華,sii,Electronic components,2484.TW
2025-09-01,2485,1.1924299651466321,3.0753265033336854,1.5205303137159387,601366.0,2025-10-11,兆赫,sii,Communications & networking,2485.TW
2026-03-01,2485,1.4960757354415515,3.2313987481119266,0.02787404481821998,1045686.0,2026-04-11,兆赫,sii,Communications & networking,2485.TW
2010-01-01,2486,1.6518042233231438,3.735100705486821,1.6476629917867058,905676.0,2010-02-11,一詮,sii,Optoelectronics,2486.TW
2013-05-01,2486,1.1158715156527252,2.0247609153143493,0.558913524020926,1862589.0,2013-06-11,一詮,sii,Optoelectronics,2486.TW
2012-12-01,2488,0.45929387423862744,2.289373632705985,0.6650967388300167,490905.0,2013-01-11,漢平,sii,Other electronics,2488.TW
2013-06-01,2488,0.7300211853783283,2.6372030670453666,0.19185638244674563,552029.0,2013-07-11,漢平,sii,Other electronics,2488.TW
2021-02-01,2488,0.7762868745689986,2.0935868473555526,0.7518604696744793,579558.0,2021-03-11,漢平,sii,Other electronics,2488.TW
2021-04-01,2491,6.154298190602281,7.751947393749608,3.103674288488283,308014.0,2021-05-11,吉祥全,sii,Optoelectronics,2491.TW
2010-01-01,2492,0.7286679776677742,2.4736842329973574,0.7875886024547963,1835472.0,2010-02-11,華新科,sii,Electronic components,2492.TW
2013-02-01,2492,0.8736297384253051,3.002432600817857,1.0253941203691275,2242628.0,2013-03-11,華新科,sii,Electronic components,2492.TW
2013-09-01,2492,1.2518527093579768,2.827834857411401,0.18001438741168396,3404137.0,2013-10-11,華新科,sii,Electronic components,2492.TW
2018-06-01,2492,1.2048185005998153,2.5693174719326346,0.7523534596186037,11323390.0,2018-07-11,華新科,sii,Electronic components,2492.TW
2009-11-01,2493,0.3935360363118343,2.794151892523613,0.914265323032285,341401.0,2009-12-11,揚博,sii,Electronic components,2493.TW
2010-06-01,2493,1.2650986481152984,2.617297451476387,0.18129453691903663,522257.0,2010-07-11,揚博,sii,Electronic components,2493.TW
2022-08-01,2495,0.31587847107891553,2.544358496741522,0.22915866166598708,383647.0,2022-09-11,普安,sii,Computers & peripherals,2495.TW
2023-03-01,2495,0.4401275697721292,2.9505131493281853,0.1296369710878078,364407.0,2023-04-11,普安,sii,Computers & peripherals,2495.TW
2026-03-01,2495,0.3507110561290958,2.418589964536107,0.3543743683908789,370134.0,2026-04-11,普安,sii,Computers & peripherals,2495.TW
2013-08-01,2497,1.3945094671929201,2.1641936172430856,0.8236414364669853,981610.0,2013-09-11,怡利電,sii,Automotive,2497.TW
2010-07-01,2498,0.7798513607854161,2.0376597963958125,0.42818270210416776,66972530.0,2010-08-11,宏達電,sii,Communications & networking,2498.TW
2011-01-01,2498,1.6784696764912628,3.1107614833625874,0.41464928508514465,105795039.0,2011-02-11,宏達電,sii,Communications & networking,2498.TW
2010-01-01,2499,1.0972202135273545,2.5173232262967797,0.550062099945128,1131077.0,2010-02-11,東貝光電,sii,,2499.TW
2012-11-01,2499,1.2094625326063313,2.041061123752254,0.7019292427771242,2458058.0,2012-12-11,東貝光電,sii,,2499.TW
2011-10-01,2501,6.0520147569401574,2.0456160333541393,6.228502832638007,4283697.0,2011-11-11,國建,sii,Construction,2501.TW
2012-04-01,2501,16.703052979773332,2.7655682243859663,6.9200693923617,1632310.0,2012-05-11,國建,sii,Construction,2501.TW
2016-11-01,2501,10.659588827353359,2.104252508075201,7.16720542177904,6202225.0,2016-12-11,國建,sii,Construction,2501.TW
2013-01-01,2504,0.8348952393873503,5.155466275922371,0.7708653989353442,4003257.0,2013-02-11,國產,sii,Construction,2504.TW
2013-07-01,2504,2.4070017927141656,3.958276768744279,0.23020623320065825,7710212.0,2013-08-11,國產,sii,Construction,2504.TW
2012-09-01,2505,14.53151820065108,3.4900109099756507,12.615017924142654,419848.0,2012-10-11,國揚,sii,Construction,2505.TW
2014-09-01,2505,25.69473612436929,5.256447819800454,26.589458064835735,391505.0,2014-10-11,國揚,sii,Construction,2505.TW
2018-10-01,2505,49.96995835812017,2.326322304282136,50.946985870615435,514083.0,2018-11-11,國揚,sii,Construction,2505.TW
2019-06-01,2505,72.76235723198003,3.3958944956128208,72.70630358287418,768530.0,2019-07-11,國揚,sii,Construction,2505.TW
2008-03-01,2506,0.9468516555124509,2.041716261630579,0.29175043365461817,640851.0,2008-04-11,太設,sii,Construction,2506.TW
2011-02-01,2506,5.290080875745446,5.170697143266542,5.893202127041114,1924922.0,2011-03-11,太設,sii,Construction,2506.TW
2012-12-01,2506,2.776960601970433,2.2720594638169547,2.0739960660465444,710756.0,2013-01-11,太設,sii,Construction,2506.TW
2020-10-01,2506,4.278433486724301,3.548015508179931,3.4640686911481864,1370730.0,2020-11-11,太設,sii,Construction,2506.TW
2015-10-01,2509,50.005383062578105,7.731898359777895,27.725566548816637,530609.0,2015-11-11,全坤建,sii,Construction,2509.TW
2008-09-01,2511,1.5050026414722453,2.028928714191471,0.43702297518650335,1550529.0,2008-10-11,太子,sii,Construction,2511.TW
2010-07-01,2511,2.095518586486599,2.43793960900733,0.8363615572389196,3048055.0,2010-08-11,太子,sii,Construction,2511.TW
2013-08-01,2511,2.2866947959027843,3.0105246668970524,1.5714745789532798,2324390.0,2013-09-11,太子,sii,Construction,2511.TW
2013-01-01,2514,279.1488357234133,8.997225951937452,279.0496857039975,7892353.0,2013-02-11,龍邦,sii,Other,2514.TW
2013-09-01,2514,739.4053964878835,3.942229027006588,231.9864983855598,20196038.0,2013-10-11,龍邦,sii,Other,2514.TW
2008-08-01,2515,0.4117133616779858,3.3233995796777425,0.48522192722660695,3423947.0,2008-09-11,中工,sii,Construction,2515.TW
2010-10-01,2515,0.3671729422768466,2.4268768240288767,0.46877118816960506,3394108.0,2010-11-11,中工,sii,Construction,2515.TW
2013-10-01,2515,0.31322346881464136,2.0205014130625956,0.38347038284118395,3067648.0,2013-11-11,中工,sii,Construction,2515.TW
2014-09-01,2515,0.5721256525144611,2.7719207563296764,0.372450680996143,4847280.0,2014-10-11,中工,sii,Construction,2515.TW
2015-03-01,2515,0.7041677750799604,3.084038007848326,1.1603772534238943,5233852.0,2015-04-11,中工,sii,Construction,2515.TW
2023-05-01,2515,0.5899162729849055,2.52329224977001,0.5293385160967385,4627879.0,2023-06-11,中工,sii,Construction,2515.TW
2013-08-01,2516,0.5629480838923182,2.4404706906375617,0.5579007952202448,2384096.0,2013-09-11,新建,sii,Construction,2516.TW
2017-01-01,2516,0.5946192519100093,2.1611085589842425,0.6356871948405639,2461003.0,2017-02-11,新建,sii,Construction,2516.TW
2008-08-01,2520,10.104046608255803,3.0454108821014656,8.824180088875977,1229329.0,2008-09-11,冠德,sii,Construction,2520.TW
2014-05-01,2520,6.732938666207537,2.0197782600513845,5.812528857723715,5030323.0,2014-06-11,冠德,sii,Construction,2520.TW
2009-10-01,2524,0.5561507347773804,2.0787378276523656,0.7147322606858278,697515.0,2009-11-11,京城,sii,Construction,2524.TW
2010-10-01,2524,0.7295900446585377,2.236175334087486,0.8749934966185341,1206415.0,2010-11-11,京城,sii,Construction,2524.TW
2012-07-01,2524,1.1433947434853104,2.775339898075932,1.7358909894745866,823593.0,2012-08-11,京城,sii,Construction,2524.TW
2013-01-01,2524,1.8938922697610558,3.452223007917437,1.0793146297561613,1867420.0,2013-02-11,京城,sii,Construction,2524.TW
2016-12-01,2524,1.2818176474046203,2.0555714665023785,0.73779933194692,1125664.0,2017-01-11,京城,sii,Construction,2524.TW
2017-06-01,2524,1.7550809890793007,2.726984024787341,1.5995552373009356,1014925.0,2017-07-11,京城,sii,Construction,2524.TW
2018-03-01,2524,1.4552054364300897,2.0844354713931708,1.3276869229127346,1078832.0,2018-04-11,京城,sii,Construction,2524.TW
2019-11-01,2524,1.5516571752449329,2.2348612845390328,0.9053652809485346,1890829.0,2019-12-11,京城,sii,Construction,2524.TW
2024-04-01,2524,1.9586679073894904,2.599358970529748,2.1564389598946545,960212.0,2024-05-11,京城,sii,Construction,2524.TW
2024-10-01,2524,2.6150209326580818,3.341885972275681,0.9093893740209089,3459134.0,2024-11-11,京城,sii,Construction,2524.TW
2012-05-01,2527,37.873186256000864,4.561373073780763,38.68902573678865,1441340.0,2012-06-11,宏璟,sii,Construction,2527.TW
2013-11-01,2527,24.289782431127943,2.0505864788984596,17.97168484002232,681155.0,2013-12-11,宏璟,sii,Construction,2527.TW
2014-08-01,2527,77.64372045914922,3.5525478603599328,73.1108800333216,4658854.0,2014-09-11,宏璟,sii,Construction,2527.TW
2018-09-01,2527,40.34035896243367,2.0280859079704987,39.929064383529955,1955523.0,2018-10-11,宏璟,sii,Construction,2527.TW
2024-11-01,2527,62.596597719350335,3.5266286657151618,63.19644164783132,5783411.0,2024-12-11,宏璟,sii,Construction,2527.TW
2013-11-01,2528,8658.126315789474,8.68644141019222,5396.726315789474,1645234.0,2013-12-11,皇普,sii,Construction,2528.TW
2021-01-01,2528,20097.20634920635,8.179542501922647,19648.564439392027,1266187.0,2021-02-11,皇普,sii,Construction,2528.TW
2024-12-01,2528,84223.06349206349,13.301309171487295,83847.85714285714,5306116.0,2025-01-11,皇普,sii,Construction,2528.TW
2015-09-01,2530,210.65045592705167,9.750362830170065,211.00745981810226,417798.0,2015-10-11,華建,sii,Construction,2530.TW
2022-10-01,2530,678.5915678524374,2.6994760155002573,645.9165550777823,1547430.0,2022-11-11,華建,sii,Construction,2530.TW
2024-01-01,2530,643.5419375812744,2.5003354321770193,644.5405216852404,1982611.0,2024-02-11,華建,sii,Construction,2530.TW
2024-07-01,2530,919.3490884537474,3.4936343802866494,697.591714768187,2726074.0,2024-08-11,華建,sii,Construction,2530.TW
2013-01-01,2535,1.0796357955183988,2.576293071746921,1.2278349347537199,4718808.0,2013-02-11,達欣工,sii,Construction,2535.TW
2020-05-01,2535,0.8304441414938653,2.2616656502414627,0.7729895893448975,4847071.0,2020-06-11,達欣工,sii,Construction,2535.TW
2025-04-01,2535,0.8380155875210606,2.3661424439982786,0.9593314239824179,6179969.0,2025-05-11,達欣工,sii,Construction,2535.TW
2026-01-01,2535,0.9326272144225434,2.527671785409096,0.3708318087015732,6771632.0,2026-02-11,達欣工,sii,Construction,2535.TW
2008-06-01,2536,2.4832746599298656,2.8869895954824294,2.54157686061317,3055431.0,2008-07-11,宏普,sii,Construction,2536.TW
2012-02-01,2536,1.6563088203271117,2.0897787117798563,1.351213599972528,890493.0,2012-03-11,宏普,sii,Construction,2536.TW
2014-01-01,2536,2.3419001600018583,2.8481465060344506,1.977026839171452,2301707.0,2014-02-11,宏普,sii,Construction,2536.TW
2017-12-01,2536,8.957464146023469,8.153659630632495,9.379791464977167,2321762.0,2018-01-11,宏普,sii,Construction,2536.TW
2023-11-01,2536,19.45408420698548,2.789683276518296,19.908432011190857,729679.0,2023-12-11,宏普,sii,Construction,2536.TW
2025-05-01,2536,36.76058741177157,3.1090347694745786,36.876763052844716,2589319.0,2025-06-11,宏普,sii,Construction,2536.TW
2025-11-01,2536,83.49368538149457,6.410823359917813,79.44656437624646,5164930.0,2025-12-11,宏普,sii,Construction,2536.TW
2011-09-01,2537,1906.9310344827586,6.196331702592894,1904.7512953553323,331980.0,2011-10-11,聯上發,sii,Construction,2537.TW
2018-02-01,2537,8259.808510638299,10.65257654476331,8259.586159632541,1164774.0,2018-03-11,聯上發,sii,Construction,2537.TW
2021-11-01,2537,2284.64192139738,2.4470365616949605,2269.67670831603,523412.0,2021-12-11,聯上發,sii,Construction,2537.TW
2022-05-01,2537,3054.2046783625733,3.2536312364916675,2959.9855500332756,1044880.0,2022-06-11,聯上發,sii,Construction,2537.TW
2012-12-01,2538,15.870042112208658,2.6842596684307733,16.296403339386053,4346482.0,2013-01-11,基泰,sii,Construction,2538.TW
2014-05-01,2538,98.14927375335368,8.742234662630992,98.55758709455694,2143409.0,2014-06-11,基泰,sii,Construction,2538.TW
2015-08-01,2538,95.7663910218547,6.8576970732688505,95.26196419524345,327651.0,2015-09-11,基泰,sii,Construction,2538.TW
2013-07-01,2539,9558.1,9.273032250612895,9559.094397164627,955910.0,2013-08-11,櫻花建,sii,Construction,2539.TW
2014-01-01,2539,2950.15873015873,2.732052275242466,2951.1570341300403,2231076.0,2014-02-11,櫻花建,sii,Construction,2539.TW
2022-04-01,2539,3605.8987341772154,4.313165321772058,3605.908166248247,2564505.0,2022-05-11,櫻花建,sii,Construction,2539.TW
2013-11-01,2540,11441.631578947368,6.857634343654355,11407.438596491227,434820.0,2013-12-11,愛山林,sii,Construction,2540.TW
2014-10-01,2542,5.045086286142493,2.141900124060621,4.063325328256459,14375324.0,2014-11-11,興富發,sii,Construction,2542.TW
2016-07-01,2542,5.7779388451223825,2.5792011679986295,5.675421208238171,10038751.0,2016-08-11,興富發,sii,Construction,2542.TW
2023-07-01,2542,9.261952904238619,4.911312566219204,8.289051984595822,11439512.0,2023-08-11,興富發,sii,Construction,2542.TW
2026-02-01,2542,4.552907918638261,2.0389171553755348,4.632800422161624,16959758.0,2026-03-11,興富發,sii,Construction,2542.TW
2014-08-01,2543,1.1111581722853372,3.054359865300394,0.8471858881237462,1460438.0,2014-09-11,皇昌,sii,Construction,2543.TW
2026-06-01,2543,0.8554348525765012,2.464327846318241,0.6427094966721849,4842492.0,2026-07-11,皇昌,sii,Construction,2543.TW
2009-08-01,2545,4.756327754268309,2.045913080409115,1.8547723368479132,2398184.0,2009-09-11,皇翔,sii,Construction,2545.TW
2011-03-01,2545,14.179880319029634,5.507149115674427,14.735638795878035,1691995.0,2011-04-11,皇翔,sii,Construction,2545.TW
2015-01-01,2545,10.212991410765106,2.0956684498082745,6.604671904286341,2178830.0,2015-02-11,皇翔,sii,Construction,2545.TW
2016-04-01,2545,21.525862473230895,4.413935941868961,22.211356522789604,8646282.0,2016-05-11,皇翔,sii,Construction,2545.TW
2013-09-01,2547,180.22229028231152,2.405863025907684,180.78248686936936,23372420.0,2013-10-11,日勝生,sii,Construction,2547.TW
2013-01-01,2548,6.4091403796241835,6.022061932781138,7.168388840846893,9183548.0,2013-02-11,華固,sii,Construction,2548.TW
2014-09-01,2548,5.566057426785005,2.965958756792593,4.96362312284227,710953.0,2014-10-11,華固,sii,Construction,2548.TW
2015-04-01,2548,6.294514717686805,2.081897093132278,4.389766681843321,3307829.0,2015-05-11,華固,sii,Construction,2548.TW
2019-08-01,2548,5.770700866176375,2.029010013892907,5.7267715157416506,9218316.0,2019-09-11,華固,sii,Construction,2548.TW
2022-07-01,2548,7.20241530927807,2.291277006452195,6.3314128150059865,9055122.0,2022-08-11,華固,sii,Construction,2548.TW
2023-11-01,2548,10.999027384859982,3.6791247689984767,11.691436981291211,7833913.0,2023-12-11,華固,sii,Construction,2548.TW
2025-11-01,2548,34.357329604328974,9.334562751463556,34.81785183731874,14740895.0,2025-12-11,華固,sii,Construction,2548.TW
2026-05-01,2548,352.94475982532754,6.820211519828925,140.50103228530793,3242134.0,2026-06-11,華固,sii,Construction,2548.TW
2016-10-01,2596,828.5435435435436,8.494079484882237,815.5210366357314,552476.0,2016-11-11,綠意,otc,Construction,2596.TWO
2013-03-01,2597,1.5302187769521445,3.012876782882874,1.3467310599372184,2930760.0,2013-04-11,潤弘,sii,Construction,2597.TW
2013-09-01,2597,2.142030095711053,2.635423901861222,0.8482754576786036,3568435.0,2013-10-11,潤弘,sii,Construction,2597.TW
2013-01-01,2601,9.437125586917805,8.069966213368849,9.368295223732604,773558.0,2013-02-11,益航,sii,Shipping,2601.TW
2013-09-01,2601,43.191924062841046,4.008287054759572,20.339513491427223,1741206.0,2013-10-11,益航,sii,Shipping,2601.TW
2013-01-01,2603,2.740252149598025,8.044754712846798,2.6948731662943217,14910302.0,2013-02-11,長榮,sii,Shipping,2603.TW
2013-07-01,2603,8.08150330361023,4.014801479250046,0.670548987495625,36110382.0,2013-08-11,長榮,sii,Shipping,2603.TW
2008-04-01,2605,1.7580945850386782,2.324463084065163,0.9076805744581864,386136.0,2008-05-11,新興,sii,Shipping,2605.TW
2013-01-01,2605,7.735650597925465,6.485012395793817,8.33862194124616,539837.0,2013-02-11,新興,sii,Shipping,2605.TW
2013-07-01,2605,30.527796255820583,5.005186552223536,11.808828057005268,1327068.0,2013-08-11,新興,sii,Shipping,2605.TW
2008-04-01,2606,1.070036736773421,2.749839535805446,0.5838888431594702,926358.0,2008-05-11,裕民,sii,Shipping,2606.TW
2013-01-01,2606,1.1034264207096256,2.604204585107704,1.2468019248603914,915977.0,2013-02-11,裕民,sii,Shipping,2606.TW
2013-07-01,2606,3.0624068878784945,3.451943504282275,0.20874589828660106,1679724.0,2013-08-11,裕民,sii,Shipping,2606.TW
2013-02-01,2607,0.3009994132699598,2.6574157044237032,0.22298996983903918,1319337.0,2013-03-11,榮運,sii,Shipping,2607.TW
2013-08-01,2607,0.3883801752795406,2.4511415021395773,0.005936763317566429,1562011.0,2013-09-11,榮運,sii,Shipping,2607.TW
2021-11-01,2607,0.5529501160712833,3.931985664319612,0.5578125556066438,2673180.0,2021-12-11,榮運,sii,Shipping,2607.TW
2022-05-01,2607,1.5942862611319395,5.509970539525399,0.042571405554142405,4608542.0,2022-06-11,榮運,sii,Shipping,2607.TW
2026-03-01,2608,0.3039547633681623,3.161770708479548,0.34295848007794627,3977877.0,2026-04-11,嘉里大榮,sii,Shipping,2608.TW
2010-06-01,2609,0.5497501746028726,2.0623024744422223,0.3266888394553702,26552127.0,2010-07-11,陽明,sii,Shipping,2609.TW
2021-02-01,2609,0.6113411530215658,2.528208286404941,0.3967283218305171,58142474.0,2021-03-11,陽明,sii,Shipping,2609.TW
2021-08-01,2609,1.4786483804487562,4.672144862573252,0.3842342310970195,89770299.0,2021-09-11,陽明,sii,Shipping,2609.TW
2024-08-01,2609,0.9917699741412449,2.278048254446168,0.6579206034229281,71938246.0,2024-09-11,陽明,sii,Shipping,2609.TW
2010-02-01,2610,0.3200648583202146,2.06019187652386,0.35034240241948766,31434884.0,2010-03-11,華航,sii,Shipping,2610.TW
2010-08-01,2610,0.561236357876387,2.2000878777832855,0.01659517461547133,37710320.0,2010-09-11,華航,sii,Shipping,2610.TW
2021-10-01,2610,0.42212366448095273,2.343972189188706,0.35109218399397135,39161884.0,2021-11-11,華航,sii,Shipping,2610.TW
2012-04-01,2611,24.87397788870854,7.915193137217365,24.538300619746746,2534589.0,2012-05-11,志信,sii,Shipping,2611.TW
2013-02-01,2612,0.6545990402188899,3.3959356883154617,0.8154798506751791,619237.0,2013-03-11,中航,sii,Shipping,2612.TW
2013-08-01,2612,1.4523894580361154,3.7820339426866503,0.29342857812599554,851244.0,2013-09-11,中航,sii,Shipping,2612.TW
2009-10-01,2613,0.31058864242325734,2.742251575737813,0.1917033363658307,499907.0,2009-11-11,中櫃,sii,Shipping,2613.TW
2010-04-01,2613,0.817752593544574,2.801515700073682,0.03164740701601043,528986.0,2010-05-11,中櫃,sii,Shipping,2613.TW
2010-04-01,2614,0.38384467151669144,2.04174958954501,0.6418929250694562,1300522.0,2010-05-11,東森,sii,Other,2614.TW
2010-10-01,2614,1.1069965305019438,3.2699312584857667,0.798251599473897,1812765.0,2010-11-11,東森,sii,Other,2614.TW
2013-02-01,2614,1.3244272749350148,3.1274261574217745,1.5677236534495744,2584275.0,2013-03-11,東森,sii,Other,2614.TW
2013-09-01,2614,2.5641504641682435,3.1867024082066795,0.33788039924981383,2806519.0,2013-10-11,東森,sii,Other,2614.TW
2008-02-01,2615,0.36717480801196856,2.139628143261788,0.07904855686200296,16553460.0,2008-03-11,萬海,sii,Shipping,2615.TW
2020-12-01,2615,0.5007615630421267,2.650210402847679,0.43557932362202956,28330811.0,2021-01-11,萬海,sii,Shipping,2615.TW
2021-06-01,2615,1.9537248887505774,6.4580875162811155,0.8063617306258104,48035781.0,2021-07-11,萬海,sii,Shipping,2615.TW
2024-08-01,2615,1.2473371697236293,2.2062602668235765,1.0077141340355327,56119915.0,2024-09-11,萬海,sii,Shipping,2615.TW
2009-12-01,2616,0.48008221365880166,2.1601945727069216,0.5524431425884329,3275083.0,2010-01-11,山隆,sii,"Oil, power & gas",2616.TW
2010-02-01,2618,0.3046244403667364,2.4292582120722988,0.37173304179700606,22710096.0,2010-03-11,長榮航,sii,Shipping,2618.TW
2010-08-01,2618,0.6262576600888603,2.456933701373122,0.0263937308030322,29111479.0,2010-09-11,長榮航,sii,Shipping,2618.TW
2021-10-01,2618,0.48153128299864933,2.092718716956769,0.23508022867289213,27866836.0,2021-11-11,長榮航,sii,Shipping,2618.TW
2023-08-01,2618,0.5594555138270063,2.0194862426815683,0.1255268169020316,54498755.0,2023-09-11,長榮航,sii,Shipping,2618.TW
2019-01-01,2630,0.83341279750365,2.058376928537082,0.4409904942422702,988259.0,2019-02-11,亞航,sii,Shipping,2630.TW
2022-07-01,2633,1.1975935096527786,3.75890423049011,1.3619971484619893,6908133.0,2022-08-11,台灣高鐵,sii,Shipping,2633.TW
2023-06-01,2633,0.84661256109905,2.005027631879796,0.49532414515224854,12308801.0,2023-07-11,台灣高鐵,sii,Shipping,2633.TW
2015-02-01,2634,0.46715086245950976,2.847246996579919,0.4741767554063563,7723870.0,2015-03-11,漢翔,sii,Shipping,2634.TW
2021-06-01,2634,0.3201469964401582,2.063522637702931,0.4907675906669551,5965772.0,2021-07-11,漢翔,sii,Shipping,2634.TW
2022-08-01,2634,0.3787577834983531,2.1122759174589003,0.16100434124965513,8202623.0,2022-09-11,漢翔,sii,Shipping,2634.TW
2023-03-01,2634,0.723313930830563,3.5958727035229154,0.5153704665188579,9940640.0,2023-04-11,漢翔,sii,Shipping,2634.TW
2013-01-01,2636,1.7939387862918932,3.4677918619780215,1.7504404821001187,724527.0,2013-02-11,台驊控股,sii,Shipping,2636.TW
2013-07-01,2636,6.84338324703182,3.0526131363617703,0.8902970057632347,2296323.0,2013-08-11,台驊控股,sii,Shipping,2636.TW
2019-08-01,2643,0.3363307385335579,2.8811682055079,0.30846996870480625,855249.0,2019-09-11,捷迅,otc,Shipping,2643.TWO
2020-04-01,2643,0.42373137676884354,2.9422462186246205,0.1649314191703941,856709.0,2020-05-11,捷迅,otc,Shipping,2643.TWO
2021-02-01,2643,0.3820955277216749,2.120186376015579,0.37120644057806707,1079834.0,2021-03-11,捷迅,otc,Shipping,2643.TWO
2021-08-01,2643,0.4949352338440154,2.6596175935321655,0.44022791840669595,1303443.0,2021-09-11,捷迅,otc,Shipping,2643.TWO
2024-05-01,2643,0.6935685696922889,2.5754158408715444,0.5133160529791096,1131463.0,2024-06-11,捷迅,otc,Shipping,2643.TWO
2025-03-01,2643,0.9761344582437266,3.420127499231854,0.8896551867433065,1935185.0,2025-04-11,捷迅,otc,Shipping,2643.TWO
2021-04-01,2704,0.7325180876338719,5.477722127952748,1.0723934399785657,515561.0,2021-05-11,國賓,sii,Tourism,2704.TW
2010-12-01,2705,0.6109579641756548,4.893523607225542,0.49436315998033353,802953.0,2011-01-11,六福,sii,Tourism,2705.TW
2011-06-01,2705,0.392359034772676,2.0517785988920316,0.15228454072024178,777691.0,2011-07-11,六福,sii,Tourism,2705.TW
2021-04-01,2705,0.8771769810730148,4.368350150635829,1.2470760030169599,347824.0,2021-05-11,六福,sii,Tourism,2705.TW
2022-08-01,2705,2.4272412511492343,7.520318800010267,2.6090904454954438,525612.0,2022-09-11,六福,sii,Tourism,2705.TW
2023-05-01,2705,1.0687663020565492,2.9477099983613617,0.8459005210555259,446537.0,2023-06-11,六福,sii,Tourism,2705.TW
2013-02-01,2707,0.3031782430184182,3.173026795416188,0.2850378399078415,1242312.0,2013-03-11,晶華,sii,Tourism,2707.TW
2013-10-01,2707,0.5139373479941975,2.719162573943584,0.013778626583340614,1403700.0,2013-11-11,晶華,sii,Tourism,2707.TW
2021-04-01,2707,0.5787891229644813,3.2488945943391747,0.7361172062008365,1488124.0,2021-05-11,晶華,sii,Tourism,2707.TW
2022-08-01,2707,0.5422787446184101,2.8519560046778505,0.6272801581455896,1330109.0,2022-09-11,晶華,sii,Tourism,2707.TW
2023-06-01,2707,0.5372917577906182,2.641896867346094,0.3135643828818506,1602682.0,2023-07-11,晶華,sii,Tourism,2707.TW
2023-08-01,2719,23.041356184798808,2.083801945687469,9.582577680573007,387162.0,2023-09-11,燦星旅,otc,Tourism,2719.TWO
2022-09-01,2722,1.679176390551398,3.2668509251507074,1.122923166728837,311114.0,2022-10-11,夏都,sii,Tourism,2722.TW
2021-03-01,2727,0.5910213323195201,2.452452722385469,0.45348087285324934,4708031.0,2021-04-11,王品,sii,Tourism,2727.TW
2021-04-01,2729,0.6502103776125698,3.0600533764066644,0.7726209066179052,1298973.0,2021-05-11,瓦城,otc,Tourism,2729.TWO
2022-08-01,2729,0.5761027294258438,2.3337071690173623,0.7385552467593894,1195838.0,2022-09-11,瓦城,otc,Tourism,2729.TWO
2023-06-01,2729,0.6165545299904718,2.475467055181367,0.40562093722213954,1382728.0,2023-07-11,瓦城,otc,Tourism,2729.TWO
2018-04-01,2731,0.3538819928786463,2.269554181051123,0.1699060414455389,8169657.0,2018-05-11,雄獅,sii,Tourism,2731.TW
2022-07-01,2731,1.2145816233857691,3.2464805409674127,1.3392187509640732,455989.0,2022-08-11,雄獅,sii,Tourism,2731.TW
2023-01-01,2731,2.9221727580392773,4.562546240638395,1.1131212284970826,2263380.0,2023-02-11,雄獅,sii,Tourism,2731.TW
2023-07-01,2731,12.701510343451268,6.067016507611439,6.930321560742653,6247738.0,2023-08-11,雄獅,sii,Tourism,2731.TW
2018-05-01,2732,0.6088705364992415,2.438651290301782,0.16406865790169856,887564.0,2018-06-11,六角,otc,Tourism,2732.TWO
2023-02-01,2734,5.976191566320224,5.658175502631679,4.683455684578683,304734.0,2023-03-11,易飛網,otc,Tourism,2734.TWO
2023-10-01,2734,4.924223341729639,2.7379250800131794,0.9801737628022655,649129.0,2023-11-11,易飛網,otc,Tourism,2734.TWO
2021-04-01,2739,0.9724357658294744,4.809366350067832,1.2964914948435489,778191.0,2021-05-11,寒舍,sii,Tourism,2739.TW
2022-07-01,2739,1.4543981909754344,5.099548113552114,1.541293310554047,596971.0,2022-08-11,寒舍,sii,Tourism,2739.TW
2023-06-01,2739,1.1090672523922103,2.20434546449496,0.6359493572038211,1107119.0,2023-07-11,寒舍,sii,Tourism,2739.TW
2023-01-01,2743,7.989434464883544,4.884462284125542,4.362330487214319,499435.0,2023-02-11,山富,otc,Tourism,2743.TWO
2023-07-01,2743,15.916179443746245,3.967388826118826,4.442195618201449,1238332.0,2023-08-11,山富,otc,Tourism,2743.TWO
2023-01-01,2745,9.985878499474692,5.495953511805466,6.223419320147701,355525.0,2023-02-11,五福,otc,Tourism,2745.TWO
2023-07-01,2745,56.1341218925421,5.522917381602751,29.972283730703936,1424925.0,2023-08-11,五福,otc,Tourism,2745.TWO
2018-11-01,2748,0.35976109645481014,2.149663242639855,0.5266952401867412,517487.0,2018-12-11,雲品,sii,Tourism,2748.TW
2019-05-01,2748,0.6029355273342316,2.0556003352853947,0.08762916297293066,559152.0,2019-06-11,雲品,sii,Tourism,2748.TW
2022-07-01,2748,1.7868944485745932,4.253008741433178,1.7282005374219225,367374.0,2022-08-11,雲品,sii,Tourism,2748.TW
2022-07-01,2752,1.5906265056859379,3.812254089576646,1.5329736510100898,553806.0,2022-08-11,豆府,otc,Tourism,2752.TWO
2022-06-01,2754,1.0972490894428075,2.4159867562297435,0.9421973811304643,795776.0,2022-07-11,亞洲藏壽司,otc,Tourism,2754.TWO
2022-08-01,2755,0.33789629871632565,2.3997291877485605,0.16414987811914883,491416.0,2022-09-11,揚秦,otc,Tourism,2755.TWO
2025-06-01,2756,0.8405485427429573,3.718499316373675,0.5726552969560221,302115.0,2025-07-11,聯發國際,otc,Tourism,2756.TWO
2009-09-01,2809,0.7846206524351804,4.0739386832133295,0.9127725387928564,787007.0,2009-10-11,京城銀行,sii,,2809.TW
2010-03-01,2809,0.6037207838537151,2.0985733874785897,0.46653265392746546,896860.0,2010-04-11,京城銀行,sii,,2809.TW
2009-08-01,2816,0.5090726367273497,2.774390621249549,0.49994265946312977,3797533.0,2009-09-11,旺旺保,sii,Finance & insurance,2816.TW
2026-02-01,2816,0.44995133128416276,2.052433384713869,0.4028081938623169,3963861.0,2026-03-11,旺旺保,sii,Finance & insurance,2816.TW
2008-04-01,2820,0.9836165287766745,2.576207783407578,1.4728535287194577,704410.0,2008-05-11,華票,sii,Finance & insurance,2820.TW
2008-12-01,2820,1.7941630571468492,3.11577850540537,0.9397746522588757,799913.0,2009-01-11,華票,sii,Finance & insurance,2820.TW
2009-07-01,2820,2.7954186161997656,2.619185882909589,2.561827383820895,833083.0,2009-08-11,華票,sii,Finance & insurance,2820.TW
2011-12-01,2820,3.8519982690323227,4.000631659324916,4.085164004630178,3643972.0,2012-01-11,華票,sii,Finance & insurance,2820.TW
2008-07-01,2823,0.6250204065138856,3.082419921896641,0.499256543183453,37277934.0,2008-08-11,中壽,sii,,2823.TW
2012-12-01,2832,1.0957944549902416,3.1751818070757407,1.1253878101286945,862279.0,2013-01-11,台產,sii,Finance & insurance,2832.TW
2026-05-01,2832,0.6055088520359413,2.172545019032897,0.3453957404879908,2680039.0,2026-06-11,台產,sii,Finance & insurance,2832.TW
2008-09-01,2833,0.770145320686529,2.3124968427445536,0.7971498252136642,25777589.0,2008-10-11,台灣人壽,sii,,2833.TW
2012-08-01,2833,0.7990048227228377,2.2105484421789265,0.45195743403689237,26580397.0,2012-09-11,台灣人壽,sii,,2833.TW
2009-11-01,2836,0.917033939087595,2.2443195060486616,1.1817518458741854,553718.0,2009-12-11,高雄銀,sii,Finance & insurance,2836.TW
2009-01-01,2838,0.4476224004668614,3.1049405642635666,0.44594827239635704,1825724.0,2009-02-11,聯邦銀,sii,Finance & insurance,2838.TW
2010-05-01,2838,0.40272957677519683,2.4802037371862022,0.2730557189360123,1948195.0,2010-06-11,聯邦銀,sii,Finance & insurance,2838.TW
2011-10-01,2838,0.42890714323167245,2.0619091957867637,0.5928571340024791,2098363.0,2011-11-11,聯邦銀,sii,Finance & insurance,2838.TW
2013-02-01,2838,0.47554088199931854,2.0675039153370576,0.6700020515638052,2294953.0,2013-03-11,聯邦銀,sii,Finance & insurance,2838.TW
2011-07-01,2841,8.26514991207396,2.4975695056649005,8.39171369962359,1269761.0,2011-08-11,台灣土地,sii,,2841.TW
2009-09-01,2845,0.4400675759505097,2.859789553021593,0.5872417433402789,1938390.0,2009-10-11,遠東銀,sii,Finance & insurance,2845.TW
2012-02-01,2845,0.7186913682471758,2.09987640788445,0.7686330777272244,3262939.0,2012-03-11,遠東銀,sii,Finance & insurance,2845.TW
2010-02-01,2847,0.30206149483756595,2.8391816099426435,0.3377440367696841,1834007.0,2010-03-11,大眾銀行,sii,,2847.TW
2010-05-01,2850,0.3620854035830794,3.1928417432737004,0.17601172770796913,4933126.0,2010-06-11,新產,sii,Finance & insurance,2850.TW
2012-04-01,2850,0.8386190241415905,3.4948020388476015,1.3294345630929056,2200257.0,2012-05-11,新產,sii,Finance & insurance,2850.TW
2026-04-01,2850,0.4286229584474335,2.413883730208666,0.27814927093049957,7362747.0,2026-05-11,新產,sii,Finance & insurance,2850.TW
2009-01-01,2851,0.3208450071420397,3.0411508117790405,0.3474989468486386,4362722.0,2009-02-11,中再保,sii,Finance & insurance,2851.TW
2011-02-01,2851,0.31966657281426336,2.829923404506069,0.3222861018508255,3993348.0,2011-03-11,中再保,sii,Finance & insurance,2851.TW
2025-10-01,2851,0.32600287166950914,2.8014137016877956,0.480691349466865,6786850.0,2025-11-11,中再保,sii,Finance & insurance,2851.TW
2026-04-01,2851,0.3469466543464981,2.8892814276951393,0.2494200259982764,6367297.0,2026-05-11,中再保,sii,Finance & insurance,2851.TW
2012-09-01,2852,0.47733820606198774,2.5774634828342715,0.4201650070579295,1270143.0,2012-10-11,第一保,sii,Finance & insurance,2852.TW
2016-08-01,2852,0.38999111251739116,2.086002231074523,0.37088131140216274,1493608.0,2016-09-11,第一保,sii,Finance & insurance,2852.TW
2009-10-01,2854,1.9317752761210718,2.7295473175486813,1.260702766751289,1599559.0,2009-11-11,寶來證券,sii,,2854.TW
2016-08-01,2855,2.397970884303416,3.5545340908091507,2.7695044285988653,1929147.0,2016-09-11,統一證,sii,Finance & insurance,2855.TW
2017-11-01,2855,1.7847946403373283,2.5227543254950806,1.7967968361264517,2003100.0,2017-12-11,統一證,sii,Finance & insurance,2855.TW
2019-04-01,2855,1.907577632968073,2.4935888085326963,2.3684991113438647,2236311.0,2019-05-11,統一證,sii,Finance & insurance,2855.TW
2020-07-01,2855,2.1787962088410873,2.806726065379601,2.707223158402217,3981420.0,2020-08-11,統一證,sii,Finance & insurance,2855.TW
2021-03-01,2855,5.736356329372194,6.734000790157624,5.0920653536323846,2723812.0,2021-04-11,統一證,sii,Finance & insurance,2855.TW
2026-02-01,2855,1.9312344087748867,2.092600133608397,1.0043749234829025,7006726.0,2026-03-11,統一證,sii,Finance & insurance,2855.TW
2009-12-01,2856,1.946262397285592,2.497260520403286,1.2571621298155724,5651111.0,2010-01-11,元富證券,sii,,2856.TW
2010-06-01,2880,2.408448746115051,2.9814347152172385,2.677358997057578,1863266.0,2010-07-11,華南金,sii,Finance & insurance,2880.TW
2009-11-01,2881,5.768297372220557,2.827364999271446,5.377284663244568,6389469.0,2009-12-11,富邦金,sii,Finance & insurance,2881.TW
2013-01-01,2881,130.29154651180608,8.728403836719215,128.83141667833954,42842401.0,2013-02-11,富邦金,sii,Finance & insurance,2881.TW
2026-05-01,2881,24.329299525385206,2.5254575952672402,24.51282385047086,97001896.0,2026-06-11,富邦金,sii,Finance & insurance,2881.TW
2009-06-01,2882,21.1197735567114,2.9353586261439064,8.969019708657955,769746.0,2009-07-11,國泰金,sii,Finance & insurance,2882.TW
2010-01-01,2882,26.072861017993155,3.259496841229258,26.39894903733978,2285518.0,2010-02-11,國泰金,sii,Finance & insurance,2882.TW
2012-11-01,2882,15.09462655363896,2.2463493935441847,15.181947899343971,4634496.0,2012-12-11,國泰金,sii,Finance & insurance,2882.TW
2013-12-01,2882,30.294822439352515,2.9002659654112994,19.886455580118017,125895284.0,2014-01-11,國泰金,sii,Finance & insurance,2882.TW
2009-06-01,2883,3.583073750334366,3.139919438699157,3.943544608808194,1593411.0,2009-07-11,凱基金,sii,Finance & insurance,2883.TW
2012-09-01,2883,8.02849042796987,5.771237147034966,8.5369254662732,2060455.0,2012-10-11,凱基金,sii,Finance & insurance,2883.TW
2013-05-01,2883,8.913034560223998,4.917923382533156,7.4597508473731615,6089478.0,2013-06-11,凱基金,sii,Finance & insurance,2883.TW
2013-12-01,2883,6.881516716057275,3.1059208018122795,4.858309220625441,7273970.0,2014-01-11,凱基金,sii,Finance & insurance,2883.TW
2017-11-01,2883,6.137509602373585,3.2645856658951553,5.968748246826061,49392737.0,2017-12-11,凱基金,sii,Finance & insurance,2883.TW
2018-05-01,2883,7.573769356416864,3.0807007297584943,0.012613423813665037,60163700.0,2018-06-11,凱基金,sii,Finance & insurance,2883.TW
2024-11-01,2883,19.76208266224835,7.962748970286392,19.796010378308672,21540640.0,2024-12-11,凱基金,sii,Finance & insurance,2883.TW
2010-06-01,2884,4.257096686266111,3.7224497728058776,3.75229777930362,1080060.0,2010-07-11,玉山金,sii,Finance & insurance,2884.TW
2013-06-01,2884,2.6192090577240204,2.0729448398351993,0.43309304441576035,6524844.0,2013-07-11,玉山金,sii,Finance & insurance,2884.TW
2013-12-01,2884,3.7673601819167812,2.517355525671715,1.1551765688026743,6733963.0,2014-01-11,玉山金,sii,Finance & insurance,2884.TW
2011-06-01,2885,5.685690369052808,2.253198576767581,5.030444662360411,9081093.0,2011-07-11,元大金,sii,Finance & insurance,2885.TW
2013-01-01,2885,4.879921397114438,2.04444855890777,4.091782032442565,3288446.0,2013-02-11,元大金,sii,Finance & insurance,2885.TW
2009-01-01,2886,2.1859597461261364,3.069518042702957,4.210539366947467,2674524.0,2009-02-11,兆豐金,sii,Finance & insurance,2886.TW
2009-07-01,2886,8.900751088399858,5.273091260396116,9.187677467473168,4816656.0,2009-08-11,兆豐金,sii,Finance & insurance,2886.TW
2009-07-01,2887,4.585176208052811,2.2495302741505374,4.450613573609282,1917162.0,2009-08-11,台新新光金,sii,Finance & insurance,2887.TW
2013-12-01,2887,6.193824947612839,2.247054850184007,2.9894857019141794,13340675.0,2014-01-11,台新新光金,sii,Finance & insurance,2887.TW
2012-02-01,2888,146.41253797978544,6.159421161925171,147.39627757400646,2377322.0,2012-03-11,新光金,sii,,2888.TW
2009-07-01,2889,7.47372504011647,3.3584894955166846,6.660094439110171,797386.0,2009-08-11,國票金,sii,Finance & insurance,2889.TW
2013-12-01,2889,6.406442569177718,2.8004274510500067,3.8529174833793847,1320902.0,2014-01-11,國票金,sii,Finance & insurance,2889.TW
2013-01-01,2892,1.9131256888069323,2.085468729471247,2.038692120907678,4044205.0,2013-02-11,第一金,sii,Finance & insurance,2892.TW
2013-09-01,2892,2.7679853982295475,2.5601082193579257,1.4926159426958776,9246444.0,2013-10-11,第一金,sii,Finance & insurance,2892.TW
2015-12-01,2892,3.5507864775623563,2.790768366419494,3.5566156502070942,10827304.0,2016-01-11,第一金,sii,Finance & insurance,2892.TW
2022-12-01,2897,1.2632932931261331,7.3019336867913776,1.1582468263572347,5150228.0,2023-01-11,王道銀行,sii,Finance & insurance,2897.TW
2012-01-01,2903,0.45690205242261595,4.11426514234994,0.329108505243775,10550924.0,2012-02-11,遠百,sii,Trading & retail,2903.TW
2012-07-01,2903,0.4498779264496846,2.1753298227444184,0.01726730797473297,8144711.0,2012-08-11,遠百,sii,Trading & retail,2903.TW
2011-05-01,2905,0.3159568478959778,2.924517761727385,0.14950871425413115,2302431.0,2011-06-11,三商,sii,Trading & retail,2905.TW
2011-11-01,2905,0.5231285993034334,3.170340142960984,0.1924545670432063,2569719.0,2011-12-11,三商,sii,Trading & retail,2905.TW
2013-01-01,2905,8.364109296785974,8.858897660900341,8.267951103003558,27010895.0,2013-02-11,三商,sii,Trading & retail,2905.TW
2013-09-01,2905,12.670537097959983,3.1288234146242617,2.655849140216157,41354359.0,2013-10-11,三商,sii,Trading & retail,2905.TW
2013-02-01,2906,0.37419402159807724,3.4801847518075872,0.5645482976325397,1217797.0,2013-03-11,高林,sii,Trading & retail,2906.TW
2013-10-01,2906,1.5929996677334173,4.66834776387655,0.9227631389218245,1779306.0,2013-11-11,高林,sii,Trading & retail,2906.TW
2010-08-01,2908,0.31970315893164036,2.785938736324374,0.32997352811595804,3110832.0,2010-09-11,特力,sii,Trading & retail,2908.TW
2013-01-01,2908,0.6048194704165579,3.7151971928154293,0.6054254351599129,5421223.0,2013-02-11,特力,sii,Trading & retail,2908.TW
2013-11-01,2908,1.879171792607628,2.758642503917659,0.09662162262756535,8624228.0,2013-12-11,特力,sii,Trading & retail,2908.TW
2014-06-01,2910,1.255760608266404,4.660432891869626,0.5010613005735545,368774.0,2014-07-11,統領,sii,Trading & retail,2910.TW
2013-01-01,2911,0.8221097152762686,7.326138100391565,0.759524880173492,1416929.0,2013-02-11,麗嬰房,sii,Trading & retail,2911.TW
2013-10-01,2911,2.462932712476445,3.2348006219181427,0.23793462234147533,2567214.0,2013-11-11,麗嬰房,sii,Trading & retail,2911.TW
2013-02-01,2912,0.3548385848531337,4.121505346130402,0.32251354810920985,43765993.0,2013-03-11,統一超,sii,Trading & retail,2912.TW
2013-10-01,2912,0.4901229423013391,2.8450770473735574,0.040242539352040474,51518697.0,2013-11-11,統一超,sii,Trading & retail,2912.TW
2010-05-01,2913,1.433469649587042,2.530942651217237,0.7964270158499593,303478.0,2010-06-11,農林,sii,Trading & retail,2913.TW
2012-12-01,2913,2.5112358595602546,4.464063687114581,2.587774903900457,826257.0,2013-01-11,農林,sii,Trading & retail,2913.TW
2017-01-01,2913,9.24752056525439,8.997280913267712,9.808573454711885,1986943.0,2017-02-11,農林,sii,Trading & retail,2913.TW
2008-02-01,2915,0.35581644312227856,2.4917526873085922,0.20848445472825827,1580562.0,2008-03-11,潤泰全,sii,Trading & retail,2915.TW
2013-03-01,2915,1.1289597948439756,6.204618709666431,1.2223259823593864,2590167.0,2013-04-11,潤泰全,sii,Trading & retail,2915.TW
2013-09-01,2915,0.8459865409408036,2.953150488264009,0.2633848537006245,2553016.0,2013-10-11,潤泰全,sii,Trading & retail,2915.TW
2018-01-01,2915,14.744039687237223,2.1483720003923277,14.874111494272695,29844748.0,2018-02-11,潤泰全,sii,Trading & retail,2915.TW
2021-04-01,2916,0.6238466679525076,5.992213211350327,0.5922944866329414,362022.0,2021-05-11,滿心,otc,Home & living,2916.TWO
2022-07-01,2916,1.5452813081096033,9.263864199622311,1.6435571035032535,331248.0,2022-08-11,滿心,otc,Home & living,2916.TWO
2023-06-01,2916,0.5616670790766729,2.6561348225554657,0.35686954193939036,441780.0,2023-07-11,滿心,otc,Home & living,2916.TWO
2019-05-01,2937,0.3571557175065636,2.710361182418641,0.27102056361964655,505037.0,2019-06-11,集雅社,otc,Home & living,2937.TWO
2020-04-01,2937,0.37686465898030996,2.0206636670614317,0.2217412002208483,588505.0,2020-05-11,集雅社,otc,Home & living,2937.TWO
2026-05-01,2945,0.31105133793484474,4.154260382106301,0.23199163768154896,4726972.0,2026-06-11,三商家購,sii,Trading & retail,2945.TW
2010-04-01,3003,0.593224262453881,2.056360533249152,0.2890195887535405,447371.0,2010-05-11,健和興,sii,Electronic components,3003.TW
2026-07-01,3003,0.5843686243561319,2.269859161736354,0.4276441544993739,1790777.0,2026-08-11,健和興,sii,Electronic components,3003.TW
2012-01-01,3004,0.35384093783822546,2.0866942490582945,0.19086920974137156,311466.0,2012-02-11,豐達科,sii,Steel,3004.TW
2014-09-01,3004,0.46025861707040594,2.1355265936765004,0.12309201367001044,347819.0,2014-10-11,豐達科,sii,Steel,3004.TW
2022-06-01,3004,0.5980675458925708,2.285972334758683,0.31826875628944595,497170.0,2022-07-11,豐達科,sii,Steel,3004.TW
2023-03-01,3004,0.6402112913215598,2.1616414103778667,0.03300435985921912,696478.0,2023-04-11,豐達科,sii,Steel,3004.TW
2013-01-01,3005,0.7630992498708937,3.6464030590344008,0.7676902214418764,2014288.0,2013-02-11,神基,sii,Computers & peripherals,3005.TW
2013-09-01,3005,1.8676060983937073,3.1823079752942247,0.3740370118179963,3720782.0,2013-10-11,神基,sii,Computers & peripherals,3005.TW
2009-12-01,3006,0.8720288463715009,2.9531354533984566,0.8028236250847163,1405918.0,2010-01-11,晶豪科,sii,Semiconductors,3006.TW
2021-06-01,3006,0.9233392968603027,2.194943513038224,0.5663954172621881,6175127.0,2021-07-11,晶豪科,sii,Semiconductors,3006.TW
2026-01-01,3006,0.9425409030485388,2.2883401333504048,0.904055514011423,5718077.0,2026-02-11,晶豪科,sii,Semiconductors,3006.TW
2026-07-01,3006,3.7278032003007624,6.698797320018557,1.475145532459727,16096657.0,2026-08-11,晶豪科,sii,Semiconductors,3006.TW
2010-01-01,3008,1.251571028400872,2.1802911769445683,1.0165630456896642,2060917.0,2010-02-11,大立光,sii,Optoelectronics,3008.TW
2012-12-01,3008,1.2644611210535603,2.110771699437502,1.1644237516605331,8366269.0,2013-01-11,大立光,sii,Optoelectronics,3008.TW
2010-02-01,3010,0.9800683973687714,2.589428792022555,0.9826516871521445,3912233.0,2010-03-11,華立,sii,Electronics distribution,3010.TW
2013-01-01,3011,1.1859121790535574,5.119492626003297,0.9812366967011552,371616.0,2013-02-11,今皓,sii,Electronic components,3011.TW
2013-07-01,3011,2.969334421715664,4.172359474623079,0.8219278335088513,651598.0,2013-08-11,今皓,sii,Electronic components,3011.TW
2008-07-01,3013,0.38284136829603854,2.018246402078536,0.4660369071706002,1087519.0,2008-08-11,晟銘電,sii,Computers & peripherals,3013.TW
2010-04-01,3013,0.6274788785211656,2.170963743771308,0.5424596279655443,1180456.0,2010-05-11,晟銘電,sii,Computers & peripherals,3013.TW
2012-11-01,3013,0.6586819077503525,2.2765553563200824,0.8823014415739463,1065660.0,2012-12-11,晟銘電,sii,Computers & peripherals,3013.TW
2016-10-01,3013,0.6495892846196285,2.180629842049792,0.31174742290357815,1291668.0,2016-11-11,晟銘電,sii,Computers & peripherals,3013.TW
2024-05-01,3013,0.5933179522197658,2.02866891010636,0.8395919664568819,2279654.0,2024-06-11,晟銘電,sii,Computers & peripherals,3013.TW
2025-02-01,3013,0.9368366075855001,2.992430320011626,0.7114827159047741,2629277.0,2025-03-11,晟銘電,sii,Computers & peripherals,3013.TW
2009-12-01,3014,1.3109796974931371,2.848976039936067,0.681942008403122,944539.0,2010-01-11,聯陽,sii,Semiconductors,3014.TW
2021-02-01,3014,0.7503422794533752,2.3233689620655635,0.4415172224128068,1438251.0,2021-03-11,聯陽,sii,Semiconductors,3014.TW
2021-03-01,3015,0.49702496045665545,3.0186406590812265,0.47806393274318015,3948571.0,2021-04-11,全漢,sii,Electronic components,3015.TW
2016-02-01,3016,1.433408553850084,2.5482390960738748,1.6784188305567818,457218.0,2016-03-11,嘉晶,sii,Semiconductors,3016.TW
2016-10-01,3016,2.3103546321806396,2.8060377508906003,0.15240126974345625,675266.0,2016-11-11,嘉晶,sii,Semiconductors,3016.TW
2013-12-01,3017,1.1388809377970843,2.139783384856069,0.27345581093482885,5768656.0,2014-01-11,奇鋐,sii,Computers & peripherals,3017.TW
2025-06-01,3017,0.7953633418881687,2.0325264481254792,0.27119935082636126,29594509.0,2025-07-11,奇鋐,sii,Computers & peripherals,3017.TW
2025-12-01,3017,1.285440203749796,3.2157133362179255,0.2430826151132579,47775002.0,2026-01-11,奇鋐,sii,Computers & peripherals,3017.TW
2008-05-01,3019,0.5166672217411576,2.066251783190783,0.5034657796746624,1821578.0,2008-06-11,亞光,sii,Optoelectronics,3019.TW
2011-02-01,3019,0.6947361599928719,2.356583402669376,1.0367592976018998,836898.0,2011-03-11,亞光,sii,Optoelectronics,3019.TW
2013-01-01,3019,0.7653929126599246,2.2662729773928407,0.9473448654979809,1897725.0,2013-02-11,亞光,sii,Optoelectronics,3019.TW
2013-07-01,3019,2.51257096388716,3.5029139334682697,0.2590189590528076,4600221.0,2013-08-11,亞光,sii,Optoelectronics,3019.TW
2010-04-01,3022,0.806901228840621,2.1809205417109894,0.47554812053157614,868572.0,2010-05-11,威強電,sii,Computers & peripherals,3022.TW
2011-03-01,3022,1.0397700633017113,2.016042288303718,0.9097234677241375,1770653.0,2011-04-11,威強電,sii,Computers & peripherals,3022.TW
2026-07-01,3022,0.8138352706076579,2.159242174124414,0.8869161186284121,2860966.0,2026-08-11,威強電,sii,Computers & peripherals,3022.TW
2010-05-01,3023,0.6475356688218372,2.3994840586574533,0.3291756823089882,622523.0,2010-06-11,信邦,sii,Electronic components,3023.TW
2013-01-01,3023,1.6656125525977,4.163254689158603,1.0292866143849693,1234040.0,2013-02-11,信邦,sii,Electronic components,3023.TW
2013-01-01,3024,13.820871787590516,8.62259409625005,14.470053174923562,521917.0,2013-02-11,憶聲,sii,Optoelectronics,3024.TW
2025-12-01,3025,0.9840549313056461,2.4460287576133224,1.3056968707670835,328248.0,2026-01-11,星通,sii,Communications & networking,3025.TW
2010-01-01,3026,0.42594267062625635,2.7368331634479337,0.5677315812866387,2829133.0,2010-02-11,禾伸堂,sii,Electronic components,3026.TW
2013-12-01,3026,0.3677278337972476,2.0293407062497204,0.044658963097972126,4253810.0,2014-01-11,禾伸堂,sii,Electronic components,3026.TW
2018-06-01,3026,0.357504004356185,2.1923178986902636,0.2889659497551431,4307929.0,2018-07-11,禾伸堂,sii,Electronic components,3026.TW
2021-02-01,3026,0.3920460651586255,2.248556637821154,0.39736454127889753,4041377.0,2021-03-11,禾伸堂,sii,Electronic components,3026.TW
2026-08-01,3026,0.3456683039142836,2.072425765558976,0.21044556787134128,4319131.0,2026-09-11,禾伸堂,sii,Electronic components,3026.TW
2023-04-01,3027,0.7781890166596233,2.8664556468851066,0.7406321671104763,399728.0,2023-05-11,盛達,sii,Communications & networking,3027.TW
2024-03-01,3027,0.7707882772796968,2.2750737886203303,0.552913910314879,528938.0,2024-04-11,盛達,sii,Communications & networking,3027.TW
2025-04-01,3027,0.8525315145137911,2.551517882080146,0.7550944562376776,876755.0,2025-05-11,盛達,sii,Communications & networking,3027.TW
2010-01-01,3028,1.042213055995465,2.17931471465283,0.8702705020968868,6196248.0,2010-02-11,增你強,sii,Electronics distribution,3028.TW
2026-03-01,3028,0.9592924574820418,2.64452458794462,0.6744861395645849,17721573.0,2026-04-11,增你強,sii,Electronics distribution,3028.TW
2010-07-01,3029,0.41142105880647906,2.070123597879821,0.257617224809662,818054.0,2010-08-11,零壹,sii,IT services,3029.TW
2019-03-01,3029,0.3925041229912867,2.110723672205595,0.1652671128056138,2097373.0,2019-04-11,零壹,sii,IT services,3029.TW
2021-09-01,3029,0.7318196300406896,3.8536782793272697,0.7039520254914953,4272354.0,2021-10-11,零壹,sii,IT services,3029.TW
2024-07-01,3029,0.49132784221767056,2.235805815641425,0.43280395656332016,4669343.0,2024-08-11,零壹,sii,IT services,3029.TW
2025-01-01,3029,0.6691854042125167,3.0950640172849617,0.34416122795710336,5637208.0,2025-02-11,零壹,sii,IT services,3029.TW
2009-12-01,3030,1.9050515685012965,3.387544383393044,2.142068236775051,447009.0,2010-01-11,德律,sii,Other electronics,3030.TW
2009-12-01,3031,0.7291669355026027,2.171937598264505,0.5021929976508022,1340011.0,2010-01-11,佰鴻,sii,Optoelectronics,3031.TW
2009-12-01,3032,0.3457872074226298,2.1076170758016555,0.5122898019865595,460379.0,2010-01-11,偉訓,sii,Electronic components,3032.TW
2010-06-01,3032,1.1442560744231591,3.231198748187567,0.6107846043558094,700700.0,2010-07-11,偉訓,sii,Electronic components,3032.TW
2016-07-01,3032,0.9801184028653145,2.7712259257272285,0.7169945892052196,1366650.0,2016-08-11,偉訓,sii,Electronic components,3032.TW
2025-08-01,3032,0.9871449963801624,2.846948769829666,0.6589316760929684,2928700.0,2025-09-11,偉訓,sii,Electronic components,3032.TW
2010-01-01,3033,0.6751082231260621,3.6939135413593003,0.8396068982966486,3841323.0,2010-02-11,威健,sii,Electronics distribution,3033.TW
2010-09-01,3033,0.5508055591355494,2.1634633597722646,0.16709232177419264,5126042.0,2010-10-11,威健,sii,Electronics distribution,3033.TW
2013-03-01,3033,0.7547224318490402,2.875480791044845,0.7022134426888651,6924426.0,2013-04-11,威健,sii,Electronics distribution,3033.TW
2013-11-01,3033,0.9826057593495372,2.506851089020918,0.029487197885657235,8947932.0,2013-12-11,威健,sii,Electronics distribution,3033.TW
2010-01-01,3034,1.343071086073084,3.646295382076957,1.1154239187847832,7678176.0,2010-02-11,聯詠,sii,Semiconductors,3034.TW
2021-05-01,3034,0.726656418384952,2.129708806514627,0.26213450438615404,32061102.0,2021-06-11,聯詠,sii,Semiconductors,3034.TW
2010-01-01,3035,0.3488747933644234,2.7908683209669825,0.3103561659752945,1277000.0,2010-02-11,智原,sii,Semiconductors,3035.TW
2012-03-01,3035,0.41246568352580537,2.16046116650421,0.568272976708288,1790974.0,2012-04-11,智原,sii,Semiconductors,3035.TW
2012-09-01,3035,0.7058865159743093,3.0209670865631404,0.34104251067702496,2338100.0,2012-10-11,智原,sii,Semiconductors,3035.TW
2021-09-01,3035,0.4849898861260147,2.1199826074656993,0.19287614564929934,2217822.0,2021-10-11,智原,sii,Semiconductors,3035.TW
2022-03-01,3035,1.0891832114529554,3.9352273865843563,0.24385425462771004,3206844.0,2022-04-11,智原,sii,Semiconductors,3035.TW
2025-02-01,3035,0.8746167598502588,2.8169784924841297,0.8926649384760466,5057193.0,2025-03-11,智原,sii,Semiconductors,3035.TW
2009-11-01,3036,0.3194322010301722,2.138587005899848,0.09213493570693787,12107288.0,2009-12-11,文曄,sii,Electronics distribution,3036.TW
2010-05-01,3036,0.48559680414065487,2.264090348342671,0.08755088083481866,14598165.0,2010-06-11,文曄,sii,Electronics distribution,3036.TW
2016-10-01,3036,0.5772267182149726,2.7882548527206144,0.43748577890129536,44949124.0,2016-11-11,文曄,sii,Electronics distribution,3036.TW
2018-09-01,3036,0.6676295135179775,2.851280159761789,0.3484109159447957,84770506.0,2018-10-11,文曄,sii,Electronics distribution,3036.TW
2024-03-01,3036,0.6040491874493426,2.33014749115555,0.3993588603147995,192651373.0,2024-04-11,文曄,sii,Electronics distribution,3036.TW
2026-01-01,3036,0.7047583373788384,2.363620292344951,0.33722803642393373,410948576.0,2026-02-11,文曄,sii,Electronics distribution,3036.TW
2026-07-01,3036,1.3910048606266634,4.792648188705068,0.6201120308212027,562639622.0,2026-08-11,文曄,sii,Electronics distribution,3036.TW
2010-01-01,3037,0.9028677563358796,2.5074069393803695,1.0402636123621132,10837182.0,2010-02-11,欣興,sii,Electronic components,3037.TW
2010-05-01,3038,0.4435597560739022,2.640678928577218,0.28923389598240923,892911.0,2010-06-11,全台,sii,Optoelectronics,3038.TW
2019-06-01,3038,0.5336951269938157,2.294867677167771,0.26931659435696975,1012590.0,2019-07-11,全台,sii,Optoelectronics,3038.TW
2009-04-01,3041,0.5738458024314701,2.0698704968072352,0.8184159905208034,985292.0,2009-05-11,揚智,sii,Semiconductors,3041.TW
2012-03-01,3041,0.859055783416957,2.1251176720947558,0.5340522619287165,1388341.0,2012-04-11,揚智,sii,Semiconductors,3041.TW
2026-06-01,3041,0.8436886623545037,2.6806823293550766,0.74498144987887,470596.0,2026-07-11,揚智,sii,Semiconductors,3041.TW
2020-04-01,3042,0.45962291373164943,2.4259626264398397,0.32393158548660006,2363274.0,2020-05-11,晶技,sii,Electronic components,3042.TW
2021-01-01,3042,0.4670279731459901,2.3108297736486194,0.1488948268769965,3349241.0,2021-02-11,晶技,sii,Electronic components,3042.TW
2008-06-01,3043,0.4816008910677281,2.5591983680991315,0.3714313875707207,1173219.0,2008-07-11,科風,sii,Other electronics,3043.TW
2010-03-01,3043,0.8936116250263249,2.4792419646364,1.008727490557321,836217.0,2010-04-11,科風,sii,Other electronics,3043.TW
2010-09-01,3043,2.066316228546851,3.330976038792458,0.7921520245161782,2124488.0,2010-10-11,科風,sii,Other electronics,3043.TW
2009-12-01,3044,0.39799577411690445,2.3559794556356572,0.7848746062875607,1275632.0,2010-01-11,健鼎,sii,Electronic components,3044.TW
2013-01-01,3044,3.768963002820035,7.547445096541789,3.97370601613221,4192238.0,2013-02-11,健鼎,sii,Electronic components,3044.TW
2013-07-01,3044,10.834582618765273,3.961020941634688,1.2814664936090114,10199351.0,2013-08-11,健鼎,sii,Electronic components,3044.TW
2013-02-01,3045,0.4393823424238825,6.2240496330988915,0.36907162409261574,24389011.0,2013-03-11,台灣大,sii,Communications & networking,3045.TW
2013-10-01,3045,0.6492425710293992,3.180990102138461,0.028692044395213223,27493220.0,2013-11-11,台灣大,sii,Communications & networking,3045.TW
2010-02-01,3046,0.39480474480806227,2.3190429048953125,0.5315864132442513,378391.0,2010-03-11,建,sii,Computers & peripherals,3046.TW
2010-12-01,3046,0.5305462351577956,2.1784685712935574,0.41287597215441996,582506.0,2011-01-11,建,sii,Computers & peripherals,3046.TW
2015-04-01,3046,0.5068473840686192,2.204100094041995,0.38005785307696693,352759.0,2015-05-11,建,sii,Computers & peripherals,3046.TW
2017-06-01,3046,0.6493758326793568,2.333046207501041,0.7594982548041297,361497.0,2017-07-11,建,sii,Computers & peripherals,3046.TW
2021-03-01,3046,0.7085305134376112,2.2693116015775936,0.14284846363257753,484869.0,2021-04-11,建,sii,Computers & peripherals,3046.TW
2021-10-01,3046,0.8114053646440316,2.418618575935757,0.4285862420105193,766277.0,2021-11-11,建,sii,Computers & peripherals,3046.TW
2023-04-01,3046,1.0674643098382006,2.924594734548826,0.9365876094342109,1450810.0,2023-05-11,建,sii,Computers & peripherals,3046.TW
2024-01-01,3046,0.8900361572487965,2.227115418900265,0.1601323997861841,1394635.0,2024-02-11,建,sii,Computers & peripherals,3046.TW
2010-02-01,3047,0.7002711318654034,2.2851647249145555,0.6542389357706055,849095.0,2010-03-11,訊舟,sii,Communications & networking,3047.TW
2012-10-01,3047,0.6474465068043769,2.116066886165926,0.3914553098749718,1167603.0,2012-11-11,訊舟,sii,Communications & networking,3047.TW
2020-09-01,3047,0.6036103294311075,2.0455883144693106,0.3383053059977841,1890222.0,2020-10-11,訊舟,sii,Communications & networking,3047.TW
2024-06-01,3047,0.9927407821038057,3.588346048337189,1.1432327736195436,2098368.0,2024-07-11,訊舟,sii,Communications & networking,3047.TW
2010-01-01,3048,0.9639186218220634,2.2058742854460975,0.33575382473091997,10039715.0,2010-02-11,益登,sii,Electronics distribution,3048.TW
2014-11-01,3048,1.0062678330983674,2.312697233786843,0.2535712536922621,20536625.0,2014-12-11,益登,sii,Electronics distribution,3048.TW
2009-12-01,3049,1.8450040486738488,2.5112511886535467,1.960675235377622,1521346.0,2010-01-11,精金,sii,Optoelectronics,3049.TW
2012-11-01,3049,3.4315846483711336,2.6805914443585874,3.9563406116738857,2389280.0,2012-12-11,精金,sii,Optoelectronics,3049.TW
2010-01-01,3051,0.35479340145901705,2.1863965516145725,0.8123636493716927,1323392.0,2010-02-11,力特,sii,Optoelectronics,3051.TW
2014-10-01,3051,0.4921534421962437,2.3669504965040997,0.5819139141182005,1242834.0,2014-11-11,力特,sii,Optoelectronics,3051.TW
2021-05-01,3051,0.5678922810291962,2.4846012497411563,0.26227919311205694,882057.0,2021-06-11,力特,sii,Optoelectronics,3051.TW
2008-07-01,3052,1.5840479414272104,2.0598480129918815,1.444907439465868,618342.0,2008-08-11,夆典,sii,Construction,3052.TW
2013-07-01,3052,2.78194264150215,3.2967669997555733,2.983155607723513,1567411.0,2013-08-11,夆典,sii,Construction,3052.TW
2014-01-01,3052,8.532831870024472,4.991108773652923,6.944358046010485,4865300.0,2014-02-11,夆典,sii,Construction,3052.TW
2019-11-01,3052,20.595535058664428,9.560233060938376,20.181602277432603,4087970.0,2019-12-11,夆典,sii,Construction,3052.TW
2020-07-01,3052,8.081077917107544,2.0070702470277064,6.671972299801229,2016862.0,2020-08-11,夆典,sii,Construction,3052.TW
2009-11-01,3055,0.5177545094360141,2.18422093832559,0.7678134679806358,935084.0,2009-12-11,蔚華科,sii,Electronics distribution,3055.TW
2009-09-01,3056,8.750109409190372,6.369109566536034,9.332599735981663,334185.0,2009-10-11,富華新,sii,Construction,3056.TW
2011-04-01,3056,31.289260143198092,5.985710174250019,30.858185559935286,541168.0,2011-05-11,富華新,sii,Construction,3056.TW
2012-06-01,3056,20.04968045339443,3.3784615618949947,20.619206798161162,349130.0,2012-07-11,富華新,sii,Construction,3056.TW
2014-12-01,3056,60.7134460547504,7.344418920726543,61.67212494578937,1532962.0,2015-01-11,富華新,sii,Construction,3056.TW
2015-08-01,3056,22.822681246558254,2.555644258873343,23.636585589509046,2119766.0,2015-09-11,富華新,sii,Construction,3056.TW
2016-04-01,3056,19.49936482343313,2.0420668139824065,20.268830914483598,3356443.0,2016-05-11,富華新,sii,Construction,3056.TW
2018-02-01,3056,52.258747697974215,2.4749508026199343,52.74426801763638,867585.0,2018-03-11,富華新,sii,Construction,3056.TW
2022-06-01,3056,81.69388079259818,4.337570082150857,82.68837915107427,2082480.0,2022-07-11,富華新,sii,Construction,3056.TW
2024-11-01,3056,198.0076774608621,5.728524222765062,198.92341397414776,9279728.0,2024-12-11,富華新,sii,Construction,3056.TW
2008-02-01,3057,1.0411882836715063,2.9276178260928454,0.7995578504486671,362860.0,2008-03-11,喬鼎,sii,Computers & peripherals,3057.TW
2011-12-01,3057,0.8952123898618514,2.162109035076294,0.8924585930319142,557526.0,2012-01-11,喬鼎,sii,Computers & peripherals,3057.TW
2013-03-01,3057,1.142150123037248,2.6075371072963764,1.5355828956792412,852248.0,2013-04-11,喬鼎,sii,Computers & peripherals,3057.TW
2013-09-01,3057,1.5866905582197908,2.8683785666829364,0.47746227047087375,896459.0,2013-10-11,喬鼎,sii,Computers & peripherals,3057.TW
2010-03-01,3058,0.45069522565435083,2.444644672364931,0.3786010209150832,1023921.0,2010-04-11,立德,sii,Electronic components,3058.TW
2013-10-01,3058,0.550377625019858,2.4394405995084836,0.4093510427909992,1805438.0,2013-11-11,立德,sii,Electronic components,3058.TW
2008-02-01,3059,2.4510541020720154,3.393567168569878,2.0004701630246373,4844431.0,2008-03-11,華晶科,sii,Optoelectronics,3059.TW
2010-05-01,3059,1.88724048035346,2.6430837909145866,1.8228315099855625,7169994.0,2010-06-11,華晶科,sii,Optoelectronics,3059.TW
2008-02-01,3060,0.41805649818618296,2.569563775173607,0.3187066786289703,1489735.0,2008-03-11,銘異,sii,Computers & peripherals,3060.TW
2010-02-01,3060,0.5946634694007837,2.3493954812457867,0.7136394014864607,1823461.0,2010-03-11,銘異,sii,Computers & peripherals,3060.TW
2024-03-01,3060,0.4566122348224171,2.165229877071767,0.19153089090356334,778903.0,2024-04-11,銘異,sii,Computers & peripherals,3060.TW
2009-11-01,3061,1.634977245865957,2.6135751223742507,1.1936148600180734,760241.0,2009-12-11,璨圓光電,sii,,3061.TW
2013-06-01,3062,0.5686774585747612,2.971727538146986,0.6023936213035223,3381678.0,2013-07-11,建漢,sii,Communications & networking,3062.TW
2014-01-01,3062,0.6097539673627628,2.2617604482585407,0.30216522196427364,4257627.0,2014-02-11,建漢,sii,Communications & networking,3062.TW
2022-07-01,3062,0.7668239861159816,3.006116106196249,1.0452096855706419,1582046.0,2022-08-11,建漢,sii,Communications & networking,3062.TW
2010-01-01,3071,0.4514993386722117,2.9591240241605794,0.5351210004613823,661740.0,2010-02-11,協禧,otc,Computers & peripherals,3071.TWO
2013-12-01,3071,0.455368710258663,2.020191877025512,0.15962952326035018,781859.0,2014-01-11,協禧,otc,Computers & peripherals,3071.TWO
2021-03-01,3071,0.3964530526229537,2.1868700209757383,0.4106276625811397,545361.0,2021-04-11,協禧,otc,Computers & peripherals,3071.TWO
2026-06-01,3071,0.3923211849541999,2.1797860384736225,0.0849669728314737,807272.0,2026-07-11,協禧,otc,Computers & peripherals,3071.TWO
2008-02-01,3078,0.5431289772020842,2.1779290570876197,0.49283435304157486,1092202.0,2008-03-11,僑威,otc,Electronic components,3078.TWO
2013-11-01,3078,0.66437627782993,2.0813337693853393,0.2564515250836894,1414843.0,2013-12-11,僑威,otc,Electronic components,3078.TWO
2018-05-01,3078,0.5970536194906233,2.0082158086133357,0.45403663189042454,1984839.0,2018-06-11,僑威,otc,Electronic components,3078.TWO
2020-12-01,3078,0.6647713790506453,2.0490394210401903,0.12234417216960947,2581834.0,2021-01-11,僑威,otc,Electronic components,3078.TWO
2023-05-01,3078,0.8363262769661781,2.053296349906778,0.8267058566095038,3046592.0,2023-06-11,僑威,otc,Electronic components,3078.TWO
2022-11-01,3081,1.0974540529264334,2.451383630465042,0.5800628096973741,693756.0,2022-12-11,聯亞,otc,Communications & networking,3081.TWO
2025-06-01,3081,1.0290475002567976,2.1180721966421694,0.6261726225641076,553094.0,2025-07-11,聯亞,otc,Communications & networking,3081.TWO
2025-12-01,3081,1.2243793497455076,2.351410268017024,0.5131533595583819,642423.0,2026-01-11,聯亞,otc,Communications & networking,3081.TWO
2026-06-01,3081,1.2079031773984168,2.04777870150377,0.21805714811801757,1221178.0,2026-07-11,聯亞,otc,Communications & networking,3081.TWO
2010-10-01,3088,0.7333159962608151,2.143813737424612,0.20982479112058616,493222.0,2010-11-11,艾訊,otc,Computers & peripherals,3088.TWO
2013-02-01,3088,0.7361497979565872,2.3787560991261865,0.5396010388022006,619552.0,2013-03-11,艾訊,otc,Computers & peripherals,3088.TWO
2013-08-01,3088,1.196140772743056,2.851684823483248,0.289381189953531,929734.0,2013-09-11,艾訊,otc,Computers & peripherals,3088.TWO
2010-01-01,3090,0.5651012667529633,2.335011963091055,0.6245521625156462,553761.0,2010-02-11,日電貿,sii,Electronic components,3090.TW
2013-03-01,3090,1.2838032901711345,4.055743067846658,1.4665170386318793,965117.0,2013-04-11,日電貿,sii,Electronic components,3090.TW
2013-09-01,3090,3.3946415740894267,4.260148088918285,0.717458656474518,1908294.0,2013-10-11,日電貿,sii,Electronic components,3090.TW
2013-02-01,3092,1.6130564902017146,3.086495662599751,1.7762943232754709,309088.0,2013-03-11,鴻碩,sii,Electronic components,3092.TW
2010-05-01,3093,3.247475644581688,4.073924109879528,2.5945840611970437,310860.0,2010-06-11,港建*,otc,Other electronics,3093.TWO
2021-09-01,3093,1.459540921858526,2.2528188932691093,1.2534687993237883,611191.0,2021-10-11,港建*,otc,Other electronics,3093.TWO
2025-03-01,3093,1.755120110871574,2.84845921831163,1.5060896262377115,572536.0,2025-04-11,港建*,otc,Other electronics,3093.TWO
2013-01-01,3095,6.859954369238189,7.2764874930192125,7.059602518195748,423738.0,2013-02-11,及成,otc,Communications & networking,3095.TWO
2013-07-01,3095,17.07673702396154,3.995174699337173,2.8786154097944383,1203278.0,2013-08-11,及成,otc,Communications & networking,3095.TWO
2017-12-01,3105,0.7369444390806932,2.2838241512371065,0.4981382501643341,5577075.0,2018-01-11,穩懋,otc,Semiconductors,3105.TWO
2008-02-01,3114,0.4726852822430665,2.3952409420790235,0.2629406264630827,435529.0,2008-03-11,好德,otc,Electronic components,3114.TWO
2012-11-01,3114,0.4828952685328043,2.1486482797327855,0.4640255458605467,322939.0,2012-12-11,好德,otc,Electronic components,3114.TWO
2018-09-01,3114,0.6535634756005522,2.0096594984874727,0.28083520116364036,1062608.0,2018-10-11,好德,otc,Electronic components,3114.TWO
2011-09-01,3128,0.32700432841931204,2.5247353341998706,0.34284935621973,333865.0,2011-10-11,昇銳,otc,Optoelectronics,3128.TWO
2021-12-01,3128,0.3882768851993308,2.8475767474414586,0.36458633916360284,307874.0,2022-01-11,昇銳,otc,Optoelectronics,3128.TWO
2024-12-01,3128,0.4405606392236492,2.7908123418667348,0.3772287437343713,327765.0,2025-01-11,昇銳,otc,Optoelectronics,3128.TWO
2013-01-01,3130,0.5842679869701826,3.1696360523690768,0.6137546760766697,329260.0,2013-02-11,一零四,sii,Digital cloud,3130.TW
2013-07-01,3130,1.182565694009666,3.3332068292197428,0.1738348143522508,564047.0,2013-08-11,一零四,sii,Digital cloud,3130.TW
2026-01-01,3135,1.3777575328645213,2.284423295898406,1.169440324342758,3473899.0,2026-02-11,凌航,sii,Semiconductors,3135.TW
2020-05-01,3138,0.5241047074130076,2.3532027423784436,0.5099781837388524,303402.0,2020-06-11,耀登,sii,Communications & networking,3138.TW
2016-05-01,3141,0.4086885939872693,2.4774949725828184,0.21592509064804877,362719.0,2016-06-11,晶宏,otc,Semiconductors,3141.TWO
2020-11-01,3141,0.42484646230499723,2.4008693537096626,0.25811233153356694,427813.0,2020-12-11,晶宏,otc,Semiconductors,3141.TWO
2021-05-01,3141,0.9090303617241788,3.571674249464268,0.13898404587118263,561799.0,2021-06-11,晶宏,otc,Semiconductors,3141.TWO
2012-12-01,3144,1.0693543941227932,2.650060230283535,0.5537787276193404,345338.0,2013-01-11,新揚科,otc,,3144.TWO
2021-04-01,3147,0.9177175684259951,2.3717790561452095,0.5820465604371787,1041522.0,2021-05-11,大綜,otc,IT services,3147.TWO
2021-10-01,3147,1.2285886255242033,2.5888083092178773,0.4277973898851146,1362568.0,2021-11-11,大綜,otc,IT services,3147.TWO
2025-02-01,3147,1.2645623990454156,2.826227442328053,0.9824478884151078,2360915.0,2025-03-11,大綜,otc,IT services,3147.TWO
2026-06-01,3147,3.4806991677083667,5.851446951669886,3.533336861602295,5871320.0,2026-07-11,大綜,otc,IT services,3147.TWO
2026-08-01,3158,0.359055615227569,3.191168544147833,0.20724440913228004,331509.0,2026-09-11,嘉實,otc,IT services,3158.TWO
2021-06-01,3162,1.4138178892669675,3.395018527263112,0.9028585475083402,366041.0,2021-07-11,精確,otc,Electrical machinery,3162.TWO
2022-09-01,3162,0.9910151509843204,2.0691788788667766,0.5525724628701474,625125.0,2022-10-11,精確,otc,Electrical machinery,3162.TWO
2023-04-01,3162,1.7156256808356938,3.2609886555781804,0.7718840288599849,947308.0,2023-05-11,精確,otc,Electrical machinery,3162.TWO
2025-02-01,3162,1.2650067212586888,2.288628990140102,0.5634552908008967,1892207.0,2025-03-11,精確,otc,Electrical machinery,3162.TWO
2013-10-01,3163,0.5894906854591009,2.079255503299541,0.22872570732425568,690861.0,2013-11-11,波若威,otc,Communications & networking,3163.TWO
2020-06-01,3163,0.7371140377759009,2.1434806971722593,0.8741269807742202,929627.0,2020-07-11,波若威,otc,Communications & networking,3163.TWO
2017-08-01,3167,1.160747026722571,2.1613995370139967,0.7040249218973709,1097169.0,2017-09-11,大量,sii,Electrical machinery,3167.TW
2021-02-01,3167,1.140723233719768,2.0035121422993267,0.5244853744701257,916632.0,2021-03-11,大量,sii,Electrical machinery,3167.TW
2025-06-01,3167,1.592625536029769,2.151801387682303,0.47774906572177844,1270848.0,2025-07-11,大量,sii,Electrical machinery,3167.TW
2021-02-01,3168,0.9121080965683086,3.0309760171079074,0.5468713980657054,949398.0,2021-03-11,眾福科,sii,Optoelectronics,3168.TW
2021-07-01,3169,0.6923905240488155,2.3249600597197597,0.10302116515645943,311190.0,2021-08-11,亞信,otc,Semiconductors,3169.TWO
2021-08-01,3176,4.995518305512695,2.8530532552235415,4.654180114058571,854841.0,2021-09-11,基亞,otc,Biotech & medical,3176.TWO
2016-12-01,3178,0.6355701270873004,2.4365677349312107,0.3218675771017889,342719.0,2017-01-11,公準,otc,Semiconductors,3178.TWO
2017-04-01,3188,16.872544080604534,10.626748988628991,17.427441893231904,319293.0,2017-05-11,鑫龍騰,otc,Construction,3188.TWO
2022-12-01,3188,5.951687346819074,2.4206835028439913,6.951687346819074,995572.0,2023-01-11,鑫龍騰,otc,Construction,3188.TWO
2024-07-01,3188,6.870637123950203,2.4441770671737255,2.718999436930389,450775.0,2024-08-11,鑫龍騰,otc,Construction,3188.TWO
2026-02-01,3188,6.1358542224385495,2.106072269930106,1.2855275720564547,1172849.0,2026-03-11,鑫龍騰,otc,Construction,3188.TWO
2008-04-01,3202,0.7323307977374682,2.0626336951805877,0.09605457012153962,444083.0,2008-05-11,樺晟電子,otc,,3202.TWO
2010-05-01,3206,0.6700643953987562,2.483188329798509,0.3962284061194974,303434.0,2010-06-11,志豐,otc,Electronic components,3206.TWO
2014-09-01,3206,0.6369862733632918,2.3066604367878134,0.4447474893853671,400343.0,2014-10-11,志豐,otc,Electronic components,3206.TWO
2016-12-01,3206,0.6317219233011935,2.2056943903604185,0.5208182560884462,590450.0,2017-01-11,志豐,otc,Electronic components,3206.TWO
2021-03-01,3206,0.6169782085861406,2.1281227421392312,0.28592154485248766,929832.0,2021-04-11,志豐,otc,Electronic components,3206.TWO
2026-06-01,3209,0.8331310242777237,2.397722769378644,0.6450060415941201,17264307.0,2026-07-11,全科,sii,Electronics distribution,3209.TW
2021-02-01,3211,0.8845170272516922,2.3186565206102525,0.8517272808960736,4985258.0,2021-03-11,順達,otc,Computers & peripherals,3211.TWO
2017-01-01,3213,0.44690556960463823,2.5706224953994337,0.39240890184154864,586467.0,2017-02-11,茂訊,otc,Computers & peripherals,3213.TWO
2022-12-01,3213,0.38672237238335705,2.0463113197896905,0.46097756557911274,701339.0,2023-01-11,茂訊,otc,Computers & peripherals,3213.TWO
2026-05-01,3213,0.510171626840703,2.7502551618438362,0.6457115433869952,950573.0,2026-06-11,茂訊,otc,Computers & peripherals,3213.TWO
2020-07-01,3218,0.5049317603128154,2.339044339781302,0.2249480218181481,538439.0,2020-08-11,大學光,otc,Biotech & medical,3218.TWO
2021-03-01,3218,0.5457944209302503,2.211869681689304,0.060168376574556426,610275.0,2021-04-11,大學光,otc,Biotech & medical,3218.TWO
2017-10-01,3219,10.00685106745885,9.084449522135532,9.055443280144637,387188.0,2017-11-11,倚強科,otc,Other electronics,3219.TWO
2021-07-01,3219,26.504070218185845,2.5993109342983503,17.86870077122302,993337.0,2021-08-11,倚強科,otc,Other electronics,3219.TWO
2010-01-01,3221,1.1735172242590894,2.330922653605122,1.2004246465308772,455291.0,2010-02-11,台嘉碩,otc,Communications & networking,3221.TWO
2022-06-01,3221,0.8277659917710514,2.5197595047943304,0.7057039052602394,1280266.0,2022-07-11,台嘉碩,otc,Communications & networking,3221.TWO
2013-02-01,3224,1.1090102279502823,2.842932284582898,1.1408507991962464,367862.0,2013-03-11,三顧,otc,Electronics distribution,3224.TWO
2013-10-01,3224,1.8176319568339063,2.5895695198204987,0.047996113849694044,518016.0,2013-11-11,三顧,otc,Electronics distribution,3224.TWO
2024-01-01,3227,0.8474214785987408,2.18114416734517,0.3686304828598057,1793922.0,2024-02-11,原相,otc,Semiconductors,3227.TWO
2013-02-01,3230,3.0442746178902533,4.590579554008527,3.405864408937937,322814.0,2013-03-11,錦明,otc,Optoelectronics,3230.TWO
2013-08-01,3230,10.046016823354774,4.792650162782865,4.3403827737522,580424.0,2013-09-11,錦明,otc,Optoelectronics,3230.TWO
2025-04-01,3231,0.5987205069588799,2.2874711264549803,0.2633781722809958,389402453.0,2025-05-11,緯創,sii,Computers & peripherals,3231.TW
2025-11-01,3231,1.319872270848939,4.26974436573145,0.15388138842350862,669122956.0,2025-12-11,緯創,sii,Computers & peripherals,3231.TW
2026-08-01,3231,0.9006276769159591,2.120595780905923,0.06933077470395044,1090106230.0,2026-09-11,緯創,sii,Computers & peripherals,3231.TW
2012-04-01,3232,0.5785634118967453,2.232972610695043,0.8449764752171041,461332.0,2012-05-11,昱捷,otc,Electronics distribution,3232.TWO
2017-09-01,3232,1.5194248914183017,3.9248151512765914,0.7336260933960017,336444.0,2017-10-11,昱捷,otc,Electronics distribution,3232.TWO
2014-01-01,3234,0.4019468306204379,2.2832600120576974,0.368611901085786,582143.0,2014-02-11,光環,otc,Communications & networking,3234.TWO
2015-02-01,3234,0.39956292114368974,2.105997946335489,0.20159121202212815,737760.0,2015-03-11,光環,otc,Communications & networking,3234.TWO
2015-08-01,3234,1.2155896433954125,4.595976881624893,0.7276306155772052,1165748.0,2015-09-11,光環,otc,Communications & networking,3234.TWO
2010-07-01,3236,0.6528124089245815,2.3053978452448667,0.21550813458003804,306243.0,2010-08-11,千如,otc,Electronic components,3236.TWO
2021-03-01,3236,0.5664934866809619,2.0169402464627773,0.3396279214842426,554487.0,2021-04-11,千如,otc,Electronic components,3236.TWO
2010-12-01,3252,159.85369601967113,7.481539051360478,160.53684929448545,1046675.0,2011-01-11,海灣,otc,Tourism,3252.TWO
2011-06-01,3252,245.14356929212363,4.509730070597843,244.4710649138399,493764.0,2011-07-11,海灣,otc,Tourism,3252.TWO
2023-07-01,3257,1.4391999446328465,3.5386284876960397,1.2887083982202507,317196.0,2023-08-11,虹冠電,sii,Semiconductors,3257.TW
2009-11-01,3260,1.0783208051272548,2.325435003271824,0.9870921286394245,12929294.0,2009-12-11,威剛,otc,Semiconductors,3260.TWO
2026-01-01,3260,1.155439702812592,3.0062411770219986,0.6398089362548687,19819281.0,2026-02-11,威剛,otc,Semiconductors,3260.TWO
2026-07-01,3260,2.502438218122684,5.2910943447098715,0.9343482632468123,45982986.0,2026-08-11,威剛,otc,Semiconductors,3260.TWO
2010-01-01,3264,1.0502617071665972,2.462972449429684,1.195629235601349,1030195.0,2010-02-11,欣銓,otc,Semiconductors,3264.TWO
2010-01-01,3265,1.3088393819619117,3.2077944927396977,1.435459241540648,398381.0,2010-02-11,台星科,otc,Semiconductors,3265.TWO
2016-03-01,3265,0.9335477834656687,2.0830780283417067,0.6471225625011781,684037.0,2016-04-11,台星科,otc,Semiconductors,3265.TWO
2011-01-01,3266,7.680360311177836,5.834221221717708,7.856258593640693,508808.0,2011-02-11,昇陽,sii,Construction,3266.TW
2011-07-01,3266,5.136728519564341,2.2937764946391654,2.7992785425257,304259.0,2011-08-11,昇陽,sii,Construction,3266.TW
2009-07-01,3268,0.31184806567506107,2.205866272054689,0.5143945135580106,302339.0,2009-08-11,海德威,otc,Semiconductors,3268.TWO
2022-09-01,3272,1.0570816780100607,2.8945939132171166,0.9955628193308421,2583277.0,2022-10-11,東碩,otc,Computers & peripherals,3272.TWO
2017-01-01,3276,1.4346906204391057,2.095786002665552,0.6528788917805828,463755.0,2017-02-11,宇環,otc,Electronic components,3276.TWO
2023-10-01,3276,1.857026334187835,2.6386455174731727,2.1983763434213053,416823.0,2023-11-11,宇環,otc,Electronic components,3276.TWO
2024-06-01,3284,0.5407003160806005,2.424088410656628,0.10898605328579869,311961.0,2024-07-11,太普高,otc,Other,3284.TWO
2018-09-01,3285,0.5337338624919608,2.8343898668144165,0.6072401566656725,391096.0,2018-10-11,微端,otc,Other electronics,3285.TWO
2020-08-01,3285,0.7194910952020803,3.2793547531552107,1.0749759010144437,331934.0,2020-09-11,微端,otc,Other electronics,3285.TWO
2026-06-01,3285,1.0090534733826688,3.7392229710284703,0.40885442391599147,336637.0,2026-07-11,微端,otc,Other electronics,3285.TWO
2013-03-01,3289,0.7009359102783179,3.3035990335643457,0.6324224459406178,346399.0,2013-04-11,宜特,otc,Other electronics,3289.TWO
2013-11-01,3289,0.8173180230996508,2.45767139525787,0.02119744529496259,433016.0,2013-12-11,宜特,otc,Other electronics,3289.TWO
2016-01-01,3293,0.8085571517801373,2.340962626700047,0.7164125455164436,671756.0,2016-02-11,鈊象,otc,Cultural & creative,3293.TWO
2019-08-01,3293,0.8870034837620355,2.1079586744346224,0.4456462670531922,1412641.0,2019-09-11,鈊象,otc,Cultural & creative,3293.TWO
2013-01-01,3294,1.8576437877708587,5.072003580889238,1.763016879970298,621809.0,2013-02-11,英濟,otc,Electronic components,3294.TWO
2013-07-01,3294,4.595449699384788,3.315356502618811,0.19150931966570628,1280597.0,2013-08-11,英濟,otc,Electronic components,3294.TWO
2012-03-01,3296,0.5891773444225474,2.3079180382812106,0.2266111275247229,893480.0,2012-04-11,勝德,sii,Electronic components,3296.TW
2021-02-01,3296,0.5961072050646874,2.5815300041513947,0.6256650240199785,677182.0,2021-03-11,勝德,sii,Electronic components,3296.TW
2010-01-01,3299,0.6366053022574596,3.3428523595516797,0.7403563146496696,386630.0,2010-02-11,帛漢,otc,,3299.TWO
2010-07-01,3299,0.7541312060677436,2.3040823671096384,0.21117213112966393,473647.0,2010-08-11,帛漢,otc,,3299.TWO
2010-01-01,3303,0.6838894012252157,2.516787381138381,0.6574438932025091,409010.0,2010-02-11,岱稜,otc,Other electronics,3303.TWO
2008-02-01,3306,1.3325142835804176,2.1507821024397273,0.6902717945789298,624624.0,2008-03-11,鼎天,otc,Communications & networking,3306.TWO
2010-09-01,3306,2.762528686556012,2.0764858450397843,1.0513068636223304,563988.0,2010-10-11,鼎天,otc,Communications & networking,3306.TWO
2013-10-01,3308,0.42432433671738146,2.5547362807137115,0.6102958537269263,621239.0,2013-11-11,聯德,sii,Electronic components,3308.TW
2014-06-01,3308,0.4973853580048271,2.490830122943448,0.8362511418607878,550930.0,2014-07-11,聯德,sii,Electronic components,3308.TW
2015-12-01,3310,3.489644767521602,7.649265508063368,3.658973897902183,523744.0,2016-01-11,佳穎,otc,Electronic components,3310.TWO
2017-12-01,3310,1.7186492246431677,2.161975371056959,0.41441332065225733,775598.0,2018-01-11,佳穎,otc,Electronic components,3310.TWO
2025-02-01,3310,2.253458137748807,2.4410164359067803,2.6621279522876677,1173428.0,2025-03-11,佳穎,otc,Electronic components,3310.TWO
2026-07-01,3310,2.5967114698154488,2.666098743622194,3.2748928744688977,1374361.0,2026-08-11,佳穎,otc,Electronic components,3310.TWO
2013-04-01,3311,1.0204439070923086,2.4878049664177198,1.3031411934900479,1821511.0,2013-05-11,閎暉,sii,Communications & networking,3311.TW
2009-12-01,3312,0.49089162621017723,2.364812380692509,0.22328883716958914,3125948.0,2010-01-11,弘憶股,sii,Electronics distribution,3312.TW
2013-12-01,3312,0.4707356044303428,2.151093936099229,0.17779467208760136,4782741.0,2014-01-11,弘憶股,sii,Electronics distribution,3312.TW
2021-07-01,3312,0.5478109056915885,2.068857745027007,0.24031731830262748,4914247.0,2021-08-11,弘憶股,sii,Electronics distribution,3312.TW
2010-01-01,3313,0.776474693018492,3.825196311174111,0.8456297913202325,631352.0,2010-02-11,斐成,otc,Construction,3313.TWO
2010-01-01,3315,1.021548089467017,2.8518615113880466,0.8581969813608454,2138434.0,2010-02-11,宣昶,sii,,3315.TW
2010-01-01,3317,0.6766144935936478,2.098649856674747,0.6207572670195971,740512.0,2010-02-11,尼克森,otc,Semiconductors,3317.TWO
2021-03-01,3317,0.4784148157536199,2.2943251681806283,0.5042091326539978,746564.0,2021-04-11,尼克森,otc,Semiconductors,3317.TWO
2021-03-01,3321,0.32922604369676334,2.3849443967664525,0.48978001478292876,524490.0,2021-04-11,同泰,sii,Electronic components,3321.TW
2023-10-01,3321,0.414874098443629,2.3671056846502716,0.5294810078891491,402543.0,2023-11-11,同泰,sii,Electronic components,3321.TW
2011-10-01,3322,0.41310578992044533,2.216633173581604,0.30642288354502845,715837.0,2011-11-11,建舜電,otc,Electronic components,3322.TWO
2013-01-01,3322,0.472495938095405,2.408424974037304,0.7407148203269744,503894.0,2013-02-11,建舜電,otc,Electronic components,3322.TWO
2021-02-01,3322,0.44459208300741415,2.11338503288602,0.2760982608365923,864311.0,2021-03-11,建舜電,otc,Electronic components,3322.TWO
2012-11-01,3323,0.7715146538235327,2.532457910869007,0.5268082709781254,1596365.0,2012-12-11,加百裕,otc,Computers & peripherals,3323.TWO
2015-01-01,3323,0.6503089869426504,2.081257777995623,0.4153649514308879,1501631.0,2015-02-11,加百裕,otc,Computers & peripherals,3323.TWO
2017-05-01,3323,0.6250965373704809,2.0217339318910184,0.21820134159561877,1738096.0,2017-06-11,加百裕,otc,Computers & peripherals,3323.TWO
2021-02-01,3323,0.8366747187749299,2.469102957664457,0.5859186010955237,3451132.0,2021-03-11,加百裕,otc,Computers & peripherals,3323.TWO
2008-06-01,3324,0.6444711188344072,2.7136223363222927,0.5747062189432366,654858.0,2008-07-11,雙鴻,otc,Other electronics,3324.TWO
2010-07-01,3324,0.6853192809041861,2.214063558828737,0.5988647748328306,684725.0,2010-08-11,雙鴻,otc,Other electronics,3324.TWO
2024-06-01,3324,0.6483932980158447,2.187271562674336,0.6876918426802701,4283078.0,2024-07-11,雙鴻,otc,Other electronics,3324.TWO
2025-04-01,3324,0.6382282513159676,2.0943653274839416,0.4400546998632515,5058590.0,2025-05-11,雙鴻,otc,Other electronics,3324.TWO
2025-11-01,3324,0.6977966782508704,2.28884290367176,0.5176310831105873,7113600.0,2025-12-11,雙鴻,otc,Other electronics,3324.TWO
2026-07-01,3324,0.9114091488041369,2.7496315295691325,0.2607620317221042,9622393.0,2026-08-11,雙鴻,otc,Other electronics,3324.TWO
2013-01-01,3325,0.6111339672443361,2.9236058370473264,0.43095240689378556,348535.0,2013-02-11,旭品,otc,Computers & peripherals,3325.TWO
2013-07-01,3325,0.6848294861747497,2.365842321291963,0.12258657837333131,350426.0,2013-08-11,旭品,otc,Computers & peripherals,3325.TWO
2018-06-01,3325,0.5471845222254903,2.1199273080390464,0.5683972471590528,331393.0,2018-07-11,旭品,otc,Computers & peripherals,3325.TWO
2020-06-01,3325,0.7675096664890493,2.7626244296504803,0.9723194523153567,646829.0,2020-07-11,旭品,otc,Computers & peripherals,3325.TWO
2023-05-01,3325,0.7413917265546119,2.3157697116040197,0.7440501885185551,469117.0,2023-06-11,旭品,otc,Computers & peripherals,3325.TWO
2010-05-01,3332,0.3741467717470157,2.2688446588438023,0.42984669056584823,333379.0,2010-06-11,幸康,otc,Electronic components,3332.TWO
2021-11-01,3332,0.4023980815347721,2.1198360866785966,0.4598277902122351,350880.0,2021-12-11,幸康,otc,Electronic components,3332.TWO
2022-05-01,3332,0.4963832679224107,2.3892836921929046,0.09729991142086525,410636.0,2022-06-11,幸康,otc,Electronic components,3332.TWO
2025-07-01,3332,0.4966174093354798,2.107480654838169,0.23811072511267461,445323.0,2025-08-11,幸康,otc,Electronic components,3332.TWO
2020-05-01,3338,0.4950480509908135,2.1077786452249634,0.3549120322202668,1588203.0,2020-06-11,泰碩,sii,Electronic components,3338.TW
2009-11-01,3339,0.6891497873346899,2.1232596193313102,0.593423896754,414215.0,2009-12-11,泰谷,otc,Optoelectronics,3339.TWO
2010-07-01,3339,1.4300206915270488,2.086957549914392,0.36701260039739525,689375.0,2010-08-11,泰谷,otc,Optoelectronics,3339.TWO
2021-02-01,3346,0.741547431663417,2.232858975083594,0.3565499483786436,1668493.0,2021-03-11,麗清,sii,Automotive,3346.TW
2023-06-01,3346,0.7966899129100069,2.2320256184359515,0.8286320302283013,2046110.0,2023-07-11,麗清,sii,Automotive,3346.TW
2020-09-01,3349,1.3431206418234987,2.9830819586945703,1.4573674451828087,312502.0,2020-10-11,寶德,otc,Computers & peripherals,3349.TWO
2021-03-01,3349,3.1964178437207487,3.4379364426346606,0.5298019436293688,300367.0,2021-04-11,寶德,otc,Computers & peripherals,3349.TWO
2010-10-01,3354,1.3449929529771385,2.6829452427755838,0.6933898583259972,384342.0,2010-11-11,律勝,otc,Electronic components,3354.TWO
2011-10-01,3356,0.4540441366657124,2.0567847598083135,0.27111511153796264,421619.0,2011-11-11,奇偶,sii,Optoelectronics,3356.TW
2013-09-01,3356,0.56672822844154,2.3121332716488974,0.4134018129952197,606551.0,2013-10-11,奇偶,sii,Optoelectronics,3356.TW
2020-04-01,3357,0.4462724986606468,3.172830975396981,0.3041806375342988,1023138.0,2020-05-11,臺慶科,otc,Electronic components,3357.TWO
2021-01-01,3357,0.43878016378165086,2.1540456940918267,0.11719153794322112,1306116.0,2021-02-11,臺慶科,otc,Electronic components,3357.TWO
2026-07-01,3357,0.5290008693298351,2.1239762778935156,0.44152359271707353,2349793.0,2026-08-11,臺慶科,otc,Electronic components,3357.TWO
2010-07-01,3360,0.635473395814999,2.599625246788084,0.22138712479627043,1707848.0,2010-08-11,尚立,otc,Electronics distribution,3360.TWO
2011-12-01,3360,0.57969081528978,2.165728575983289,0.9763194345618842,1760022.0,2012-01-11,尚立,otc,Electronics distribution,3360.TWO
2012-08-01,3360,0.6374577728869093,2.156823672478277,0.5541187725922274,1982010.0,2012-09-11,尚立,otc,Electronics distribution,3360.TWO
2014-06-01,3360,0.7827043790993051,2.488867602061594,0.46805717388514245,3543182.0,2014-07-11,尚立,otc,Electronics distribution,3360.TWO
2018-08-01,3360,0.9561930306759316,2.6114632851056423,1.0711159992853077,3716622.0,2018-09-11,尚立,otc,Electronics distribution,3360.TWO
2026-02-01,3360,1.008477028253226,2.103488423147323,0.9664680865931015,2651740.0,2026-03-11,尚立,otc,Electronics distribution,3360.TWO
2016-03-01,3363,0.6315856406708618,2.0310750160874496,0.47805013555771936,320742.0,2016-04-11,上詮,otc,Communications & networking,3363.TWO
2016-10-01,3363,0.8010239043648566,2.2871832406272703,0.5919286015065577,407379.0,2016-11-11,上詮,otc,Communications & networking,3363.TWO
2021-10-01,3363,0.6814585698354196,2.0877828415976136,0.7278096206431365,672459.0,2021-11-11,上詮,otc,Communications & networking,3363.TWO
2021-01-01,3372,0.4494310483960524,2.155975727781317,0.4715468741866269,391558.0,2021-02-11,典範,otc,Semiconductors,3372.TWO
2021-07-01,3372,1.0160784022454252,4.024934491377716,0.5135873433982714,515731.0,2021-08-11,典範,otc,Semiconductors,3372.TWO
2020-04-01,3373,2.189221188226658,7.310363915728609,2.180151605782127,538736.0,2020-05-11,熱映,otc,Other electronics,3373.TWO
2020-12-01,3373,2.7674376029779704,4.014471329699789,0.2551135676785643,740844.0,2021-01-11,熱映,otc,Other electronics,3373.TWO
2017-11-01,3374,0.7708661110488706,2.3489823117970983,1.031451591673937,1454214.0,2017-12-11,精材,otc,Semiconductors,3374.TWO
2020-04-01,3374,1.386112911529919,2.960151851651783,1.0773859785160007,1432071.0,2020-05-11,精材,otc,Semiconductors,3374.TWO
2012-07-01,3376,0.5883254118554828,2.0417142651177276,0.4430801041206649,992184.0,2012-08-11,新日興,sii,Electronic components,3376.TW
2013-01-01,3376,1.1486449650411572,3.6422266307905784,0.7318142676435238,1237540.0,2013-02-11,新日興,sii,Electronic components,3376.TW
2013-04-01,3379,1.221407260069617,2.3151538710538646,1.5894630282288638,303773.0,2013-05-11,彬台,otc,Electrical machinery,3379.TWO
2025-02-01,3379,1.7294571801876706,2.8531966762716,0.844719012600738,459586.0,2025-03-11,彬台,otc,Electrical machinery,3379.TWO
2025-10-01,3379,1.9845406256147946,3.0099249151327987,1.9170352066018004,758521.0,2025-11-11,彬台,otc,Electrical machinery,3379.TWO
2010-03-01,3380,0.565936957350202,2.2878427693474133,0.6489303053716702,4466558.0,2010-04-11,明泰,sii,Communications & networking,3380.TW
2020-03-01,3380,0.548785796867644,2.491687060995927,0.4037329249653814,4980669.0,2020-04-11,明泰,sii,Communications & networking,3380.TW
2020-09-01,3380,1.428659607829744,4.787220058307599,0.4716720784711217,9671282.0,2020-10-11,明泰,sii,Communications & networking,3380.TW
2010-01-01,3383,1.0097412975205353,2.2084423389281547,1.372014033510716,396118.0,2010-02-11,新世紀,sii,,3383.TW
2010-08-01,3383,1.946708206056357,2.292674166747598,0.8567631482975031,823823.0,2010-09-11,新世紀,sii,,3383.TW
2010-01-01,3388,0.7895936890107182,2.205848076921514,0.8676034721383763,850023.0,2010-02-11,崇越電,otc,Electronic components,3388.TWO
2013-02-01,3388,0.879844942804823,2.520009317025697,0.6919584940889707,1185684.0,2013-03-11,崇越電,otc,Electronic components,3388.TWO
2013-08-01,3388,1.3740719322825905,2.7913811770091823,0.0643766216997732,1835103.0,2013-09-11,崇越電,otc,Electronic components,3388.TWO
2010-05-01,3402,1.932134665347697,3.8328772755971716,2.028567114117089,539460.0,2010-06-11,漢科,otc,Other electronics,3402.TWO
2010-05-01,3406,1.2179259923440355,2.111559994760685,1.030563638827083,321566.0,2010-06-11,玉晶光,sii,Optoelectronics,3406.TW
2010-11-01,3406,15.851428507204353,5.3655951999125975,11.496888171841043,1499339.0,2010-12-11,玉晶光,sii,Optoelectronics,3406.TW
2021-03-01,3416,0.6706229927883243,2.5134302082716964,0.27170106052519305,584698.0,2021-04-11,融程電,sii,Computers & peripherals,3416.TW
2012-12-01,3419,0.7645264275876849,2.5920943255040236,0.5971150375898324,559886.0,2013-01-11,譁裕,sii,Communications & networking,3419.TW
2018-01-01,3430,0.6010204081632653,3.214977052896477,0.3001204690009893,305955.0,2018-02-11,奇鈦科,otc,Chemicals,3430.TWO
2018-07-01,3430,0.529935027026573,2.3005502645983613,0.3569306231342706,364276.0,2018-08-11,奇鈦科,otc,Chemicals,3430.TWO
2013-05-01,3432,0.9193887921022068,2.1907216642624783,0.1858383899892797,317298.0,2013-06-11,台端,sii,Electronic components,3432.TW
2020-03-01,3437,0.3039842554979002,2.2490845411516873,0.038289406527962644,1064754.0,2020-04-11,榮創,sii,Optoelectronics,3437.TW
2025-11-01,3443,1.2158281433583826,2.463894219771644,1.229306664773678,11264559.0,2025-12-11,創意,sii,Semiconductors,3443.TW
2026-06-01,3443,1.2764160399647673,2.478261557254722,0.6465196499996722,13896557.0,2026-07-11,創意,sii,Semiconductors,3443.TW
2022-06-01,3447,0.978013684909433,2.330916652399514,0.8532251010380014,1569991.0,2022-07-11,展達,sii,Communications & networking,3447.TW
2009-11-01,3450,0.6456495917731135,2.186825024327947,0.690451920095892,417029.0,2009-12-11,聯鈞,sii,Semiconductors,3450.TW
2009-12-01,3454,0.42511969437622477,2.475715565689821,0.5808372320761509,344688.0,2010-01-11,晶睿,sii,,3454.TW
2010-06-01,3454,0.9015915315072893,3.019448654885158,0.4419583168664687,438140.0,2010-07-11,晶睿,sii,,3454.TW
2010-07-01,3455,1.485941454184474,2.861080604537903,1.8555113540268455,533401.0,2010-08-11,由田,otc,Optoelectronics,3455.TWO
2017-05-01,3455,1.6909250679022207,2.0750426361590852,1.3487493028139101,707385.0,2017-06-11,由田,otc,Optoelectronics,3455.TWO
2021-01-01,3465,250.63303498779496,7.874329791492613,104.23130542804654,309257.0,2021-02-11,進泰電子,otc,Other electronics,3465.TWO
2009-04-01,3466,0.46258396804397806,2.233980033442322,0.7927939824026273,569362.0,2009-05-11,德晉,otc,Communications & networking,3466.TWO
2009-10-01,3466,2.147960835822633,2.582892145666245,0.6899024927970183,865195.0,2009-11-11,德晉,otc,Communications & networking,3466.TWO
2014-02-01,3466,1.6456591639871383,2.585074277470494,1.0637131298159066,691152.0,2014-03-11,德晉,otc,Communications & networking,3466.TWO
2023-02-01,3466,1.182793529692257,2.0687307043655485,0.4310647049635763,357057.0,2023-03-11,德晉,otc,Communications & networking,3466.TWO
2013-03-01,3479,1.321945061442337,3.2026688120045983,1.4256092120770774,726525.0,2013-04-11,安勤,otc,Computers & peripherals,3479.TWO
2022-11-01,3479,0.8713567247791361,2.013425927897319,0.3594313486645202,2385119.0,2022-12-11,安勤,otc,Computers & peripherals,3479.TWO
2010-03-01,3481,1.2585707135431852,2.540847763580977,0.8138919457914566,67754445.0,2010-04-11,群創,sii,Optoelectronics,3481.TW
2012-06-01,3483,0.9501457544570646,2.9137870039449503,0.5798765155340204,438853.0,2012-07-11,力致,otc,Computers & peripherals,3483.TWO
2013-03-01,3483,0.930830687732457,2.392020252059259,0.7074971584894865,624002.0,2013-04-11,力致,otc,Computers & peripherals,3483.TWO
2013-09-01,3483,0.9524206778861637,2.166113736360265,0.35649675803145153,769982.0,2013-10-11,力致,otc,Computers & peripherals,3483.TWO
2021-02-01,3483,0.8876946056523458,2.23034218772186,0.6774142859572696,1598698.0,2021-03-11,力致,otc,Computers & peripherals,3483.TWO
2010-01-01,3484,0.5751152605441163,2.9310620478875555,0.6039097459262144,327635.0,2010-02-11,崧騰,otc,Electronic components,3484.TWO
2013-07-01,3484,0.5565053838589678,2.147617461660243,0.4461857262250024,634732.0,2013-08-11,崧騰,otc,Electronic components,3484.TWO
2021-01-01,3484,0.5820966131428826,2.1905534786436607,0.3863856558151977,1662089.0,2021-02-11,崧騰,otc,Electronic components,3484.TWO
2010-06-01,3489,0.8356874037192796,2.000315984924065,0.644998045442329,564830.0,2010-07-11,森寶,otc,Construction,3489.TWO
2013-10-01,3489,2.7040829319810946,5.328569726225583,3.3561369204331557,494521.0,2013-11-11,森寶,otc,Construction,3489.TWO
2024-10-01,3489,8.980594764450977,6.297994897283926,8.262296809312677,1575377.0,2024-11-11,森寶,otc,Construction,3489.TWO
2014-06-01,3490,2.721129445140128,2.5468011855860135,1.540213166943997,335791.0,2014-07-11,單井,otc,Optoelectronics,3490.TWO
2026-08-01,3491,0.8868200328775313,2.0385788926632435,0.3142708423339975,808042.0,2026-09-11,昇達科,otc,Communications & networking,3491.TWO
2011-08-01,3498,0.5062951831695233,2.0286311113058675,1.2132756137028862,315248.0,2011-09-11,陽程,otc,Other electronics,3498.TWO
2012-12-01,3498,1.4890260433190092,4.419878626498218,1.8453960517561065,604114.0,2013-01-11,陽程,otc,Other electronics,3498.TWO
2013-08-01,3498,6.414305142640268,2.9072582989957785,2.483180250783896,937702.0,2013-09-11,陽程,otc,Other electronics,3498.TWO
2024-12-01,3498,3.5948190965532003,2.386233195402682,3.7319700584696314,321936.0,2025-01-11,陽程,otc,Other electronics,3498.TWO
2010-02-01,3499,1.0922340033569409,3.7441283913315613,0.9107605009891528,306642.0,2010-03-11,環天科,otc,Communications & networking,3499.TWO
2013-03-01,3504,0.6092514747782816,2.346806761436414,0.516730434804388,1283230.0,2013-04-11,揚明光,sii,Optoelectronics,3504.TW
2018-05-01,3504,0.5762098240559812,2.3508854060439295,0.4501707321612687,1556017.0,2018-06-11,揚明光,sii,Optoelectronics,3504.TW
2013-01-01,3508,2.18556608553772,2.1337539888834636,2.3525424972603792,1313960.0,2013-02-11,位速,otc,Other electronics,3508.TWO
2015-01-01,3511,0.935373520119986,2.6567203950110057,0.7161144283618037,303244.0,2015-02-11,矽瑪,otc,Electronic components,3511.TWO
2015-07-01,3511,0.9447168587857644,2.2485616618168414,0.6107213147827937,362890.0,2015-08-11,矽瑪,otc,Electronic components,3511.TWO
2021-04-01,3511,1.3467641398014085,3.5266331674866493,1.2591155165223096,429195.0,2021-05-11,矽瑪,otc,Electronic components,3511.TWO
2022-01-01,3511,2.411116087336016,3.352050931136165,0.34422524551437306,1043457.0,2022-02-11,矽瑪,otc,Electronic components,3511.TWO
2023-10-01,3512,9.017166417878002,4.416824450687521,9.717693306607169,1382389.0,2023-11-11,皇龍,otc,Construction,3512.TWO
2025-11-01,3512,19.981636834576875,7.2002682384417165,14.379930349935236,542732.0,2025-12-11,皇龍,otc,Construction,3512.TWO
2009-12-01,3515,1.6722143592129282,2.0885683806937103,0.6268284662603771,2711218.0,2010-01-11,華擎,sii,Computers & peripherals,3515.TW
2025-01-01,3515,0.8899360768103362,2.262109197479322,0.5423729485674971,10840868.0,2025-02-11,華擎,sii,Computers & peripherals,3515.TW
2013-08-01,3516,8.956544978352664,3.1495464289245056,0.012221069009894947,372554.0,2013-09-11,亞帝歐,otc,Optoelectronics,3516.TWO
2013-03-01,3518,14.146102885598683,5.9587502435895,14.600389622666878,340651.0,2013-04-11,柏騰,sii,Other electronics,3518.TW
2013-11-01,3518,8.726903820816863,2.2869055610458924,3.301563401756975,369136.0,2013-12-11,柏騰,sii,Other electronics,3518.TW
2019-05-01,3521,1.3298988437295636,3.1929230722212307,1.1373928944696918,334895.0,2019-06-11,台鋼建設,otc,Construction,3521.TWO
2009-12-01,3522,2.6775801627375935,3.043746947316557,2.147086369401591,343041.0,2010-01-11,御嵿,otc,Tourism,3522.TWO
2010-01-01,3523,0.9688686183837889,2.030595607546903,1.0498058290408945,465791.0,2010-02-11,迎輝,otc,Optoelectronics,3523.TWO
2020-04-01,3526,0.3510132873961751,2.214893096209046,0.3599366445875798,492520.0,2020-05-11,凡甲,otc,Electronic components,3526.TWO
2021-02-01,3526,0.4965479501770682,2.8460138686659073,0.5666062585458991,527816.0,2021-03-11,凡甲,otc,Electronic components,3526.TWO
2024-01-01,3526,0.487470132726858,2.514406348301371,0.3476993675692386,697860.0,2024-02-11,凡甲,otc,Electronic components,3526.TWO
2025-02-01,3526,0.5816288454028724,2.7634708362060807,0.25349925211771285,911295.0,2025-03-11,凡甲,otc,Electronic components,3526.TWO
2010-06-01,3527,0.8062397705222306,2.4026908810760275,0.4691812169031675,535234.0,2010-07-11,聚積,otc,Semiconductors,3527.TWO
2021-05-01,3527,0.7805638163054553,3.149143874427213,0.845070560325356,774166.0,2021-06-11,聚積,otc,Semiconductors,3527.TWO
2014-06-01,3528,0.35925157316909884,2.5397772029424615,0.20912945923934467,893398.0,2014-07-11,安馳,sii,Electronics distribution,3528.TW
2018-01-01,3528,0.4306173665259958,2.2024838356208956,0.15668832608908034,1043777.0,2018-02-11,安馳,sii,Electronics distribution,3528.TW
2025-02-01,3528,0.43623172316394454,2.1206957494081613,0.4503298862671249,1578321.0,2025-03-11,安馳,sii,Electronics distribution,3528.TW
2025-08-01,3528,0.6566825605548412,3.0046717167100576,0.2748938014464053,2277859.0,2025-09-11,安馳,sii,Electronics distribution,3528.TW
2016-04-01,3530,4.7748787514130475,3.729818576342835,3.3417354907083836,316729.0,2016-05-11,晶相光,sii,Semiconductors,3530.TW
2010-01-01,3532,1.6430052761596876,3.490431162889713,1.7318725448953787,2253199.0,2010-02-11,台勝科,sii,Semiconductors,3532.TW
2010-01-01,3533,1.9755599034928428,3.583158891748153,1.6410020352126713,1396097.0,2010-02-11,嘉澤,sii,Electronic components,3533.TW
2024-06-01,3535,7.402180742181958,4.2451441687933675,8.06133461361925,414572.0,2024-07-11,晶彩科,sii,Optoelectronics,3535.TW
2026-01-01,3535,3.7734885538353744,2.0378516300722325,1.3236901013496216,354274.0,2026-02-11,晶彩科,sii,Optoelectronics,3535.TW
2016-06-01,3537,0.6636643124969053,2.349763352180927,0.378985415261873,739196.0,2016-07-11,堡達,otc,Electronic components,3537.TWO
2010-07-01,3540,0.7660149400120868,2.062292120751251,0.6723546891064556,713025.0,2010-08-11,曜越,otc,Computers & peripherals,3540.TWO
2020-07-01,3540,0.6255412934864064,2.1974829977614103,0.7097430488922446,1655066.0,2020-08-11,曜越,otc,Computers & peripherals,3540.TWO
2023-04-01,3540,0.8129030779230773,2.6185094834305436,0.544427212635757,1107265.0,2023-05-11,曜越,otc,Computers & peripherals,3540.TWO
2014-08-01,3541,0.5924528163621241,2.6164931159355787,0.23379205929456304,434617.0,2014-09-11,西柏,otc,Other electronics,3541.TWO
2016-08-01,3541,0.6017790060839099,2.156596296732966,0.22967920411323273,506553.0,2016-09-11,西柏,otc,Other electronics,3541.TWO
2010-01-01,3545,1.351649900914604,2.83024691000744,1.354388341466115,1184305.0,2010-02-11,敦泰,sii,Semiconductors,3545.TW
2012-12-01,3545,1.1366054575470899,2.3759039491491225,0.8194507667360709,1896013.0,2013-01-11,敦泰,sii,Semiconductors,3545.TW
2013-06-01,3545,2.0592633732459773,2.9260693159034075,0.5621283714799694,2924925.0,2013-07-11,敦泰,sii,Semiconductors,3545.TW
2012-07-01,3548,0.6235743948766705,2.1663314385894505,0.47086940938700095,394475.0,2012-08-11,兆利,otc,Electronic components,3548.TWO
2013-01-01,3548,1.1555924809399856,3.1513476075528564,0.7267764861949326,419017.0,2013-02-11,兆利,otc,Electronic components,3548.TWO
2013-08-01,3548,1.1430127301442607,2.0113356307517116,0.30220519840493343,808713.0,2013-09-11,兆利,otc,Electronic components,3548.TWO
2013-01-01,3550,0.5906770443405422,3.5403754596187733,0.8378992486148693,563044.0,2013-02-11,聯穎,sii,Electronic components,3550.TW
2013-07-01,3550,1.8359975604667214,2.3284302582715077,0.5074575345970431,1060215.0,2013-08-11,聯穎,sii,Electronic components,3550.TW
2013-03-01,3552,1.3932210397818445,2.2019789921179496,1.119882761296264,972404.0,2013-04-11,同致,otc,Other electronics,3552.TWO
2011-04-01,3556,1.23293182869417,2.2385111604598156,0.456537214789251,352408.0,2011-05-11,禾瑞亞,otc,Semiconductors,3556.TWO
2013-04-01,3556,1.3489220587299453,2.114073678329657,1.1301995500719126,332201.0,2013-05-11,禾瑞亞,otc,Semiconductors,3556.TWO
2019-09-01,3557,96.96465418418036,10.872752549735255,92.19451810473939,512747.0,2019-10-11,嘉威,sii,Home & living,3557.TW
2020-03-01,3557,93.85026501766785,4.389488959621672,24.72074013079002,1503187.0,2020-04-11,嘉威,sii,Home & living,3557.TW
2017-09-01,3558,0.5198103736754043,2.122168586703881,0.49841804628253383,2316267.0,2017-10-11,神準,otc,Communications & networking,3558.TWO
2022-06-01,3558,0.5772337456476677,2.0504108680231075,0.13299450496888054,3492516.0,2022-07-11,神準,otc,Communications & networking,3558.TWO
2022-12-01,3558,1.1829094662873212,3.5481060049515123,0.3614661485087194,5375384.0,2023-01-11,神準,otc,Communications & networking,3558.TWO
2017-12-01,3563,1.1113962416649827,2.244963221519495,0.4815484024539449,522465.0,2018-01-11,牧德,sii,Optoelectronics,3563.TW
2018-06-01,3563,1.4793148702762728,2.3938323598846045,0.03312941030352734,736778.0,2018-07-11,牧德,sii,Optoelectronics,3563.TW
2024-12-01,3563,1.570804973766518,2.698186646223051,1.736181499710272,606602.0,2025-01-11,牧德,sii,Optoelectronics,3563.TW
2025-06-01,3563,2.089452879889665,3.0313551488241375,0.10715169494665266,969943.0,2025-07-11,牧德,sii,Optoelectronics,3563.TW
2015-05-01,3564,0.8272722921552673,2.2514144425512703,0.27606383294076586,381772.0,2015-06-11,其陽,otc,Communications & networking,3564.TWO
2019-06-01,3564,0.649645659643209,2.024183243772687,0.3887831554671075,329845.0,2019-07-11,其陽,otc,Communications & networking,3564.TWO
2022-05-01,3564,0.7222622922945707,2.146121779530642,0.5135291324217752,628004.0,2022-06-11,其陽,otc,Communications & networking,3564.TWO
2013-10-01,3576,1.553762005382818,2.1014783865951276,1.201076612157415,6676157.0,2013-11-11,聯合再生,sii,Optoelectronics,3576.TW
2016-11-01,3577,0.551086227359513,2.0784877714990087,0.5244538214029708,300585.0,2016-12-11,泓格,otc,Computers & peripherals,3577.TWO
2022-09-01,3577,0.5333098638771541,2.041266616588758,0.4282442240592752,365860.0,2022-10-11,泓格,otc,Computers & peripherals,3577.TWO
2026-04-01,3577,0.5171819487489606,2.0339601841315353,0.41838720577440625,401416.0,2026-05-11,泓格,otc,Computers & peripherals,3577.TWO
2017-08-01,3580,1.8151502974327896,2.629018255622433,0.3515402168819688,427337.0,2017-09-11,友威科,otc,Other electronics,3580.TWO
2013-07-01,3591,0.4173518566385175,2.8407113344231014,0.5472603775166165,866379.0,2013-08-11,艾笛森,sii,Optoelectronics,3591.TW
2024-07-01,3591,0.4148428373438737,2.024797195729209,0.2493941076705899,675811.0,2024-08-11,艾笛森,sii,Optoelectronics,3591.TW
2018-12-01,3592,0.492672979687246,2.4702904148913163,0.22728437365003828,3386975.0,2019-01-11,瑞鼎,sii,Semiconductors,3592.TW
2021-03-01,3592,0.5749736294338776,2.1074380570266396,0.3876574030794666,5206499.0,2021-04-11,瑞鼎,sii,Semiconductors,3592.TW
2025-03-01,3594,0.478473510947498,2.1210840847695818,0.19231732192165696,391176.0,2025-04-11,磐儀,otc,Computers & peripherals,3594.TWO
2026-05-01,3594,0.5468992692034547,2.2685087725819466,0.5199076352385026,675237.0,2026-06-11,磐儀,otc,Computers & peripherals,3594.TWO
2019-02-01,3596,0.8746949548329506,2.301787893395785,0.47907972416106426,8837417.0,2019-03-11,智易,sii,Communications & networking,3596.TW
2013-01-01,3607,0.6112836430560022,3.990143208468976,0.46242190778881587,1994405.0,2013-02-11,谷崧,sii,Electronic components,3607.TW
2015-01-01,3607,0.612108458433982,2.494192693230816,0.483825238842315,3263504.0,2015-02-11,谷崧,sii,Electronic components,3607.TW
2021-02-01,3607,0.6545283595499614,2.5174305875145095,0.5181040227887954,990720.0,2021-03-11,谷崧,sii,Electronic components,3607.TW
2013-02-01,3611,0.6191775874310996,2.0530224144227454,0.594674557045153,394511.0,2013-03-11,鼎翰,otc,Computers & peripherals,3611.TWO
2013-11-01,3611,0.8053556166871427,2.164152844073179,0.5617737585419458,540769.0,2013-12-11,鼎翰,otc,Computers & peripherals,3611.TWO
2012-03-01,3617,0.7427067095396143,2.4408898526456895,0.608251137641362,908893.0,2012-04-11,碩天,sii,Other electronics,3617.TW
2019-11-01,3622,0.8321658175642892,2.162870639207301,1.1369231277028828,362505.0,2019-12-11,洋華,sii,Optoelectronics,3622.TW
2021-03-01,3622,1.893055376828379,3.926249321677897,1.9532717308896386,337229.0,2021-04-11,洋華,sii,Optoelectronics,3622.TW
2013-12-01,3624,0.3066324374003855,2.136786244562066,0.0943827044576786,336940.0,2014-01-11,光頡,otc,Electronic components,3624.TWO
2018-05-01,3624,0.3909300874448596,3.217181022556414,0.12346441121033092,641981.0,2018-06-11,光頡,otc,Electronic components,3624.TWO
2021-01-01,3624,0.5153613638130783,2.389262257899972,0.23786507746507346,623650.0,2021-02-11,光頡,otc,Electronic components,3624.TWO
2021-10-01,3624,0.5163516335704932,2.0371343868969705,0.1054518139392917,856769.0,2021-11-11,光頡,otc,Electronic components,3624.TWO
2013-08-01,3630,1.7455461270409,3.12666528097773,1.69863505773699,686252.0,2013-09-11,新鉅科,otc,Optoelectronics,3630.TWO
2019-04-01,3630,3.244612517219956,2.2900582366912965,1.7258165620420622,785699.0,2019-05-11,新鉅科,otc,Optoelectronics,3630.TWO
2013-02-01,3631,0.7402020179459834,2.306457269846754,0.9348548914608167,311658.0,2013-03-11,晟楠,otc,Electronic components,3631.TWO
2013-09-01,3631,1.5599959486637824,2.146009807329288,0.4740145469910555,353858.0,2013-10-11,晟楠,otc,Electronic components,3631.TWO
2017-09-01,3631,2.522955885454395,3.789123900369574,2.6729593247170174,384203.0,2017-10-11,晟楠,otc,Electronic components,3631.TWO
2015-07-01,3632,1.0289021299910965,2.070152157503902,0.6810278928026545,414736.0,2015-08-11,研勤,otc,Communications & networking,3632.TWO
2014-11-01,3645,0.8012277440203626,2.2116426456254237,0.48327418540227685,433089.0,2014-12-11,達邁,sii,Electronic components,3645.TW
2024-02-01,3645,0.7774966896078206,2.2513260007478513,0.7126626839874821,434925.0,2024-03-11,達邁,sii,Electronic components,3645.TW
2025-02-01,3653,0.610599247579938,2.0936628755559594,0.3189795154195203,4582936.0,2025-03-11,健策,sii,Electronic components,3653.TW
2026-08-01,3653,0.7985843607262111,2.7319547512366094,0.5227857641609934,9088977.0,2026-09-11,健策,sii,Electronic components,3653.TW
2021-06-01,3663,0.6351390947636941,2.5670491729744302,0.3157159779344765,758940.0,2021-07-11,鑫科,otc,Other electronics,3663.TWO
2024-06-01,3663,1.0485818012119714,3.994667306941932,1.0506527187541184,1194020.0,2024-07-11,鑫科,otc,Other electronics,3663.TWO
2025-04-01,3663,1.3640936372572168,3.4567334405880445,0.4172561841086815,1291554.0,2025-05-11,鑫科,otc,Other electronics,3663.TWO
2026-02-01,3663,1.076864212460901,2.619486466519066,0.9798521473455399,2263485.0,2026-03-11,鑫科,otc,Other electronics,3663.TWO
2020-11-01,3666,0.6061310096601149,2.2233333601548155,0.4098812613505829,604204.0,2020-12-11,光耀,otc,Optoelectronics,3666.TWO
2013-01-01,3669,0.36773531301652485,2.1218027846428473,0.3259564405324653,338442.0,2013-02-11,圓展,sii,Communications & networking,3669.TW
2020-07-01,3669,0.505973656201453,2.501759681732384,0.3509475417813348,892821.0,2020-08-11,圓展,sii,Communications & networking,3669.TW
2021-09-01,3675,0.5470725230528604,2.301420170468369,0.2951463324100567,540066.0,2021-10-11,德微,otc,Semiconductors,3675.TWO
2024-07-01,3675,0.6069684421625337,2.429141276874538,0.37408045939491075,692327.0,2024-08-11,德微,otc,Semiconductors,3675.TWO
2013-03-01,3679,0.7804961409403619,3.093098681833637,1.0868773257818285,1172138.0,2013-04-11,新至陞,sii,Electronic components,3679.TW
2013-09-01,3679,0.7653753726881662,2.2821033026041126,0.4352892439370457,1361258.0,2013-10-11,新至陞,sii,Electronic components,3679.TW
2021-02-01,3679,1.0741197454761338,3.81375322922537,0.7702078927364306,1586125.0,2021-03-11,新至陞,sii,Electronic components,3679.TW
2013-02-01,3680,1.1579731503194854,2.382282276927501,0.5222151423560932,401219.0,2013-03-11,家登,otc,Semiconductors,3680.TWO
2019-07-01,3680,1.0004210907097217,2.384346373318012,0.971368020283357,707835.0,2019-08-11,家登,otc,Semiconductors,3680.TWO
2021-11-01,3680,0.9437622446784015,2.2936821986272857,1.0461981486606096,1029848.0,2021-12-11,家登,otc,Semiconductors,3680.TWO
2018-08-01,3685,5.37108079589991,6.771429570581796,4.105900764228873,507189.0,2018-09-11,元創精密,otc,Electrical machinery,3685.TWO
2013-02-01,3689,0.3551866743251004,2.0653025256432382,0.24881339747739384,1061721.0,2013-03-11,湧德,otc,Electronic components,3689.TWO
2021-02-01,3689,0.38518592510422645,2.6703566019984057,0.3481359487563942,1317388.0,2021-03-11,湧德,otc,Electronic components,3689.TWO
2025-03-01,3689,0.368691037898637,2.200049461237201,0.3034924124855354,1487232.0,2025-04-11,湧德,otc,Electronic components,3689.TWO
2026-06-01,3689,0.43808318252305867,2.4140510312592025,0.14446725709918407,2221026.0,2026-07-11,湧德,otc,Electronic components,3689.TWO
2024-02-01,3691,1.2077125643737285,2.101170677866934,1.6867410568944052,1473838.0,2024-03-11,碩禾,otc,Optoelectronics,3691.TWO
2025-12-01,3691,1.602461794982979,2.112760073365071,1.721465920097332,2172634.0,2026-01-11,碩禾,otc,Optoelectronics,3691.TWO
2015-02-01,3693,1.2276364105057138,2.059283224326798,0.8257577915781391,1590049.0,2015-03-11,營邦,otc,Computers & peripherals,3693.TWO
2022-12-01,3693,1.2700742550049973,2.4638728756214623,0.7582716820242679,1903371.0,2023-01-11,營邦,otc,Computers & peripherals,3693.TWO
2026-08-01,3693,1.2507055274275904,2.319586258632358,1.2619496503620575,3651871.0,2026-09-11,營邦,otc,Computers & peripherals,3693.TWO
2015-12-01,3694,0.6272007232047705,2.1428125996441296,0.31918178188739366,2113187.0,2016-01-11,海華,sii,Communications & networking,3694.TW
2021-02-01,3694,0.6141066991247519,2.1281915898935475,0.23912294222389585,2363120.0,2021-03-11,海華,sii,Communications & networking,3694.TW
2013-01-01,3701,191.53874004344678,8.579495818566608,191.70069423099153,1063584.0,2013-02-11,大眾控,sii,Computers & peripherals,3701.TW
2013-07-01,3701,612.2788935202728,4.161926870010938,118.1845708468988,3236886.0,2013-08-11,大眾控,sii,Computers & peripherals,3701.TW
2013-01-01,3702,41.23745858572337,3.2311627388104323,41.254935669556836,32814535.0,2013-02-11,大聯大,sii,Electronics distribution,3702.TW
2013-07-01,3702,66.68740446470528,2.765495451780966,1.5822904866768397,100253710.0,2013-08-11,大聯大,sii,Electronics distribution,3702.TW
2013-04-01,3703,15.949173981175168,3.7540748320340356,8.357851329433013,3309733.0,2013-05-11,欣陸,sii,Construction,3703.TW
2013-10-01,3703,28.631692423251867,2.3378687829935663,10.596155345251745,4260504.0,2013-11-11,欣陸,sii,Construction,3703.TW
2024-08-01,3706,0.6598661884545083,2.2283116092122044,0.46113207815679047,14307854.0,2024-09-11,神達,sii,Computers & peripherals,3706.TW
2025-02-01,3706,1.7494782497077486,3.952708755445867,0.6004460326127905,23583317.0,2025-03-11,神達,sii,Computers & peripherals,3706.TW
2020-07-01,3708,0.688894159081678,2.2011896836081983,0.7119880088910531,2478236.0,2020-08-11,上緯投控,sii,Green energy,3708.TW
2021-01-01,3708,1.2538184441934246,2.3772982664292126,0.1938327038582912,3336066.0,2021-02-11,上緯投控,sii,Green energy,3708.TW
2026-08-01,3708,1.2609050231339265,2.41208809213769,0.9048891598499784,415846.0,2026-09-11,上緯投控,sii,Green energy,3708.TW
2025-04-01,3709,1.0076371521980065,2.3078574121443416,0.5019024690901177,10899436.0,2025-05-11,鑫聯大投控,otc,Computers & peripherals,3709.TWO
2024-02-01,3710,0.31681307085985133,2.094251731106093,0.25153128385229495,1582409.0,2024-03-11,連展投控,otc,Electronic components,3710.TWO
2026-08-01,3711,0.4081626453665186,2.254675708572113,0.2025234490563248,221814177.0,2026-09-11,日月光投控,sii,Semiconductors,3711.TW
2021-12-01,3712,1.0667615117334424,2.2865360033526247,0.5311533502791532,4975594.0,2022-01-11,永崴投控,sii,Computers & peripherals,3712.TW
2026-04-01,3715,0.324697878926576,3.2067679762120544,0.168989564866161,5840585.0,2026-05-11,定穎投控,sii,Electronic components,3715.TW
2009-02-01,4104,0.3533151152924783,2.8142421868432415,0.1653169230303826,722539.0,2009-03-11,佳醫,sii,Biotech & medical,4104.TW
2013-02-01,4104,0.4320084456724089,3.816761844047899,0.4333731430576331,1140768.0,2013-03-11,佳醫,sii,Biotech & medical,4104.TW
2013-09-01,4104,0.8746692457891567,3.4722872030737335,0.05961825899038997,1438220.0,2013-10-11,佳醫,sii,Biotech & medical,4104.TW
2013-01-01,4105,0.36451286206198086,2.9580709636694014,0.3742862181535156,774709.0,2013-02-11,東洋,otc,Biotech & medical,4105.TWO
2013-12-01,4105,0.41069151294340434,2.0407765630564323,0.11515683158238721,773224.0,2014-01-11,東洋,otc,Biotech & medical,4105.TWO
2008-08-01,4106,0.4323979826894606,2.322500154937795,0.2968828784525881,466363.0,2008-09-11,雃博,sii,Biotech & medical,4106.TW
2013-02-01,4106,0.5110769296502808,2.8724647205824803,0.7922279071868006,424392.0,2013-03-11,雃博,sii,Biotech & medical,4106.TW
2013-08-01,4106,0.44645121470540605,2.0715895881950397,0.1685395305269024,473396.0,2013-09-11,雃博,sii,Biotech & medical,4106.TW
2025-06-01,4111,0.3017106814054984,2.267253277173973,0.1055804418845403,367758.0,2025-07-11,濟生,otc,Biotech & medical,4111.TWO
2018-02-01,4114,0.4345052845653714,2.359476959549298,0.3890153296658223,605202.0,2018-03-11,健喬,otc,Biotech & medical,4114.TWO
2020-04-01,4114,0.3998121059964166,2.046631409056479,0.33301592671477853,786721.0,2020-05-11,健喬,otc,Biotech & medical,4114.TWO
2022-07-01,4114,0.39352771969906475,2.023445800005728,0.0957737411971813,1078387.0,2022-08-11,健喬,otc,Biotech & medical,4114.TWO
2026-08-01,4114,0.45990260235523817,2.5000172846239472,0.3149675435951047,2296929.0,2026-09-11,健喬,otc,Biotech & medical,4114.TWO
2022-02-01,4116,0.5976490680794333,3.2596425665063435,0.5853347723497173,550053.0,2022-03-11,明基醫,otc,Biotech & medical,4116.TWO
2018-02-01,4119,0.7120742265995188,2.116558468337973,0.7904925202566095,483084.0,2018-03-11,旭富,sii,Biotech & medical,4119.TW
2022-10-01,4119,0.8114035807024738,2.0809895215510785,0.9906984582480017,331351.0,2022-11-11,旭富,sii,Biotech & medical,4119.TW
2023-04-01,4119,1.1835800838720143,2.933081683531005,0.5995288430904737,376982.0,2023-05-11,旭富,sii,Biotech & medical,4119.TW
2026-08-01,4119,1.0654672150893565,2.5933085630844306,1.4490567283511981,462991.0,2026-09-11,旭富,sii,Biotech & medical,4119.TW
2008-02-01,4120,0.37574721206559003,2.0185691662433336,0.35710058900388164,843948.0,2008-03-11,友華,otc,Biotech & medical,4120.TWO
2013-01-01,4120,0.40395322431187264,2.7064155772351985,0.3640224810203394,1075723.0,2013-02-11,友華,otc,Biotech & medical,4120.TWO
2013-07-01,4120,0.5199019571727037,2.731189133673633,0.1568345192084899,1155241.0,2013-08-11,友華,otc,Biotech & medical,4120.TWO
2013-02-01,4121,1.271431047932738,3.4278073944553706,1.3214436810665324,419288.0,2013-03-11,優盛,otc,Biotech & medical,4121.TWO
2013-08-01,4121,3.34568509536898,3.740543190458502,0.47350984471051705,732035.0,2013-09-11,優盛,otc,Biotech & medical,4121.TWO
2015-08-01,4123,4.313821906057481,9.654307201488706,4.065331530908334,1226547.0,2015-09-11,晟德,otc,Biotech & medical,4123.TWO
2016-03-01,4123,12.20253753741704,3.966557916351019,0.12365197498563951,3290310.0,2016-04-11,晟德,otc,Biotech & medical,4123.TWO
2013-11-01,4128,3.916750428664341,2.5547912840686235,0.8060374338346143,332628.0,2013-12-11,中天,otc,Biotech & medical,4128.TWO
2015-06-01,4129,0.486854961832061,2.822010984374069,0.32537303785646987,389556.0,2015-07-11,聯合,otc,Biotech & medical,4129.TWO
2017-06-01,4129,0.5128290801765303,2.7680439535634873,0.4853768840292805,543325.0,2017-07-11,聯合,otc,Biotech & medical,4129.TWO
2018-01-01,4129,0.6572629240629893,2.920655971835744,0.063399660226227,578930.0,2018-02-11,聯合,otc,Biotech & medical,4129.TWO
2021-05-01,4129,0.4883440361341229,2.0172284322157146,0.4317163650423519,703186.0,2021-06-11,聯合,otc,Biotech & medical,4129.TWO
2024-04-01,4155,0.709460325864401,2.0340670221388333,0.99149008450042,413274.0,2024-05-11,訊映,sii,Biotech & medical,4155.TW
2015-06-01,4162,120.01973684210526,5.095960335086601,119.56964609800363,496665.0,2015-07-11,智擎,otc,Biotech & medical,4162.TWO
2016-10-01,4162,587.1528709917972,6.5814358651907305,587.2109073398415,788713.0,2016-11-11,智擎,otc,Biotech & medical,4162.TWO
2019-04-01,4163,0.4510876576713194,2.7823319162326623,0.2004997488395177,641121.0,2019-05-11,鐿鈦,otc,Biotech & medical,4163.TWO
2023-02-01,4163,0.40622407179750053,2.0334603578605455,0.11107581382863474,647434.0,2023-03-11,鐿鈦,otc,Biotech & medical,4163.TWO
2016-11-01,4167,0.6075184651352041,2.256648530623397,0.26783690671736626,466190.0,2016-12-11,松瑞藥,otc,Biotech & medical,4167.TWO
2020-02-01,4173,0.42544226852699163,4.762060899571406,0.7094874793050502,366055.0,2020-03-11,久裕,otc,Biotech & medical,4173.TWO
2025-02-01,4173,0.30012961905873237,2.1119332823662567,0.11086642476376318,412249.0,2025-03-11,久裕,otc,Biotech & medical,4173.TWO
2026-01-01,4173,0.32757338551859094,2.107909822019309,0.25422494328932577,474873.0,2026-02-11,久裕,otc,Biotech & medical,4173.TWO
2010-01-01,4207,0.4149081090781541,2.1153843263267262,0.4445613121544889,346910.0,2010-02-11,環泰,otc,Food,4207.TWO
2013-01-01,4207,0.7245784832059712,3.993085485173521,0.7071229326704516,621069.0,2013-02-11,環泰,otc,Food,4207.TWO
2013-08-01,4207,1.2291154415313947,2.8877669912564574,0.03162267608743319,983644.0,2013-09-11,環泰,otc,Food,4207.TWO
2010-01-01,4305,0.7976561969129123,3.1104650339724214,0.993321695111902,343915.0,2010-02-11,世坤,otc,Plastics,4305.TWO
2021-05-01,4305,0.4382499356278431,2.5974142003300775,0.485209469908224,335141.0,2021-06-11,世坤,otc,Plastics,4305.TWO
2013-01-01,4306,1.0144939129029305,2.895693476401188,0.8470233636381517,2442870.0,2013-02-11,炎洲,sii,Plastics,4306.TW
2013-07-01,4306,2.5033049055582595,3.8913144609934385,0.6750216458279845,5204226.0,2013-08-11,炎洲,sii,Plastics,4306.TW
2010-01-01,4401,0.5613508728359358,2.8461024211419788,0.7083257238058809,779570.0,2010-02-11,東隆興,otc,Textiles,4401.TWO
2010-07-01,4401,0.8894787307551959,3.008835360532924,0.6061624667516594,973467.0,2010-08-11,東隆興,otc,Textiles,4401.TWO
2013-06-01,4401,0.6530840610277091,2.030265007268431,0.30293133502439273,1257182.0,2013-07-11,東隆興,otc,Textiles,4401.TWO
2021-04-01,4401,0.7845023399786271,3.0952646083148854,0.4014692956891168,1210651.0,2021-05-11,東隆興,otc,Textiles,4401.TWO
2011-04-01,4402,5.19461481844946,4.706527377039199,3.453646630975856,302991.0,2011-05-11,郡都開發,otc,Textiles,4402.TWO
2008-06-01,4414,0.6384855356014711,2.6511349334693035,0.7576684056309976,669128.0,2008-07-11,如興,sii,Textiles,4414.TW
2017-08-01,4414,2.6039655608550283,6.978792275649129,2.7498411827455755,2749714.0,2017-09-11,如興,sii,Textiles,4414.TW
2018-05-01,4414,6.248061789735495,3.8610113534858184,1.262640399578272,3733020.0,2018-06-11,如興,sii,Textiles,4414.TW
2008-02-01,4416,4.413487172343563,2.6854667899316675,4.837919564101221,1126996.0,2008-03-11,三圓,otc,Construction,4416.TWO
2009-06-01,4416,7.117569287213472,3.1879699258016343,7.09962785341099,491186.0,2009-07-11,三圓,otc,Construction,4416.TWO
2012-05-01,4416,4.6718603053229995,2.334759299899967,5.477727033952747,1477582.0,2012-06-11,三圓,otc,Construction,4416.TWO
2026-03-01,4416,27.493919856361707,3.4299218785653736,25.492894136827108,698272.0,2026-04-11,三圓,otc,Construction,4416.TWO
2010-12-01,4417,0.6030177920257842,2.1731843457186795,0.188499311527365,465534.0,2011-01-11,金洲,otc,Textiles,4417.TWO
2022-08-01,4417,0.6325281430075107,2.520000141443557,0.680938953060061,915081.0,2022-09-11,金洲,otc,Textiles,4417.TWO
2015-06-01,4426,0.8351985597947424,2.2555764354859873,0.3015513431282828,517860.0,2015-07-11,利勤,sii,Textiles,4426.TW
2022-06-01,4426,1.061681059710228,2.783169439662234,0.9790827737018595,345212.0,2022-07-11,利勤,sii,Textiles,4426.TW
2013-11-01,4430,0.8420302044099901,2.922551606209768,0.5138745961041202,503740.0,2013-12-11,耀億,otc,Other,4430.TWO
2019-01-01,4433,0.3316449733777733,2.3491776605908816,0.33137841621567055,446679.0,2019-02-11,興采,otc,Textiles,4433.TWO
2020-07-01,4433,0.370662560529917,2.2938608534810516,0.12921769864327248,583942.0,2020-08-11,興采,otc,Textiles,4433.TWO
2021-01-01,4433,0.47099861661779596,2.1564973060338626,0.012314504869176623,444474.0,2021-02-11,興采,otc,Textiles,4433.TWO
2021-07-01,4433,0.5543478633151924,2.227798097087541,0.1757196136191017,907649.0,2021-08-11,興采,otc,Textiles,4433.TWO
2022-01-01,4433,0.8422562399600426,3.298803182482167,0.7485853053284723,818835.0,2022-02-11,興采,otc,Textiles,4433.TWO
2017-04-01,4438,0.4592318177698782,2.7240241662048086,0.36838145203786477,788976.0,2017-05-11,廣越,sii,Textiles,4438.TW
2017-12-01,4438,0.5853406110269104,2.9649087629032573,0.4905420480320326,2605604.0,2018-01-11,廣越,sii,Textiles,4438.TW
2019-02-01,4438,0.6803534992840512,2.2164592228748634,0.5443343237464433,2369327.0,2019-03-11,廣越,sii,Textiles,4438.TW
2021-12-01,4438,1.1126943866657801,3.301170712241962,1.3052108472821833,3684970.0,2022-01-11,廣越,sii,Textiles,4438.TW
2025-01-01,4441,0.5421585965261864,2.2309131715812027,0.3675458505267335,1485950.0,2025-02-11,振大環球,sii,Textiles,4441.TW
2010-05-01,4502,0.6928210444473242,2.7417311179712516,0.723061731764387,470286.0,2010-06-11,健信,otc,Electrical machinery,4502.TWO
2015-06-01,4502,0.5354274175454341,2.4262139688647655,0.38637579689717483,342170.0,2015-07-11,健信,otc,Electrical machinery,4502.TWO
2015-12-01,4502,1.927254760717386,4.725126916425526,0.8128255666644528,633938.0,2016-01-11,健信,otc,Electrical machinery,4502.TWO
2008-02-01,4506,0.7906369502101598,2.543249370233287,0.7271210798481673,1256327.0,2008-03-11,崇友,otc,Electrical machinery,4506.TWO
2015-07-01,4506,0.7835946799743614,2.4732998664048775,0.6988372189444689,1558291.0,2015-08-11,崇友,otc,Electrical machinery,4506.TWO
2016-03-01,4506,0.6807149576669802,2.0085386983070963,1.0973234337909528,1375682.0,2016-04-11,崇友,otc,Electrical machinery,4506.TWO
2010-05-01,4510,1.6141876430205948,2.1895064518883203,0.33181432516358145,319872.0,2010-06-11,高鋒,otc,Electrical machinery,4510.TWO
2010-06-01,4513,1.7166784843401413,3.9864173771282525,1.5421506386793187,314173.0,2010-07-11,福裕,otc,Electrical machinery,4513.TWO
2011-02-01,4513,1.2621089166081996,2.0767140883015047,0.7757702946534479,364333.0,2011-03-11,福裕,otc,Electrical machinery,4513.TWO
2021-03-01,4513,0.9682558427244303,2.0552182892268114,1.0176912525250679,350011.0,2021-04-11,福裕,otc,Electrical machinery,4513.TWO
2026-06-01,4513,2.709917650983245,5.957910677192628,1.990261294470106,923098.0,2026-07-11,福裕,otc,Electrical machinery,4513.TWO
2010-09-01,4523,0.5765727042054325,2.305268666744131,0.5786813867172103,341112.0,2010-10-11,永彰,otc,Electrical machinery,4523.TWO
2026-02-01,4523,0.8188779301693747,2.6838780423030664,1.148196247591809,305948.0,2026-03-11,永彰,otc,Electrical machinery,4523.TWO
2010-04-01,4526,1.1930415950152176,2.560004584267939,1.0950718893084128,1219182.0,2010-05-11,東台,sii,Electrical machinery,4526.TW
2011-11-01,4527,0.5791045935709429,2.3699424170341628,0.418332573298311,406501.0,2011-12-11,方方土霖,otc,Electrical machinery,4527.TWO
2013-05-01,4527,0.7634586801945447,3.109811264556258,0.6839067367367233,505439.0,2013-06-11,方方土霖,otc,Electrical machinery,4527.TWO
2013-11-01,4527,0.8516256246057032,2.881045067357625,0.3187056083945061,701468.0,2013-12-11,方方土霖,otc,Electrical machinery,4527.TWO
2013-08-01,4528,0.8140203354927282,2.067605381356211,0.29060029786918595,380547.0,2013-09-11,江興鍛,otc,Electrical machinery,4528.TWO
2009-08-01,4532,0.45979293902478857,2.7101849192865592,0.7324585608223653,446974.0,2009-09-11,瑞智,sii,Electrical machinery,4532.TW
2010-02-01,4532,3.2014415641799836,3.372902765295929,1.2574609380484136,912822.0,2010-03-11,瑞智,sii,Electrical machinery,4532.TW
2013-12-01,4532,2.4494801659567185,2.0765055847152145,1.086837939959067,4172881.0,2014-01-11,瑞智,sii,Electrical machinery,4532.TW
2010-05-01,4533,0.8025233132199672,2.4230390729772813,0.9622144820554861,492900.0,2010-06-11,協易機,otc,Electrical machinery,4533.TWO
2013-09-01,4533,1.2215403150159374,2.0110655763391287,0.3427075227008316,999431.0,2013-10-11,協易機,otc,Electrical machinery,4533.TWO
2016-07-01,4534,1.3819454100390947,2.1971654649170724,1.4101034376006187,736619.0,2016-08-11,慶騰,otc,Electrical machinery,4534.TWO
2017-03-01,4534,1.6827712082064235,2.3749050255507864,0.6188404239179408,696713.0,2017-04-11,慶騰,otc,Electrical machinery,4534.TWO
2013-12-01,4535,0.5317751502120331,2.0260169416614078,0.17382878474335262,873409.0,2014-01-11,至興,otc,Electrical machinery,4535.TWO
2021-04-01,4535,0.5179248446942859,2.403949842938251,0.21456821472100862,683432.0,2021-05-11,至興,otc,Electrical machinery,4535.TWO
2018-07-01,4541,0.39995664426620414,2.624663371305476,0.25469507639136557,387480.0,2018-08-11,晟田,otc,Other,4541.TWO
2026-08-01,4542,1.2656789763051624,2.2497041564115308,0.9622746860791667,372532.0,2026-09-11,科嶠,otc,Electronic components,4542.TWO
2024-10-01,4545,0.5456893969648562,2.4168216216557092,0.3681528906166538,619265.0,2024-11-11,銘鈺,sii,Electronic components,4545.TW
2021-10-01,4549,0.3637367317003928,2.2361623377547732,0.24396919792767213,345860.0,2021-11-11,桓達,otc,Electrical machinery,4549.TWO
2022-07-01,4549,0.37865556048566007,2.084762161150732,0.4533638986551106,410139.0,2022-08-11,桓達,otc,Electrical machinery,4549.TWO
2019-12-01,4550,0.6992499006996853,2.145537236844668,0.8707247190829996,444918.0,2020-01-11,長佳,otc,Electrical machinery,4550.TWO
2023-09-01,4550,0.7280996365705636,2.2817886650170816,0.7273983646178526,589142.0,2023-10-11,長佳,otc,Electrical machinery,4550.TWO
2020-07-01,4551,0.32918093225144096,2.5640842619775532,0.3283616510510088,1652673.0,2020-08-11,智伸科,sii,Automotive,4551.TW
2021-01-01,4551,0.7025874998905928,3.70974128026331,0.1500626637626148,2139766.0,2021-02-11,智伸科,sii,Automotive,4551.TW
2017-09-01,4555,0.33600547975734374,2.6977178650052798,0.27884996922394145,407646.0,2017-10-11,氣立,sii,Electrical machinery,4555.TW
2021-02-01,4555,0.551386118829575,2.169351062121299,0.3187414638954895,411485.0,2021-03-11,氣立,sii,Electrical machinery,4555.TW
2018-10-01,4558,0.38084228245768803,3.1479766568402816,0.2314819144838023,408507.0,2018-11-11,寶緯,otc,Electrical machinery,4558.TWO
2020-12-01,4558,0.44754940847790836,2.3124060718042836,0.27383323058141906,419688.0,2021-01-11,寶緯,otc,Electrical machinery,4558.TWO
2021-01-01,4561,1.2841846171986115,2.105663130467577,0.1495663300008574,309957.0,2021-02-11,健椿,otc,Electrical machinery,4561.TWO
2019-12-01,4563,0.5821858814391565,2.7375047054318293,0.8848364216422914,822955.0,2020-01-11,百德,otc,Electrical machinery,4563.TWO
2020-08-01,4563,0.7263893282074989,2.050730208736133,0.507828292106715,567623.0,2020-09-11,百德,otc,Electrical machinery,4563.TWO
2025-01-01,4564,0.5647389929229034,2.208333266016865,0.6730324134802546,399747.0,2025-02-11,元翎,sii,Electrical machinery,4564.TW
2021-05-01,4566,0.4432369526156905,2.85622198949625,0.2838981888828733,1114889.0,2021-06-11,時碩工業,sii,Electrical machinery,4566.TW
2026-08-01,4566,0.43070515117800445,2.2257990055935526,0.33833228761690104,1680708.0,2026-09-11,時碩工業,sii,Electrical machinery,4566.TW
2020-09-01,4568,0.3471275559883156,2.4939853023629612,0.3972886996954472,415050.0,2020-10-11,科際精密,otc,Electrical machinery,4568.TWO
2026-08-01,4576,0.7337140175695729,2.4113086397966943,0.27641464633523727,1137944.0,2026-09-11,大銀微系統,sii,Electrical machinery,4576.TW
2022-05-01,4577,0.7086590011286682,2.421339232519902,0.546876733084886,484439.0,2022-06-11,達航科技,otc,Other electronics,4577.TWO
2022-09-01,4582,6.570196432081209,2.432604290088489,6.996850429104155,1309538.0,2022-10-11,聚恆-創,sii,Green energy,4582.TW
2024-08-01,4584,0.5025401462340682,2.028719976766114,0.24369539863596024,352840.0,2024-09-11,君帆,otc,Electrical machinery,4584.TWO
2015-10-01,4609,0.668204162612311,2.368901057600061,0.9751480348273143,528040.0,2015-11-11,唐鋒,otc,Home & living,4609.TWO
2014-04-01,4702,0.9018243926078708,2.633474088765827,0.34036161042361224,321802.0,2014-05-11,中美實,otc,Home & living,4702.TWO
2019-05-01,4702,1.4381410701340367,3.985143762764624,1.445421264272547,316144.0,2019-06-11,中美實,otc,Home & living,4702.TWO
2010-01-01,4706,0.7228202235567094,3.38701028921803,0.829639117192842,349717.0,2010-02-11,大恭,otc,Chemicals,4706.TWO
2021-06-01,4706,0.4688234076995168,2.643789012272869,0.38003003870956964,362040.0,2021-07-11,大恭,otc,Chemicals,4706.TWO
2024-01-01,4706,0.3749755029353874,2.0818369556302985,0.2558445360296453,322737.0,2024-02-11,大恭,otc,Chemicals,4706.TWO
2009-12-01,4707,0.6691972458485216,2.0358115546192432,1.1274285576922352,515156.0,2010-01-11,磐亞,otc,Chemicals,4707.TWO
2010-08-01,4707,0.8642700182539036,2.285657628776535,0.7675644675194702,801720.0,2010-09-11,磐亞,otc,Chemicals,4707.TWO
2013-01-01,4707,2.0808402908490335,3.7893859123553013,2.2424305147506294,1589310.0,2013-02-11,磐亞,otc,Chemicals,4707.TWO
2013-07-01,4707,6.356916236996201,4.418611677609039,2.300893923823879,4206361.0,2013-08-11,磐亞,otc,Chemicals,4707.TWO
2010-01-01,4711,1.1381151256632434,4.153257553549712,1.1433374463926858,719294.0,2010-02-11,永純,otc,Chemicals,4711.TWO
2021-04-01,4711,0.6256377285531252,2.5492537988495196,0.48396128054719467,351458.0,2021-05-11,永純,otc,Chemicals,4711.TWO
2011-04-01,4712,6.074507480373278,5.707871583337073,4.685640993393504,382080.0,2011-05-11,南璋,otc,,4712.TWO
2019-12-01,4714,2.110241056348841,6.390762591021288,1.9366840283372846,405140.0,2020-01-11,永捷,otc,Chemicals,4714.TWO
2010-01-01,4716,0.6276271567382226,2.5840728101893946,0.7905422730629827,311396.0,2010-02-11,大立,otc,Chemicals,4716.TWO
2010-01-01,4720,0.6338930693069307,3.2665967227016686,0.6005234080485722,412558.0,2010-02-11,德淵,sii,Chemicals,4720.TW
2013-09-01,4720,0.5143923463632691,2.2565432229809557,0.16752859958802846,543735.0,2013-10-11,德淵,sii,Chemicals,4720.TW
2008-03-01,4721,1.5721147263758914,3.3084593767998833,1.1475745254165746,695096.0,2008-04-11,美琪瑪,otc,Chemicals,4721.TWO
2021-09-01,4721,1.499975306790267,2.5406576213186236,1.2656078012500587,1366759.0,2021-10-11,美琪瑪,otc,Chemicals,4721.TWO
2010-01-01,4722,0.38567467231503305,2.2087907914858653,0.4553571224253291,486721.0,2010-02-11,國精化,sii,Chemicals,4722.TW
2009-12-01,4725,1.3491600134120363,3.134798799616551,1.5326341895034017,4266730.0,2010-01-11,信昌化,sii,,4725.TW
2011-12-01,4729,1.5021187878422295,2.5230113508854655,0.9843939722053712,663677.0,2012-01-11,熒茂,otc,Optoelectronics,4729.TWO
2013-05-01,4729,1.985572843672835,2.9608400982652934,1.94451005589634,1252615.0,2013-06-11,熒茂,otc,Optoelectronics,4729.TWO
2013-11-01,4729,4.857385815508466,3.434911706143656,1.5782329487716522,1408631.0,2013-12-11,熒茂,otc,Optoelectronics,4729.TWO
2020-07-01,4735,0.7506524961894223,2.1261778426398474,0.8225818025244767,586908.0,2020-08-11,豪展,otc,Biotech & medical,4735.TWO
2021-01-01,4735,2.5167427508396774,4.670883984186795,0.6816754958420872,1107781.0,2021-02-11,豪展,otc,Biotech & medical,4735.TWO
2016-03-01,4736,0.4119372317376502,2.196751416756515,0.4117621166252159,757253.0,2016-04-11,泰博,sii,Biotech & medical,4736.TW
2018-09-01,4736,0.4599341564954782,2.44883993360173,0.19823541307623316,1233694.0,2018-10-11,泰博,sii,Biotech & medical,4736.TW
2020-04-01,4736,0.6911338579792261,3.537819971625701,0.7289315840712215,1569357.0,2020-05-11,泰博,sii,Biotech & medical,4736.TW
2021-08-01,4736,0.6428217990778038,2.532535778909814,0.969363712248523,2334021.0,2021-09-11,泰博,sii,Biotech & medical,4736.TW
2022-04-01,4736,0.995739196255097,4.031419399350257,0.8390233937465734,2288578.0,2022-05-11,泰博,sii,Biotech & medical,4736.TW
2022-04-01,4737,0.43391018985657714,2.2954032084468636,0.7364544698340734,549678.0,2022-05-11,華廣,sii,Biotech & medical,4737.TW
2013-02-01,4739,0.5258739249760087,3.2681235719536934,0.8139361363088804,499269.0,2013-03-11,康普,sii,Chemicals,4739.TW
2013-08-01,4739,1.0715731820954755,2.1136038342804997,0.18976027138809237,618029.0,2013-09-11,康普,sii,Chemicals,4739.TW
2025-10-01,4739,1.0812331552319256,2.676533868164249,0.8525699942126919,1936704.0,2025-11-11,康普,sii,Chemicals,4739.TW
2026-04-01,4739,1.1781819413104309,2.546639009255832,0.01964505853130394,2508806.0,2026-05-11,康普,sii,Chemicals,4739.TW
2014-01-01,4746,0.6750026777689295,2.7531103408227606,0.6802915478712753,719350.0,2014-02-11,台耀,sii,Biotech & medical,4746.TW
2021-10-01,4755,0.34211311466239014,3.3018138006490974,0.2692314834556693,1295523.0,2021-11-11,三福化,sii,Chemicals,4755.TW
2020-06-01,4760,1.2305782604277065,2.9623090407087784,0.5075967393874095,307280.0,2020-07-11,勤凱科技,otc,Other electronics,4760.TWO
2021-07-01,4764,0.40428559776053485,2.212833514148587,0.3643023062254527,809162.0,2021-08-11,雙鍵,sii,Chemicals,4764.TW
2021-05-01,4766,0.32339591089448927,2.6395076528126746,0.24896578205405318,4689730.0,2021-06-11,南寶,sii,Chemicals,4766.TW
2022-09-01,4766,0.3944639276890125,2.3705351825611785,0.17443776257045962,5867352.0,2022-10-11,南寶,sii,Chemicals,4766.TW
2021-06-01,4767,0.3016564387376739,2.2071772531952076,0.07868346576470087,321556.0,2021-07-11,誠泰科技,otc,Chemicals,4767.TWO
2022-10-01,4768,0.7489569446782567,2.0999207331070107,0.06874169030114263,384398.0,2022-11-11,晶呈科技,otc,Chemicals,4768.TWO
2025-11-01,4768,0.8630529536873948,2.177757763794862,1.2296349013626482,479153.0,2025-12-11,晶呈科技,otc,Chemicals,4768.TWO
2025-09-01,4772,1.988746296278987,2.6726897523473623,1.589114914705647,639514.0,2025-10-11,台特化,otc,Chemicals,4772.TWO
2026-03-01,4772,2.9003228318132765,2.111425798281033,0.4944449022481683,856585.0,2026-04-11,台特化,otc,Chemicals,4772.TWO
2012-11-01,4903,1.783668424321395,3.1173009856440723,1.4227812292489923,457173.0,2012-12-11,聯光通,otc,Communications & networking,4903.TWO
2025-08-01,4903,1.2546144340624799,2.4959308758607524,0.6799068760286597,519993.0,2025-09-11,聯光通,otc,Communications & networking,4903.TWO
2009-01-01,4905,1.6009675952499869,4.017387858414177,1.8247424373574015,348912.0,2009-02-11,台聯電,otc,Biotech & medical,4905.TWO
2008-07-01,4906,0.6524225693513763,2.25542610405149,0.42540238274166686,4975099.0,2008-08-11,正文,sii,Communications & networking,4906.TW
2010-09-01,4906,0.7768052615308407,2.2653832264029994,0.7380221019207216,5897007.0,2010-10-11,正文,sii,Communications & networking,4906.TW
2021-02-01,4906,0.7968754664851283,2.4853662028677026,0.24713765729372072,4875119.0,2021-03-11,正文,sii,Communications & networking,4906.TW
2013-10-01,4907,461.6292517006803,7.688057509737917,443.91569671346804,408039.0,2013-11-11,富宇,otc,Construction,4907.TWO
2023-09-01,4907,1656.9323308270677,2.4414746614187286,1655.9604159334508,882020.0,2023-10-11,富宇,otc,Construction,4907.TWO
2024-07-01,4907,6520.198717948718,4.216228601891715,6481.92096519033,1017307.0,2024-08-11,富宇,otc,Construction,4907.TWO
2009-12-01,4908,0.5871169292360781,2.1169759164104627,0.5505028610629137,378994.0,2010-01-11,前鼎,otc,Communications & networking,4908.TWO
2023-11-01,4908,0.4865385749965585,2.0500193620277285,0.491350722342767,302356.0,2023-12-11,前鼎,otc,Communications & networking,4908.TWO
2010-07-01,4909,0.9051670743685833,3.1305626361657275,0.6815234761386924,304520.0,2010-08-11,新復興,otc,Communications & networking,4909.TWO
2013-05-01,4909,0.6622359561888012,2.338815763763461,0.37608153515776466,478207.0,2013-06-11,新復興,otc,Communications & networking,4909.TWO
2024-01-01,4909,1.0950400339641915,3.7982786205080603,0.5104435804796097,315821.0,2024-02-11,新復興,otc,Communications & networking,4909.TWO
2024-07-01,4909,4.031988232471813,6.531382552222358,0.8231771625561803,797077.0,2024-08-11,新復興,otc,Communications & networking,4909.TWO
2015-10-01,4915,0.46050114264216413,2.077880780687503,0.3377878519777462,19294111.0,2015-11-11,致伸,sii,Electronic components,4915.TW
2016-05-01,4916,0.7763722465799934,2.0639947966902383,0.7448924465620577,606926.0,2016-06-11,事欣科,sii,Computers & peripherals,4916.TW
2017-08-01,4916,1.8629923949462563,3.1089099838784504,1.785328890664021,2061867.0,2017-09-11,事欣科,sii,Computers & peripherals,4916.TW
2018-02-01,4916,2.020355015315667,2.2728584967033014,0.29149786867111294,1803457.0,2018-03-11,事欣科,sii,Computers & peripherals,4916.TW
2020-09-01,4919,0.9039205435066562,7.289971404066367,0.7194046711111353,5604569.0,2020-10-11,新唐,sii,Semiconductors,4919.TW
2021-03-01,4919,3.721869718796806,5.788830748468441,1.1838294377522565,10072480.0,2021-04-11,新唐,sii,Semiconductors,4919.TW
2013-02-01,4930,10.474915194695415,4.3804638422901965,10.665830466373627,2090523.0,2013-03-11,燦星網,sii,Electric wire & cable,4930.TW
2013-10-01,4930,27.039992017276894,3.0314763915718377,16.024613355649286,3934095.0,2013-11-11,燦星網,sii,Electric wire & cable,4930.TW
2022-01-01,4931,0.7171896320108104,2.6071818912867055,0.8113299071438986,650638.0,2022-02-11,新盛力,otc,Computers & peripherals,4931.TWO
2022-09-01,4931,1.797922961104982,3.9954810617608993,0.9227198494181019,834377.0,2022-10-11,新盛力,otc,Computers & peripherals,4931.TWO
2026-06-01,4931,1.4010162575324268,2.7836247588714103,1.1955863408973666,1113260.0,2026-07-11,新盛力,otc,Computers & peripherals,4931.TWO
2023-09-01,4933,0.5927854885876995,2.3915737605814087,0.6023337339377266,703699.0,2023-10-11,友輝,otc,Optoelectronics,4933.TWO
2013-11-01,4934,1.2797558723872529,2.3014645313817708,1.0492179082515285,1414951.0,2013-12-11,太極,sii,Optoelectronics,4934.TW
2022-09-01,4934,1.232239567905975,2.5906592125235957,1.1252024970140448,610426.0,2022-10-11,太極,sii,Optoelectronics,4934.TW
2013-05-01,4942,8.519970479430754,2.0207858109402217,1.9483299493077268,2051011.0,2013-06-11,嘉彰,sii,Optoelectronics,4942.TW
2021-12-01,4949,0.7346542207385174,2.441363716261121,0.4964942247678963,968565.0,2022-01-11,有成精密,sii,Optoelectronics,4949.TW
2022-06-01,4949,0.9225794408515173,2.548887426176948,0.3305437821927366,1483122.0,2022-07-11,有成精密,sii,Optoelectronics,4949.TW
2026-08-01,4949,0.8999242407110066,2.0744668215454296,0.530506758599173,1008153.0,2026-09-11,有成精密,sii,Optoelectronics,4949.TW
2020-10-01,4952,0.3505410592760325,2.736954487847651,0.39980070039922877,884495.0,2020-11-11,凌通,sii,Semiconductors,4952.TW
2026-08-01,4952,0.475816925051076,2.314161184219807,0.34269004191407504,761371.0,2026-09-11,凌通,sii,Semiconductors,4952.TW
2021-01-01,4956,0.43866609704168535,2.4777899939492225,0.2465834761725585,410837.0,2021-02-11,光鋐,sii,Optoelectronics,4956.TW
2018-09-01,4960,0.42962264287663854,2.8887270863068584,0.2836639387531572,3551277.0,2018-10-11,誠美材,sii,Optoelectronics,4960.TW
2019-03-01,4960,0.6099607023883011,2.8916483310095393,0.12645071821210996,4024327.0,2019-04-11,誠美材,sii,Optoelectronics,4960.TW
2023-10-01,4960,0.5656658784014732,2.4531555017084203,0.5973649845897329,2588041.0,2023-11-11,誠美材,sii,Optoelectronics,4960.TW
2020-12-01,4961,0.52339324846518,2.205252523615829,0.27435085354654776,3642677.0,2021-01-11,天鈺,sii,Semiconductors,4961.TW
2021-06-01,4961,1.658650581956517,4.824943046642807,0.7497196370988015,5869798.0,2021-07-11,天鈺,sii,Semiconductors,4961.TW
2017-03-01,4967,0.7812408710791894,2.877840485822011,0.7596924433920169,1371942.0,2017-04-11,十銓,sii,Semiconductors,4967.TW
2017-09-01,4967,1.128931889249404,2.430001061777268,0.5057217907058462,1917893.0,2017-10-11,十銓,sii,Semiconductors,4967.TW
2023-04-01,4967,1.4089916891576766,3.7766189652566236,1.540031967013259,3780951.0,2023-05-11,十銓,sii,Semiconductors,4967.TW
2023-10-01,4967,1.5635453689537484,2.7923482811952463,0.13694095058734268,4356489.0,2023-11-11,十銓,sii,Semiconductors,4967.TW
2020-02-01,4968,0.7406793321313514,2.8548216432414577,0.4134790639649393,792634.0,2020-03-11,立積,sii,Semiconductors,4968.TW
2020-08-01,4968,0.9685335017695833,2.730624596085845,0.16821293562687778,1570748.0,2020-09-11,立積,sii,Semiconductors,4968.TW
2021-02-01,4968,1.1379362984681456,2.5460278388560322,0.16411097246863204,1694601.0,2021-03-11,立積,sii,Semiconductors,4968.TW
2021-09-01,4972,0.3939134978126495,2.163634288283428,0.45146174495441693,314807.0,2021-10-11,湯石照明,otc,Optoelectronics,4972.TWO
2024-01-01,4972,0.7231517660758184,3.3484585550564865,0.851589017972018,332956.0,2024-02-11,湯石照明,otc,Optoelectronics,4972.TWO
2024-07-01,4972,0.759900525006908,2.9822778839108,0.5448593414383649,318454.0,2024-08-11,湯石照明,otc,Optoelectronics,4972.TWO
2017-10-01,4973,0.41692889849843184,2.6628364837150205,0.5837089424178323,1329673.0,2017-11-11,廣穎電通,otc,Semiconductors,4973.TWO
2026-03-01,4973,0.7475413889323397,3.7369017844518386,0.785226602498444,2077977.0,2026-04-11,廣穎電通,otc,Semiconductors,4973.TWO
2017-03-01,4974,0.5701920262217179,2.8470849930378797,0.5380943878967535,734864.0,2017-04-11,亞泰,otc,Electronic components,4974.TWO
2024-08-01,4974,0.4181130502373125,2.2251112203310544,0.4255475292691806,1306292.0,2024-09-11,亞泰,otc,Electronic components,4974.TWO
2020-10-01,4976,0.6730316393372437,2.848631622408195,0.7980702677504503,468924.0,2020-11-11,佳凌,sii,Optoelectronics,4976.TW
2021-04-01,4976,1.13884198694186,3.320396370566457,0.03781730925296234,447157.0,2021-05-11,佳凌,sii,Optoelectronics,4976.TW
2022-10-01,4979,1.0122160503397506,2.4294051959492893,0.797582021081293,376383.0,2022-11-11,華星光,otc,Communications & networking,4979.TWO
2023-07-01,4979,1.382106029318289,2.60464807114542,0.5543213411399519,723286.0,2023-08-11,華星光,otc,Communications & networking,4979.TWO
2021-04-01,4989,0.3967780952068214,2.4107723911603647,0.3567440619730087,1020866.0,2021-05-11,榮科,sii,Electronic components,4989.TW
2026-01-01,4989,0.6731968563226505,2.2346477545798646,0.5708475475277555,888844.0,2026-02-11,榮科,sii,Electronic components,4989.TW
2026-08-01,4989,0.9241108528345519,2.56045138026267,0.5468021352017376,1118299.0,2026-09-11,榮科,sii,Electronic components,4989.TW
2018-12-01,4994,1.2104071861964352,2.055801299093599,1.1143058371730856,373046.0,2019-01-11,傳奇,sii,IT services,4994.TW
2019-07-01,4994,4.135382020672176,4.163091799202781,1.9104098836168446,1090067.0,2019-08-11,傳奇,sii,IT services,4994.TW
2022-01-01,4995,0.7575333921235454,2.171965731533114,0.2737632158344947,408565.0,2022-02-11,晶達,otc,Optoelectronics,4995.TWO
2008-09-01,5007,0.3360060822316504,2.5476115883811263,0.31377597588939454,1759015.0,2008-10-11,三星,sii,Steel,5007.TW
2010-04-01,5007,0.583743175562875,2.5001469999054846,0.7098465377319688,982814.0,2010-05-11,三星,sii,Steel,5007.TW
2021-05-01,5007,0.8813416153565363,2.637612913369427,0.7882773842885038,1870887.0,2021-06-11,三星,sii,Steel,5007.TW
2010-06-01,5009,0.8573756460145325,2.1537396516094103,0.8765493021024472,1827145.0,2010-07-11,榮剛,otc,Steel,5009.TWO
2020-09-01,5011,1.236498356860881,2.089693815880091,1.4817687379642765,649251.0,2020-10-11,久陽,otc,Steel,5011.TWO
2021-03-01,5011,2.158680510626146,3.204072406057904,0.28138139329839307,707914.0,2021-04-11,久陽,otc,Steel,5011.TWO
2010-02-01,5013,0.810506192895502,2.0852499825584316,0.8911679441716129,699891.0,2010-03-11,強新,otc,Steel,5013.TWO
2013-12-01,5013,1.0176098767820787,2.0685201447252326,0.3815369219284823,1418180.0,2014-01-11,強新,otc,Steel,5013.TWO
2013-01-01,5014,2.618328173374613,3.9653790689511554,2.6304644150077534,1168720.0,2013-02-11,建錩,otc,Steel,5014.TWO
2013-10-01,5014,5.10049888694546,2.9172358138241172,0.8171118681465943,3069283.0,2013-11-11,建錩,otc,Steel,5014.TWO
2010-05-01,5015,1.309036784099988,2.0275909977301465,1.2027471704111705,632937.0,2010-06-11,華祺,otc,Steel,5015.TWO
2010-01-01,5016,0.7560209182585031,2.413268734084592,0.9829912874080515,609118.0,2010-02-11,松和,otc,Steel,5016.TWO
2008-06-01,5102,0.7212198870418465,2.087557817418775,0.3904205560184564,451340.0,2008-07-11,富強,otc,,5102.TWO
2008-07-01,5203,0.3261555664493754,2.0444167601222016,0.12881067795301848,654662.0,2008-08-11,訊連,sii,IT services,5203.TW
2012-03-01,5206,7.244017988120145,4.516182355288227,7.88087891053702,342811.0,2012-04-11,坤悅,otc,Construction,5206.TWO
2013-06-01,5206,5.1348211419808125,2.509969321618495,6.11985662800664,688057.0,2013-07-11,坤悅,otc,Construction,5206.TWO
2010-01-01,5209,1.0379262942629004,2.920793497024701,0.7840743667840306,480327.0,2010-02-11,新鼎,otc,Other,5209.TWO
2010-07-01,5209,2.0669464495551453,3.5274013608398387,1.2136904216317301,548094.0,2010-08-11,新鼎,otc,Other,5209.TWO
2017-11-01,5209,1.1896660127165717,2.388706987820624,1.1775694984111031,463191.0,2017-12-11,新鼎,otc,Other,5209.TWO
2020-04-01,5209,1.340052191855643,2.5771160785438347,1.3595249928624953,578379.0,2020-05-11,新鼎,otc,Other,5209.TWO
2020-10-01,5209,2.0722276528728143,3.543702074530565,0.9467670344049766,848580.0,2020-11-11,新鼎,otc,Other,5209.TWO
2023-05-01,5209,1.5178142598129272,2.1184022575729915,1.3199519290955242,1677529.0,2023-06-11,新鼎,otc,Other,5209.TWO
2025-09-01,5212,0.5608964259059623,2.8148712163784073,0.6941406969488261,376457.0,2025-10-11,凌網,otc,IT services,5212.TWO
2008-06-01,5213,124.6512383272432,3.2027080346254913,74.63824604141291,309479.0,2008-07-11,亞昕,otc,Construction,5213.TWO
2011-04-01,5213,153.37436548223351,4.695600175534879,154.03162090863154,2432940.0,2011-05-11,亞昕,otc,Construction,5213.TWO
2011-11-01,5213,239.3345428156749,3.8951759727257778,240.20077794224187,331181.0,2011-12-11,亞昕,otc,Construction,5213.TWO
2020-08-01,5220,0.5041531880158419,2.205226616963265,0.5124720940375149,398023.0,2020-09-11,萬達光電,otc,Optoelectronics,5220.TWO
2023-08-01,5234,0.517981618987025,3.6364546927754042,0.591533059368691,1195324.0,2023-09-11,達興材料,sii,Optoelectronics,5234.TW
2020-04-01,5236,0.5124993129500177,2.6206176227465283,0.4497845716917883,302698.0,2020-05-11,凌陽創新,sii,Semiconductors,5236.TW
2020-10-01,5236,1.0935301683162781,3.122741677815174,0.07439115500117977,561579.0,2020-11-11,凌陽創新,sii,Semiconductors,5236.TW
2023-09-01,5236,1.3182487602547575,2.5491464430767152,1.432531138903661,480107.0,2023-10-11,凌陽創新,sii,Semiconductors,5236.TW
2020-12-01,5244,0.3760561292553979,2.4187329152910477,0.015551580247116448,306350.0,2021-01-11,弘凱,sii,Optoelectronics,5244.TW
2015-11-01,5245,0.6430451810877378,2.022778251916733,0.19097297367715105,406933.0,2015-12-11,智晶,otc,Optoelectronics,5245.TWO
2016-05-01,5245,0.9363101804077856,2.017055095730109,0.11204939216915566,435329.0,2016-06-11,智晶,otc,Optoelectronics,5245.TWO
2016-02-01,5258,1.70054267707817,2.1576313629663817,0.9509620629232653,839010.0,2016-03-11,虹堡,sii,Computers & peripherals,5258.TW
2017-02-01,5269,0.7115965099160992,2.09719075730938,0.3686382483294055,715028.0,2017-03-11,祥碩,sii,Semiconductors,5269.TW
2020-04-01,5269,1.0819680320274414,2.419097697668842,1.248382084154225,1750475.0,2020-05-11,祥碩,sii,Semiconductors,5269.TW
2020-10-01,5269,1.3821304542361403,2.712171141383718,0.4578757467623893,2166874.0,2020-11-11,祥碩,sii,Semiconductors,5269.TW
2025-11-01,5269,1.1210032009567694,2.1625309352259348,0.433411054257852,3798774.0,2025-12-11,祥碩,sii,Semiconductors,5269.TW
2020-06-01,5274,0.7236175331107466,2.162133609299769,0.3947598853133283,901352.0,2020-07-11,信驊,otc,Semiconductors,5274.TWO
2024-06-01,5274,0.9940694577810978,2.5628975963050844,0.48005831938170496,1356045.0,2024-07-11,信驊,otc,Semiconductors,5274.TWO
2025-02-01,5274,1.10379480918039,2.1526109948412016,0.0019685901901032032,2046965.0,2025-03-11,信驊,otc,Semiconductors,5274.TWO
2016-02-01,5283,0.8420682583522201,2.8201035864958097,0.6900009769187776,1606033.0,2016-03-11,禾聯碩,sii,Electric wire & cable,5283.TW
2017-06-01,5285,0.4158279045928259,2.3705625797373693,0.44838320639569884,762412.0,2017-07-11,界霖,sii,Semiconductors,5285.TW
2017-12-01,5285,1.3249519863460595,3.101648447709491,0.25714674796687786,1261412.0,2018-01-11,界霖,sii,Semiconductors,5285.TW
2017-06-01,5289,0.5583871835524545,2.0724667274200903,0.2724815255247064,1633623.0,2017-07-11,宜鼎,otc,Computers & peripherals,5289.TWO
2021-07-01,5289,0.7624480078347058,2.7088353454344007,0.7183460310502909,3131359.0,2021-08-11,宜鼎,otc,Computers & peripherals,5289.TWO
2025-10-01,5289,0.8003068708680634,2.4918884477745906,0.3721273575253137,4051515.0,2025-11-11,宜鼎,otc,Computers & peripherals,5289.TWO
2026-04-01,5289,4.949666847560117,7.401598132043458,3.0167936178182573,16521969.0,2026-05-11,宜鼎,otc,Computers & peripherals,5289.TWO
2021-05-01,5291,0.38665340755700894,2.0900271141675204,0.1392754832360794,405775.0,2021-06-11,邑昇,otc,Electronic components,5291.TWO
2026-07-01,5291,0.5206967623736867,2.283381041799735,0.14568362430130466,424980.0,2026-08-11,邑昇,otc,Electronic components,5291.TWO
2012-12-01,5301,4.257048092868988,6.003860876311047,5.227635753462022,434290.0,2013-01-11,寶得利,otc,Tourism,5301.TWO
2010-02-01,5305,0.5702812702828675,2.337560706427003,0.6813708236674582,2162896.0,2010-03-11,敦南科技,sii,,5305.TW
2010-01-01,5309,0.48255346695156764,2.631420500536727,0.32365233194346055,540496.0,2010-02-11,系統電,otc,Electronic components,5309.TWO
2016-04-01,5309,0.7178697117960284,3.6115271978912857,0.6179332222657199,580384.0,2016-05-11,系統電,otc,Electronic components,5309.TWO
2021-03-01,5309,0.726078799249531,2.6440410623453072,0.44378758010293673,490360.0,2021-04-11,系統電,otc,Electronic components,5309.TWO
2015-12-01,5310,4.138645580859591,7.241378173455283,4.178623540055102,428265.0,2016-01-11,天剛,otc,IT services,5310.TWO
2022-07-01,5312,0.35442587259169134,4.323717102752655,0.3392831279993167,730343.0,2022-08-11,寶島科,otc,Biotech & medical,5312.TWO
2023-06-01,5312,0.3047963155798139,2.9230428255883796,0.10597358991523342,933510.0,2023-07-11,寶島科,otc,Biotech & medical,5312.TWO
2010-03-01,5315,0.427849440459213,3.171187432918981,0.5694386450528889,399488.0,2010-04-11,光聯,otc,Optoelectronics,5315.TWO
2013-11-01,5315,0.5541170584154926,2.507111275592372,0.6320447409219524,546670.0,2013-12-11,光聯,otc,Optoelectronics,5315.TWO
2014-06-01,5315,0.5385039682954629,2.18252698592065,0.34050669674740197,588527.0,2014-07-11,光聯,otc,Optoelectronics,5315.TWO
2024-11-01,5315,0.5083854029209238,2.1145874006370065,0.560984216396417,440082.0,2024-12-11,光聯,otc,Optoelectronics,5315.TWO
2010-01-01,5317,0.40993826947350653,2.2530471642038816,0.5467409672329944,367499.0,2010-02-11,凱美,otc,,5317.TWO
2010-06-01,5324,6.537842121948642,6.869487574775734,7.20771312679623,356653.0,2010-07-11,士開,otc,Construction,5324.TWO
2010-12-01,5324,6.054760076775432,2.6997236900548547,3.9390019439323343,367553.0,2011-01-11,士開,otc,Construction,5324.TWO
2013-03-01,5324,9.006163677787127,2.4964594501319692,9.625624461562902,3175386.0,2013-04-11,士開,otc,Construction,5324.TWO
2016-06-01,5324,19.36768103128654,5.751940402792561,19.370854077699555,714152.0,2016-07-11,士開,otc,Construction,5324.TWO
2024-11-01,5324,8.99109781760575,2.4405239714622833,8.991023639632562,1690214.0,2024-12-11,士開,otc,Construction,5324.TWO
2010-01-01,5326,0.8384468012441078,3.0770901690221213,0.9672843243929854,1006625.0,2010-02-11,漢磊科技,otc,,5326.TWO
2008-03-01,5340,0.735189019327581,2.4825433761895717,0.5641652433636386,330203.0,2008-04-11,建榮,otc,Electronic components,5340.TWO
2009-12-01,5346,1.7107403156507854,2.352158860245596,2.214481776485223,15134421.0,2010-01-11,力晶,otc,,5346.TWO
2010-01-01,5347,0.6390507829042025,2.0904010208372803,0.6343504355693976,3115729.0,2010-02-11,世界,otc,Semiconductors,5347.TWO
2010-01-01,5349,0.6644245851994819,2.032193988012442,0.5144939925862717,1436708.0,2010-02-11,先豐通訊,otc,,5349.TWO
2010-01-01,5351,1.4298136237339603,2.578262089805952,1.300335812893424,2363764.0,2010-02-11,鈺創,otc,Semiconductors,5351.TWO
2021-08-01,5351,0.9321628419204095,2.469962429311256,0.6478170763794404,1557957.0,2021-09-11,鈺創,otc,Semiconductors,5351.TWO
2025-11-01,5351,1.001283773828228,2.3511952145212214,1.142897232218501,1371838.0,2025-12-11,鈺創,otc,Semiconductors,5351.TWO
2026-05-01,5351,4.738622314754273,7.272610644603031,2.1982603908097533,4098679.0,2026-06-11,鈺創,otc,Semiconductors,5351.TWO
2010-09-01,5353,0.38838021477505325,2.0573959015693823,0.1720858029227077,445652.0,2010-10-11,台林,otc,Communications & networking,5353.TWO
2011-03-01,5353,1.4329868813788815,4.275227798000494,0.9777235927960544,571404.0,2011-04-11,台林,otc,Communications & networking,5353.TWO
2010-08-01,5355,1.2791744682641535,3.07935642836535,0.5656454012048173,325008.0,2010-09-11,佳總,otc,Electronic components,5355.TWO
2012-11-01,5355,0.907502983605871,2.034076686037868,0.664472973925329,364417.0,2012-12-11,佳總,otc,Electronic components,5355.TWO
2010-05-01,5356,0.6700082026977761,3.029454414287331,0.558498490082024,1832333.0,2010-06-11,協益,otc,Computers & peripherals,5356.TWO
2010-11-01,5356,0.674515980933494,2.028842507056198,0.10988768678125371,2031568.0,2010-12-11,協益,otc,Computers & peripherals,5356.TWO
2024-01-01,5356,0.5702705052061798,2.537606809015328,0.7885054893349938,1336765.0,2024-02-11,協益,otc,Computers & peripherals,5356.TWO
2024-08-01,5356,0.5381179533519598,2.3217947801230823,0.4685401225541752,1074057.0,2024-09-11,協益,otc,Computers & peripherals,5356.TWO
2010-01-01,5371,0.510023993990057,2.186760039543777,0.8597481666845329,7256224.0,2010-02-11,中光電,otc,,5371.TWO
2010-03-01,5381,0.9476459886637292,2.59698120342972,0.574272885356726,370415.0,2010-04-11,光譜,otc,Electrical machinery,5381.TWO
2013-02-01,5381,0.8489368037553422,2.0834457624146903,0.7248104299862133,422238.0,2013-03-11,光譜,otc,Electrical machinery,5381.TWO
2013-12-01,5381,0.9613356766256591,2.00819898953733,0.2765983747412213,433008.0,2014-01-11,光譜,otc,Electrical machinery,5381.TWO
2023-04-01,5381,3.2353799556095106,7.372073974093498,3.4832905740664475,345391.0,2023-05-11,光譜,otc,Electrical machinery,5381.TWO
2024-01-01,5381,6.377679000792815,6.777748841092703,5.753864904384135,567646.0,2024-02-11,光譜,otc,Electrical machinery,5381.TWO
2024-10-01,5381,4.7751758286813635,4.06291612953842,5.04225969277186,732454.0,2024-11-11,光譜,otc,Electrical machinery,5381.TWO
2014-12-01,5386,1.5373545582406343,4.108887629364307,1.045675387595429,396893.0,2015-01-11,青雲,otc,Computers & peripherals,5386.TWO
2015-07-01,5386,2.2673921291346186,3.0603906768833276,1.6961432780316774,378926.0,2015-08-11,青雲,otc,Computers & peripherals,5386.TWO
2017-01-01,5386,2.1683309020245356,2.882088328305263,1.8761165041720367,588584.0,2017-02-11,青雲,otc,Computers & peripherals,5386.TWO
2018-02-01,5386,1.9679079587714239,2.217148012293981,1.2388619279732558,1949687.0,2018-03-11,青雲,otc,Computers & peripherals,5386.TWO
2024-09-01,5386,2.846924718229991,3.5735489583490576,3.0504569228128515,1801134.0,2024-10-11,青雲,otc,Computers & peripherals,5386.TWO
2025-05-01,5386,2.074351118081449,2.3606837434882935,1.3636089139255607,1480008.0,2025-06-11,青雲,otc,Computers & peripherals,5386.TWO
2026-02-01,5386,4.094561182542346,4.679419631648781,3.874202308105702,6132038.0,2026-03-11,青雲,otc,Computers & peripherals,5386.TWO
2026-08-01,5386,9.57382503071261,7.499623467198871,5.014971970458882,8107861.0,2026-09-11,青雲,otc,Computers & peripherals,5386.TWO
2013-02-01,5392,1.7872506455006216,2.1054427108428535,1.8661819774197301,728657.0,2013-03-11,能率,otc,Optoelectronics,5392.TWO
2008-03-01,5403,0.4213425195335052,2.70387812215357,0.3532267922049124,369279.0,2008-04-11,中菲,otc,IT services,5403.TWO
2012-01-01,5403,0.47323735336619155,2.7066461948047476,0.3289836442779934,302793.0,2012-02-11,中菲,otc,IT services,5403.TWO
2012-07-01,5403,0.9577278350316969,3.317592829327314,0.2304395172853726,406716.0,2012-08-11,中菲,otc,IT services,5403.TWO
2020-12-01,5403,0.6444959012929943,2.4711898815426228,0.5578695934776392,972966.0,2021-01-11,中菲,otc,IT services,5403.TWO
2021-08-01,5403,1.2081936910647815,3.3617974163854134,0.22739132827866282,1131304.0,2021-09-11,中菲,otc,IT services,5403.TWO
2008-03-01,5410,2.791344603381014,4.2138925110144445,2.456500920145008,364443.0,2008-04-11,國眾,otc,IT services,5410.TWO
2022-09-01,5410,1.650712037571442,3.1272447315613996,1.8129808779941736,2310130.0,2022-10-11,國眾,otc,IT services,5410.TWO
2026-05-01,5410,1.358173587079989,2.0661786577531234,1.3922456562883683,2144549.0,2026-06-11,國眾,otc,IT services,5410.TWO
2010-01-01,5425,1.042423602174289,3.36524243488354,1.0793716895507717,1063347.0,2010-02-11,台半,otc,Semiconductors,5425.TWO
2008-06-01,5426,0.4022636507841437,2.0094642783071057,0.37531413955126514,725771.0,2008-07-11,振發,otc,Computers & peripherals,5426.TWO
2012-08-01,5426,0.4773988755158678,2.197488788283179,0.5522772483914117,410971.0,2012-09-11,振發,otc,Computers & peripherals,5426.TWO
2013-12-01,5426,0.5354784911953696,2.340347380069204,0.6057613158093218,469557.0,2014-01-11,振發,otc,Computers & peripherals,5426.TWO
2020-05-01,5426,0.4618898195713237,2.0354191381792575,0.6170765699215874,462156.0,2020-06-11,振發,otc,Computers & peripherals,5426.TWO
2024-12-01,5426,0.500373598241026,2.1256277336311955,0.5109982720213005,489953.0,2025-01-11,振發,otc,Computers & peripherals,5426.TWO
2010-04-01,5438,0.5530886309319305,2.596237118986483,0.41736698288334706,827248.0,2010-05-11,東友,otc,Computers & peripherals,5438.TWO
2012-06-01,5438,0.7964202048917355,2.2995134710458203,0.6552458224226894,1066673.0,2012-07-11,東友,otc,Computers & peripherals,5438.TWO
2021-03-01,5438,1.0831569648674018,3.6502217241774817,1.2653944966265476,452770.0,2021-04-11,東友,otc,Computers & peripherals,5438.TWO
2025-04-01,5439,0.9285960140719562,3.0467162672074184,0.8195496494057355,1826635.0,2025-05-11,高技,otc,Electronic components,5439.TWO
2025-10-01,5439,1.830544116751069,4.6854013185787355,0.33268283131969767,3159125.0,2025-11-11,高技,otc,Electronic components,5439.TWO
2019-04-01,5450,3.7835298126064734,2.3143918726838093,2.9437766909801724,701983.0,2019-05-11,南良,otc,Other,5450.TWO
2010-01-01,5452,0.9388328190516921,2.387924231709614,0.9967799224775925,1369132.0,2010-02-11,佶優,otc,Other electronics,5452.TWO
2021-02-01,5452,0.6277493782460155,2.0714347542617033,0.5123556387379655,1593705.0,2021-03-11,佶優,otc,Other electronics,5452.TWO
2019-07-01,5455,169.06699783467073,12.159419643858865,170.06454558284332,2670392.0,2019-08-11,昇益,otc,Construction,5455.TWO
2022-02-01,5455,850.328793774319,9.87365582154048,773.4810983835374,437583.0,2022-03-11,昇益,otc,Construction,5455.TWO
2023-12-01,5455,275.4996575342466,2.1378753721202295,276.4939239899298,1614758.0,2024-01-11,昇益,otc,Construction,5455.TWO
2024-11-01,5455,4002.5957066189626,11.895913356926355,4002.5957066189626,2238010.0,2024-12-11,昇益,otc,Construction,5455.TWO
2025-06-01,5455,3109.4364937388195,7.885338912169665,3110.208314586212,1738734.0,2025-07-11,昇益,otc,Construction,5455.TWO
2013-07-01,5457,0.324944018670956,3.09398132098532,0.21883812853665674,336080.0,2013-08-11,宣德,otc,Electronic components,5457.TWO
2014-01-01,5457,0.7604580227503233,3.494682887773069,0.2190450848807255,466921.0,2014-02-11,宣德,otc,Electronic components,5457.TWO
2018-07-01,5457,0.6689331459465948,2.365789956189481,0.587030980167873,1334766.0,2018-08-11,宣德,otc,Electronic components,5457.TWO
2019-04-01,5457,0.8935700830046507,2.697101279699318,0.03953292279395004,1286643.0,2019-05-11,宣德,otc,Electronic components,5457.TWO
2020-04-01,5457,1.8062873695345174,4.076337241852827,0.248346621791792,3610690.0,2020-05-11,宣德,otc,Electronic components,5457.TWO
2021-06-01,5464,1.498489620909512,4.182779896355383,1.2364280739973204,425960.0,2021-07-11,霖宏,otc,Electronic components,5464.TWO
2009-10-01,5465,0.46895805847881444,3.059291061792962,0.7553356929702012,383022.0,2009-11-11,富驊,otc,Computers & peripherals,5465.TWO
2010-05-01,5465,0.7682161443314357,2.217828927620755,0.13686364829156972,521210.0,2010-06-11,富驊,otc,Computers & peripherals,5465.TWO
2018-05-01,5465,0.7587951740368633,2.226273127224574,0.5918628343544525,697255.0,2018-06-11,富驊,otc,Computers & peripherals,5465.TWO
2010-01-01,5466,1.0718101355056002,2.461351444451867,1.364229041671754,396762.0,2010-02-11,泰林,otc,,5466.TWO
2013-01-01,5469,9.47481228116335,8.712192380457106,9.4853401641018,4657950.0,2013-02-11,瀚宇博,sii,Electronic components,5469.TW
2013-08-01,5469,19.404039378400956,3.6702101757257077,3.740982081115728,13262646.0,2013-09-11,瀚宇博,sii,Electronic components,5469.TW
2010-01-01,5471,1.042249399837209,2.985459681554976,1.1267534762067446,991073.0,2010-02-11,松翰,sii,Semiconductors,5471.TW
2020-04-01,5471,0.7423893762197202,2.922394660820989,0.7460951105757602,1216024.0,2020-05-11,松翰,sii,Semiconductors,5471.TW
2020-10-01,5471,0.9108067585976378,3.2300726909810873,0.43722070189766593,1589239.0,2020-11-11,松翰,sii,Semiconductors,5471.TW
2020-09-01,5474,2.141456325974222,2.3927982666397174,1.5492891816623986,977128.0,2020-10-11,聰泰,otc,Computers & peripherals,5474.TWO
2009-08-01,5475,0.5872823576920212,2.467924765782424,0.6695460947013734,404857.0,2009-09-11,德宏,otc,Electronic components,5475.TWO
2010-02-01,5475,2.484924150013508,3.287591589805478,1.193111053836215,425680.0,2010-03-11,德宏,otc,Electronic components,5475.TWO
2021-03-01,5475,1.8445481352754838,3.274331165556947,1.9705168740348442,415762.0,2021-04-11,德宏,otc,Electronic components,5475.TWO
2026-07-01,5475,2.1183496373621096,2.5974320978749703,1.113569022122312,584307.0,2026-08-11,德宏,otc,Electronic components,5475.TWO
2012-06-01,5478,0.6036292236877412,2.09465589457413,0.6250222247509281,3107641.0,2012-07-11,智冠,otc,Cultural & creative,5478.TWO
2014-01-01,5478,0.6786521475775904,2.3009278372585102,0.39453049074125035,3713615.0,2014-02-11,智冠,otc,Cultural & creative,5478.TWO
2010-01-01,5480,1.7976853712478733,3.7394293167128145,1.666415697439732,1162525.0,2010-02-11,統盟電子,otc,,5480.TWO
2010-05-01,5481,0.860068748209682,2.333210640615385,0.4138035612757287,441558.0,2010-06-11,新華,otc,Other,5481.TWO
2013-02-01,5483,2.361504321019429,3.0115583826405232,2.946183372561894,3526413.0,2013-03-11,中美晶,otc,Semiconductors,5483.TWO
2013-08-01,5483,3.964908017424488,3.4006014460027,0.9421297324499225,6068051.0,2013-09-11,中美晶,otc,Semiconductors,5483.TWO
2013-05-01,5484,0.6662753504831904,2.505262393655013,0.3948570108077323,587622.0,2013-06-11,慧友,sii,Optoelectronics,5484.TW
2013-03-01,5488,12.389211136890951,7.2393196596942415,12.061241751803838,392411.0,2013-04-11,松普,otc,Electronic components,5488.TWO
2013-12-01,5488,8.981796703001665,2.051636295614088,2.6736446193224355,557673.0,2014-01-11,松普,otc,Electronic components,5488.TWO
2021-09-01,5489,0.8925193465176269,2.5679748543304677,0.5933696575374294,464411.0,2021-10-11,彩富,otc,Other electronics,5489.TWO
2015-05-01,5490,1.570468812883174,2.5614108198936147,0.7173769780628374,875021.0,2015-06-11,同亨,otc,Computers & peripherals,5490.TWO
2024-06-01,5490,1.2179880014491595,2.1149307475698835,0.09174084778206781,361206.0,2024-07-11,同亨,otc,Computers & peripherals,5490.TWO
2013-02-01,5493,1.1675625013313264,3.043934690757666,1.404926480501734,305273.0,2013-03-11,三聯,otc,Other electronics,5493.TWO
2013-08-01,5493,5.392018208353603,5.19253294870137,2.9058184491108627,735798.0,2013-09-11,三聯,otc,Other electronics,5493.TWO
2013-03-01,5498,2.411858589958854,3.0399932297264387,0.7434235766962543,369825.0,2013-04-11,凱崴,otc,Electronic components,5498.TWO
2012-03-01,5506,0.9097367875798343,2.215433956782595,0.8980862836290124,1050741.0,2012-04-11,長鴻,otc,,5506.TWO
2008-03-01,5508,1.051696787592241,2.9966997348757727,1.0880716525786234,928639.0,2008-04-11,永信建,otc,Construction,5508.TWO
2012-06-01,5508,3.997327792544982,6.0962764148919515,4.977939037196949,2833220.0,2012-07-11,永信建,otc,Construction,5508.TWO
2012-12-01,5508,4.649220666762881,3.4379786723581893,3.9415655716369944,782869.0,2013-01-11,永信建,otc,Construction,5508.TWO
2010-12-01,5511,0.7380865458270609,2.2264393805032014,0.5570079712904028,1890077.0,2011-01-11,德昌,otc,Construction,5511.TWO
2012-03-01,5511,0.7759106888280658,2.201625345560874,0.5217543766778201,2099011.0,2012-04-11,德昌,otc,Construction,5511.TWO
2016-11-01,5511,0.9721571290671605,2.0384052703163253,0.7640178533068127,1791758.0,2016-12-11,德昌,otc,Construction,5511.TWO
2019-04-01,5511,0.9854602260623704,2.045377933915254,0.4265677085079702,1537868.0,2019-05-11,德昌,otc,Construction,5511.TWO
2010-10-01,5512,2.7107650776929155,2.4222279155367508,3.3019677373235683,1690773.0,2010-11-11,力麒,otc,Construction,5512.TWO
2012-07-01,5512,5.013155794277558,4.420343716947904,5.54073816363792,3201795.0,2012-08-11,力麒,otc,Construction,5512.TWO
2014-06-01,5512,4.166510342327647,2.7069324298716957,4.1611950534748505,2280446.0,2014-07-11,力麒,otc,Construction,5512.TWO
2017-03-01,5512,4.192993737899634,2.831814541413675,3.6103983185680044,3020214.0,2017-04-11,力麒,otc,Construction,5512.TWO
2014-03-01,5514,199.96914749661704,9.062386339493761,197.52885049293735,742581.0,2014-04-11,三豐,otc,Construction,5514.TWO
2023-12-01,5514,212.28835740072202,7.684164887104497,212.28652924715712,472647.0,2024-01-11,三豐,otc,Construction,5514.TWO
2026-03-01,5514,460.24498269896196,10.016102875172983,461.2428595754285,666499.0,2026-04-11,三豐,otc,Construction,5514.TWO
2008-04-01,5515,1.0279607559194646,3.568938986361514,1.181936721002398,1089528.0,2008-05-11,建國,sii,Construction,5515.TW
2024-10-01,5515,0.8339147752635374,2.4990906991464024,0.4543438197402747,1602273.0,2024-11-11,建國,sii,Construction,5515.TW
2009-07-01,5516,4.301930961513027,4.555289105285324,3.2942025946056406,400879.0,2009-08-11,雙喜,otc,Construction,5516.TWO
2011-03-01,5519,0.893867543742302,2.1119206146334615,0.9668074340628318,821109.0,2011-04-11,隆大,sii,Construction,5519.TW
2013-09-01,5519,1.5742935147169752,3.7398024718808003,1.8904463685946191,1972573.0,2013-10-11,隆大,sii,Construction,5519.TW
2017-03-01,5519,3.3010917375687443,5.99961250111321,3.006389854723556,789117.0,2017-04-11,隆大,sii,Construction,5519.TW
2018-10-01,5519,1.3605839796990078,2.273752474065694,1.1212125085489963,723722.0,2018-11-11,隆大,sii,Construction,5519.TW
2019-04-01,5519,3.114493531914623,4.71623347744965,2.006134560511578,1294827.0,2019-05-11,隆大,sii,Construction,5519.TW
2022-02-01,5519,1.6391172983516271,2.0776466410943204,1.8640104685711472,1725125.0,2022-03-11,隆大,sii,Construction,5519.TW
2022-08-01,5519,3.7598850662394794,4.74372653809397,4.144438026403695,1684728.0,2022-09-11,隆大,sii,Construction,5519.TW
2024-01-01,5519,5.342236790350072,6.148764404254584,5.990789636289667,2418612.0,2024-02-11,隆大,sii,Construction,5519.TW
2025-08-01,5519,4.046806494047668,3.480055280733837,4.356729809837345,3088368.0,2025-09-11,隆大,sii,Construction,5519.TW
2020-04-01,5520,0.45227112064317465,2.3588965460441287,0.31339553563889444,606040.0,2020-05-11,力泰,otc,Construction,5520.TWO
2020-06-01,5521,3.3891235889472187,5.712585042518724,3.174255253274118,4872647.0,2020-07-11,工信,sii,Construction,5521.TW
2015-10-01,5522,2.2172494772867264,2.764745652256033,1.078967706469785,5296294.0,2015-11-11,遠雄,sii,Construction,5522.TW
2024-05-01,5522,1.8998876777428282,2.757275940693799,1.769812979977066,6596389.0,2024-06-11,遠雄,sii,Construction,5522.TW
2025-11-01,5522,1.8042723660511615,2.2802811710863073,1.8487590697588563,19105488.0,2025-12-11,遠雄,sii,Construction,5522.TW
2026-07-01,5522,3.0566957321615416,2.2500929205298243,1.9279099849880623,6191828.0,2026-08-11,遠雄,sii,Construction,5522.TW
2014-12-01,5523,24.041864758827604,7.720305957438192,24.84329232242473,1627596.0,2015-01-11,豐謙,otc,Construction,5523.TWO
2017-02-01,5523,355.73625140291807,7.5790980810963475,347.9210218396482,317852.0,2017-03-11,豐謙,otc,Construction,5523.TWO
2021-05-01,5523,200.9273475893213,2.7557491401932634,187.83335941690424,1520311.0,2021-06-11,豐謙,otc,Construction,5523.TWO
2023-11-01,5523,389.2861124013005,5.536359080632725,388.9909407144314,840286.0,2023-12-11,豐謙,otc,Construction,5523.TWO
2012-07-01,5525,6.940849299804531,2.0615718179304854,7.821490440177836,840928.0,2012-08-11,順天,sii,Construction,5525.TW
2013-01-01,5525,10.737929580434324,3.068706342898723,10.044662062936007,612403.0,2013-02-11,順天,sii,Construction,5525.TW
2022-03-01,5525,15.3269939188399,3.6256989479900303,14.730580381649384,2233794.0,2022-04-11,順天,sii,Construction,5525.TW
2023-09-01,5525,11.676163589049251,2.4309817384377905,12.373158982897408,3960249.0,2023-10-11,順天,sii,Construction,5525.TW
2026-02-01,5525,18.808319275935897,4.127490940771716,19.61743148390523,2442445.0,2026-03-11,順天,sii,Construction,5525.TW
2026-08-01,5525,23.856965876983264,4.689432084606174,14.20126037902875,2287338.0,2026-09-11,順天,sii,Construction,5525.TW
2012-12-01,5529,25.331991724048752,6.691926767064559,26.180229768498943,1629055.0,2013-01-11,鉅陞,otc,Construction,5529.TWO
2018-01-01,5529,31.124928729806776,2.9419166272031245,31.674775469313374,507092.0,2018-02-11,鉅陞,otc,Construction,5529.TWO
2019-07-01,5529,42.881917962662065,3.9551615932762534,43.42228685870874,1323347.0,2019-08-11,鉅陞,otc,Construction,5529.TWO
2025-12-01,5529,47.278219817525994,4.815127110839151,46.352909070633466,910141.0,2026-01-11,鉅陞,otc,Construction,5529.TWO
2010-01-01,5530,461.6545601291364,6.473655935715162,461.5124665879338,573229.0,2010-02-11,龍巖,otc,Other,5530.TWO
2011-06-01,5530,592.6168440536788,5.675201497668816,592.2258462228763,1282806.0,2011-07-11,龍巖,otc,Other,5530.TWO
2013-08-01,5531,10.915921697196119,4.0532365141418705,10.320165862649304,1250290.0,2013-09-11,鄉林,sii,Construction,5531.TW
2018-05-01,5531,6.701730304685156,2.670103669975166,6.977159642386058,1565446.0,2018-06-11,鄉林,sii,Construction,5531.TW
2023-03-01,5531,6.455241316392604,2.6462795779624386,7.337475182725723,2345322.0,2023-04-11,鄉林,sii,Construction,5531.TW
2024-12-01,5531,5.303841755800986,2.1279273951649142,4.707225823596577,2679221.0,2025-01-11,鄉林,sii,Construction,5531.TW
2020-12-01,5533,4.546528578268811,2.1107970898673596,3.939613976200672,1563816.0,2021-01-11,皇鼎,sii,Construction,5533.TW
2022-05-01,5533,4.499389206094349,2.0301232912300193,5.203384558511042,3479920.0,2022-06-11,皇鼎,sii,Construction,5533.TW
2010-05-01,5534,2.5502425033810567,3.5297083212510656,2.322227945997022,1522557.0,2010-06-11,長虹,sii,Construction,5534.TW
2012-07-01,5534,3.464076586584511,3.303940077042955,4.223287393334491,3616652.0,2012-08-11,長虹,sii,Construction,5534.TW
2013-01-01,5534,7.41985640958616,4.824302754218428,5.197405514309116,11338246.0,2013-02-11,長虹,sii,Construction,5534.TW
2014-04-01,5534,59.428518926865124,9.05637622091847,60.37066209433565,657704.0,2014-05-11,長虹,sii,Construction,5534.TW
2013-01-01,5536,1.2111004731188806,2.703945875294774,1.5097103948271147,2214751.0,2013-02-11,聖暉*,otc,Other electronics,5536.TWO
2013-07-01,5536,3.476543232833663,2.7063971172246677,1.3682137800048086,1925885.0,2013-08-11,聖暉*,otc,Other electronics,5536.TWO
2008-03-01,5603,0.40411232871044045,3.2640590457110554,0.5164551050028219,407201.0,2008-04-11,陸海,otc,Shipping,5603.TWO
2010-10-01,5603,0.4598699960604866,2.02477816435593,0.19149864552789198,385394.0,2010-11-11,陸海,otc,Shipping,5603.TWO
2011-05-01,5603,0.582863880036107,2.1263574730503185,0.43929896921873146,429613.0,2011-06-11,陸海,otc,Shipping,5603.TWO
2013-03-01,5603,0.7870624205572161,2.797797119517651,0.7735430982090346,520196.0,2013-04-11,陸海,otc,Shipping,5603.TWO
2013-09-01,5603,0.7020765243208946,2.1896922800163097,0.2840864464827213,568691.0,2013-10-11,陸海,otc,Shipping,5603.TWO
2008-03-01,5607,16074.260869565218,4.799999904717856,16075.25657522288,369731.0,2008-04-11,遠雄港,sii,Shipping,5607.TW
2013-01-01,5608,1.5885903794079166,5.206926693554894,1.5725627876043053,425396.0,2013-02-11,四維航,sii,Shipping,5608.TW
2013-10-01,5608,6.096603010940072,3.0679129945107753,0.3257153167733904,1172813.0,2013-11-11,四維航,sii,Shipping,5608.TW
2013-01-01,5609,4.285844481892905,7.466384223794173,4.073552537113493,1229572.0,2013-02-11,中菲行,otc,Shipping,5609.TWO
2013-09-01,5609,9.457516043104492,3.2773917625722913,0.893099897767458,3454745.0,2013-10-11,中菲行,otc,Shipping,5609.TWO
2023-03-01,5706,15.111457235787256,6.030545812390742,12.178170392458572,351697.0,2023-04-11,鳳凰,sii,Tourism,5706.TW
2020-12-01,5864,16.04243664933053,4.015234232255712,15.462252292198144,308025.0,2021-01-11,致和證,otc,Finance,5864.TWO
2022-09-01,5876,0.3162148671672236,3.247141365234824,0.20463902919766674,13079135.0,2022-10-11,上海商銀,sii,Finance & insurance,5876.TW
2023-06-01,5876,0.3136667953189842,2.632756501882047,0.1789399833348524,13441059.0,2023-07-11,上海商銀,sii,Finance & insurance,5876.TW
2012-09-01,5902,0.7398586372632174,2.1051421420702487,0.4437188591170127,461541.0,2012-10-11,德記,otc,Home & living,5902.TWO
2013-03-01,5902,1.0038733908006967,2.312247486786393,0.07589804599949024,442846.0,2013-04-11,德記,otc,Home & living,5902.TWO
2022-08-01,5904,0.3445726616850986,2.713506937573394,0.3055796826394559,5071240.0,2022-09-11,寶雅*,otc,Home & living,5904.TWO
2013-04-01,5905,2.565029344895046,6.1406061155161415,2.2594098059561336,337127.0,2013-05-11,南仁湖,otc,Tourism,5905.TWO
2026-03-01,5905,1.738899889988999,2.3284942066949075,1.3518191987648351,622415.0,2026-04-11,南仁湖,otc,Tourism,5905.TWO
2009-07-01,6005,9.138787729958777,5.039031852685703,9.397699859647632,1940493.0,2009-08-11,群益證,sii,Finance & insurance,6005.TW
2008-05-01,6012,1.5961383142911827,2.0385426409510403,1.2228664779331184,3825145.0,2008-06-11,金鼎證券,sii,,6012.TW
2009-06-01,6015,7.516315386847451,3.6523742592422743,7.095328253559567,322845.0,2009-07-11,宏遠證,otc,Finance,6015.TWO
2010-01-01,6015,512.7179487179487,6.321115285803458,505.82765325908497,400700.0,2010-02-11,宏遠證,otc,Finance,6015.TWO
2009-11-01,6016,22.269801462904912,3.80339459540888,21.146371411201457,445384.0,2009-12-11,康和證,otc,Finance,6016.TWO
2024-10-01,6016,19.451605168509392,6.509588992275901,19.882944208153557,767651.0,2024-11-11,康和證,otc,Finance,6016.TWO
2026-03-01,6016,13.673415200796548,4.44545866896207,13.089102382867818,2343183.0,2026-04-11,康和證,otc,Finance,6016.TWO
2008-04-01,6021,1.7803701772679874,2.11780392982359,2.7426725175589426,533275.0,2008-05-11,美好證,otc,Finance,6021.TWO
2009-07-01,6022,28.091521714088238,5.929337964391891,28.110092916292015,505087.0,2009-08-11,大眾證券,otc,,6022.TWO
2011-09-01,6023,3.851245227850767,2.404918039246154,3.9985893392640475,2740939.0,2011-10-11,元大期貨,otc,Finance,6023.TWO
2013-07-01,6024,0.38261338698620406,2.2919944441819733,0.4189649534227907,340846.0,2013-08-11,群益期,sii,Finance & insurance,6024.TW
2014-10-01,6024,0.7830366626724174,3.6013517701433244,1.1314550099612224,471697.0,2014-11-11,群益期,sii,Finance & insurance,6024.TW
2015-06-01,6024,0.6983254377427994,2.3748443234490266,0.8670680685122185,422309.0,2015-07-11,群益期,sii,Finance & insurance,6024.TW
2015-12-01,6024,0.9213064937671112,2.3897138311689354,0.6141065795703342,402116.0,2016-01-11,群益期,sii,Finance & insurance,6024.TW
2020-06-01,6026,4.58130519060952,2.0710632092130283,6.097107382461765,388710.0,2020-07-11,福邦證,otc,Finance,6026.TWO
2021-04-01,6026,32.9673440854846,7.610304595187388,30.72649493506737,680264.0,2021-05-11,福邦證,otc,Finance,6026.TWO
2023-06-01,6028,0.35962227710821004,2.4645659777101407,0.18498472046152048,732143.0,2023-07-11,公勝保經,otc,Finance,6028.TWO
2023-12-01,6028,0.5552946915876451,2.2978206778365164,0.07044298067878652,867153.0,2024-01-11,公勝保經,otc,Finance,6028.TWO
2024-07-01,6028,0.6388159831844931,2.02811110891722,0.3206705343789673,1163266.0,2024-08-11,公勝保經,otc,Finance,6028.TWO
2010-08-01,6101,2.1465015327010515,3.087409415851278,1.2716737008321368,305884.0,2010-09-11,寬魚國際,otc,Cultural & creative,6101.TWO
2013-12-01,6104,0.560137109640324,2.7377321954864553,0.6062136662650998,493838.0,2014-01-11,創惟,otc,Semiconductors,6104.TWO
2014-06-01,6104,0.7232414137917773,2.6144151751544693,0.026715471007949354,537672.0,2014-07-11,創惟,otc,Semiconductors,6104.TWO
2020-04-01,6104,0.6301873235008968,2.244308025647002,0.4976354828417955,617096.0,2020-05-11,創惟,otc,Semiconductors,6104.TWO
2021-12-01,6104,0.6300015020935428,2.141529098019673,0.3578763185479905,1041747.0,2022-01-11,創惟,otc,Semiconductors,6104.TWO
2025-04-01,6104,0.7553510908364582,2.2002137460521602,0.39867301593977134,1089736.0,2025-05-11,創惟,otc,Semiconductors,6104.TWO
2012-04-01,6107,1.011699416728014,4.153846071914783,1.157840787968829,355246.0,2012-05-11,華美電子,otc,,6107.TWO
2008-03-01,6108,0.5026796216625578,2.773518637577447,0.43125882004588445,466289.0,2008-04-11,競國,sii,Electronic components,6108.TW
2009-12-01,6108,0.6598469109437204,2.6577421225819093,0.5677868184060615,572043.0,2010-01-11,競國,sii,Electronic components,6108.TW
2013-02-01,6108,1.041817742733572,3.0831695653963362,1.1340273079138228,1209044.0,2013-03-11,競國,sii,Electronic components,6108.TW
2013-08-01,6108,2.3044657940990767,3.706915799002828,0.3382370409872175,2130095.0,2013-09-11,競國,sii,Electronic components,6108.TW
2010-03-01,6109,3.116531132855073,4.916558315174367,3.28018546906924,343718.0,2010-04-11,亞元,otc,Communications & networking,6109.TWO
2022-02-01,6111,2.212341054879276,2.4084227132928713,2.033726994884503,367071.0,2022-03-11,光聚晶電,otc,Cultural & creative,6111.TWO
2022-08-01,6111,4.006642143476724,3.8716780178980734,1.493044076090329,623367.0,2022-09-11,光聚晶電,otc,Cultural & creative,6111.TWO
2023-11-01,6112,0.5084520988561201,2.0835916578559837,0.4294214533083589,4673791.0,2023-12-11,邁達特,sii,IT services,6112.TW
2008-02-01,6113,0.947367294520548,2.2149364772258897,0.7791106249822255,727848.0,2008-03-11,亞矽,otc,Electronics distribution,6113.TWO
2010-01-01,6113,1.212540670488801,2.5501563765813464,0.625382511525588,703141.0,2010-02-11,亞矽,otc,Electronics distribution,6113.TWO
2020-10-01,6113,0.9471333282771228,2.871494482610328,1.0223502362734849,487790.0,2020-11-11,亞矽,otc,Electronics distribution,6113.TWO
2021-04-01,6113,1.230375826115143,3.1603711064163886,0.34477730322288314,495420.0,2021-05-11,亞矽,otc,Electronics distribution,6113.TWO
2026-07-01,6113,1.1758316407284881,2.9559334894361626,1.0100416906693896,320302.0,2026-08-11,亞矽,otc,Electronics distribution,6113.TWO
2014-12-01,6114,16.30745576897366,7.835710786928223,15.938270813055446,388362.0,2015-01-11,久威,otc,Electronic components,6114.TWO
2021-03-01,6115,0.578465227593993,2.464087695386382,0.5115986794928058,1691728.0,2021-04-11,鎰勝,sii,Electronic components,6115.TW
2009-12-01,6116,1.5139040426985666,3.239440686362276,1.3469159042853354,14054785.0,2010-01-11,彩晶,sii,Optoelectronics,6116.TW
2016-10-01,6116,1.1269291575698261,2.1308406057911395,0.9805835283103401,8334340.0,2016-11-11,彩晶,sii,Optoelectronics,6116.TW
2021-03-01,6116,1.3085353539788045,2.410200721660144,0.7535813936811473,7887642.0,2021-04-11,彩晶,sii,Optoelectronics,6116.TW
2010-01-01,6117,0.818118722491818,2.5804902128327627,1.1212871573183278,644414.0,2010-02-11,迎廣,sii,Computers & peripherals,6117.TW
2024-01-01,6117,0.5442137602787662,2.1878807611081426,0.4193536743026125,730322.0,2024-02-11,迎廣,sii,Computers & peripherals,6117.TW
2018-02-01,6118,0.30233709351344173,3.2198161255622026,0.23439200579335795,1973154.0,2018-03-11,建達,otc,Electronics distribution,6118.TWO
2009-11-01,6120,0.9833376408968875,2.948705292839916,0.7237219342679748,3008152.0,2009-12-11,達運,sii,Optoelectronics,6120.TW
2014-11-01,6120,1.6637055999969093,2.588910159300445,1.838414019622805,11031505.0,2014-12-11,達運,sii,Optoelectronics,6120.TW
2015-09-01,6120,1.9477123133545207,2.2783225865785113,0.5823586125869871,10280524.0,2015-10-11,達運,sii,Optoelectronics,6120.TW
2021-03-01,6121,0.5477744797697899,2.129184982606005,0.26212588140138116,22418741.0,2021-04-11,新普,otc,Computers & peripherals,6121.TWO
2009-01-01,6122,2.076765063295214,3.1441272891864527,1.2924335509414466,1529263.0,2009-02-11,擎邦,otc,Electrical machinery,6122.TWO
2023-05-01,6122,1.4930530602467362,2.1915179882505935,0.7766197789575289,1248870.0,2023-06-11,擎邦,otc,Electrical machinery,6122.TWO
2012-05-01,6123,0.6956177763803169,2.8378628752762984,0.7379622626018199,334347.0,2012-06-11,上奇,otc,IT services,6123.TWO
2013-01-01,6123,0.8960372171706492,3.3981024862234777,0.8939089644190383,448318.0,2013-02-11,上奇,otc,IT services,6123.TWO
2013-08-01,6123,2.3704236102277063,3.5183562538109476,0.6769075924378054,794847.0,2013-09-11,上奇,otc,IT services,6123.TWO
2010-06-01,6124,1.0865959969945775,3.177734323198919,0.9185708232444574,461000.0,2010-07-11,業強,otc,Electronic components,6124.TWO
2025-06-01,6124,0.5646345790883891,2.068214469545639,0.5147309757691865,608477.0,2025-07-11,業強,otc,Electronic components,6124.TWO
2013-02-01,6125,1.7358255688540245,4.19559976830514,2.1176889258590834,1151602.0,2013-03-11,廣運,otc,Electrical machinery,6125.TWO
2013-09-01,6125,5.4696834358772675,3.8063252620522197,1.0234240293794787,1941125.0,2013-10-11,廣運,otc,Electrical machinery,6125.TWO
2013-01-01,6126,3.103898754847928,6.236089792309662,3.2497318447756074,422205.0,2013-02-11,信音,otc,Electronic components,6126.TWO
2013-07-01,6126,13.132144129078211,5.07378583123319,5.789179032941021,912668.0,2013-08-11,信音,otc,Electronic components,6126.TWO
2009-08-01,6128,0.4066800733907998,2.097590732967272,0.28705867783720085,446974.0,2009-09-11,上福,sii,Computers & peripherals,6128.TW
2018-01-01,6128,0.5982367004717346,3.186202658191528,0.734979428851128,721305.0,2018-02-11,上福,sii,Computers & peripherals,6128.TW
2018-08-01,6128,3.0526280730753577,4.851605671577941,0.46824569180920106,1642672.0,2018-09-11,上福,sii,Computers & peripherals,6128.TW
2010-01-01,6129,0.5877351640800239,3.081263436710648,0.7198898947344472,489829.0,2010-02-11,普誠,otc,Semiconductors,6129.TWO
2021-01-01,6129,0.6478421623861186,3.2601895288874108,0.6046947047470981,365905.0,2021-02-11,普誠,otc,Semiconductors,6129.TWO
2021-07-01,6129,0.6781435064040766,2.950632444519732,0.3048225431512832,426475.0,2021-08-11,普誠,otc,Semiconductors,6129.TWO
2026-03-01,6129,0.613102192623749,2.5482513695689977,0.49430993174878957,331357.0,2026-04-11,普誠,otc,Semiconductors,6129.TWO
2010-10-01,6131,0.3572543522928182,2.310330617830257,0.33776967460145424,511275.0,2010-11-11,悠克電子,sii,,6131.TW
2011-07-01,6133,0.35829626315745045,2.014243342588742,0.31643793128549413,321832.0,2011-08-11,金橋,sii,Electronic components,6133.TW
2022-06-01,6133,0.4992929337440861,2.1779426516231233,0.1843524933109788,374258.0,2022-07-11,金橋,sii,Electronic components,6133.TW
2013-01-01,6134,3.2255893791986496,5.761584110736722,2.0905662100639666,370487.0,2013-02-11,萬旭,otc,Electronic components,6134.TWO
2013-07-01,6134,5.930430667297681,3.894926422414119,1.2248283929890196,615048.0,2013-08-11,萬旭,otc,Electronic components,6134.TWO
2009-08-01,6135,0.4573309827681835,2.224129662080404,0.4373181300522748,1001080.0,2009-09-11,佳營,otc,,6135.TWO
2010-02-01,6135,1.18301050715203,2.7282588882030847,0.3385256787885398,980855.0,2010-03-11,佳營,otc,,6135.TWO
2010-02-01,6138,1.0315519467577148,2.0559293802190446,0.9767641977645052,703305.0,2010-03-11,茂達,otc,Semiconductors,6138.TWO
2013-02-01,6139,1.4596450077500238,2.460526375194287,1.6293458461690757,2151786.0,2013-03-11,亞翔,sii,Other electronics,6139.TW
2016-03-01,6139,2.406079567266012,2.1445845244323016,2.190431588362582,8996948.0,2016-04-11,亞翔,sii,Other electronics,6139.TW
2010-03-01,6140,0.45262426787759646,2.425652322267063,0.3694802854067196,357639.0,2010-04-11,訊達電腦,otc,IT services,6140.TWO
2020-06-01,6140,0.8553794939170312,2.7168029664271303,0.8585790484218085,814840.0,2020-07-11,訊達電腦,otc,IT services,6140.TWO
2025-04-01,6140,0.690750700794184,2.0724106452782984,0.3797314705150714,571188.0,2025-05-11,訊達電腦,otc,IT services,6140.TWO
2010-07-01,6141,0.7106420355053573,2.9168416858689548,0.4733765321469472,303822.0,2010-08-11,柏承,sii,Electronic components,6141.TW
2013-01-01,6141,0.7708820548799502,3.2479749146323296,0.8962846113208532,363470.0,2013-02-11,柏承,sii,Electronic components,6141.TW
2013-07-01,6141,2.6487264643040995,3.5942111454182735,0.13008516298666262,800921.0,2013-08-11,柏承,sii,Electronic components,6141.TW
2010-01-01,6142,0.3864200825744921,2.1111041887383446,0.5763087338221276,3293513.0,2010-02-11,友勁,sii,Communications & networking,6142.TW
2021-03-01,6142,0.507720074772781,2.6805491073886083,0.16118511215394116,701708.0,2021-04-11,友勁,sii,Communications & networking,6142.TW
2022-09-01,6142,0.9979949172179243,4.515719571458887,1.0220122865794465,1069207.0,2022-10-11,友勁,sii,Communications & networking,6142.TW
2025-03-01,6142,0.7829848317693713,2.4841146908947103,0.2924745748132389,418586.0,2025-04-11,友勁,sii,Communications & networking,6142.TW
2012-10-01,6143,1.3793954465283185,2.619976630243885,1.237485595832533,2149020.0,2012-11-11,振曜,otc,Communications & networking,6143.TWO
2013-05-01,6143,1.3055659950870657,2.1251436685024165,0.8416916228847497,1693180.0,2013-06-11,振曜,otc,Communications & networking,6143.TWO
2009-09-01,6145,0.7591491652570623,2.1399359638212,0.9410689407531259,5084453.0,2009-10-11,勁永國際,sii,,6145.TW
2010-03-01,6145,2.0159475251729213,2.8386444811225036,0.7502618838139865,7364971.0,2010-04-11,勁永國際,sii,,6145.TW
2010-01-01,6146,0.395076998355375,2.245135330992606,0.16717370754891503,410560.0,2010-02-11,耕興,otc,Other electronics,6146.TWO
2013-08-01,6146,0.45466975102845497,2.6041744253003025,0.29873946355026737,604312.0,2013-09-11,耕興,otc,Other electronics,6146.TWO
2014-02-01,6146,0.4490436374466973,2.0602227344601576,0.012626129900739747,598413.0,2014-03-11,耕興,otc,Other electronics,6146.TWO
2010-01-01,6147,1.5929604635404422,3.305580890752029,1.2656427887211261,1500038.0,2010-02-11,頎邦,otc,Semiconductors,6147.TWO
2013-02-01,6148,2.1049297872451618,2.4987000932269288,2.555935274194935,594119.0,2013-03-11,驊宏資,otc,IT services,6148.TWO
2013-09-01,6148,9.836135331934424,2.2178871102714077,0.8968243612854465,1296186.0,2013-10-11,驊宏資,otc,IT services,6148.TWO
2008-06-01,6150,0.39595743163687147,2.107582664013023,0.29782026944836004,802649.0,2008-07-11,撼訊,otc,Computers & peripherals,6150.TWO
2009-12-01,6150,0.47579371788205793,2.1127055558558068,0.48876574734608413,1387953.0,2010-01-11,撼訊,otc,Computers & peripherals,6150.TWO
2016-11-01,6150,0.5539075725307558,2.0463469597542114,0.38621401776760567,796763.0,2016-12-11,撼訊,otc,Computers & peripherals,6150.TWO
2017-07-01,6150,0.7743514736549646,2.6848171979480036,0.584723105987627,1111216.0,2017-08-11,撼訊,otc,Computers & peripherals,6150.TWO
2018-01-01,6150,3.4071610755385313,7.423886232034094,2.65136735716201,2400065.0,2018-02-11,撼訊,otc,Computers & peripherals,6150.TWO
2021-04-01,6150,2.305510804295593,2.905836016388308,1.3868041664216695,1670149.0,2021-05-11,撼訊,otc,Computers & peripherals,6150.TWO
2013-11-01,6151,0.887544420753376,2.261419592073551,0.3313977308649503,531155.0,2013-12-11,晉倫,otc,Other electronics,6151.TWO
2021-02-01,6151,0.6756611298026021,2.160985028086125,0.6873003342047522,569765.0,2021-03-11,晉倫,otc,Other electronics,6151.TWO
2008-12-01,6152,0.5605495051279294,2.784560584053679,0.5341166789775675,1828680.0,2009-01-11,百一,sii,Communications & networking,6152.TW
2026-07-01,6152,0.8258111066204095,2.28448727852487,0.6828453036544639,673109.0,2026-08-11,百一,sii,Communications & networking,6152.TW
2008-11-01,6153,0.4202269406467103,3.351871804037196,0.5332893640177664,2614652.0,2008-12-11,嘉聯益,sii,Electronic components,6153.TW
2009-07-01,6153,0.4141058617502409,2.6286895651517073,0.45656341883059137,1887919.0,2009-08-11,嘉聯益,sii,Electronic components,6153.TW
2011-09-01,6153,0.42771039622333396,2.04510122396986,0.09320012212535733,2404300.0,2011-10-11,嘉聯益,sii,Electronic components,6153.TW
2012-03-01,6153,0.6009372722957427,2.468041325327141,0.29862774536156533,2647526.0,2012-04-11,嘉聯益,sii,Electronic components,6153.TW
2012-11-01,6153,0.6431146044336571,2.3453341538110206,0.35735713411720016,3990105.0,2012-12-11,嘉聯益,sii,Electronic components,6153.TW
2018-11-01,6153,0.5457556300941384,2.162068212807736,0.40195923310059634,5736497.0,2018-12-11,嘉聯益,sii,Electronic components,6153.TW
2021-02-01,6153,0.5463354508863736,2.1143128121300485,0.4733261764475585,4342045.0,2021-03-11,嘉聯益,sii,Electronic components,6153.TW
2021-06-01,6154,0.5220576238772927,7.2096617078731065,0.5297637929406769,1473988.0,2021-07-11,順發,otc,Electronics distribution,6154.TWO
2010-01-01,6156,1.376131358403387,3.3802984467242254,1.7804837961577318,737449.0,2010-02-11,松上,otc,Electronic components,6156.TWO
2013-01-01,6156,25.486075338055375,8.083093505308971,25.74052375821427,329063.0,2013-02-11,松上,otc,Electronic components,6156.TWO
2013-07-01,6156,45.8127336822989,4.082998081532178,18.63756686605041,876428.0,2013-08-11,松上,otc,Electronic components,6156.TWO
2010-01-01,6158,0.982337497157799,3.4538014271792736,0.9917104914451748,1115945.0,2010-02-11,禾昌,otc,Electronic components,6158.TWO
2020-10-01,6158,0.5184988062833595,2.195105169832795,0.19046326283831005,599148.0,2020-11-11,禾昌,otc,Electronic components,6158.TWO
2010-05-01,6160,1.058389237741479,4.065431909368918,1.0052143964925768,402870.0,2010-06-11,欣技,otc,Computers & peripherals,6160.TWO
2016-04-01,6160,0.5290344155393969,2.119706478931801,0.36156348760648016,374933.0,2016-05-11,欣技,otc,Computers & peripherals,6160.TWO
2021-05-01,6160,0.6928550763624182,2.688383370459427,0.5780524019387652,333528.0,2021-06-11,欣技,otc,Computers & peripherals,6160.TWO
2023-03-01,6160,0.7199171500807124,2.695299883630591,0.7918292751087774,466672.0,2023-04-11,欣技,otc,Computers & peripherals,6160.TWO
2012-05-01,6163,1.9962194367359185,2.061456436687253,2.0680800434113777,1278355.0,2012-06-11,華電網,otc,IT services,6163.TWO
2014-02-01,6163,1.9988100445836627,2.1068284640761763,1.9642016358602679,1323054.0,2014-03-11,華電網,otc,IT services,6163.TWO
2021-09-01,6163,1.6073075471307616,2.0477852319852006,1.4555678039824083,2645575.0,2021-10-11,華電網,otc,IT services,6163.TWO
2010-01-01,6164,0.5288754393769768,3.117649052234252,0.5821084204096802,312733.0,2010-02-11,華興,sii,Optoelectronics,6164.TW
2010-07-01,6164,0.4885674228906449,2.0131869229180506,0.10745163899409382,467172.0,2010-08-11,華興,sii,Optoelectronics,6164.TW
2013-02-01,6164,0.49579327967736897,2.2000505568709223,0.4667808061118681,344194.0,2013-03-11,華興,sii,Optoelectronics,6164.TW
2013-08-01,6164,0.7207242939273035,2.6863736210446425,0.28781007623516763,438179.0,2013-09-11,華興,sii,Optoelectronics,6164.TW
2020-10-01,6165,893.87,11.445793739687543,894.201096196868,447435.0,2020-11-11,浪凡,sii,Digital cloud,6165.TW
2021-06-01,6165,2081.2282958199357,6.814772842436329,1042.297325670682,647573.0,2021-07-11,浪凡,sii,Digital cloud,6165.TW
2010-01-01,6166,0.6017301596656528,2.0084661234408876,0.5416719340157217,625080.0,2010-02-11,凌華,sii,Computers & peripherals,6166.TW
2010-07-01,6166,1.0189143410227457,2.446609216701764,0.2869680344080925,951159.0,2010-08-11,凌華,sii,Computers & peripherals,6166.TW
2010-08-01,6167,0.6300635009767084,2.0239252698336414,0.4524674475055712,545742.0,2010-09-11,久正,otc,Optoelectronics,6167.TWO
2021-10-01,6167,0.7011019535461707,2.899978291592306,0.6217703255281195,558516.0,2021-11-11,久正,otc,Optoelectronics,6167.TWO
2025-06-01,6167,0.5687871142649024,2.190628248983029,0.6449036944146699,325208.0,2025-07-11,久正,otc,Optoelectronics,6167.TWO
2010-01-01,6168,0.8562773445376575,3.0249236374038397,0.854299855277056,791706.0,2010-02-11,宏齊,sii,Optoelectronics,6168.TW
2013-12-01,6168,0.6865923204397082,2.0779374787037357,0.3970726811663743,1429952.0,2014-01-11,宏齊,sii,Optoelectronics,6168.TW
2008-06-01,6170,0.30680554021878703,2.0569605985696064,0.38483174056368763,1431957.0,2008-07-11,統振,otc,Communications & networking,6170.TWO
2013-01-01,6170,0.3586926216909847,2.1941518521847905,0.30925468137557743,950290.0,2013-02-11,統振,otc,Communications & networking,6170.TWO
2015-12-01,6171,8380.452380952382,5.983621519548631,8380.577380952382,352021.0,2016-01-11,大城地產,otc,Construction,6171.TWO
2021-04-01,6171,31820.105263157893,10.655349016845932,31778.745162266292,604601.0,2021-05-11,大城地產,otc,Construction,6171.TWO
2024-09-01,6171,11551.181818181818,3.947580338208151,11551.179228524752,762444.0,2024-10-11,大城地產,otc,Construction,6171.TWO
2025-08-01,6171,10599.72,3.5792862863130503,10599.54960237946,1060072.0,2025-09-11,大城地產,otc,Construction,6171.TWO
2008-03-01,6173,0.6184422579413886,3.2417830698744043,0.2805547980541496,457935.0,2008-04-11,信昌電,otc,Electronic components,6173.TWO
2018-06-01,6173,0.8591557818706184,2.6555428463103885,0.5699854960443407,1443997.0,2018-07-11,信昌電,otc,Electronic components,6173.TWO
2009-12-01,6175,0.6130186981301871,2.8621905884037577,0.5764529225542567,322636.0,2010-01-11,立敦,otc,Electronic components,6175.TWO
2011-03-01,6176,0.40786822974654524,2.1991875231103384,0.6359702839137571,1074837.0,2011-04-11,瑞儀,sii,Optoelectronics,6176.TW
2012-06-01,6176,0.580234171285863,2.588390346993855,0.5010900778093637,1276894.0,2012-07-11,瑞儀,sii,Optoelectronics,6176.TW
2012-12-01,6176,1.6137849243306168,3.8466385914741794,0.4413511404978694,1796193.0,2013-01-11,瑞儀,sii,Optoelectronics,6176.TW
2013-09-01,6176,10.142671187078012,2.897281011220583,1.2239809903976298,14697785.0,2013-10-11,瑞儀,sii,Optoelectronics,6176.TW
2008-06-01,6177,10.478449913040002,5.096105274635757,10.528107780862532,1148373.0,2008-07-11,達麗,sii,Construction,6177.TW
2009-12-01,6177,9.141741667694077,3.1023563898668094,10.05388917311707,740337.0,2010-01-11,達麗,sii,Construction,6177.TW
2010-11-01,6177,206.6397619047619,5.704877508054593,121.15629229935843,872087.0,2010-12-11,達麗,sii,Construction,6177.TW
2012-12-01,6177,2774.8094435075886,8.738532667152258,2775.018157510812,1646055.0,2013-01-11,達麗,sii,Construction,6177.TW
2013-02-01,6180,0.6319767354858663,2.145007987316473,0.7420714043505857,1635869.0,2013-03-11,橘子,otc,Cultural & creative,6180.TWO
2013-10-01,6180,1.7230680922193837,3.104940454394293,0.07860420752378072,2158508.0,2013-11-11,橘子,otc,Cultural & creative,6180.TWO
2018-02-01,6180,1.3148524458978792,2.323089875840353,1.5118506805395904,5143285.0,2018-03-11,橘子,otc,Cultural & creative,6180.TWO
2011-12-01,6183,1.0572470639292075,5.033271622699612,1.196365710515031,692097.0,2012-01-11,關貿,sii,IT services,6183.TW
2012-06-01,6183,1.0716815407240277,2.9005853084062747,0.47083510606125767,514181.0,2012-07-11,關貿,sii,IT services,6183.TW
2015-01-01,6184,0.6634575196368091,5.535560766514739,0.5839721129500592,346257.0,2015-02-11,大豐電,sii,Other,6184.TW
2015-09-01,6184,0.9000839515635979,3.2644338840472025,0.019655063110139093,416449.0,2015-10-11,大豐電,sii,Other,6184.TW
2009-10-01,6185,0.40596519935771513,2.1725955025475017,0.15917784407263613,321346.0,2009-11-11,幃翔,otc,Electronic components,6185.TWO
2016-09-01,6186,112.43108617854725,2.14060317996606,111.48068357840218,1172764.0,2016-10-11,新潤,otc,Construction,6186.TWO
2022-12-01,6186,857.550225929788,11.365848431725922,858.2867036144278,2470049.0,2023-01-11,新潤,otc,Construction,6186.TWO
2010-06-01,6187,1.6552439265257752,2.899526445337436,0.426093988912275,322644.0,2010-07-11,萬潤,otc,Semiconductors,6187.TWO
2016-09-01,6187,1.4029682886569175,2.1459659116114476,1.2505964719089304,826871.0,2016-10-11,萬潤,otc,Semiconductors,6187.TWO
2024-02-01,6187,1.6151284332522944,2.6138435356106107,1.6957993346943505,549666.0,2024-03-11,萬潤,otc,Semiconductors,6187.TWO
2024-08-01,6187,4.685289590209108,5.70327777637202,1.6100167891920032,1794971.0,2024-09-11,萬潤,otc,Semiconductors,6187.TWO
2010-01-01,6189,0.6831005859704251,2.7198193486989455,0.7046057839322009,4492899.0,2010-02-11,豐藝,sii,Electronics distribution,6189.TW
2021-02-01,6189,0.520490465876285,2.709752275071187,0.30556778765525827,7660085.0,2021-03-11,豐藝,sii,Electronics distribution,6189.TW
2023-09-01,6189,0.4032210357022479,2.0242374046621148,0.5306656174573893,8363732.0,2023-10-11,豐藝,sii,Electronics distribution,6189.TW
2024-03-01,6189,0.6410732451421324,3.089246208779604,0.3759533790981442,11358526.0,2024-04-11,豐藝,sii,Electronics distribution,6189.TW
2013-03-01,6190,1.1870748925947487,2.3229224985287513,1.362303772676742,1187153.0,2013-04-11,萬泰科,otc,Communications & networking,6190.TWO
2021-06-01,6190,1.0393818991835762,2.322488220342068,0.668219631493487,1976624.0,2021-07-11,萬泰科,otc,Communications & networking,6190.TWO
2013-02-01,6191,0.569681984882491,2.3400628897042486,0.7308981206455246,6400000.0,2013-03-11,精成科,sii,Electronic components,6191.TW
2013-08-01,6191,1.1432227710683107,3.2422883061925885,0.46941251857499067,8636039.0,2013-09-11,精成科,sii,Electronic components,6191.TW
2025-06-01,6191,0.7002404214689208,2.232414172075562,0.6927057325133847,9659530.0,2025-07-11,精成科,sii,Electronic components,6191.TW
2025-12-01,6191,0.8715954870326599,2.601903085210565,0.24822088597706338,9318979.0,2026-01-11,精成科,sii,Electronic components,6191.TW
2011-01-01,6192,0.3293309234201227,2.3375647795618,0.39018942056728956,1224573.0,2011-02-11,巨路,sii,Other electronics,6192.TW
2013-04-01,6192,0.3207560782050358,2.215380208578686,0.2040098605637959,1299797.0,2013-05-11,巨路,sii,Other electronics,6192.TW
2013-10-01,6192,0.5860603409721983,2.8134062623590324,0.18772001008480044,1613634.0,2013-11-11,巨路,sii,Other electronics,6192.TW
2009-07-01,6194,0.7282007888523427,2.966904991913955,0.6460211782800469,379881.0,2009-08-11,育富,otc,Electronic components,6194.TWO
2010-01-01,6194,0.8597967094288903,2.3002758102253273,0.3000951299891663,309950.0,2010-02-11,育富,otc,Electronic components,6194.TWO
2012-12-01,6194,0.7519801300247231,2.336192491636433,0.973870575676453,306134.0,2013-01-11,育富,otc,Electronic components,6194.TWO
2011-01-01,6195,2.99570154544951,2.9729767955106894,0.31136368397467606,360672.0,2011-02-11,詩肯,otc,Home & living,6195.TWO
2008-06-01,6196,0.8922246604091597,3.8641930997639733,1.0092521535021128,3599280.0,2008-07-11,帆宣,sii,Other electronics,6196.TW
2010-05-01,6196,0.7114437771124458,2.1209795636392705,0.9235067242278371,1426206.0,2010-06-11,帆宣,sii,Other electronics,6196.TW
2010-11-01,6196,1.481642513412588,2.637202633289002,0.054194523798257066,2693478.0,2010-12-11,帆宣,sii,Other electronics,6196.TW
2010-03-01,6197,0.8570615579359424,2.465914499414328,0.7331998640742485,1047483.0,2010-04-11,佳必琪,sii,Electronic components,6197.TW
2013-01-01,6197,0.8603017039050902,2.8057681637769916,0.868625822168389,780737.0,2013-02-11,佳必琪,sii,Electronic components,6197.TW
2013-08-01,6197,0.823710388840974,2.1529531911472883,0.21853655958107843,1148188.0,2013-09-11,佳必琪,sii,Electronic components,6197.TW
2024-06-01,6197,0.6537753014809773,2.042340112318358,0.30086796247136016,1756870.0,2024-07-11,佳必琪,sii,Electronic components,6197.TW
2026-05-01,6199,11.011646353259819,3.8056537090352425,5.814201674650756,310441.0,2026-06-11,天品,otc,Other,6199.TWO
2020-09-01,6201,0.3139327281983666,2.3064103437446954,0.4420029515867271,1120104.0,2020-10-11,亞弘電,sii,Other electronics,6201.TW
2021-03-01,6201,0.8600907794153978,4.428556450180869,0.3160572432298363,1031478.0,2021-04-11,亞弘電,sii,Other electronics,6201.TW
2010-01-01,6202,0.7104711826808527,3.9160121292998906,0.6993965044568009,874398.0,2010-02-11,盛群,sii,Semiconductors,6202.TW
2020-10-01,6202,0.39773812754888027,2.0413515508917133,0.18508208367029821,1586170.0,2020-11-11,盛群,sii,Semiconductors,6202.TW
2025-01-01,6202,0.5100278545512695,2.0453338637436986,0.3518206080713706,698782.0,2025-02-11,盛群,sii,Semiconductors,6202.TW
2020-12-01,6203,1.1528138895322853,2.4315587478554352,0.5583186996141285,1319817.0,2021-01-11,海韻電,otc,Electronic components,6203.TWO
2025-08-01,6203,1.1487053209549885,2.300972267921167,0.9910895768785737,702444.0,2025-09-11,海韻電,otc,Electronic components,6203.TWO
2013-03-01,6205,0.5529614733682027,2.2504738423162256,0.6817010143967294,567991.0,2013-04-11,詮欣,sii,Electronic components,6205.TW
2020-06-01,6205,0.46454093971619126,2.0600979101428636,0.6572988316198215,429957.0,2020-07-11,詮欣,sii,Electronic components,6205.TW
2021-12-01,6206,0.6218689947812515,2.5139988406486697,0.4272178593162945,1662659.0,2022-01-11,飛捷,sii,Computers & peripherals,6206.TW
2010-07-01,6208,1.3959373399285937,2.8747209485306637,1.231710260986037,313391.0,2010-08-11,日揚,otc,Semiconductors,6208.TWO
2018-01-01,6208,0.9559199109670828,2.0068465612635107,0.6082427744144727,578211.0,2018-02-11,日揚,otc,Semiconductors,6208.TWO
2009-06-01,6209,0.39093470445372325,2.775893453475118,0.6703861433026441,479362.0,2009-07-11,今國光,sii,Optoelectronics,6209.TW
2010-01-01,6209,0.6387700610708706,2.7956601790267652,0.5430479344706387,576929.0,2010-02-11,今國光,sii,Optoelectronics,6209.TW
2025-08-01,6209,0.522432970784162,2.082418710657108,0.44333609046054456,790298.0,2025-09-11,今國光,sii,Optoelectronics,6209.TW
2026-05-01,6209,0.7105168576508738,2.4966595111022576,0.24008743950744638,1261200.0,2026-06-11,今國光,sii,Optoelectronics,6209.TW
2015-08-01,6212,978.9003021148036,3.847357944857875,979.9003021148036,1297388.0,2015-09-11,理銘,otc,Construction,6212.TWO
2020-09-01,6212,978.8551336146273,3.9501949781988173,979.8488656629652,696677.0,2020-10-11,理銘,otc,Construction,6212.TWO
2021-07-01,6212,1594.8872651356994,5.597934611985776,1587.8419154047233,1528860.0,2021-08-11,理銘,otc,Construction,6212.TWO
2013-01-01,6213,1.3985478150304491,4.150030635163589,1.4932220579469684,2508905.0,2013-02-11,聯茂,sii,Electronic components,6213.TW
2013-07-01,6213,3.568780245424156,3.8487563651197156,0.5750723412030392,4726193.0,2013-08-11,聯茂,sii,Electronic components,6213.TW
2010-03-01,6215,1.7202922295038117,3.9803323283668544,1.8187771110574302,325434.0,2010-04-11,和椿,sii,Other electronics,6215.TW
2024-08-01,6215,0.9668865471217709,2.8688499970399524,0.7529900154698856,434143.0,2024-09-11,和椿,sii,Other electronics,6215.TW
2022-04-01,6216,0.48006141634196164,2.3268943899444716,0.3246719490243828,306537.0,2022-05-11,居易,sii,Communications & networking,6216.TW
2024-04-01,6216,0.6256866181143925,2.508698258333617,0.17421411679965915,303358.0,2024-05-11,居易,sii,Communications & networking,6216.TW
2017-05-01,6218,1.2339768796381159,4.017588329552209,1.082875061192468,377799.0,2017-06-11,豪勉,otc,Communications & networking,6218.TWO
2019-04-01,6218,0.82906879020112,2.543886084900287,0.4430827272987061,439624.0,2019-05-11,豪勉,otc,Communications & networking,6218.TWO
2023-04-01,6218,0.9426948805460751,2.8569466782485846,0.9112421684813317,355756.0,2023-05-11,豪勉,otc,Communications & networking,6218.TWO
2024-12-01,6218,1.0029496282556143,2.9878186281792587,0.991333314911222,395208.0,2025-01-11,豪勉,otc,Communications & networking,6218.TWO
2010-03-01,6219,16.73477162982324,6.415384790290688,16.298503006296443,800654.0,2010-04-11,富旺,otc,Construction,6219.TWO
2010-12-01,6219,34.99258387651148,5.999563778138504,34.434438307164946,2324725.0,2011-01-11,富旺,otc,Construction,6219.TWO
2023-08-01,6219,13.41645601490508,2.692242562748612,14.216217524263653,1431482.0,2023-09-11,富旺,otc,Construction,6219.TWO
2024-04-01,6219,31.34249581551051,5.993846284989284,25.3976228821519,869528.0,2024-05-11,富旺,otc,Construction,6219.TWO
2026-03-01,6219,188.39637262984337,14.05784689811555,188.46282599641782,1148689.0,2026-04-11,富旺,otc,Construction,6219.TWO
2013-01-01,6220,1.3353977962594552,4.880219213516759,1.3064861799653233,819393.0,2013-02-11,岳豐,otc,Electronic components,6220.TWO
2013-08-01,6220,2.757318459396021,3.5807683740536973,0.3271341015026086,1527117.0,2013-09-11,岳豐,otc,Electronic components,6220.TWO
2010-05-01,6221,1.0192623022565077,3.7947837785351157,1.1470522334037003,346043.0,2010-06-11,晉泰,otc,IT services,6221.TWO
2022-07-01,6221,1.1814769054060816,2.6725771846407063,0.9366434606162954,1656138.0,2022-08-11,晉泰,otc,IT services,6221.TWO
2008-05-01,6222,0.4934206449213989,2.328050128386336,0.5220457636123023,361475.0,2008-06-11,立軒,otc,Optoelectronics,6222.TWO
2010-03-01,6223,0.9618618526967946,2.048967939341834,1.0029027445543268,514255.0,2010-04-11,旺矽,otc,Semiconductors,6223.TWO
2010-09-01,6223,1.9593871475330742,2.814395369268064,0.46178213868267015,1079543.0,2010-10-11,旺矽,otc,Semiconductors,6223.TWO
2021-02-01,6224,0.4946427231364876,2.2052191431316954,0.4269335877222693,537759.0,2021-03-11,聚鼎,sii,Electronic components,6224.TW
2021-08-01,6224,1.2936069586315893,4.96112572675501,0.6698640392826793,967987.0,2021-09-11,聚鼎,sii,Electronic components,6224.TW
2013-05-01,6226,1.0172217356084903,2.9568142191393805,0.6477100741553063,306301.0,2013-06-11,光鼎,sii,Optoelectronics,6226.TW
2013-11-01,6226,4.055627245399223,5.9806025519005965,2.8357673531164465,689537.0,2013-12-11,光鼎,sii,Optoelectronics,6226.TW
2013-03-01,6227,0.43264628979334785,2.9333480540872396,0.456055938938535,584630.0,2013-04-11,茂綸,otc,Electronics distribution,6227.TWO
2013-09-01,6227,0.7761946833376203,3.807348569350417,0.43076700283497393,794110.0,2013-10-11,茂綸,otc,Electronics distribution,6227.TWO
2015-11-01,6227,0.7990797036870585,2.2259670570068626,0.6704341150936393,2113629.0,2015-12-11,茂綸,otc,Electronics distribution,6227.TWO
2025-05-01,6227,0.9207491350970141,2.044049257930884,0.7475268634752865,5422561.0,2025-06-11,茂綸,otc,Electronics distribution,6227.TWO
2013-07-01,6229,0.9074818234491524,2.44680836650779,0.5346427523703574,306168.0,2013-08-11,研通,otc,Semiconductors,6229.TWO
2017-08-01,6229,1.0477552067050486,2.4559436169024043,1.1534202535520377,582957.0,2017-09-11,研通,otc,Semiconductors,6229.TWO
2024-05-01,6229,0.8140317878303396,2.0206979272570247,0.66881016864351,482215.0,2024-06-11,研通,otc,Semiconductors,6229.TWO
2024-11-01,6229,0.963516723715268,2.3119632098831757,0.46956722124966666,517422.0,2024-12-11,研通,otc,Semiconductors,6229.TWO
2010-05-01,6230,0.8331860756776299,2.0398970352179173,0.3290841815220231,811249.0,2010-06-11,尼得科超眾,sii,Computers & peripherals,6230.TW
2013-01-01,6230,0.8863255519495883,2.111661180308094,0.6608735732134365,1156078.0,2013-02-11,尼得科超眾,sii,Computers & peripherals,6230.TW
2014-12-01,6234,1.3472635129931145,2.8323663696154844,0.28192842257188966,304764.0,2015-01-11,高僑,otc,Optoelectronics,6234.TWO
2019-06-01,6234,1.1034871532064572,2.278908870261113,0.7808541975827343,451503.0,2019-07-11,高僑,otc,Optoelectronics,6234.TWO
2021-05-01,6234,2.315930446365229,4.434521390916056,2.6985541292356903,687084.0,2021-06-11,高僑,otc,Optoelectronics,6234.TWO
2022-03-01,6234,3.211721539645703,5.7117927816249265,3.158130839570628,727756.0,2022-04-11,高僑,otc,Optoelectronics,6234.TWO
2023-06-01,6234,1.8000924358651158,2.936992562548573,2.586464516617456,466501.0,2023-07-11,高僑,otc,Optoelectronics,6234.TWO
2008-02-01,6235,0.3625727184484995,2.2713338583103653,0.6830187332912083,418318.0,2008-03-11,華孚,sii,Computers & peripherals,6235.TW
2013-01-01,6235,9.261759720309355,7.492108408324653,7.328988412171897,387443.0,2013-02-11,華孚,sii,Computers & peripherals,6235.TW
2020-10-01,6237,2.2052195278061673,6.071654246180606,1.3042238750225466,310480.0,2020-11-11,驊訊,otc,Semiconductors,6237.TWO
2021-04-01,6237,2.7794735541275335,4.982887267233394,0.9123184939335065,367002.0,2021-05-11,驊訊,otc,Semiconductors,6237.TWO
2009-09-01,6238,11.707721307394102,2.366860252993414,1.6485894855871077,357303.0,2009-10-11,勝麗國際,otc,,6238.TWO
2012-02-01,6241,4.537345532752524,6.158424652920745,4.7946469755316246,303812.0,2012-03-11,鑫永洋,otc,Communications & networking,6241.TWO
2012-08-01,6241,9.421082576874337,4.055020726690845,3.054369653847421,402952.0,2012-09-11,鑫永洋,otc,Communications & networking,6241.TWO
2022-05-01,6241,8.410874357090375,3.5187021692238702,3.2432786159676814,320205.0,2022-06-11,鑫永洋,otc,Communications & networking,6241.TWO
2010-01-01,6243,1.5127770953632806,2.417455344115148,1.2338097695943684,437771.0,2010-02-11,迅杰,sii,Semiconductors,6243.TW
2010-02-01,6246,1.1683636156950419,2.333024354593305,1.0107051684493387,572242.0,2010-03-11,臺龍,otc,Optoelectronics,6246.TWO
2013-11-01,6246,0.9486608164001216,2.136711291888321,0.8212576536094238,724136.0,2013-12-11,臺龍,otc,Optoelectronics,6246.TWO
2020-06-01,6246,0.8357228256981983,2.086094328916676,0.8013556310350727,359284.0,2020-07-11,臺龍,otc,Optoelectronics,6246.TWO
2020-12-01,6246,1.2454493054608333,2.813950593313937,0.3508608181381203,510330.0,2021-01-11,臺龍,otc,Optoelectronics,6246.TWO
2010-02-01,6247,0.4765563428275543,2.760885844444012,0.6877958078517754,387819.0,2010-03-11,淇譽電,otc,,6247.TWO
2008-04-01,6248,0.6624137433386605,2.3578863352231636,0.5195364263199331,311016.0,2008-05-11,沛波,otc,Steel,6248.TWO
2014-09-01,6248,25.501754092883395,9.115278877496415,22.733152122646548,317279.0,2014-10-11,沛波,otc,Steel,6248.TWO
2010-01-01,6257,0.8914925300746004,2.68397511801308,0.9388415946121893,1052992.0,2010-02-11,矽格,sii,Semiconductors,6257.TW
2018-04-01,6257,0.6449637668794013,2.2624394746350833,0.16223873731764216,2313556.0,2018-05-11,矽格,sii,Semiconductors,6257.TW
2013-11-01,6259,1.3234478935698446,2.569771374081241,1.0512256152371342,368852.0,2013-12-11,百徽,otc,Electronic components,6259.TWO
2010-01-01,6261,1.137650985134949,2.624987168996653,0.9214460733663956,558534.0,2010-02-11,久元,otc,Semiconductors,6261.TWO
2021-06-01,6261,0.7368543789737727,2.045252162080528,0.49524632002000035,1437445.0,2021-07-11,久元,otc,Semiconductors,6261.TWO
2014-02-01,6263,0.41956147835154867,2.2586493138402184,0.3617453960280894,314457.0,2014-03-11,普萊德,otc,Communications & networking,6263.TWO
2021-05-01,6263,0.38378872886567406,2.3679917398624406,0.370421036805761,364537.0,2021-06-11,普萊德,otc,Communications & networking,6263.TWO
2011-03-01,6264,22.207131736970865,5.676893496413858,21.04936371544417,313041.0,2011-04-11,富裔,otc,Construction,6264.TWO
2008-04-01,6265,0.7476701225612987,4.224826623584799,0.901914304731066,1210494.0,2008-05-11,方土昶,otc,Electronics distribution,6265.TWO
2008-10-01,6265,4.194301041810984,2.3003872297669514,0.12641378772980527,4574008.0,2008-11-11,方土昶,otc,Electronics distribution,6265.TWO
2026-01-01,6265,2.691052310258052,2.6667061548684043,0.9715833945551586,495760.0,2026-02-11,方土昶,otc,Electronics distribution,6265.TWO
2026-07-01,6265,9.471345536871617,6.193774249304939,3.6946991022013513,1785333.0,2026-08-11,方土昶,otc,Electronics distribution,6265.TWO
2013-03-01,6266,0.6304780372321579,2.12822358282573,0.6948715274276892,418741.0,2013-04-11,泰詠,otc,Electronic components,6266.TWO
2013-12-01,6266,0.8381920937653777,2.3738345640378036,0.5722029651210028,493084.0,2014-01-11,泰詠,otc,Electronic components,6266.TWO
2021-06-01,6266,0.8409859807501217,2.737839716541515,1.060171622014062,631773.0,2021-07-11,泰詠,otc,Electronic components,6266.TWO
2008-03-01,6269,0.37064576187004605,3.156462234186366,0.483951208546356,471901.0,2008-04-11,台郡,sii,Electronic components,6269.TW
2008-09-01,6269,0.7513092769184653,2.639708414114986,0.32930097854011153,718634.0,2008-10-11,台郡,sii,Electronic components,6269.TW
2011-02-01,6269,0.9520677549298682,2.102054362740292,0.5897195476421722,1305010.0,2011-03-11,台郡,sii,Electronic components,6269.TW
2012-02-01,6269,1.0756484624638891,2.17622032193505,0.45187666734816956,2708742.0,2012-03-11,台郡,sii,Electronic components,6269.TW
2015-06-01,6269,0.9986088457759845,2.0646684668582775,0.3932173351509234,4190723.0,2015-07-11,台郡,sii,Electronic components,6269.TW
2018-01-01,6269,0.9460005001444272,2.0227252496104398,0.6565585944325885,10637658.0,2018-02-11,台郡,sii,Electronic components,6269.TW
2026-08-01,6270,0.4566883476371766,2.046063399835709,0.48260974143388435,1110384.0,2026-09-11,倍微,otc,Electronics distribution,6270.TWO
2010-03-01,6271,1.242987615819481,2.4530934176642285,0.8855027711243313,1117674.0,2010-04-11,同欣電,sii,Semiconductors,6271.TW
2021-03-01,6272,0.46601864084885025,3.186350406956985,0.46082649067589143,568135.0,2021-04-11,驊陞,sii,Electronic components,6272.TW
2021-09-01,6272,0.3231667957044613,2.0266707953941876,0.2016080665921336,698988.0,2021-10-11,驊陞,sii,Electronic components,6272.TW
2025-02-01,6272,0.4268993930398044,2.493914743668864,0.24072779313555825,938242.0,2025-03-11,驊陞,sii,Electronic components,6272.TW
2025-09-01,6272,0.42203580262004636,2.091066826543794,0.05967146584188576,1093537.0,2025-10-11,驊陞,sii,Electronic components,6272.TW
2009-12-01,6274,0.5003648552011326,2.402944969943577,0.5588038448330389,1233666.0,2010-01-11,台燿,otc,Electronic components,6274.TWO
2013-03-01,6274,0.9742278882185578,2.399233511536165,0.7270005591788444,2985076.0,2013-04-11,台燿,otc,Electronic components,6274.TWO
2026-05-01,6274,0.9914741273527024,2.7176167550078505,0.4536596213750139,13186297.0,2026-06-11,台燿,otc,Electronic components,6274.TWO
2009-12-01,6275,0.412841316585532,2.2173897311915374,0.2356524195236258,352624.0,2010-01-11,元山,otc,Electronic components,6275.TWO
2010-06-01,6275,0.5341518582970346,2.007935651831602,0.12451644641348247,429337.0,2010-07-11,元山,otc,Electronic components,6275.TWO
2010-02-01,6277,0.4057354659038921,2.3447261888655597,0.4015271912667424,632983.0,2010-03-11,宏正,sii,Computers & peripherals,6277.TW
2013-03-01,6277,0.546432576085325,2.737095777539402,0.6614650009940894,1050903.0,2013-04-11,宏正,sii,Computers & peripherals,6277.TW
2013-09-01,6277,0.5616380024453929,2.2241794124487706,0.002154902339490672,1140547.0,2013-10-11,宏正,sii,Computers & peripherals,6277.TW
2009-12-01,6278,0.822029534797988,3.0479347510806054,0.7965519134376633,1196064.0,2010-01-11,台表科,sii,Optoelectronics,6278.TW
2012-12-01,6278,0.6821844100159271,2.1833274085319934,0.7619423025807528,1080462.0,2013-01-11,台表科,sii,Optoelectronics,6278.TW
2009-12-01,6279,0.5940560963884383,2.8542589028740992,0.5570996438682458,424427.0,2010-01-11,胡連,otc,Electronic components,6279.TWO
2013-03-01,6279,0.6439805349425503,2.0363326523569367,0.8591528002667536,664178.0,2013-04-11,胡連,otc,Electronic components,6279.TWO
2021-06-01,6279,0.6175399487949147,2.007210589607451,0.08403770886003792,1172600.0,2021-07-11,胡連,otc,Electronic components,6279.TWO
2008-03-01,6282,0.31802604980414517,2.6316859039270803,0.1546637356857108,3559962.0,2008-04-11,康舒,sii,Electronic components,6282.TW
2010-07-01,6282,0.5487871097208286,2.4379553794443156,0.3483360959889963,5510631.0,2010-08-11,康舒,sii,Electronic components,6282.TW
2019-03-01,6282,0.3680262023146621,2.0980134066090375,0.23346960739142686,5139565.0,2019-04-11,康舒,sii,Electronic components,6282.TW
2022-06-01,6282,0.34521138674482543,2.023254902755555,0.08187382895356166,6621986.0,2022-07-11,康舒,sii,Electronic components,6282.TW
2023-09-01,6282,0.44993608881320823,2.6609304914855385,0.7048754680266346,9783654.0,2023-10-11,康舒,sii,Electronic components,6282.TW
2024-05-01,6282,0.581004177578698,3.1237353918037996,0.147057269928363,7729082.0,2024-06-11,康舒,sii,Electronic components,6282.TW
2013-02-01,6283,6.912629103180285,6.244104934548478,4.967004726256874,386888.0,2013-03-11,淳安,sii,Other electronics,6283.TW
2010-01-01,6284,0.9532351057014734,2.9369091859304772,1.0650181389491864,301851.0,2010-02-11,佳邦,otc,Electronic components,6284.TWO
2013-07-01,6284,0.7660386186095012,2.057000468915078,0.2788798648208517,709642.0,2013-08-11,佳邦,otc,Electronic components,6284.TWO
2010-06-01,6285,0.6661032121214172,2.434929852035512,0.2364668512473096,5418106.0,2010-07-11,啟,sii,Communications & networking,6285.TW
2010-12-01,6285,1.3004518235717737,2.552718178093191,0.04471717783941598,9327596.0,2011-01-11,啟,sii,Communications & networking,6285.TW
2026-07-01,6285,0.6935151500538006,2.0102134671272576,0.6477357050799399,44950092.0,2026-08-11,啟,sii,Communications & networking,6285.TW
2010-01-01,6286,1.3381951989311776,3.3589324519741752,1.1091104073197713,2492156.0,2010-02-11,立錡,sii,,6286.TW
2009-11-01,6289,1.1183479188137806,2.9185132248067354,1.1955212394296684,355588.0,2009-12-11,華上光電,sii,,6289.TW
2010-05-01,6290,0.569664887592193,2.063541459468528,0.17170072292087624,1617243.0,2010-06-11,良維,otc,Electronic components,6290.TWO
2021-03-01,6290,0.4419632008471561,2.1530628348747203,0.41486352438189456,1791994.0,2021-04-11,良維,otc,Electronic components,6290.TWO
2025-04-01,6290,0.40527466970979,2.0252176416325383,0.23643041629329686,2423458.0,2025-05-11,良維,otc,Electronic components,6290.TWO
2022-02-01,6291,6.672955653705737,7.650878130401432,2.8652183044566666,300542.0,2022-03-11,沛亨,otc,Semiconductors,6291.TWO
2010-06-01,6292,0.5506943850856791,2.0167826541673826,0.22724541350018335,344693.0,2010-07-11,迅德,otc,Electronic components,6292.TWO
2012-02-01,6298,0.46675945990749557,2.045716437399681,0.3589308393496049,982126.0,2012-03-11,崴強科技,otc,,6298.TWO
2012-08-01,6298,0.6172410848094547,2.111767095265599,0.12608891301376413,1590631.0,2012-09-11,崴強科技,otc,,6298.TWO
2021-03-01,6409,0.35789073679661465,2.0369755999643986,0.267805695451629,3462582.0,2021-04-11,旭隼,sii,Other electronics,6409.TW
2021-10-01,6409,0.36579606045634505,2.089347060500257,0.292034594390979,4682935.0,2021-11-11,旭隼,sii,Other electronics,6409.TW
2022-05-01,6409,0.42824103800295243,2.413727735036936,0.20444318020561614,5838985.0,2022-06-11,旭隼,sii,Other electronics,6409.TW
2024-08-01,6409,0.5673953443022657,2.5960367437440692,0.5172815802727171,6960751.0,2024-09-11,旭隼,sii,Other electronics,6409.TW
2021-03-01,6411,0.5201254439268981,2.068939232041101,0.3466881417167156,1002883.0,2021-04-11,晶焱,otc,Semiconductors,6411.TWO
2021-02-01,6412,0.4459254636716925,4.072144405975511,0.42946827571698143,9342256.0,2021-03-11,群電,sii,Electronic components,6412.TW
2017-11-01,6414,2.655254835509828,2.0957384582415086,1.3040254705165846,13943686.0,2017-12-11,樺漢,sii,Computers & peripherals,6414.TW
2020-06-01,6416,0.6339386032492254,2.4508359237528183,0.2282269028462527,1452792.0,2020-07-11,瑞祺電通,sii,Communications & networking,6416.TW
2026-07-01,6416,0.4967135155399982,2.0119535937845723,0.5438543588285706,1469168.0,2026-08-11,瑞祺電通,sii,Communications & networking,6416.TW
2026-05-01,6419,2.7515174835265257,3.3891053523393424,2.7609740363613726,389989.0,2026-06-11,京晨科,otc,Optoelectronics,6419.TWO
2017-09-01,6425,0.44412916034537653,2.4276308268903897,0.48701386876606034,462621.0,2017-10-11,易發,otc,Electrical machinery,6425.TWO
2020-11-01,6425,1.43624689376283,2.2297047458393773,1.5991006382237076,473526.0,2020-12-11,易發,otc,Electrical machinery,6425.TWO
2024-03-01,6425,1.3542256656870602,2.3146474073506313,1.3474886074136017,396534.0,2024-04-11,易發,otc,Electrical machinery,6425.TWO
2021-02-01,6432,0.3713379744633787,2.4716756807099847,0.13178279613916488,307491.0,2021-03-11,今展科,otc,Electronic components,6432.TWO
2017-05-01,6438,0.5408206983321993,2.0003679541586834,0.30108897577806415,794800.0,2017-06-11,迅得,sii,Other electronics,6438.TW
2017-11-01,6438,0.9464877805230882,2.40389896820042,0.4232834892771953,912276.0,2017-12-11,迅得,sii,Other electronics,6438.TW
2020-10-01,6438,0.9951584696983085,2.6287601002410654,1.224338117139658,970890.0,2020-11-11,迅得,sii,Other electronics,6438.TW
2017-09-01,6441,0.7907335170920189,2.1282483596476878,1.136399511190998,582103.0,2017-10-11,廣錠,otc,Computers & peripherals,6441.TWO
2020-09-01,6441,1.268221182894354,2.188100816364314,0.9582777704972985,304080.0,2020-10-11,廣錠,otc,Computers & peripherals,6441.TWO
2021-05-01,6441,2.1930356861493463,3.193680065170906,2.328092989739959,790337.0,2021-06-11,廣錠,otc,Computers & peripherals,6441.TWO
2021-01-01,6442,0.43626173675434754,2.464031120061402,0.36556820725119477,679629.0,2021-02-11,光聖,sii,Communications & networking,6442.TW
2024-04-01,6442,0.439447669663497,2.3274999881361618,0.35573694522460064,932788.0,2024-05-11,光聖,sii,Communications & networking,6442.TW
2024-10-01,6442,1.4778542763521227,4.201923613398345,0.18482095305790436,1682525.0,2024-11-11,光聖,sii,Communications & networking,6442.TW
2019-08-01,6443,0.8754930106923826,3.2245496805044884,1.0539580033651113,1237304.0,2019-09-11,元晶,sii,Optoelectronics,6443.TW
2021-11-01,6443,0.637241621194369,2.1252225523302823,0.6211911161213015,1932582.0,2021-12-11,元晶,sii,Optoelectronics,6443.TW
2020-11-01,6446,454.065671641791,7.504417484956536,341.61941196853223,304894.0,2020-12-11,藥華藥,sii,Biotech & medical,6446.TW
2018-01-01,6449,0.38885573254102823,2.2183052969554624,0.239249757186077,644611.0,2018-02-11,鈺邦,sii,Electronic components,6449.TW
2019-12-01,6449,0.6835814955283981,2.1595461406247027,0.4437944963781131,575300.0,2020-01-11,鈺邦,sii,Electronic components,6449.TW
2023-08-01,6449,0.6750505722991831,2.1928839045390465,0.6635649335816567,784989.0,2023-09-11,鈺邦,sii,Electronic components,6449.TW
2020-01-01,6464,0.36746186789365454,5.736930490133538,0.3158664720347082,1008685.0,2020-02-11,台數科,sii,Other,6464.TW
2020-07-01,6464,0.5372572581340509,2.736579898983134,0.026508696321899006,1123217.0,2020-08-11,台數科,sii,Other,6464.TW
2021-06-01,6469,0.42328071414161794,2.6873177542228985,0.19206953201811983,2822081.0,2021-07-11,大樹,otc,Biotech & medical,6469.TWO
2022-05-01,6469,0.4219190192945075,2.445479516149045,0.16391724253330198,3843959.0,2022-06-11,大樹,otc,Biotech & medical,6469.TWO
2018-09-01,6470,0.4561749276568987,2.4845308717930457,0.5675933157270546,500199.0,2018-10-11,宇智,otc,Communications & networking,6470.TWO
2022-04-01,6470,0.4678730672517637,2.2301349155159897,0.47364704062046414,540556.0,2022-05-11,宇智,otc,Communications & networking,6470.TWO
2018-04-01,6472,3.77304822043628,4.546935536831041,3.2931884561516314,332586.0,2018-05-11,保瑞,sii,Biotech & medical,6472.TW
2022-11-01,6472,3.430571090833104,2.02790414557033,3.2513709494821934,5438495.0,2022-12-11,保瑞,sii,Biotech & medical,6472.TW
2021-01-01,6474,0.40359644003501605,3.8435485488460834,0.2437640261503926,1154430.0,2021-02-11,華豫寧,otc,Electronics distribution,6474.TWO
2021-07-01,6474,0.4771704659746585,2.895441961399267,0.22342211417550928,1227830.0,2021-08-11,華豫寧,otc,Electronics distribution,6474.TWO
2026-07-01,6474,0.4402176663863093,2.3961794762312425,0.49911032527147303,1337353.0,2026-08-11,華豫寧,otc,Electronics distribution,6474.TWO
2018-03-01,6477,2.370126460110422,2.2781940550057302,1.661474263496713,474898.0,2018-04-11,安集,sii,Optoelectronics,6477.TW
2020-08-01,6477,2.342891536629634,2.603279352249464,2.723514594286341,896968.0,2020-09-11,安集,sii,Optoelectronics,6477.TW
2022-01-01,6477,2.4783010373482903,2.653399274391388,2.921120428969393,741699.0,2022-02-11,安集,sii,Optoelectronics,6477.TW
2021-04-01,6485,0.934113795176766,2.369497645137176,0.7529500609967599,382794.0,2021-05-11,點序,otc,Semiconductors,6485.TWO
2019-06-01,6486,0.6196618278889552,2.904428122350504,0.5825986158766323,537569.0,2019-07-11,互動,otc,Communications & networking,6486.TWO
2020-11-01,6486,0.6349859439054473,2.686905243278915,0.9249270832790021,654874.0,2020-12-11,互動,otc,Communications & networking,6486.TWO
2023-11-01,6486,0.7510547399115519,2.9461419078874576,0.895138467085681,723007.0,2023-12-11,互動,otc,Communications & networking,6486.TWO
2024-09-01,6486,0.5601094521444292,2.0380605256565985,0.20225299070912817,576994.0,2024-10-11,互動,otc,Communications & networking,6486.TWO
2026-08-01,6486,3.2192598378069768,8.326446815234206,3.0930143183883834,1987976.0,2026-09-11,互動,otc,Communications & networking,6486.TWO
2018-08-01,6491,0.6450157387831807,2.064161498988116,0.27365883923475476,875354.0,2018-09-11,晶碩,sii,Biotech & medical,6491.TW
2021-04-01,6491,0.6762078103130653,2.0446271518978625,0.22042490525479796,1211972.0,2021-05-11,晶碩,sii,Biotech & medical,6491.TW
2020-12-01,6494,0.5237055484542732,3.471899889581922,0.4396313830686538,392182.0,2021-01-11,九齊,otc,Semiconductors,6494.TWO
2021-07-01,6494,1.0661817611414035,2.594528261105677,0.06508999898314327,605914.0,2021-08-11,九齊,otc,Semiconductors,6494.TWO
2013-01-01,6504,0.3053472813759177,2.1337350140288636,0.3633674344269213,681933.0,2013-02-11,南六,sii,Other,6504.TW
2013-07-01,6504,0.9696882080416624,2.079825484870445,0.1838620761132368,1164913.0,2013-08-11,南六,sii,Other,6504.TW
2021-05-01,6505,0.7917177004139244,2.4344541762297687,0.9989679281054548,146169801.0,2021-06-11,台塑化,sii,"Oil, power & gas",6505.TW
2021-11-01,6505,0.8868914243131927,2.495911353104252,0.2916074856498687,176522125.0,2021-12-11,台塑化,sii,"Oil, power & gas",6505.TW
2021-06-01,6506,0.38761521261850085,2.305413000975633,0.4403351014114567,548602.0,2021-07-11,雙邦,otc,Textiles,6506.TWO
2021-12-01,6506,0.44237701918866557,2.175236240628281,0.04992047834300695,480926.0,2022-01-11,雙邦,otc,Textiles,6506.TWO
2024-06-01,6506,0.44468180031969173,2.1266434212329623,0.4150818408386723,488954.0,2024-07-11,雙邦,otc,Textiles,6506.TWO
2008-07-01,6508,0.6994498508775058,2.7081161622007297,0.39798692150773585,572096.0,2008-08-11,惠光,otc,Agritech,6508.TWO
2021-10-01,6508,0.7480588532731938,3.3546225331942123,0.670438674931819,563506.0,2021-11-11,惠光,otc,Agritech,6508.TWO
2022-07-01,6508,0.7364846254373267,2.987349841252353,0.5439483507774814,888936.0,2022-08-11,惠光,otc,Agritech,6508.TWO
2009-12-01,6509,0.46113490803992674,2.7244852394658685,0.5156700526369534,746694.0,2010-01-11,聚和,otc,Chemicals,6509.TWO
2013-03-01,6509,0.5245387048035282,2.370455637688693,0.5565002216448847,845561.0,2013-04-11,聚和,otc,Chemicals,6509.TWO
2021-07-01,6509,0.4214936038902104,2.027287241905634,0.19842166653971804,1190336.0,2021-08-11,聚和,otc,Chemicals,6509.TWO
2025-04-01,6510,0.7684573974270867,2.037767546994555,0.11539002530667042,1173421.0,2025-05-11,精測,otc,Semiconductors,6510.TWO
2022-09-01,6515,1.0608174997912716,2.0387503056718703,0.4134620534536926,1555029.0,2022-10-11,穎崴,sii,Semiconductors,6515.TW
2024-12-01,6515,1.2868000279342477,2.0706545233768803,0.32555222762781466,1539037.0,2025-01-11,穎崴,sii,Semiconductors,6515.TW
2026-07-01,6515,1.772607465691594,2.708115820912156,1.4239610248630157,4134052.0,2026-08-11,穎崴,sii,Semiconductors,6515.TW
2021-10-01,6523,0.6501995429747431,2.0546928355662466,0.34624552986633006,356019.0,2021-11-11,達爾膚,otc,Biotech & medical,6523.TWO
2024-08-01,6526,0.5569665945867899,2.004737741264904,0.22341565692151732,5434704.0,2024-09-11,達發,sii,Semiconductors,6526.TW
2026-02-01,6531,1.0005595298805159,2.2538953415206957,0.5813535522998328,2098777.0,2026-03-11,愛普*,sii,Semiconductors,6531.TW
2026-08-01,6531,1.148757334733725,2.3106522737171717,0.16839123891378183,2946043.0,2026-09-11,愛普*,sii,Semiconductors,6531.TW
2022-01-01,6534,1.9006061898629305,2.3949935073395108,0.4990778942447829,353610.0,2022-02-11,正瀚-創,sii,Biotech & medical,6534.TW
2019-06-01,6538,0.49496952482107104,2.150424917705566,0.10718166031352849,306841.0,2019-07-11,倉和,otc,Electronic components,6538.TWO
2020-04-01,6538,1.0466781073792597,2.1517556427828053,0.2614903923092129,500904.0,2020-05-11,倉和,otc,Electronic components,6538.TWO
2022-01-01,6546,0.6575653293665771,3.1355565734628774,0.4050203782644297,1119876.0,2022-02-11,正基,otc,Communications & networking,6546.TWO
2018-08-01,6552,0.43516989883885926,2.1397346241107735,0.2584171595363216,470298.0,2018-09-11,易華電,sii,Semiconductors,6552.TW
2019-02-01,6552,0.9867393643812392,2.211454549850091,0.22242535234776462,721844.0,2019-03-11,易華電,sii,Semiconductors,6552.TW
2021-02-01,6558,0.7219067559518437,2.378353848446358,0.5203534985049141,476994.0,2021-03-11,興能高,sii,Other electronics,6558.TW
2020-11-01,6560,3.1665333840244365,2.5432366214682074,2.1395871460627416,317819.0,2020-12-11,欣普羅,otc,Optoelectronics,6560.TWO
2025-05-01,6561,0.31223254057091787,3.9684424935116405,0.19676391117742242,1139485.0,2025-06-11,是方,otc,Communications & networking,6561.TWO
2021-05-01,6568,0.5642631762253538,2.521926171656827,0.37113850016850347,300922.0,2021-06-11,宏觀,otc,Semiconductors,6568.TWO
2022-11-01,6568,0.6381693065678571,2.460794137004853,0.5145243667811603,402318.0,2022-12-11,宏觀,otc,Semiconductors,6568.TWO
2022-03-01,6569,0.5340039593525983,2.3179694572324427,0.5458711955115189,419208.0,2022-04-11,醫揚,otc,Biotech & medical,6569.TWO
2021-11-01,6577,0.44346024103894477,2.2103366994899094,0.6330842370500225,555852.0,2021-12-11,勁豐,otc,Computers & peripherals,6577.TWO
2023-05-01,6577,0.6889991687029247,2.5554991147036654,0.9203021407901661,670482.0,2023-06-11,勁豐,otc,Computers & peripherals,6577.TWO
2021-12-01,6579,0.500380290126279,2.3791343702639125,0.4513821772816513,2116684.0,2022-01-11,研揚,sii,Computers & peripherals,6579.TW
2020-06-01,6582,0.6371903118591973,2.071541771880506,0.4987692885791739,1080246.0,2020-07-11,申豐,sii,Rubber,6582.TW
2020-12-01,6582,1.4551279781028175,3.5613154316575115,1.1447700222347952,1941034.0,2021-01-11,申豐,sii,Rubber,6582.TW
2021-06-01,6582,1.5656507869503797,2.0876041487231296,0.06332063342477756,2771534.0,2021-07-11,申豐,sii,Rubber,6582.TW
2024-08-01,6582,1.9369730737408752,2.6227827189181316,1.4440750815116108,560862.0,2024-09-11,申豐,sii,Rubber,6582.TW
2021-06-01,6584,0.31618427812981675,2.6200529875489567,0.12134983958351642,461112.0,2021-07-11,南俊國際,otc,Electronic components,6584.TWO
2024-05-01,6584,0.6204177559309216,2.033919545294997,0.28539799085696993,497115.0,2024-06-11,南俊國際,otc,Electronic components,6584.TWO
2026-02-01,6584,0.7290811794527374,2.0298969021311186,0.41855345199271743,798092.0,2026-03-11,南俊國際,otc,Electronic components,6584.TWO
2021-03-01,6585,0.392351554145264,3.595922461108928,0.33003332011351016,635369.0,2021-04-11,鼎基,sii,Other,6585.TW
2024-01-01,6585,0.3894312117662371,2.066015761466091,0.16239755172668136,789950.0,2024-02-11,鼎基,sii,Other,6585.TW
2026-06-01,6585,0.5451425475407765,2.7193999842035392,0.6937988048201876,929703.0,2026-07-11,鼎基,sii,Other,6585.TW
2020-09-01,6589,3.3805468750000003,3.2206438982997896,2.971099636130137,392497.0,2020-10-11,台康生技,sii,Biotech & medical,6589.TW
2021-02-01,6592,0.3461514470337368,2.0296992320904628,0.09616416311273457,4078781.0,2021-03-11,和潤企業,sii,Other,6592.TW
2022-07-01,6596,4.371540490027907,2.199922780825279,1.7245390423447131,419614.0,2022-08-11,寬宏藝術,otc,Cultural & creative,6596.TWO
2010-01-01,6603,0.8424024997106816,2.0853459893760045,0.9289003963138527,477606.0,2010-02-11,富強鑫,otc,Electrical machinery,6603.TWO
2021-03-01,6603,0.8118886931330995,2.004481125995433,0.8071871925734724,965695.0,2021-04-11,富強鑫,otc,Electrical machinery,6603.TWO
2010-01-01,6605,0.41238693240481816,2.383537972302359,0.29938078258362166,2299534.0,2010-02-11,帝寶,sii,Automotive,6605.TW
2013-06-01,6605,0.3999849583616386,2.3474920877199623,0.11504003701972221,3425122.0,2013-07-11,帝寶,sii,Automotive,6605.TW
2021-05-01,6605,0.4469930749689146,2.6976919869673472,0.5073250122994434,4185918.0,2021-06-11,帝寶,sii,Automotive,6605.TW
2010-03-01,6609,0.9860874157972175,2.970706756657239,1.3348239163735038,473803.0,2010-04-11,瀧澤科,otc,Electrical machinery,6609.TWO
2020-07-01,6614,0.37174760988084254,2.1939076115015395,0.22365990692168047,679096.0,2020-08-11,資拓宏宇,sii,Digital cloud,6614.TW
2021-06-01,6614,0.5737742852118217,3.2469412450988386,0.3713439700968135,1020174.0,2021-07-11,資拓宏宇,sii,Digital cloud,6614.TW
2023-06-01,6614,0.5591746912525972,2.0911512972090094,0.8092399838528884,1268939.0,2023-07-11,資拓宏宇,sii,Digital cloud,6614.TW
2025-09-01,6614,0.5867174150688101,2.0005623849148604,0.5681503266340553,1391978.0,2025-10-11,資拓宏宇,sii,Digital cloud,6614.TW
2023-02-01,6620,54.198071998795,5.901093358153375,54.1786570363306,366460.0,2023-03-11,漢達,otc,Biotech & medical,6620.TWO
2023-04-01,6625,2.2094815676579653,2.2922037122453935,1.8610599733675208,397260.0,2023-05-11,必應,sii,Other,6625.TW
2025-05-01,6637,1.9020228055533783,4.31740514433273,2.3329089197793356,629382.0,2025-06-11,醫影,otc,Biotech & medical,6637.TWO
2021-04-01,6640,0.9514435915017923,2.7922049783360667,0.5805374069439801,350048.0,2021-05-11,均華,otc,Semiconductors,6640.TWO
2024-01-01,6640,1.6486674498585643,3.0433091325786235,2.0683992822424218,746270.0,2024-02-11,均華,otc,Semiconductors,6640.TWO
2024-10-01,6640,2.046248755633364,2.7803049649162817,1.0300862886812574,621188.0,2024-11-11,均華,otc,Semiconductors,6640.TWO
2022-09-01,6643,0.4679973314090433,2.304560469743362,0.0691425566039976,323460.0,2022-10-11,M31,otc,Semiconductors,6643.TWO
2025-12-01,6643,0.6614414320907755,2.942966732881241,0.7326840802663709,544250.0,2026-01-11,M31,otc,Semiconductors,6643.TWO
2021-02-01,6651,0.5443062176562061,2.522835673516515,0.31993410499143016,363471.0,2021-03-11,全宇昕,otc,Semiconductors,6651.TWO
2021-03-01,6655,0.4327249069051986,2.3157380683701696,0.5449521542793141,438229.0,2021-04-11,科定,sii,Other,6655.TW
2021-10-01,6664,0.3928358290673164,3.2645231039141698,0.3467863236891142,508789.0,2021-11-11,群翊,otc,Electronic components,6664.TWO
2022-05-01,6664,0.3819401422276516,2.296647389862224,0.2445518303797214,633509.0,2022-06-11,群翊,otc,Electronic components,6664.TWO
2021-10-01,6667,0.7793328781819955,2.265573553374078,0.5491369477501189,510818.0,2021-11-11,信紘科,otc,Other electronics,6667.TWO
2024-10-01,6667,0.8961114178659655,2.325627807212577,0.5621210142398818,1122917.0,2024-11-11,信紘科,otc,Other electronics,6667.TWO
2025-04-01,6667,1.2101701050125113,2.703307268268027,0.5800076550112843,1477691.0,2025-05-11,信紘科,otc,Other electronics,6667.TWO
2021-02-01,6670,0.3712922835259671,2.129133997506803,0.4496107000412407,5852478.0,2021-03-11,復盛應用,sii,Sports & leisure,6670.TW
2020-12-01,6674,0.37612909570360875,2.5036166109597286,0.3538162478048712,755649.0,2021-01-11,鋐寶科技,sii,Communications & networking,6674.TW
2021-06-01,6689,1.428054762707958,2.3968336390639187,0.7417561055233897,3044584.0,2021-07-11,伊雲谷,sii,Digital cloud,6689.TW
2022-02-01,6690,0.49857452389097956,2.39021994101536,0.4793160023294578,341666.0,2022-03-11,安硌穈T,otc,Digital cloud,6690.TWO
2026-08-01,6691,1.650068900310806,2.6392895533357135,0.8007351676316059,14490696.0,2026-09-11,洋基工程,sii,Other electronics,6691.TW
2022-10-01,6692,2.826739258337099,3.0790048489567496,2.416430237683646,897577.0,2022-11-11,進能服,otc,Green energy,6692.TWO
2025-02-01,6692,2.4523006706090142,2.163072805727972,1.3807431216807755,1010554.0,2025-03-11,進能服,otc,Green energy,6692.TWO
2026-04-01,6693,0.7859170723170361,2.3884282614247576,0.4306583047775667,551059.0,2026-05-11,廣閎科,otc,Semiconductors,6693.TWO
2023-08-01,6703,0.8904428183191777,2.3440978826770436,0.28109693638384026,733178.0,2023-09-11,軒郁,otc,Biotech & medical,6703.TWO
2021-08-01,6706,1.2147409734295374,2.050829371869297,0.5432231956744709,1484109.0,2021-09-11,惠特,sii,Optoelectronics,6706.TW
2025-03-01,6706,1.3387308582621085,2.127692938091036,0.9369980930736137,420298.0,2025-04-11,惠特,sii,Optoelectronics,6706.TW
2023-11-01,6716,1.0145224920748865,2.4330769037003996,1.027807156261646,317108.0,2023-12-11,應廣,otc,Semiconductors,6716.TWO
2022-08-01,6722,0.5748049377909712,2.5800799733938,0.4493907807357844,970820.0,2022-09-11,輝創,sii,Other electronics,6722.TW
2022-07-01,6725,0.7632883085359823,2.626744451607244,0.6785359040101662,313823.0,2022-08-11,矽科宏晟,otc,Other electronics,6725.TWO
2023-04-01,6725,1.3828977753389577,3.101095512604695,1.1974123455880121,521104.0,2023-05-11,矽科宏晟,otc,Other electronics,6725.TWO
2023-10-01,6725,2.0360016808488286,2.2542322817295735,0.38424575473761324,866991.0,2023-11-11,矽科宏晟,otc,Other electronics,6725.TWO
2026-01-01,6727,1.347628275621597,2.770590186945405,1.3854590417768524,700213.0,2026-02-11,亞泰金屬,otc,Electronic components,6727.TWO
2022-08-01,6742,1.7355394089909888,2.9909926705309946,1.1745285312099247,326038.0,2022-09-11,澤米,sii,Optoelectronics,6742.TW
2021-03-01,6743,3.1302080168157946,2.337320098405789,1.718933367465545,1155372.0,2021-04-11,安普新,sii,Other electronics,6743.TW
2022-12-01,6753,1.556080058280322,2.1908158836423044,1.080714986832794,1126283.0,2023-01-11,龍德造船,sii,Shipping,6753.TW
2021-02-01,6756,0.6870563808107866,2.407443907854993,0.596567075262642,658146.0,2021-03-11,威鋒電子,sii,Semiconductors,6756.TW
2022-12-01,6757,31.800372354572744,4.417192014914326,30.038606128760737,863273.0,2023-01-11,台灣虎航,sii,Shipping,6757.TW
2024-06-01,6788,1.0436720550747203,2.2887727272504357,0.9795041624325962,535532.0,2024-07-11,華景電,otc,Semiconductors,6788.TWO
2013-01-01,6803,1.8624733319694888,4.3209616705858265,1.5157610711055458,391781.0,2013-02-11,崑鼎,otc,Green energy,6803.TWO
2013-07-01,6803,5.235456560672286,2.4399136581721192,0.4272067420312693,995765.0,2013-08-11,崑鼎,otc,Green energy,6803.TWO
2026-08-01,6811,0.3380514163405106,2.2794939182583946,0.06784173516231973,3799587.0,2026-09-11,宏硌穈T,otc,Digital cloud,6811.TWO
2024-12-01,6829,0.43734914898140387,2.8041636462026847,0.5025314079147851,459739.0,2025-01-11,千附精密,otc,Semiconductors,6829.TWO
2026-04-01,6829,0.5091576818570951,2.001650650816271,0.47366476782968236,608183.0,2026-05-11,千附精密,otc,Semiconductors,6829.TWO
2025-05-01,6831,0.6450643913376293,2.2978357062820582,0.3207031531299671,878976.0,2025-06-11,邁科,sii,Computers & peripherals,6831.TW
2026-08-01,6834,0.8903397303592557,2.4461005871391563,0.4835704494475028,712556.0,2026-09-11,天二科技,sii,Electronic components,6834.TW
2025-03-01,6859,1.279229731643155,2.6884421303003703,0.7344725722242951,305843.0,2025-04-11,伯特光,otc,Optoelectronics,6859.TWO
2026-02-01,6861,0.306666191739835,2.1178501399187324,0.05583352354085891,733680.0,2026-03-11,睿生光電,sii,Biotech & medical,6861.TW
2025-04-01,6869,1.1165286218511934,2.2928175160411497,1.1311501385873375,2101787.0,2025-05-11,雲豹能源,sii,Green energy,6869.TW
2026-04-01,6874,0.9169446185152992,2.05411361766465,0.404025083805305,568976.0,2026-05-11,倍力,otc,IT services,6874.TWO
2026-08-01,6884,0.7171315014047832,2.5267125043638363,0.5661843667220605,501162.0,2026-09-11,海柏特,otc,IT services,6884.TWO
2025-05-01,6899,0.5098639600432833,2.6948709030681366,0.4950608872472828,319531.0,2025-06-11,創為精密,otc,Optoelectronics,6899.TWO
2025-09-01,6903,0.5649329760577855,2.2880771650973823,0.8726334877756773,899982.0,2025-10-11,巨漢,otc,Other electronics,6903.TWO
2026-03-01,6903,3.5869681205815658,3.111932095399995,1.687555912593623,1925756.0,2026-04-11,巨漢,otc,Other electronics,6903.TWO
2026-07-01,6916,0.41264139860540605,2.403635965271151,0.3873439485132053,690218.0,2026-08-11,華凌,sii,Optoelectronics,6916.TW
2026-07-01,6922,0.7021317961102509,2.1610964814354836,0.5397585062214816,726669.0,2026-08-11,宸曜,otc,Computers & peripherals,6922.TWO
2026-02-01,6947,1.485194557644275,2.2750860143090117,0.6917046809726983,453717.0,2026-03-11,台鎔科技,sii,Green energy,6947.TW
2026-06-01,6996,0.3970304206741879,2.516905046977507,0.24360936171968728,861483.0,2026-07-11,力領科技,otc,Semiconductors,6996.TWO
2024-07-01,7584,1.3407250844387022,3.9145795470363387,1.2314731372492238,333345.0,2024-08-11,樂意,otc,Cultural & creative,7584.TWO
2025-01-01,7584,1.4238447674195651,2.129105416087972,0.2723329558173755,316033.0,2025-02-11,樂意,otc,Cultural & creative,7584.TWO
2025-11-01,7610,1.1440974361404672,2.5577250935399407,1.0364456530112738,452426.0,2025-12-11,聯友金屬-創,sii,Green energy,7610.TW
2026-05-01,7610,4.874010949022869,2.585016747415688,1.959685256343798,1638432.0,2026-06-11,聯友金屬-創,sii,Green energy,7610.TW
2026-05-01,7750,0.7699028561928332,2.294679674933703,0.2639004890413852,7856574.0,2026-06-11,新代,sii,Electrical machinery,7750.TW
2026-06-01,7767,0.9035829529627535,4.28964100474773,1.0154509983192679,1104337.0,2026-07-11,仁大資訊,otc,IT services,7767.TWO
2009-11-01,8008,0.31603775723527705,2.814404643212476,0.26125429745631323,11610701.0,2009-12-11,建興電,sii,,8008.TW
2014-02-01,8011,0.9673835723207935,2.495164684748482,1.1532577277657063,578035.0,2014-03-11,台通,sii,Communications & networking,8011.TW
2024-03-01,8011,0.8505204868841232,2.2886082718665626,0.19896690947740892,753915.0,2024-04-11,台通,sii,Communications & networking,8011.TW
2021-05-01,8016,0.7966306918347164,2.9664157882132534,0.5406280041990774,5223030.0,2021-06-11,矽創,sii,Semiconductors,8016.TW
2013-02-01,8021,1.0459560375641472,2.3741134632196528,0.9375298876203313,436161.0,2013-03-11,尖點,sii,Other electronics,8021.TW
2026-08-01,8021,0.9684645303783661,2.01065203498837,0.295269794461235,2181789.0,2026-09-11,尖點,sii,Other electronics,8021.TW
2018-02-01,8027,0.9666502771321295,2.2897166307909096,1.0441615335952394,439979.0,2018-03-11,鈦昇,otc,Electrical machinery,8027.TWO
2021-03-01,8027,1.012072664061248,2.104409654230761,0.19509249725775968,652821.0,2021-04-11,鈦昇,otc,Electrical machinery,8027.TWO
2026-02-01,8027,1.024134205815174,2.2238660742509824,0.8445909611568678,655779.0,2026-03-11,鈦昇,otc,Electrical machinery,8027.TWO
2019-08-01,8028,0.3508129591713838,2.1821595573236645,0.0648337475333769,729027.0,2019-09-11,昇陽半導體,sii,Semiconductors,8028.TW
2024-12-01,8028,0.3930617508683758,2.187201231298174,0.20200747751981596,1049959.0,2025-01-11,昇陽半導體,sii,Semiconductors,8028.TW
2010-01-01,8032,0.5818697759130973,4.048634744131436,0.48413761529014976,972755.0,2010-02-11,光菱,otc,Electronics distribution,8032.TWO
2010-07-01,8032,0.9036211403164334,3.2510278850425975,0.4745887612675399,1468954.0,2010-08-11,光菱,otc,Electronics distribution,8032.TWO
2026-07-01,8032,0.541978729477798,2.050764292157947,0.1357366750664073,1345048.0,2026-08-11,光菱,otc,Electronics distribution,8032.TWO
2008-02-01,8033,0.7074722383351721,2.168619380197888,0.6670416047953982,450368.0,2008-03-11,雷虎,sii,Other,8033.TW
2021-05-01,8033,0.715758415250179,2.412809403521443,0.37337410574329244,333202.0,2021-06-11,雷虎,sii,Other,8033.TW
2009-12-01,8039,0.8968546011579672,3.354419534160616,0.9325915583832738,1028393.0,2010-01-11,台虹,sii,Electronic components,8039.TW
2009-08-01,8040,0.40109587363781074,2.6967168314055114,0.38057119549559393,457710.0,2009-09-11,九暘,otc,Semiconductors,8040.TWO
2010-02-01,8040,1.0775931440521926,2.9246338619058747,0.6612739821319322,456977.0,2010-03-11,九暘,otc,Semiconductors,8040.TWO
2022-02-01,8040,0.7535029583084896,2.275673698884849,0.3346413507020378,305853.0,2022-03-11,九暘,otc,Semiconductors,8040.TWO
2008-03-01,8042,0.6664015334263473,2.0424463345837967,0.14252946605117178,383394.0,2008-04-11,金山電,otc,Electronic components,8042.TWO
2010-01-01,8042,1.324065866753144,3.242427262363026,1.644086259522655,322499.0,2010-02-11,金山電,otc,Electronic components,8042.TWO
2010-10-01,8042,1.384537474679271,2.8574421452058947,1.3419708079410408,543851.0,2010-11-11,金山電,otc,Electronic components,8042.TWO
2009-12-01,8043,0.47062112476262374,2.182248365741347,0.45850030667706276,1028423.0,2010-01-11,蜜望實,otc,Electronic components,8043.TWO
2026-03-01,8043,0.807655220569724,3.688584373457858,0.3723342062905688,1902765.0,2026-04-11,蜜望實,otc,Electronic components,8043.TWO
2023-07-01,8045,1.8346367906865915,3.175135179631158,2.0829907851232874,666185.0,2023-08-11,達運光電,sii,Communications & networking,8045.TW
2024-01-01,8045,2.4502840253082714,2.954827454478197,0.03955157043507862,896508.0,2024-02-11,達運光電,sii,Communications & networking,8045.TW
2010-02-01,8046,0.7691281286391665,2.1418113560579704,0.9269513755866696,7731074.0,2010-03-11,南電,sii,Electronic components,8046.TW
2015-06-01,8048,0.9435963128802392,2.3737689057223523,0.80586198811477,496136.0,2015-07-11,德勝,otc,Communications & networking,8048.TWO
2023-05-01,8048,0.889342578434404,2.2743266215816473,0.3811292984753656,446053.0,2023-06-11,德勝,otc,Communications & networking,8048.TWO
2010-02-01,8049,0.6996156389022736,2.4075335734496215,0.8804237857395844,303344.0,2010-03-11,晶采,otc,Optoelectronics,8049.TWO
2010-07-01,8050,0.7145216334044158,2.0268607332881667,0.4388194161974257,452656.0,2010-08-11,廣積,otc,Computers & peripherals,8050.TWO
2014-05-01,8050,0.8073396582713352,2.2759972888999047,0.4985321836825256,1032694.0,2014-06-11,廣積,otc,Computers & peripherals,8050.TWO
2021-05-01,8050,0.9777979113295399,3.3004980647602644,0.9662816684066009,1835883.0,2021-06-11,廣積,otc,Computers & peripherals,8050.TWO
2026-08-01,8050,0.7913821014403994,2.4311902560341094,0.8121911616009935,2164484.0,2026-09-11,廣積,otc,Computers & peripherals,8050.TWO
2021-02-01,8054,0.7968670123420727,3.3400145699212294,0.5268933172295276,393672.0,2021-03-11,安國,otc,Semiconductors,8054.TWO
2023-12-01,8054,0.7491771984409805,2.7042239262835115,0.6639605554715875,680813.0,2024-01-11,安國,otc,Semiconductors,8054.TWO
2025-08-01,8054,0.5975487472966694,2.0560016679138498,0.7239025102598593,914504.0,2025-09-11,安國,otc,Semiconductors,8054.TWO
2026-02-01,8054,2.319681830550089,7.053288613165286,1.8034892707455679,1573818.0,2026-03-11,安國,otc,Semiconductors,8054.TWO
2014-02-01,8059,0.6842756108622938,2.178445938580277,0.463800148803843,475343.0,2014-03-11,凱碩,otc,Communications & networking,8059.TWO
2018-07-01,8059,1.5538115416081055,3.4909860047763344,1.1199070054433475,486971.0,2018-08-11,凱碩,otc,Communications & networking,8059.TWO
2025-04-01,8059,4.248427057408909,6.49851914322348,2.439400135490688,375378.0,2025-05-11,凱碩,otc,Communications & networking,8059.TWO
2025-10-01,8059,51.35337967858815,9.569242161028379,35.55934409001412,3019900.0,2025-11-11,凱碩,otc,Communications & networking,8059.TWO
2010-05-01,8064,5.528414755732801,3.6454470732595383,5.617743461145991,438716.0,2010-06-11,東捷,otc,Optoelectronics,8064.TWO
2013-02-01,8064,3.4935145101811766,2.196649339784569,3.5170618070376225,560521.0,2013-03-11,東捷,otc,Optoelectronics,8064.TWO
2013-08-01,8064,5.694760658355885,2.932736595088086,1.7759569544545135,754533.0,2013-09-11,東捷,otc,Optoelectronics,8064.TWO
2014-04-01,8068,0.8239055496592314,2.7746032962790856,0.4230502098320583,415876.0,2014-05-11,全達,otc,Electronics distribution,8068.TWO
2016-08-01,8068,0.8907331320771168,2.8137543213051903,0.7511839045264976,693952.0,2016-09-11,全達,otc,Electronics distribution,8068.TWO
2017-02-01,8068,1.2822717965297983,3.512088673435855,0.818980443212995,635316.0,2017-03-11,全達,otc,Electronics distribution,8068.TWO
2017-10-01,8068,0.9841027840720122,2.3849733960859103,0.8006948645146361,1276663.0,2017-11-11,全達,otc,Electronics distribution,8068.TWO
2022-03-01,8068,1.2422713625707744,2.9268201211249694,2.0733114103997003,327116.0,2022-04-11,全達,otc,Electronics distribution,8068.TWO
2009-07-01,8069,0.6896721746064001,2.0396016021122265,0.8268655339487035,3276102.0,2009-08-11,元太,otc,Optoelectronics,8069.TWO
2010-01-01,8069,1.6570792961905485,3.0016906034943647,0.9556745947949352,4133783.0,2010-02-11,元太,otc,Optoelectronics,8069.TWO
2011-09-01,8069,1.371428610147074,2.145863958529917,0.8006643867138152,8749706.0,2011-10-11,元太,otc,Optoelectronics,8069.TWO
2013-01-01,8069,1.7434684366366011,2.613240226111441,2.2856043762567326,7783936.0,2013-02-11,元太,otc,Optoelectronics,8069.TWO
2009-12-01,8070,0.8904657798439592,2.9396933135824144,0.5667341714188152,2913221.0,2010-01-11,長華*,sii,Electronics distribution,8070.TW
2013-08-01,8071,4.391814273844931,4.777436649744306,1.4989688966381793,447774.0,2013-09-11,能率網通,otc,Electronic components,8071.TWO
2022-06-01,8071,3.1070891370012106,2.9136972210793166,3.422586504298777,671698.0,2022-07-11,能率網通,otc,Electronic components,8071.TWO
2020-08-01,8072,0.5581200377043831,3.6331246219024647,0.46036069797124823,343821.0,2020-09-11,陞泰,sii,Electronics distribution,8072.TW
2025-04-01,8072,0.534382306719307,2.2653340757717513,0.5878705540756326,320244.0,2025-05-11,陞泰,sii,Electronics distribution,8072.TW
2025-12-01,8072,0.5984800774332075,2.390705119366395,0.3618611503816995,378186.0,2026-01-11,陞泰,sii,Electronics distribution,8072.TW
2013-11-01,8076,1.1397961518564208,2.2882845156874363,0.5790794378811164,860335.0,2013-12-11,伍豐,otc,Computers & peripherals,8076.TWO
2011-12-01,8078,1.6131889157801846,3.20100352460221,2.050461525091487,10950657.0,2012-01-11,華寶通訊,sii,,8078.TW
2010-01-01,8081,0.7077206165169683,2.2966190412244774,0.5836178198707227,1109974.0,2010-02-11,致新,sii,Semiconductors,8081.TW
2020-04-01,8081,0.5564330438831706,2.205171719987421,0.22043747046496587,1758167.0,2020-05-11,致新,sii,Semiconductors,8081.TW
2020-10-01,8083,0.7386864686892285,2.671327766597628,0.6812419327923869,541806.0,2020-11-11,瑞穎,otc,Electrical machinery,8083.TWO
2024-03-01,8083,0.7892493488041676,2.438401727066061,0.6989892142628384,415580.0,2024-04-11,瑞穎,otc,Electrical machinery,8083.TWO
2011-02-01,8084,1.0294874326416492,2.453281110179208,0.8295150802877593,709178.0,2011-03-11,巨虹,otc,Electronics distribution,8084.TWO
2013-01-01,8085,0.8554458208083051,3.6751575611083105,0.8280379308106356,704895.0,2013-02-11,福華,otc,Other electronics,8085.TWO
2013-07-01,8085,2.212353389828403,3.7202487822814287,0.3002262611806268,1293014.0,2013-08-11,福華,otc,Other electronics,8085.TWO
2014-08-01,8086,1.5556167533571776,2.476799004840621,1.27841725318456,742399.0,2014-09-11,宏捷科,otc,Semiconductors,8086.TWO
2024-01-01,8086,2.1481377280498624,2.2137368565744744,1.418168944506942,1163728.0,2024-02-11,宏捷科,otc,Semiconductors,8086.TWO
2024-03-01,8087,18.15219583239973,8.262263056935325,18.613735257856327,341905.0,2024-04-11,麗升能源,otc,Green energy,8087.TWO
2009-09-01,8088,0.9126449105079701,2.2059055779046672,1.2617205139644927,781369.0,2009-10-11,品安,otc,Semiconductors,8088.TWO
2026-02-01,8088,1.1349862555148178,2.1513824176582013,0.4958576700005852,595706.0,2026-03-11,品安,otc,Semiconductors,8088.TWO
2016-12-01,8089,1.3804130579613592,3.7334295741564136,1.3309634637247993,500220.0,2017-01-11,康全電訊,otc,Communications & networking,8089.TWO
2018-04-01,8089,1.9502595187918415,3.1601591258167265,1.669532668747019,792363.0,2018-05-11,康全電訊,otc,Communications & networking,8089.TWO
2024-04-01,8089,1.653143544195788,2.819184054338166,2.182600383074689,547248.0,2024-05-11,康全電訊,otc,Communications & networking,8089.TWO
2010-09-01,8091,1.1719054354883593,2.3241809102562345,0.4084097655226189,374645.0,2010-10-11,翔名,otc,Semiconductors,8091.TWO
2015-11-01,8091,1.2578580682308909,2.795598939059711,0.37150712425800836,784267.0,2015-12-11,翔名,otc,Semiconductors,8091.TWO
2010-01-01,8096,1.0752746976866634,2.2946890384859193,1.2644311648029904,3058544.0,2010-02-11,擎亞,otc,Electronics distribution,8096.TWO
2010-07-01,8096,1.7634546805891298,2.405109496925733,0.16299062421859878,5302036.0,2010-08-11,擎亞,otc,Electronics distribution,8096.TWO
2015-07-01,8096,2.5823835518147953,3.246804113117127,2.0936897864486683,11013963.0,2015-08-11,擎亞,otc,Electronics distribution,8096.TWO
2026-07-01,8096,3.753527577690318,5.048257444105483,3.8700547247176593,23367234.0,2026-08-11,擎亞,otc,Electronics distribution,8096.TWO
2008-02-01,8097,3.6419233814957614,2.1232373017100077,0.7754384861734791,357572.0,2008-03-11,常珵,otc,Communications & networking,8097.TWO
2022-05-01,8097,6.356202995139813,4.850090723341753,4.349425021639009,558505.0,2022-06-11,常珵,otc,Communications & networking,8097.TWO
2013-06-01,8099,0.4142696611261709,3.116554361971504,0.23336648185541486,796668.0,2013-07-11,大世科,otc,IT services,8099.TWO
2013-12-01,8099,0.3426834433858259,2.1972289797143807,0.20029891024308988,925603.0,2014-01-11,大世科,otc,IT services,8099.TWO
2025-08-01,8099,0.8030780778265139,5.471639553212764,0.7759247201912278,1614294.0,2025-09-11,大世科,otc,IT services,8099.TWO
2026-06-01,8099,0.3623056597801635,2.0701730603134005,0.058171541553783124,1360096.0,2026-07-11,大世科,otc,IT services,8099.TWO
2010-12-01,8101,1.5765414156744462,2.5490274144610106,1.102298092870403,7401798.0,2011-01-11,華冠,sii,Communications & networking,8101.TW
2013-08-01,8101,1.5431543557517888,2.179463681423325,1.0988041022405364,9373716.0,2013-09-11,華冠,sii,Communications & networking,8101.TW
2020-09-01,8101,1.3203913786863355,2.1087776837054917,0.863128518434086,1115556.0,2020-10-11,華冠,sii,Communications & networking,8101.TW
2010-01-01,8103,1.105805033735547,3.577086520464406,1.0250408487568654,300869.0,2010-02-11,瀚荃,sii,Electronic components,8103.TW
2013-08-01,8103,0.7993171143481743,2.094163002251546,0.25989322299312567,665042.0,2013-09-11,瀚荃,sii,Electronic components,8103.TW
2021-02-01,8104,0.7270880512838753,2.791013797094318,0.5443296840569434,436993.0,2021-03-11,錸寶,sii,Optoelectronics,8104.TW
2022-06-01,8104,0.7194942483359104,2.420648920091647,0.9309877368124737,784012.0,2022-07-11,錸寶,sii,Optoelectronics,8104.TW
2023-03-01,8104,0.8169294142288626,2.2743483280722776,0.4738479515742542,650597.0,2023-04-11,錸寶,sii,Optoelectronics,8104.TW
2025-05-01,8104,0.9277937038108512,2.7765512577854508,1.009615416552764,1172808.0,2025-06-11,錸寶,sii,Optoelectronics,8104.TW
2008-02-01,8105,0.9713445607737703,2.5275108351479605,0.5031979273281342,2763555.0,2008-03-11,凌巨,sii,Optoelectronics,8105.TW
2014-03-01,8105,0.833446471515553,2.051117928347777,0.26904137656641436,4240406.0,2014-04-11,凌巨,sii,Optoelectronics,8105.TW
2009-12-01,8107,0.699025234444171,2.4121094263642453,0.5725785675659536,2030257.0,2010-01-11,大億金茂,otc,Electrical machinery,8107.TWO
2020-12-01,8107,1.2110390080681372,2.0015046023407934,0.8088327857284847,305287.0,2021-01-11,大億金茂,otc,Electrical machinery,8107.TWO
2010-02-01,8110,0.4627055170667753,2.30115631618589,0.4038371140302077,1554129.0,2010-03-11,華東,sii,Semiconductors,8110.TW
2021-07-01,8110,0.44489845451266574,2.1826283886536326,0.39922356169608064,2131231.0,2021-08-11,華東,sii,Semiconductors,8110.TW
2022-01-01,8110,0.6731886299216603,2.897057085616217,0.09752552864147557,2369466.0,2022-02-11,華東,sii,Semiconductors,8110.TW
2010-01-01,8112,0.5159255652207313,2.0723850041417062,0.8482231881587483,8209219.0,2010-02-11,至上,sii,Electronics distribution,8112.TW
2013-05-01,8112,0.8075528938868679,2.678883180915875,1.056633247636503,7022249.0,2013-06-11,至上,sii,Electronics distribution,8112.TW
2013-11-01,8112,0.7776601918124157,2.1299173187962146,0.06994978904333982,7174313.0,2013-12-11,至上,sii,Electronics distribution,8112.TW
2014-07-01,8112,1.137817740849461,2.369857101499517,0.3327878632104422,14198479.0,2014-08-11,至上,sii,Electronics distribution,8112.TW
2024-03-01,8112,1.2561679214853623,2.5839274830554624,0.8794863146681855,55822303.0,2024-04-11,至上,sii,Electronics distribution,8112.TW
2026-03-01,8112,1.3784680054727554,2.797021494889078,0.990290245472405,110164542.0,2026-04-11,至上,sii,Electronics distribution,8112.TW
2010-03-01,8114,0.7196897627524208,2.8995669587463193,0.9340006808160038,413962.0,2010-04-11,振樺電,sii,Computers & peripherals,8114.TW
2016-11-01,8114,0.6368704529769869,2.1308441581679207,0.5977610313959407,1273680.0,2016-12-11,振樺電,sii,Computers & peripherals,8114.TW
2017-05-01,8114,0.6524686118255185,2.0051653557338542,0.19779602517113148,1304310.0,2017-06-11,振樺電,sii,Computers & peripherals,8114.TW
2018-01-01,8114,1.1343452631217663,3.574014790245511,0.952218571294305,2487430.0,2018-02-11,振樺電,sii,Computers & peripherals,8114.TW
2018-07-01,8114,1.228798755530621,3.2824963022412503,0.4997171672084384,2621970.0,2018-08-11,振樺電,sii,Computers & peripherals,8114.TW
2024-12-01,8114,1.0382103689661113,2.738136615090675,0.6242845138450932,4885470.0,2025-01-11,振樺電,sii,Computers & peripherals,8114.TW
2009-12-01,8121,0.6381355218855218,2.532478098201867,0.6629123848388287,389221.0,2010-01-11,越峰,otc,Electronic components,8121.TWO
2013-03-01,8121,0.9750990302334974,2.031153431390307,1.1341602516029763,581878.0,2013-04-11,越峰,otc,Electronic components,8121.TWO
2013-09-01,8121,1.2699010439548943,2.3080344120307674,0.2553613724122785,650994.0,2013-10-11,越峰,otc,Electronic components,8121.TWO
2010-01-01,8131,1.0392537001679822,2.6441873046342956,1.1493709349324241,2772708.0,2010-02-11,福懋科,sii,Semiconductors,8131.TW
2026-06-01,8131,0.5022765500358053,2.1590152493511745,0.18194113662276612,3157252.0,2026-07-11,福懋科,sii,Semiconductors,8131.TW
2025-05-01,8147,0.6452928632062775,2.0901647062465702,0.5461689030282448,476796.0,2025-06-11,正淩,otc,Electronic components,8147.TWO
2021-07-01,8150,0.3033383445648039,2.119834795653787,0.14978133986048126,7116750.0,2021-08-11,南茂,sii,Semiconductors,8150.TW
2026-08-01,8150,0.3794567827486566,2.2456750521773476,0.1380540828414789,8147069.0,2026-09-11,南茂,sii,Semiconductors,8150.TW
2020-04-01,8155,0.9951611926133093,2.8155022342294074,0.6016956340417297,790427.0,2020-05-11,博智,otc,Electronic components,8155.TWO
2009-12-01,8163,0.4833013888912914,2.0106914224517536,0.6907781322800702,3429909.0,2010-01-11,達方,sii,Computers & peripherals,8163.TW
2013-02-01,8163,0.6744583808437856,2.138323548571241,0.619385239862092,5133876.0,2013-03-11,達方,sii,Computers & peripherals,8163.TW
2013-12-01,8163,0.9139075347171066,2.0733550007696864,0.20997765019577797,5780929.0,2014-01-11,達方,sii,Computers & peripherals,8163.TW
2014-03-01,8171,1.2148916357327821,3.2554942808437928,1.6132380472025485,694528.0,2014-04-11,天宇,otc,Green energy,8171.TWO
2021-07-01,8171,4.34000457657848,4.8438372453980545,3.6593224290052886,303371.0,2021-08-11,天宇,otc,Green energy,8171.TWO
2022-05-01,8171,3.213471035509916,2.3346801750903956,1.70107421473165,430010.0,2022-06-11,天宇,otc,Green energy,8171.TWO
2015-10-01,8176,0.3187689581132205,2.379521098810174,0.5291418652134335,386940.0,2015-11-11,智捷,otc,Communications & networking,8176.TWO
2017-12-01,8176,0.5503392021848397,2.564404870213166,0.4013485064570781,426889.0,2018-01-11,智捷,otc,Communications & networking,8176.TWO
2010-01-01,8182,0.9403629489235239,3.715210353724211,0.9826059704761833,1196779.0,2010-02-11,加高,otc,Electronic components,8182.TWO
2013-01-01,8183,0.3308519461454211,2.5581306010618805,0.46837442011940367,460532.0,2013-02-11,精星,otc,Other electronics,8183.TWO
2013-10-01,8183,1.0288063638030494,3.318811241092083,0.4431278198231956,719222.0,2013-11-11,精星,otc,Other electronics,8183.TWO
2021-03-01,8183,0.927192086745716,2.551169684574961,0.8427950245823703,1109762.0,2021-04-11,精星,otc,Other electronics,8183.TWO
2022-07-01,8183,0.874987996007661,2.212203712595717,0.4342964530683553,1737692.0,2022-08-11,精星,otc,Other electronics,8183.TWO
2012-03-01,8201,0.3797207177333186,2.5419669508779053,0.8084894386793026,636599.0,2012-04-11,無敵,sii,Other electronics,8201.TW
2013-01-01,8201,0.678724123639378,3.472619821934561,1.0397624840594273,615662.0,2013-02-11,無敵,sii,Other electronics,8201.TW
2013-09-01,8201,0.4890546345453033,2.36581960355664,0.8522118700689822,411466.0,2013-10-11,無敵,sii,Other electronics,8201.TW
2017-03-01,8201,2.835395486121463,7.024060498709365,3.1476481442394433,385929.0,2017-04-11,無敵,sii,Other electronics,8201.TW
2019-01-01,8201,1.2134585140351715,2.417083555478874,1.1057257813024388,557340.0,2019-02-11,無敵,sii,Other electronics,8201.TW
2010-01-01,8210,0.5931173110056525,3.3413387392535694,0.6197975978879422,527051.0,2010-02-11,勤誠,sii,Computers & peripherals,8210.TW
2012-10-01,8210,0.5078984896788297,2.142522007710021,0.2117064381176823,821580.0,2012-11-11,勤誠,sii,Computers & peripherals,8210.TW
2023-12-01,8210,0.7796718019808984,3.0769742578869614,1.0015624142732187,4729444.0,2024-01-11,勤誠,sii,Computers & peripherals,8210.TW
2024-07-01,8210,0.6611524949070016,2.2763996301341454,0.3115101034104655,4076234.0,2024-08-11,勤誠,sii,Computers & peripherals,8210.TW
2025-04-01,8210,0.8594831774171341,2.923453328080714,1.0249775614616268,5010383.0,2025-05-11,勤誠,sii,Computers & peripherals,8210.TW
2025-11-01,8210,0.6681082042924653,2.0815409512637544,0.42824264772636833,6205918.0,2025-12-11,勤誠,sii,Computers & peripherals,8210.TW
2013-06-01,8215,0.4895241423633838,2.3777728202242496,0.3435839012358368,5029274.0,2013-07-11,明基材,sii,Optoelectronics,8215.TW
2022-05-01,8227,0.9725901639344263,2.080043893324961,0.26188221257002264,300820.0,2022-06-11,巨有科技,otc,Semiconductors,8227.TWO
2022-11-01,8227,1.182429679306913,2.306162827119965,0.6579067553262392,326725.0,2022-12-11,巨有科技,otc,Semiconductors,8227.TWO
2025-07-01,8227,1.20016854660962,2.3324917232505937,0.6785701038462832,339398.0,2025-08-11,巨有科技,otc,Semiconductors,8227.TWO
2026-01-01,8227,1.5659555768616173,2.587498449970047,0.2199909515919205,449617.0,2026-02-11,巨有科技,otc,Semiconductors,8227.TWO
2010-01-01,8240,1.2647764375078299,3.34823476673462,1.3508281817954058,1464298.0,2010-02-11,華宏,otc,Optoelectronics,8240.TWO
2010-01-01,8249,0.7110911953938155,3.8405836669542146,0.8107071704334391,1493040.0,2010-02-11,菱光,sii,Electronic components,8249.TW
2014-02-01,8249,0.6212151843420106,2.0729041951734404,0.16757539419966072,1291092.0,2014-03-11,菱光,sii,Electronic components,8249.TW
2021-03-01,8249,0.6402009733663039,2.5237316719506384,0.5687786435558297,937242.0,2021-04-11,菱光,sii,Electronic components,8249.TW
2022-12-01,8249,0.5254713235264019,2.047756939099442,0.46976364020038885,1117992.0,2023-01-11,菱光,sii,Electronic components,8249.TW
2024-08-01,8249,0.6566121264928546,2.539113023293882,0.7008393010981298,1270045.0,2024-09-11,菱光,sii,Electronic components,8249.TW
2009-11-01,8255,0.6570926481735153,2.0029627857681738,0.5703217028773677,487515.0,2009-12-11,朋程,otc,Electrical machinery,8255.TWO
2021-06-01,8255,0.7227611381009902,2.516929159062078,0.5545468798833957,976952.0,2021-07-11,朋程,otc,Electrical machinery,8255.TWO
2024-04-01,8255,0.6414878756370148,2.058716627966747,0.1688480605862719,1820218.0,2024-05-11,朋程,otc,Electrical machinery,8255.TWO
2009-12-01,8261,0.5339226208048964,2.338227873678341,0.5002400438928931,794960.0,2010-01-11,富鼎,sii,Semiconductors,8261.TW
2018-01-01,8261,0.47894392319441415,2.077456492033038,0.2202662157236437,664244.0,2018-02-11,富鼎,sii,Semiconductors,8261.TW
2020-12-01,8261,0.5469647774310744,2.0119665533669298,0.06673249609403187,953365.0,2021-01-11,富鼎,sii,Semiconductors,8261.TW
2010-03-01,8266,22.184030989824237,6.638590887913729,22.935353522474262,400991.0,2010-04-11,中日新,otc,,8266.TWO
2013-06-01,8271,0.3410667688385334,2.7642387338305867,0.2574703963391176,2439611.0,2013-07-11,宇瞻,sii,Semiconductors,8271.TW
2017-03-01,8271,0.4436358592136924,2.0667658491650776,0.247014709124588,2164680.0,2017-04-11,宇瞻,sii,Semiconductors,8271.TW
2017-09-01,8271,0.5948612489981384,2.1670249043826684,0.11125059453508257,2767912.0,2017-10-11,宇瞻,sii,Semiconductors,8271.TW
2025-07-01,8271,0.5911580069966793,2.4746713767515414,0.4108023828890037,2954136.0,2025-08-11,宇瞻,sii,Semiconductors,8271.TW
2026-01-01,8271,0.9618052890812097,3.5259905491247694,0.2463527698645025,3987793.0,2026-02-11,宇瞻,sii,Semiconductors,8271.TW
2009-11-01,8277,1.4681897757617794,3.4405334977474094,1.882595664883044,3198964.0,2009-12-11,商丞,otc,Semiconductors,8277.TWO
2010-05-01,8277,1.8178225997982356,2.179525425478772,0.03130159119944853,2586485.0,2010-06-11,商丞,otc,Semiconductors,8277.TWO
2019-08-01,8277,1.279197836204586,2.0931059324122776,0.8103252961115921,374144.0,2019-09-11,商丞,otc,Semiconductors,8277.TWO
2022-07-01,8279,0.4868820722563054,2.30638237022183,0.3434505314975127,545314.0,2022-08-11,生展,otc,Biotech & medical,8279.TWO
2010-06-01,8287,0.933963029162429,2.9438301888539593,0.8361567021806828,1144763.0,2010-07-11,英格爾科,otc,,8287.TWO
2010-12-01,8287,3.442093697187775,3.334812060898748,0.37883885949190965,2441850.0,2011-01-11,英格爾科,otc,,8287.TWO
2010-07-01,8289,0.513203162723322,2.080699672131495,0.46142297555914213,501415.0,2010-08-11,泰藝,otc,Electronic components,8289.TWO
2021-02-01,8289,0.4583596849815037,2.7435113156310402,0.5496722674402571,412761.0,2021-03-11,泰藝,otc,Electronic components,8289.TWO
2021-08-01,8289,0.3941953966858742,2.135660811811308,0.0838234723423199,599557.0,2021-09-11,泰藝,otc,Electronic components,8289.TWO
2026-08-01,8289,0.522025223907878,2.4011663946207786,0.5355440769221024,616198.0,2026-09-11,泰藝,otc,Electronic components,8289.TWO
2026-01-01,8299,1.100057247475914,2.657297622356815,0.593559077947291,26184925.0,2026-02-11,群聯,otc,Semiconductors,8299.TWO
2026-07-01,8299,3.2584739662926987,6.136200601735028,1.1328375357462015,74842450.0,2026-08-11,群聯,otc,Semiconductors,8299.TWO
2010-03-01,8349,0.5261812963571293,3.0552185834267083,0.531580296701838,441364.0,2010-04-11,矬ㄟ篕,otc,Steel,8349.TWO
2013-08-01,8349,0.797299356264046,2.007983276829045,0.25608378962039335,1038059.0,2013-09-11,矬ㄟ篕,otc,Steel,8349.TWO
2014-09-01,8349,1.1121819323716169,2.545298351489537,1.0397217516149593,2192749.0,2014-10-11,矬ㄟ篕,otc,Steel,8349.TWO
2015-03-01,8349,1.3984024577572964,2.5494947791523055,0.009369172480402366,2459142.0,2015-04-11,矬ㄟ篕,otc,Steel,8349.TWO
2014-10-01,8354,0.3819351559016797,2.2497796441816846,0.43699536232369807,331652.0,2014-11-11,冠好,otc,Other,8354.TWO
2015-12-01,8358,0.3051321785941288,2.110414820331563,0.31460122978656013,1110875.0,2016-01-11,金居,otc,Electronic components,8358.TWO
2016-07-01,8358,0.3246889360397325,2.0244356322535992,0.27495612827445526,1291732.0,2016-08-11,金居,otc,Electronic components,8358.TWO
2017-01-01,8358,0.5122136411954756,2.5304541796780464,0.18118644873226186,1663001.0,2017-02-11,金居,otc,Electronic components,8358.TWO
2021-07-01,8358,0.5452614069173694,2.0005070572278005,0.21974678637445888,2305683.0,2021-08-11,金居,otc,Electronic components,8358.TWO
2024-07-01,8358,0.6051465123572144,2.096937897933539,0.6374215071026249,1868222.0,2024-08-11,金居,otc,Electronic components,8358.TWO
2021-07-01,8367,0.3145848327112659,2.383681577167402,0.25226494346500195,628340.0,2021-08-11,建新國際,sii,Shipping,8367.TW
2024-06-01,8367,0.4381208609271523,2.1579375629706705,0.23242152097660784,764390.0,2024-07-11,建新國際,sii,Shipping,8367.TW
2010-05-01,8374,1.9879278189424872,3.438785363805817,0.8437496837948144,355665.0,2010-06-11,羅昇,sii,Electrical machinery,8374.TW
2013-03-01,8374,2.416929614359921,3.1797692959331685,2.492537859280301,918293.0,2013-04-11,羅昇,sii,Electrical machinery,8374.TW
2013-11-01,8374,1.9882669781628217,2.005295772425731,0.30183340586583585,920954.0,2013-12-11,羅昇,sii,Electrical machinery,8374.TW
2012-12-01,8383,2.0219492273367647,2.282166825737608,2.406370014976724,1102534.0,2013-01-11,千附,otc,Semiconductors,8383.TWO
2013-02-01,8403,0.5326773060203656,2.938732486559716,0.511511681967072,411812.0,2013-03-11,盛弘,otc,Biotech & medical,8403.TWO
2020-09-01,8403,0.524452426083269,2.329617464642675,0.3023739373182912,1193506.0,2020-10-11,盛弘,otc,Biotech & medical,8403.TWO
2018-05-01,8415,0.6064862967185529,2.1212357131735238,0.30246031309871446,4530203.0,2018-06-11,大國鋼,otc,Steel,8415.TWO
2021-08-01,8415,0.7820266693633975,2.520365262027343,0.5251178985501392,6555235.0,2021-09-11,大國鋼,otc,Steel,8415.TWO
2026-08-01,8421,0.3061509101585438,2.093900442382054,0.12422666232276991,373695.0,2026-09-11,旭源,otc,Other,8421.TWO
2022-06-01,8422,1.1313304937793567,2.797634284094198,0.7589006615945764,1265989.0,2022-07-11,可寧衛*,sii,Green energy,8422.TW
2026-07-01,8422,1.0659890700078458,2.444565792989537,1.2437854294250776,2454238.0,2026-08-11,可寧衛*,sii,Green energy,8422.TW
2023-10-01,8432,1.7049978308026033,6.99868901120537,1.1101988515636871,311751.0,2023-11-11,東生華,otc,Biotech & medical,8432.TWO
2015-05-01,8433,0.36040609137055846,2.175648126659294,0.3608115027165404,593084.0,2015-06-11,弘帆,otc,Home & living,8433.TWO
2022-02-01,8433,0.4117212353736295,2.0420100107974575,0.29842390594352297,827167.0,2022-03-11,弘帆,otc,Home & living,8433.TWO
2023-11-01,8433,0.4471487083749006,2.067534954854109,0.4356018250937572,947250.0,2023-12-11,弘帆,otc,Home & living,8433.TWO
2018-08-01,8436,0.9872370265180463,2.3780277785351553,0.35304837357638874,2145280.0,2018-09-11,大江,otc,Biotech & medical,8436.TWO
2021-03-01,8438,0.35657490375265355,2.181684364275791,0.17185031059086864,922144.0,2021-04-11,昶昕,sii,Green energy,8438.TW
2022-08-01,8443,0.5412757022144226,3.7196810244252596,0.37053275792134355,303881.0,2022-09-11,阿瘦,sii,Trading & retail,8443.TW
2016-08-01,8446,0.7007806655950088,2.4609545260849526,0.6750583112135835,427447.0,2016-09-11,華研,otc,Cultural & creative,8446.TWO
2024-01-01,8446,0.7586550728676364,2.3340485867884055,0.6845672867717132,403898.0,2024-02-11,華研,otc,Cultural & creative,8446.TWO
2017-12-01,8454,0.30433861775671756,2.897944820560299,0.11825620616350174,9939972.0,2018-01-11,富邦媒,sii,Digital cloud,8454.TW
2021-06-01,8454,0.40571724172078194,2.1184351679487063,0.19020194011987046,22258273.0,2021-07-11,富邦媒,sii,Digital cloud,8454.TW
2022-06-01,8462,0.7448719580782963,2.0456702984331034,0.7530401461518418,836106.0,2022-07-11,柏文,sii,Sports & leisure,8462.TW
2021-01-01,8463,0.37317136497513137,2.652885746396845,0.219990782374329,1015441.0,2021-02-11,潤泰材,sii,Other,8463.TW
2022-08-01,8463,0.43314688740265317,2.6024965168992678,0.5383125256001804,1146850.0,2022-09-11,潤泰材,sii,Other,8463.TW
2023-03-01,8463,0.6106067785792144,2.6757070317576304,0.046757765685819574,1165820.0,2023-04-11,潤泰材,sii,Other,8463.TW
2021-03-01,8464,0.45744890386699266,3.6838242069268348,0.334471938956558,6785423.0,2021-04-11,億豐,sii,Home & living,8464.TW
2025-09-01,8473,0.8570160614980369,2.2097814597215093,0.4338629021594278,1481312.0,2025-10-11,山林水,sii,Green energy,8473.TW
2021-12-01,8476,2.0708048568208084,2.910660705627142,1.9746943063977045,430447.0,2022-01-11,台境*,sii,Green energy,8476.TW
2022-06-01,8476,3.6200542858266784,2.996881403556861,0.8889420299224975,587232.0,2022-07-11,台境*,sii,Green energy,8476.TW
2021-01-01,8481,0.4089828430978295,2.859968149050274,0.1723819310086474,437964.0,2021-02-11,政伸,sii,Other,8481.TW
2021-07-01,8487,3.1328093047034766,4.294351741132494,2.783789150851968,323351.0,2021-08-11,愛爾達-創,sii,Digital cloud,8487.TW
2022-12-01,8487,2.4354347896914605,2.204096175647734,3.1925087814951816,527219.0,2023-01-11,愛爾達-創,sii,Digital cloud,8487.TW
2024-08-01,8487,2.934229437005635,2.656985080030961,3.177529014103224,760998.0,2024-09-11,愛爾達-創,sii,Digital cloud,8487.TW
2009-06-01,8905,0.9706628317427115,2.049293446718618,0.3574784983413599,678312.0,2009-07-11,裕國,otc,Other,8905.TWO
2012-08-01,8905,1.6203546549172225,3.1605925007611617,1.7087245941938036,917056.0,2012-09-11,裕國,otc,Other,8905.TWO
2013-06-01,8905,1.9545970736926104,2.922280288018643,1.6546448968977718,1347704.0,2013-07-11,裕國,otc,Other,8905.TWO
2014-02-01,8905,1.4884195293235054,2.0812842555157975,1.918564526352682,1121140.0,2014-03-11,裕國,otc,Other,8905.TWO
2014-11-01,8905,2.0784665224016288,2.756611735229572,2.687837537850701,1682933.0,2014-12-11,裕國,otc,Other,8905.TWO
2016-10-01,8905,1.6059958088379527,2.084245201566233,1.6317032172599413,1341809.0,2016-11-11,裕國,otc,Other,8905.TWO
2008-06-01,8908,0.3194796398119373,2.072184536500511,0.1190418516143339,331163.0,2008-07-11,欣雄,otc,"Oil, power & gas",8908.TWO
2010-02-01,8908,0.5074571895329503,2.154926005897097,0.46789127807881226,413393.0,2010-03-11,欣雄,otc,"Oil, power & gas",8908.TWO
2012-03-01,8908,0.9089722431818457,3.333980136804746,0.5672844444241476,946205.0,2012-04-11,欣雄,otc,"Oil, power & gas",8908.TWO
2012-09-01,8908,1.0835779339788916,2.7428231551289692,0.12633774003036247,1186881.0,2012-10-11,欣雄,otc,"Oil, power & gas",8908.TWO
2010-10-01,8916,0.49165844584933205,2.241992509635708,0.4505336154525117,1809953.0,2010-11-11,光隆,otc,Other,8916.TWO
2012-03-01,8916,0.6370381212784768,2.3046808997157284,0.46839876573200345,1398006.0,2012-04-11,光隆,otc,Other,8916.TWO
2013-08-01,8916,0.5791637305699482,2.0126051813236434,0.22176410070599362,3047786.0,2013-09-11,光隆,otc,Other,8916.TWO
2022-09-01,8916,0.7872909937324564,3.314324540529895,0.6048627556133834,3210400.0,2022-10-11,光隆,otc,Other,8916.TWO
2008-07-01,8917,0.3813463055284043,2.5061747509242633,0.1522534082153446,366025.0,2008-08-11,欣泰,otc,"Oil, power & gas",8917.TWO
2010-05-01,8924,0.6845666426028496,2.466973076904376,0.5401038460029222,1089731.0,2010-06-11,大田,otc,Sports & leisure,8924.TWO
2021-02-01,8924,0.5534292615819676,2.02140812582388,0.166816870828699,1299703.0,2021-03-11,大田,otc,Sports & leisure,8924.TWO
2008-05-01,8925,1.5261323392357875,2.007715243505238,0.6165918110225934,1084216.0,2008-06-11,偉盟,otc,,8925.TWO
2013-03-01,8926,2.30032018234113,2.407932090104979,2.189393296725518,729780.0,2013-04-11,台汽電,sii,"Oil, power & gas",8926.TW
2018-03-01,8926,2.805695710759002,3.250539832271467,2.469102061448141,773873.0,2018-04-11,台汽電,sii,"Oil, power & gas",8926.TW
2018-09-01,8926,3.0370552325113156,2.8942321032345952,0.6087313105400631,1503795.0,2018-10-11,台汽電,sii,"Oil, power & gas",8926.TW
2019-12-01,8926,4.005024010244371,3.726412415660981,3.719480435488504,3517656.0,2020-01-11,台汽電,sii,"Oil, power & gas",8926.TW
2026-02-01,8926,3.13334057848549,2.648166634659699,3.304894310536448,8975826.0,2026-03-11,台汽電,sii,"Oil, power & gas",8926.TW
2026-08-01,8926,14.554590950793434,8.14934982557628,8.313415676314447,19904059.0,2026-09-11,台汽電,sii,"Oil, power & gas",8926.TW
2008-04-01,8927,0.42551581383961357,2.2470496983967854,0.15285840782664284,1152846.0,2008-05-11,北基,otc,"Oil, power & gas",8927.TWO
2010-01-01,8927,0.5819540799177139,2.3270682177025717,0.5219729283373942,1331912.0,2010-02-11,北基,otc,"Oil, power & gas",8927.TWO
2021-05-01,8927,0.43796015104305464,2.2669619402323273,0.4736920464363851,1311122.0,2021-06-11,北基,otc,"Oil, power & gas",8927.TWO
2021-12-01,8927,0.4123702449273998,2.0310100545349834,0.1949641575535188,1621305.0,2022-01-11,北基,otc,"Oil, power & gas",8927.TWO
2024-04-01,8927,0.7310069547975646,3.5680224198604584,0.5715739501202102,3001412.0,2024-05-11,北基,otc,"Oil, power & gas",8927.TWO
2026-06-01,8927,0.7437327087396866,2.335825393319344,0.4453048849003096,4273296.0,2026-07-11,北基,otc,"Oil, power & gas",8927.TWO
2019-09-01,8928,0.7666109084926098,2.309389371487228,0.5829623185701469,322115.0,2019-10-11,鉅明,otc,Sports & leisure,8928.TWO
2021-06-01,8928,0.7880680260142074,2.394223207090303,0.6181063194272833,691192.0,2021-07-11,鉅明,otc,Sports & leisure,8928.TWO
2013-06-01,8929,0.657655517470414,2.043710365794984,0.1860617969900038,341913.0,2013-07-11,富堡,otc,Other,8929.TWO
2017-07-01,8929,0.6325318789915488,2.0316992092633948,0.5163985688717889,458588.0,2017-08-11,富堡,otc,Other,8929.TWO
2010-01-01,8930,0.6940210643490174,2.067588616016579,0.8326406769720963,316538.0,2010-02-11,青鋼,otc,Steel,8930.TWO
2021-05-01,8930,0.46543664075682556,2.0520281375221465,0.3350034323352393,317862.0,2021-06-11,青鋼,otc,Steel,8930.TWO
2009-08-01,8931,0.39988859364532137,3.9704196229926447,0.4210589452649868,371942.0,2009-09-11,大汽電,otc,"Oil, power & gas",8931.TWO
2017-07-01,8931,0.3349965568009119,3.0325528202654755,0.1966668859145153,449755.0,2017-08-11,大汽電,otc,"Oil, power & gas",8931.TWO
2021-08-01,8931,0.3445270573872645,2.509288287019095,0.42494088439141364,634364.0,2021-09-11,大汽電,otc,"Oil, power & gas",8931.TWO
2022-09-01,8931,0.5099096590661303,3.688181561157964,0.39938484666456153,900187.0,2022-10-11,大汽電,otc,"Oil, power & gas",8931.TWO
2013-04-01,8932,0.7963962405581502,3.5561675769441177,0.44099227616358627,311549.0,2013-05-11,智通*,otc,Digital cloud,8932.TWO
2024-12-01,8932,0.8335174556237592,2.405869817740101,0.3509780139401273,441478.0,2025-01-11,智通*,otc,Digital cloud,8932.TWO
2025-08-01,8932,0.8693718903560292,2.3252270915389412,0.3276140774548575,607916.0,2025-09-11,智通*,otc,Digital cloud,8932.TWO
2008-10-01,8933,1.0365885581343366,2.836073509616384,0.9616517134862665,692434.0,2008-11-11,愛地雅,otc,Sports & leisure,8933.TWO
2013-03-01,8933,1.218711773957227,2.7890031147012633,1.2460637215839863,1320453.0,2013-04-11,愛地雅,otc,Sports & leisure,8933.TWO
2021-07-01,8935,0.8218586205654972,2.070848511080858,0.5251106711578906,354193.0,2021-08-11,邦泰,otc,Other,8935.TWO
2009-10-01,8936,1.516177194806413,3.673971119821228,1.3779271483639088,321887.0,2009-11-11,國統,otc,Other,8936.TWO
2010-04-01,8936,1.966916047124307,2.6240413897491663,0.44149287908788626,379519.0,2010-05-11,國統,otc,Other,8936.TWO
2013-01-01,8938,0.5396656551431693,2.3278642697407217,0.3127605059053149,3834234.0,2013-02-11,明安,otc,Sports & leisure,8938.TWO
2020-09-01,8938,0.44775517052381963,2.150035427214909,0.6834562655090817,3235769.0,2020-10-11,明安,otc,Sports & leisure,8938.TWO
2021-03-01,8938,0.4926713859910581,2.2615690344934953,0.26466260291701227,4006330.0,2021-04-11,明安,otc,Sports & leisure,8938.TWO
2011-11-01,8940,0.6444647294930534,2.5684108212684498,0.3435811173107439,376515.0,2011-12-11,新天地,sii,Tourism,8940.TW
2023-06-01,8940,1.8433963280997379,3.638195689540965,1.4928700601248637,316561.0,2023-07-11,新天地,sii,Tourism,8940.TW
2010-07-01,8941,0.43290190976102694,2.358502813874365,0.5696232026765968,609022.0,2010-08-11,關中,otc,Home & living,8941.TWO
2013-05-01,8941,0.535031790777224,2.705789352004908,0.5781094977681386,867448.0,2013-06-11,關中,otc,Home & living,8941.TWO
2020-12-01,8941,0.5239363508099504,2.4910418115199437,0.3935602659497768,807924.0,2021-01-11,關中,otc,Home & living,8941.TWO
2010-05-01,8942,0.9258145049845601,2.612615444982117,0.8328245276465229,338641.0,2010-06-11,森鉅,otc,Other,8942.TWO
2010-11-01,8942,1.3951253022642338,2.757589173939966,0.5848608712475052,435817.0,2010-12-11,森鉅,otc,Other,8942.TWO
2021-05-01,8942,1.2634813114854948,2.449997558200478,1.042599570215256,1324587.0,2021-06-11,森鉅,otc,Other,8942.TWO
2008-10-01,8996,0.399373222253367,2.846516121384092,0.1187878976823431,304533.0,2008-11-11,高力,sii,Electrical machinery,8996.TW
2010-09-01,8996,0.7565038053892539,2.5544485534259413,0.31125810533558607,324493.0,2010-10-11,高力,sii,Electrical machinery,8996.TW
2023-01-01,8996,0.6359282724564708,2.096082446349151,0.24418145527105706,943502.0,2023-02-11,高力,sii,Electrical machinery,8996.TW
2025-11-01,8996,0.9270857114112918,2.7519601361710326,0.5195007333825103,1992121.0,2025-12-11,高力,sii,Electrical machinery,8996.TW
2010-01-01,9902,193.58670861187574,6.596414884367816,193.02033693045982,494834.0,2010-02-11,台火,sii,Other,9902.TW
2013-01-01,9904,8.1788526101296,8.727038669061251,8.259743590307703,21090268.0,2013-02-11,寶成,sii,Sports & leisure,9904.TW
2013-07-01,9904,22.769839855589552,4.322470241028803,5.7402549134194025,59492724.0,2013-08-11,寶成,sii,Sports & leisure,9904.TW
2011-06-01,9905,0.3287840162750688,2.270566123617129,0.11571046681429853,1058124.0,2011-07-11,大華,sii,Other,9905.TW
2013-01-01,9905,0.5600721803190283,4.008571045822486,0.4407552379776256,1278657.0,2013-02-11,大華,sii,Other,9905.TW
2013-07-01,9905,1.117711112601989,3.5635356998690693,0.1732275935231513,2462106.0,2013-08-11,大華,sii,Other,9905.TW
2013-12-01,9906,1577.1463414634147,7.535178441881488,1560.3436743895613,647040.0,2014-01-11,欣巴巴,sii,Construction,9906.TW
2022-05-01,9906,48056.0,12.735002370649372,48053.506263253934,1778109.0,2022-06-11,欣巴巴,sii,Construction,9906.TW
2013-08-01,9907,0.6116249172363173,2.3775426324194244,0.4343770735969057,8969571.0,2013-09-11,統一實,sii,Other,9907.TW
2021-12-01,9907,0.665890738341123,2.705442389570754,0.37845025519973463,11480536.0,2022-01-11,統一實,sii,Other,9907.TW
2013-01-01,9910,0.6942535378541206,5.183159499505147,0.7614400171084371,5118528.0,2013-02-11,豐泰,sii,Sports & leisure,9910.TW
2013-07-01,9910,2.1361612360137867,4.139088331511571,0.382233124387386,10049813.0,2013-08-11,豐泰,sii,Sports & leisure,9910.TW
2022-10-01,9910,1.2860619377409237,2.3594846557876687,0.9477027002218197,25725151.0,2022-11-11,豐泰,sii,Sports & leisure,9910.TW
2021-05-01,9911,0.31071179591235243,2.35019301064341,0.2616454045583858,1850033.0,2021-06-11,櫻花,sii,Home & living,9911.TW
2013-03-01,9914,0.7407547742239722,2.691578425936474,0.6214195789168147,5278717.0,2013-04-11,美利達,sii,Sports & leisure,9914.TW
2022-11-01,9914,0.6520347915467357,2.173501725026496,0.5148061029519546,10196291.0,2022-12-11,美利達,sii,Sports & leisure,9914.TW
2013-01-01,9917,0.3269050126300965,6.556186737425781,0.30570669755927593,2053903.0,2013-02-11,中保科,sii,Other,9917.TW
2013-10-01,9917,1.0232564069221022,3.1035087981482907,0.023141489698011775,3174028.0,2013-11-11,中保科,sii,Other,9917.TW
2017-07-01,9918,0.33296374169103227,2.240516083427505,0.3325448122353327,486889.0,2017-08-11,欣天然,sii,"Oil, power & gas",9918.TW
2011-09-01,9919,0.346379392374091,2.740112841933903,0.31123878733412624,990464.0,2011-10-11,康那香,sii,Other,9919.TW
2013-10-01,9919,0.35942228699536094,2.4541684726174204,0.22745597500187276,1181826.0,2013-11-11,康那香,sii,Other,9919.TW
2020-04-01,9919,0.3821097846452466,2.2786376980480822,0.3229984509488293,1230426.0,2020-05-11,康那香,sii,Other,9919.TW
2008-05-01,9921,0.6688036323866353,2.0681969341579722,0.33179507639648853,3422521.0,2008-06-11,巨大,sii,Sports & leisure,9921.TW
2013-02-01,9921,0.7795193867820067,2.530068519692165,0.6464122357759672,9843367.0,2013-03-11,巨大,sii,Sports & leisure,9921.TW
2013-01-01,9924,0.5353685112406639,2.312726414596135,0.36165609924240294,1236486.0,2013-02-11,福興,sii,Home & living,9924.TW
2013-07-01,9924,0.5649889028542336,2.0251649555747755,0.11725104969421984,1573853.0,2013-08-11,福興,sii,Home & living,9924.TW
2013-02-01,9925,0.5574741182214202,6.928285645810293,0.5082740342181247,1489819.0,2013-03-11,新保,sii,Other,9925.TW
2013-08-01,9925,0.9775330238284556,3.691540484135061,0.05999719017641625,1927452.0,2013-09-11,新保,sii,Other,9925.TW
2008-10-01,9926,0.4152918083448247,2.3554302352420837,0.0976017361119097,630170.0,2008-11-11,新海,sii,"Oil, power & gas",9926.TW
2011-09-01,9928,0.328886991464576,2.2481738946328345,0.5154751338579902,445120.0,2011-10-11,中視,sii,Other,9928.TW
2013-02-01,9929,0.32991613110261153,3.308140604441118,0.40706758514464025,306676.0,2013-03-11,秋雨,sii,Other,9929.TW
2013-10-01,9929,0.5231085986743484,2.744221077054958,0.07861840287432287,337332.0,2013-11-11,秋雨,sii,Other,9929.TW
2019-01-01,9929,0.465019377021475,2.4002431860098916,0.5169942187712273,301668.0,2019-02-11,秋雨,sii,Other,9929.TW
2013-12-01,9930,0.3196765381206812,2.2002735033011063,0.14526595919176066,1696076.0,2014-01-11,中聯資源,sii,Green energy,9930.TW
2018-04-01,9930,0.39481153995094886,2.6817580973758712,0.19271432316254944,2161121.0,2018-05-11,中聯資源,sii,Green energy,9930.TW
2008-08-01,9931,0.8264476381041581,3.5415028003873124,0.7364687934609522,300310.0,2008-09-11,欣高,sii,"Oil, power & gas",9931.TW
2018-01-01,9931,0.41466032152110044,2.1263983590058646,0.27371333394834596,391503.0,2018-02-11,欣高,sii,"Oil, power & gas",9931.TW
2024-02-01,9931,0.5133612230748441,2.758251730606662,0.49266934947778673,515130.0,2024-03-11,欣高,sii,"Oil, power & gas",9931.TW
2010-08-01,9933,0.4773314457381108,2.7550734437531634,0.44211056150712813,6618111.0,2010-09-11,中鼎,sii,Other,9933.TW
2013-03-01,9933,0.6115885891424984,3.138448494770895,0.6355322829603076,11270951.0,2013-04-11,中鼎,sii,Other,9933.TW
2022-02-01,9933,0.5123147963140977,2.362255116918831,0.23330304177982297,24031098.0,2022-03-11,中鼎,sii,Other,9933.TW
2012-04-01,9934,0.5528043841863817,2.168969124049689,0.6316414370396386,1154920.0,2012-05-11,成霖,sii,Home & living,9934.TW
2012-10-01,9934,0.7282953070691827,2.263841128333111,0.06995541346351097,1349033.0,2012-11-11,成霖,sii,Home & living,9934.TW
2013-04-01,9934,2.7855894780590864,3.3451846403045913,0.24580049209239618,4372053.0,2013-05-11,成霖,sii,Home & living,9934.TW
2013-10-01,9934,2.5285341426043693,2.387769769889516,0.33666477556856567,4760109.0,2013-11-11,成霖,sii,Home & living,9934.TW
2012-07-01,9935,0.43776090862014594,2.76935276894404,0.7078327919337819,993973.0,2012-08-11,慶豐富,sii,Home & living,9935.TW
2015-04-01,9935,0.4268642311731812,2.41495602820282,0.4871702559300358,854539.0,2015-05-11,慶豐富,sii,Home & living,9935.TW
2017-10-01,9935,0.47399631993071667,2.550190470856657,0.35523117517565894,1215223.0,2017-11-11,慶豐富,sii,Home & living,9935.TW
2019-01-01,9935,0.45322621765709004,2.3867457982936013,0.4505394679823389,1282523.0,2019-02-11,慶豐富,sii,Home & living,9935.TW
2009-05-01,9937,0.6673773850935183,2.958944391761657,0.9585096940544948,4696000.0,2009-06-11,全國,sii,"Oil, power & gas",9937.TW
2009-12-01,9937,0.6168955578413384,2.215986154093384,0.5028496351574214,6545536.0,2010-01-11,全國,sii,"Oil, power & gas",9937.TW
2013-01-01,9938,1.2573459866997165,5.828159424088665,1.2498052247221196,918873.0,2013-02-11,百和,sii,Other,9938.TW
2013-07-01,9938,3.326641549819672,4.511391070428176,1.1105737641161437,1989035.0,2013-08-11,百和,sii,Other,9938.TW
2008-02-01,9939,0.7310571797977321,2.5971064458626607,0.4184847208689222,1016205.0,2008-03-11,宏全,sii,Other,9939.TW
2013-01-01,9939,0.5191696065577838,2.177315410768783,0.37435121172538066,2203911.0,2013-02-11,宏全,sii,Other,9939.TW
2008-04-01,9940,0.5074332943226894,2.3074252316266435,0.702117326515973,2090510.0,2008-05-11,信義,sii,Other,9940.TW
2009-08-01,9940,0.5413214161783162,2.0040024503164804,0.772183337456793,1901072.0,2009-09-11,信義,sii,Other,9940.TW
2010-02-01,9940,1.3874452400640407,2.421014031071416,0.08339682395392911,1899800.0,2010-03-11,信義,sii,Other,9940.TW
2017-04-01,9940,3.315235055392967,6.717782132153102,3.294099660222383,7320861.0,2017-05-11,信義,sii,Other,9940.TW
2017-10-01,9940,1.8197630836196166,2.82068589980413,1.8059214028062809,5446801.0,2017-11-11,信義,sii,Other,9940.TW
2026-01-01,9940,1.228834068509311,2.0934003723294903,1.2661022484919031,4887608.0,2026-02-11,信義,sii,Other,9940.TW
2009-03-01,9941,0.33578899140025253,3.167025190294606,0.27109658763573474,405253.0,2009-04-11,裕融,sii,Other,9941.TW
2012-07-01,9941,0.43100757025335734,2.0566301430090363,0.11814717759810356,610568.0,2012-08-11,裕融,sii,Other,9941.TW
2013-01-01,9941,2.4340597093152176,6.891314542105453,2.003069509470662,1703534.0,2013-02-11,裕融,sii,Other,9941.TW
2010-03-01,9942,0.5829976998544806,2.2277441060159817,0.5968083108742306,337226.0,2010-04-11,茂順,sii,Other,9942.TW
2010-09-01,9942,0.7491252637278516,2.145680807690869,0.1904701183555757,468407.0,2010-10-11,茂順,sii,Other,9942.TW
2022-07-01,9943,3.2324905360564564,11.537512275326021,3.4494766751792154,452813.0,2022-08-11,好樂迪,sii,Tourism,9943.TW
2013-01-01,9944,2.1076863403061545,6.608319406628458,2.2524635483811553,344515.0,2013-02-11,新麗,sii,Other,9944.TW
2013-07-01,9944,9.74103594170691,5.05707350898701,3.724407755933,1005318.0,2013-08-11,新麗,sii,Other,9944.TW
2013-03-01,9945,0.9621126410619885,3.2798902647963004,1.0224388958598531,3537901.0,2013-04-11,潤泰新,sii,Other,9945.TW
2013-10-01,9945,1.1697940495212689,2.5896205693251177,0.2970741113907498,3624322.0,2013-11-11,潤泰新,sii,Other,9945.TW
2009-11-01,9946,6.451945471982463,6.274663517229213,6.994889460343681,435134.0,2009-12-11,三發地產,sii,Construction,9946.TW
2011-05-01,9946,13.179129501710147,4.550211884778365,4.999576660185474,422850.0,2011-06-11,三發地產,sii,Construction,9946.TW
2015-07-01,9946,42.692595660096075,8.452953369425027,43.491706785476474,1318861.0,2015-08-11,三發地產,sii,Construction,9946.TW
2026-03-01,9946,74.70621936680355,3.8702047101430033,73.24470112736407,2286025.0,2026-04-11,三發地產,sii,Construction,9946.TW
2010-07-01,9950,0.3530297437491501,2.5096645646209312,0.4040584863106996,696445.0,2010-08-11,萬國通,otc,Plastics,9950.TWO
2019-10-01,9950,0.3941659030277631,2.0732433576319345,0.1732128729664224,891544.0,2019-11-11,萬國通,otc,Plastics,9950.TWO
2022-01-01,9950,0.6197798282803093,2.203739875953715,0.13750502647431495,454656.0,2022-02-11,萬國通,otc,Plastics,9950.TWO
2022-07-01,9950,2.2113978589587497,5.353738751783661,0.3928901436996819,509074.0,2022-08-11,萬國通,otc,Plastics,9950.TWO
2008-05-01,9951,0.3902526516813336,2.3833229993924134,0.4377727245701213,538709.0,2008-06-11,皇田,otc,Electrical machinery,9951.TWO
2009-12-01,9951,0.5307241239523723,2.417131912465908,0.5404657465911507,324737.0,2010-01-11,皇田,otc,Electrical machinery,9951.TWO
2013-03-01,9951,0.6043697867665996,2.2681606359691115,0.5499072499315238,610498.0,2013-04-11,皇田,otc,Electrical machinery,9951.TWO
2013-11-01,9951,0.6948957581143884,2.1964217170798284,0.23553006843401691,732317.0,2013-12-11,皇田,otc,Electrical machinery,9951.TWO
2010-01-01,9955,1.4685569977837591,3.091659509292946,1.1619966000725401,1796638.0,2010-02-11,佳龍,sii,Green energy,9955.TW
2020-09-01,9955,1.2149139644115254,2.7898684600516077,1.3393115976438712,1177023.0,2020-10-11,佳龍,sii,Green energy,9955.TW
2012-07-01,9958,2.1123435085440416,2.2791137327529785,1.9905441414283827,1111754.0,2012-08-11,世紀鋼,sii,Steel,9958.TW
2019-12-01,9958,1.3802868127173977,2.0709602787503623,0.9878507322118912,975144.0,2020-01-11,世紀鋼,sii,Steel,9958.TW
2020-07-01,9958,2.3355846365690947,3.018023305189067,0.515359211716528,1654480.0,2020-08-11,世紀鋼,sii,Steel,9958.TW
2021-09-01,9960,1.0371021640121811,2.9433567427287537,0.47769614390231574,302363.0,2021-10-11,邁達康,otc,Sports & leisure,9960.TWO
