month,hs,g,z,a,r3,source,event_date,desc
2022-02-01,280120,0.7142129334356444,2.004186810711634,1.3482176142099287,59071116.0,us_imports,2022-04-16,IODINE
2022-08-01,280120,2.1063841141880446,4.850518323614099,2.142532244296077,50466453.0,us_imports,2022-10-16,IODINE
2024-12-01,280120,1.1813369993918887,2.1342651071253025,0.63275408423299,64800422.0,us_imports,2025-02-16,IODINE
2021-06-01,280300,0.6413821314693169,3.0691335255652525,0.6408686580019982,76892317.0,us_imports,2021-08-16,"CARBON, NESOI (INCLUDING CARBON BLACK)"
2025-04-01,280461,1.204728677962911,3.1618315107696127,1.553273078749363,58084966.0,us_imports,2025-06-16,SILICON CONTAIN BY WT NT < 99.99% OF SILICON
2021-06-01,280469,0.4375740254520881,2.2290022500265776,0.49765253831681366,76376419.0,us_imports,2021-08-16,"SILICON, UNDER 99.99% (BY WEIGHT) SILICON"
2022-02-01,280469,0.9312029525449919,4.07781699056934,0.7911251629584937,114025642.0,us_imports,2022-04-16,"SILICON, UNDER 99.99% (BY WEIGHT) SILICON"
2022-09-01,280469,1.6290825605581492,3.5696279380825735,0.2504395005843634,213212696.0,us_imports,2022-11-16,"SILICON, UNDER 99.99% (BY WEIGHT) SILICON"
2019-04-01,280700,0.7486661229266602,2.4328883204730007,0.28821318240853855,56348552.0,us_imports,2019-06-16,SULFURIC ACID; OLEUM
2022-03-01,280700,0.8921266997765616,2.5340341640972146,0.932732155757876,97598845.0,us_imports,2022-05-16,SULFURIC ACID; OLEUM
2022-09-01,280700,1.401873348986348,2.926228943869951,0.1000777699031592,129945220.0,us_imports,2022-11-16,SULFURIC ACID; OLEUM
2018-12-01,280920,1.0404558749385466,2.7450649508744105,0.6362700203430998,57217725.0,us_imports,2019-02-16,PHOSPHORIC ACID AND POLYPHOSPHORIC ACIDS
2022-11-01,280920,1.183307432718545,2.567940100783893,0.5228325816304056,141636249.0,us_imports,2023-01-16,PHOSPHORIC ACID AND POLYPHOSPHORIC ACIDS
2022-03-01,281111,0.39242201924219544,2.611415819346412,0.365894116143179,52294822.0,us_imports,2022-05-16,HYDROGEN FLUORIDE (HYDROFLUORIC ACID)
2026-03-01,281111,0.4163296257072946,2.450957657423799,0.2775400945213573,56496420.0,us_imports,2026-05-16,HYDROGEN FLUORIDE (HYDROFLUORIC ACID)
2021-09-01,281122,0.5392501985164668,2.2491867328238047,0.3495051255995476,83494489.0,us_imports,2021-11-16,SILICON DIOXIDE
2022-04-01,281122,0.5770408087687662,2.061466698792304,0.2177858325240427,120621138.0,us_imports,2022-06-16,SILICON DIOXIDE
2018-11-01,281410,0.3077864207617629,2.371853576401693,0.5739511321547011,234804478.0,us_imports,2019-01-16,ANHYDROUS AMMONIA
2021-04-01,281410,0.4267071265733726,2.8828878481521896,0.4559824161117729,261631750.0,us_imports,2021-06-16,ANHYDROUS AMMONIA
2021-10-01,281410,1.8111346286634733,4.353959915820873,0.608538850871454,364816149.0,us_imports,2021-12-16,ANHYDROUS AMMONIA
2017-07-01,281512,0.7259939734771395,3.561101736624924,0.7115581954561236,63997145.0,us_imports,2017-09-16,SODIUM HYDROXIDE IN AQUEOUS SOLUTION
2021-07-01,281512,0.47125274894669844,2.217480543419208,0.45858925590994826,52417406.0,us_imports,2021-09-16,SODIUM HYDROXIDE IN AQUEOUS SOLUTION
2022-01-01,281512,1.4374577710969336,3.8864424626647143,0.532271949537392,78196346.0,us_imports,2022-03-16,SODIUM HYDROXIDE IN AQUEOUS SOLUTION
2022-08-01,281512,1.9950122102119225,3.0779625806307997,0.009225167729442596,161959649.0,us_imports,2022-10-16,SODIUM HYDROXIDE IN AQUEOUS SOLUTION
2021-07-01,281700,0.5808209171576222,2.1557351809911283,0.5921680627168006,78699666.0,us_imports,2021-09-16,ZINC OXIDE AND ZINC PEROXIDE
2019-01-01,281810,0.8567919191286433,2.122400282227256,0.6743359306867205,51219321.0,us_imports,2019-03-16,"ARTIFICIAL CORUNDUM, WHETH/NOT CHEMICALLY DEFINED"
2022-09-01,281810,1.0463661224719898,2.087181890889642,0.34755521927040656,78405945.0,us_imports,2022-11-16,"ARTIFICIAL CORUNDUM, WHETH/NOT CHEMICALLY DEFINED"
2017-01-01,281820,0.318650123691987,2.156033781004848,0.6638029696543105,111435286.0,us_imports,2017-03-16,"ALUMINUM OXIDE, EXCEPT ARTIFICIAL CORUNDUM, NESOI"
2017-10-01,281820,0.647478591798575,2.4387135361321204,0.8400818345426431,125456877.0,us_imports,2017-12-16,"ALUMINUM OXIDE, EXCEPT ARTIFICIAL CORUNDUM, NESOI"
2018-07-01,281820,1.30042886532758,3.188176283796909,0.9374550808434774,198778165.0,us_imports,2018-09-16,"ALUMINUM OXIDE, EXCEPT ARTIFICIAL CORUNDUM, NESOI"
2021-12-01,281820,0.851781066301059,2.00692537387819,0.6149539443072287,201827785.0,us_imports,2022-02-16,"ALUMINUM OXIDE, EXCEPT ARTIFICIAL CORUNDUM, NESOI"
2025-03-01,281820,0.9420501329092632,2.100920524879982,0.6193553813824613,240393415.0,us_imports,2025-05-16,"ALUMINUM OXIDE, EXCEPT ARTIFICIAL CORUNDUM, NESOI"
2017-03-01,281830,0.6642908951651554,2.677046573407632,0.3916184716889548,55922797.0,us_imports,2017-05-16,ALUMINUM HYDROXIDE
2022-05-01,281830,0.6739642863262776,2.07569693098699,0.46499916323283674,62618198.0,us_imports,2022-07-16,ALUMINUM HYDROXIDE
2021-12-01,282110,0.31376591388132735,2.6130585733493388,0.11294952272397452,54028861.0,us_imports,2022-02-16,IRON OXIDES AND HYDROXIDES
2022-09-01,282110,0.7042196372121907,3.9278912518922504,0.27953515600950674,95178228.0,us_imports,2022-11-16,IRON OXIDES AND HYDROXIDES
2024-05-01,282110,0.6539916294213333,2.0844933231642773,0.8655286851132008,61328220.0,us_imports,2024-07-16,IRON OXIDES AND HYDROXIDES
2018-07-01,282530,4.043536302992002,3.5682695877739605,2.628550025653362,61067884.0,us_imports,2018-09-16,VANADIUM OXIDES AND HYDROXIDES
2021-11-01,282580,2.153736796974143,3.8160562118584997,0.7317213666036451,54991431.0,us_imports,2022-01-16,ANTIMONY OXIDES
2025-03-01,282580,1.8274185090444188,2.8930129760842083,1.0116439272920619,94696158.0,us_imports,2025-05-16,ANTIMONY OXIDES
2018-09-01,282590,0.7541582727103806,2.903222599428821,1.0727010832781447,50109615.0,us_imports,2018-11-16,"INORGANIC BASE; METAL OXIDES, & PEROXIDES, NESOI"
2026-07-01,282590,1.3707402881206994,2.9097192835597956,0.9693335694183773,59631560.0,us_imports,2026-09-16,"INORGANIC BASE; METAL OXIDES, & PEROXIDES, NESOI"
2021-08-01,283329,0.6647096072694052,2.368582034083707,0.5123605404111666,55401306.0,us_imports,2021-10-16,"SULFATES, NESOI"
2022-05-01,283329,0.819686197767584,2.350037066839561,0.24620316004018328,87841044.0,us_imports,2022-07-16,"SULFATES, NESOI"
2022-01-01,283526,1.1739747084624943,2.913932071826451,1.036362625427919,50544375.0,us_imports,2022-03-16,"PHOSPHATES OF CALCIUM, NESOI"
2023-01-01,283691,2.036550734991206,3.3077370749636392,0.6146596624468659,68756594.0,us_imports,2023-03-16,LITHIUM CARBONATES
2023-07-01,283691,1.6099631668863466,2.2003543661974727,0.6303658942745805,103174467.0,us_imports,2023-09-16,LITHIUM CARBONATES
2026-06-01,284180,2.9721812389215896,3.597401817973165,3.0772513383840296,110684862.0,us_imports,2026-08-16,TUNGSTATES (WOLFRAMATES)
2021-09-01,284190,1.884290380499957,3.8985517696554455,1.8863557172113026,56593498.0,us_imports,2021-11-16,SALTS OF OXOMETALLIC OR PEROXOMETALLIC ACIDS NESOI
2025-02-01,284190,6.842298202738573,4.325237471670009,3.4402813300504995,59018564.0,us_imports,2025-04-16,SALTS OF OXOMETALLIC OR PEROXOMETALLIC ACIDS NESOI
2026-01-01,284390,2.5424394027487716,2.8623801926270898,2.7436605882040883,57637402.0,us_imports,2026-03-16,"ORGANIC COMPOUND PRECIOUS METAL; AMALGRAMS, NESOI"
2016-08-01,284410,4.222345968108166,2.602985391216556,3.977482402286153,132603934.0,us_imports,2016-10-16,"NATURAL URANIUM & COMPOUNDS, ALLOYS & CERAMICS ETC"
2021-03-01,284410,4.637471838815989,3.937356339129377,5.524659095930277,70000003.0,us_imports,2021-05-16,"NATURAL URANIUM & COMPOUNDS, ALLOYS & CERAMICS ETC"
2016-03-01,284420,4.0770341792488844,4.453222211151968,4.468100015826769,668384254.0,us_imports,2016-05-16,URANIUM ENRICHED IN U235 ETC. PLUTONIUM ETC.
2025-04-01,284420,1.7034679376350272,2.8284648468113103,1.4751758013884952,1229213594.0,us_imports,2025-06-16,URANIUM ENRICHED IN U235 ETC. PLUTONIUM ETC.
2019-12-01,284590,1.2457474604746301,2.1273677522247616,1.2758610843069458,51135234.0,us_imports,2020-02-16,"STABLE ISOTOPES, COMPOUNDS THEREOF, NESOI"
2025-03-01,284690,1.243894240105464,2.7642340241625805,1.3212171707806384,65643562.0,us_imports,2025-05-16,"COMPOUNDS, INORGAN/ORGAN, RARE-EARTH METALS, NESOI"
2026-06-01,284690,1.1803937577996302,2.579261312757864,0.8102694796564056,69005396.0,us_imports,2026-08-16,"COMPOUNDS, INORGAN/ORGAN, RARE-EARTH METALS, NESOI"
2022-06-01,284920,1.8400286842215157,3.648374049856936,0.9731163884143554,68823926.0,us_imports,2022-08-16,"CARBIDES OF SILICON, CHEMICALLY DEFINED OR NOT"
2019-01-01,284990,1.5290799881888897,2.974087680955613,0.8941076339529392,69051739.0,us_imports,2019-03-16,"CARBIDES, NESOI, CHEMICALLY DEFINED OR NOT"
2021-10-01,284990,1.6982175230669392,2.88597908332312,1.23546018057296,53502448.0,us_imports,2021-12-16,"CARBIDES, NESOI, CHEMICALLY DEFINED OR NOT"
2017-10-01,840219,21.38797812023745,6.36462505057632,21.147003859995568,168054910.0,us_imports,2017-12-16,"VAPOR GENERATING BOILERS, NESOI, INC HYBRID"
2024-02-01,840290,1.7585151580706881,2.328528715181724,1.6978044357180153,54027100.0,us_imports,2024-04-16,SUPER-HEATED WATER BOILERS & STEAM GENRTN BOIL PTS
2026-07-01,840290,2.3898435882313085,3.286743541782918,2.030136226479868,153936516.0,us_imports,2026-09-16,SUPER-HEATED WATER BOILERS & STEAM GENRTN BOIL PTS
2017-05-01,840310,0.4715823920819531,2.367679917091046,0.3867355735109672,58146897.0,us_imports,2017-07-16,CENTRAL HEATING BOILERS
2021-07-01,840310,0.45653842882422624,2.649502205385189,0.21856204316526795,85569930.0,us_imports,2021-09-16,CENTRAL HEATING BOILERS
2022-05-01,840310,0.47290160870538944,2.554706490165971,0.330097899543611,104472020.0,us_imports,2022-07-16,CENTRAL HEATING BOILERS
2020-02-01,840690,0.657994769567499,2.0101673006739147,0.9575870256884207,63077839.0,us_imports,2020-04-16,PARTS FOR STEAM AND OTHER VAPOR TURBINES
2023-07-01,840690,0.8812387122815128,2.7687357784580633,1.2542449114466316,57420419.0,us_imports,2023-09-16,PARTS FOR STEAM AND OTHER VAPOR TURBINES
2024-04-01,840690,0.8642068529609557,2.4373246744721415,0.8045245800359428,54778941.0,us_imports,2024-06-16,PARTS FOR STEAM AND OTHER VAPOR TURBINES
2024-12-01,840690,1.0355616517140573,2.7635309667517887,1.038855779000845,89998098.0,us_imports,2025-02-16,PARTS FOR STEAM AND OTHER VAPOR TURBINES
2018-01-01,840710,6.308155845040858,5.2003081094212975,6.315508261967983,69493137.0,us_imports,2018-03-16,AIRCRAFT ENGINES (SPARK-IGNITION/ROTARY INT CMBUS)
2018-08-01,840710,3.2514136096468347,2.2641115810729677,3.2844425622380538,61621919.0,us_imports,2018-10-16,AIRCRAFT ENGINES (SPARK-IGNITION/ROTARY INT CMBUS)
2020-03-01,840710,4.598819268862897,3.241625620655313,4.771764652672496,66657717.0,us_imports,2020-05-16,AIRCRAFT ENGINES (SPARK-IGNITION/ROTARY INT CMBUS)
2016-12-01,840721,0.4934422997316119,2.404742566979849,0.42225930094472974,255643779.0,us_imports,2017-02-16,OUTBOARD ENGINES FOR MARINE PROPULSION
2021-05-01,840721,0.7607325035411325,2.6138696492511855,0.41155472141498106,321989185.0,us_imports,2021-07-16,OUTBOARD ENGINES FOR MARINE PROPULSION
2025-03-01,840721,0.8469230844974533,2.058019063049246,0.5666102570936922,228082597.0,us_imports,2025-05-16,OUTBOARD ENGINES FOR MARINE PROPULSION
2018-02-01,840733,0.4347229849616405,2.142526262316692,0.6561871257871001,104997117.0,us_imports,2018-04-16,SPARK-IGNTN RECRCTNG PISTN ENG ETC >250 NOV1000CC
2021-05-01,840733,0.9484308614456851,3.825370023590608,0.6112890026825768,129836239.0,us_imports,2021-07-16,SPARK-IGNTN RECRCTNG PISTN ENG ETC >250 NOV1000CC
2021-05-01,840734,1.0913169314528357,6.218358727853622,1.2688534703603216,2098796974.0,us_imports,2021-07-16,SPARK-IGNTN RECPRCTING PISTON ENGINE ETC > 1000 CC
2022-03-01,840790,0.40774884954884727,2.5003569853287453,0.31232199982395703,241350464.0,us_imports,2022-05-16,"SPARK-IGNTN RCPRCTNG/ROTARY INT COMBSTN ENG, NESOI"
2017-08-01,840810,0.8185252054217615,2.2665369704850917,1.0314529168432078,58043893.0,us_imports,2017-10-16,MARINE COMPRESS-IGNIN COMBUSTION PISTON ENGINE ETC
2021-04-01,840820,0.39546892566677094,2.4299677714219983,0.36756906128611644,818658757.0,us_imports,2021-06-16,COMPRESSION-IGNTN INT COMBUSTION PISTON ENGINE ETC
2017-09-01,840890,0.3994469328073105,2.20224879278384,0.23351432978309128,696873809.0,us_imports,2017-11-16,"COMPRESSION-IGNTN INT COMBUSTION PISTON ENG, NESOI"
2021-07-01,840890,0.7037011192087723,2.488888340393578,0.7050126657553393,656881387.0,us_imports,2021-09-16,"COMPRESSION-IGNTN INT COMBUSTION PISTON ENG, NESOI"
2021-04-01,840991,0.44430625640686383,3.6296639131089297,0.35784463793545584,1747981341.0,us_imports,2021-06-16,SPARK-IGNITION INT COMBUSTION PISTON ENG PTS NESOI
2021-05-01,840999,0.46890618803995343,2.3001729340973323,0.3418789071798889,881837941.0,us_imports,2021-07-16,SPARK-IGNITION RECIPROCATING INT COM PISTN ENG PTS
2021-07-01,841111,1.1142404352592545,2.8286715265958176,1.000859645705375,139000156.0,us_imports,2021-09-16,TURBOJETS OF A THRUST NOT EXCEEDING 25 KN
2018-01-01,841112,0.5376786485107807,2.5848664930124894,0.24895489927755055,1451189651.0,us_imports,2018-03-16,TURBOJETS OF A THRUST EXCEEDING 25 KN
2018-07-01,841112,0.602092140993354,2.033353729754516,0.20125507250403074,2132454430.0,us_imports,2018-09-16,TURBOJETS OF A THRUST EXCEEDING 25 KN
2019-04-01,841112,1.1558359514534224,3.30014947351665,0.8047507561800722,3183060098.0,us_imports,2019-06-16,TURBOJETS OF A THRUST EXCEEDING 25 KN
2026-06-01,841112,0.8827147032050437,2.5868997624355017,0.9493019531134897,3301818050.0,us_imports,2026-08-16,TURBOJETS OF A THRUST EXCEEDING 25 KN
2016-09-01,841121,0.32005818771046934,2.566455311344329,0.2651889424765561,140095468.0,us_imports,2016-11-16,"TURBOPROPELLERS OF A POWER NOT EXCEEDING 1,100 KW"
2019-03-01,841121,0.5297893575006722,2.829907281208451,0.36796634381153837,177060196.0,us_imports,2019-05-16,"TURBOPROPELLERS OF A POWER NOT EXCEEDING 1,100 KW"
2021-06-01,841121,0.4876613528115472,2.1595484120719983,0.3809014681509513,110259970.0,us_imports,2021-08-16,"TURBOPROPELLERS OF A POWER NOT EXCEEDING 1,100 KW"
2022-05-01,841121,0.5640375163242759,2.27627629314034,0.5919112893705922,180648357.0,us_imports,2022-07-16,"TURBOPROPELLERS OF A POWER NOT EXCEEDING 1,100 KW"
2025-01-01,841121,0.5680300416027357,2.335290769664267,0.4721297605538082,199014779.0,us_imports,2025-03-16,"TURBOPROPELLERS OF A POWER NOT EXCEEDING 1,100 KW"
2026-07-01,841121,0.5042786515629083,2.013704255154217,0.5137125482151619,241210984.0,us_imports,2026-09-16,"TURBOPROPELLERS OF A POWER NOT EXCEEDING 1,100 KW"
2017-01-01,841122,0.9026602388049074,2.435634397321242,0.8441156803836012,58466719.0,us_imports,2017-03-16,"TURBOPROPELLERS OF A POWER EXCEEDING 1,100 KW"
2018-07-01,841122,1.0455281677726531,2.737008165237333,1.2908229490288605,64806360.0,us_imports,2018-09-16,"TURBOPROPELLERS OF A POWER EXCEEDING 1,100 KW"
2021-09-01,841122,0.9216607979686855,2.485078006851293,0.6364566397052267,54923558.0,us_imports,2021-11-16,"TURBOPROPELLERS OF A POWER EXCEEDING 1,100 KW"
2023-12-01,841122,3.118325438419469,5.661899436892514,2.7162171277873837,50834966.0,us_imports,2024-02-16,"TURBOPROPELLERS OF A POWER EXCEEDING 1,100 KW"
2025-08-01,841122,1.4873836162176,2.247336364934582,1.230165925567169,54273233.0,us_imports,2025-10-16,"TURBOPROPELLERS OF A POWER EXCEEDING 1,100 KW"
2025-03-01,841181,1.1191080710705963,3.51341821862543,1.1847363827238147,138966405.0,us_imports,2025-05-16,"GAS TURBINES OF A POWER NOT EXCEEDING 5,000 KW"
2017-07-01,841182,2.3036644569062084,2.284634351885931,1.584666618246605,122122256.0,us_imports,2017-09-16,"GAS TURBINES OF A POWER EXCEEDING 5,000 KW"
2025-03-01,841182,1.9908930424393563,2.3531072524732157,2.16682545507242,144860788.0,us_imports,2025-05-16,"GAS TURBINES OF A POWER EXCEEDING 5,000 KW"
2019-03-01,841191,0.333985809184282,3.1744622561326596,0.26659753511646356,4107818378.0,us_imports,2019-05-16,TURBOJET AND TURBOPROLLER PARTS
2021-12-01,841191,0.41744908345423704,2.0130473797255575,0.13549273262307437,2834789484.0,us_imports,2022-02-16,TURBOJET AND TURBOPROLLER PARTS
2019-11-01,841199,0.4363619241635397,3.152438241339635,0.3995029833810304,689727013.0,us_imports,2020-01-16,GAS TURBINE PARTS NESOI
2026-04-01,841199,0.36248292415955596,2.01071590608123,0.10370429572490658,1340224245.0,us_imports,2026-06-16,GAS TURBINE PARTS NESOI
2021-07-01,841221,0.3092553992434397,2.10538991022294,0.32984450776601915,348861367.0,us_imports,2021-09-16,"HYDRAULIC POWER ENGINES AND MOTORS, LINEAR ACTING"
2022-02-01,841221,0.35813042154685926,2.0972555847481797,0.08398073753573443,355037719.0,us_imports,2022-04-16,"HYDRAULIC POWER ENGINES AND MOTORS, LINEAR ACTING"
2017-09-01,841229,0.32194058835810835,2.21469695673549,0.255165774774166,200534781.0,us_imports,2017-11-16,HYDRAULIC POWER ENGINES & MOTORS EX LINEAR ACTING
2021-06-01,841229,0.38710731158788203,2.081710149225079,0.43543051683156797,238024545.0,us_imports,2021-08-16,HYDRAULIC POWER ENGINES & MOTORS EX LINEAR ACTING
2021-04-01,841231,0.4188971363413696,2.0574828890908647,0.17945832452882948,86304004.0,us_imports,2021-06-16,"PNEUMATIC POWER ENGINES AND MOTORS, LINEAR ACTING"
2018-12-01,841290,0.5392306107961711,2.431077825769963,0.4156159213145463,699153721.0,us_imports,2019-02-16,"ENGINE AND MOTOR PARTS, NESOI"
2020-03-01,841290,0.5653758453620308,2.0127163835969717,0.4213820654876903,1043458096.0,us_imports,2020-05-16,"ENGINE AND MOTOR PARTS, NESOI"
2017-01-01,841319,0.8928513222922994,2.356140164108233,0.8873811615238705,57351453.0,us_imports,2017-03-16,"PUMPS FITTED WITH MEASURING DEVICE, NESOI"
2017-08-01,841319,0.8789943165594365,2.02329869035354,0.6045082059732299,63153185.0,us_imports,2017-10-16,"PUMPS FITTED WITH MEASURING DEVICE, NESOI"
2021-07-01,841319,1.3920364508191456,3.8386971193183133,1.3062087913903557,76851615.0,us_imports,2021-09-16,"PUMPS FITTED WITH MEASURING DEVICE, NESOI"
2020-07-01,841320,0.6194280729635873,2.263639006245793,0.6588832295218284,103242253.0,us_imports,2020-09-16,"HAND PUMPS,EXC PUMPS FITTED WITH MEASURING DEVICES"
2021-05-01,841330,0.606644018086447,4.431009114717384,0.5867281947555418,700005832.0,us_imports,2021-07-16,"FUEL, LUB/COOLING MED PUMPS FOR INT COMB PISTN ENG"
2026-04-01,841340,1.7493998946251517,2.6731797565408666,1.5407693345041986,50769063.0,us_imports,2026-06-16,CONCRETE PUMPS
2021-05-01,841350,0.4653018408439409,2.3603094594398843,0.4878330596058825,402630945.0,us_imports,2021-07-16,"RECIPROCATING POSITIVE DISPLACEMENT PUMPS, NESOI"
2021-05-01,841360,0.5026472303662757,4.154205465961697,0.5658747309877604,345272835.0,us_imports,2021-07-16,"ROTARY POSITIVE DISPLACEMENT PUMPS, NESOI"
2018-03-01,841381,0.5333817022694791,2.2127812646216225,0.2213224396888347,175870946.0,us_imports,2018-05-16,"PUMPS FOR LIQUIDS, NESOI"
2021-07-01,841391,0.3938274075156929,2.1578364883288965,0.2844954570378817,738049424.0,us_imports,2021-09-16,PARTS OF PUMPS FOR LIQUIDS
2021-05-01,841430,0.4662799180752004,4.183507011586068,0.5096454928417166,635498457.0,us_imports,2021-07-16,COMPRESSORS USED IN REFRIGERATING EQUIPMENT
2016-02-01,841451,0.43742490093963005,2.5878000710621034,0.2142349555367169,362012861.0,us_imports,2016-04-16,"TABLE, FLOOR ETC FANS ELECTRIC NOT EXCEED 125 W"
2020-08-01,841451,0.35190170372604057,2.3493801158400967,0.5044331598299892,566399354.0,us_imports,2020-10-16,"TABLE, FLOOR ETC FANS ELECTRIC NOT EXCEED 125 W"
2021-03-01,841451,0.711396177843685,3.229455065763082,0.22641328543402595,625783181.0,us_imports,2021-05-16,"TABLE, FLOOR ETC FANS ELECTRIC NOT EXCEED 125 W"
2021-04-01,841459,0.33595871222623264,2.786668243125084,0.2290673719735692,626847377.0,us_imports,2021-06-16,"FANS, NESOI"
2024-09-01,841459,0.34303308557272105,2.1064111538435735,0.2631989111047697,909517437.0,us_imports,2024-11-16,"FANS, NESOI"
2021-04-01,841460,0.36890553480736354,2.467903094482779,0.11725501327431687,78226115.0,us_imports,2021-06-16,HOODS HAVING MAXIMUM HORRIZON SIDE NOT EXC 120 CM
2017-01-01,841480,0.30901677501336233,2.616244942573358,0.2728497878559579,554399103.0,us_imports,2017-03-16,"AIR/GAS PUMPS, COMPRESSORS AND FANS ETC, NESOI"
2021-05-01,841480,0.5783824116065615,3.556382009274228,0.5984242662008116,658681758.0,us_imports,2021-07-16,"AIR/GAS PUMPS, COMPRESSORS AND FANS ETC, NESOI"
2021-06-01,841490,0.3253504066438695,3.103680159541465,0.21762338644564583,521941386.0,us_imports,2021-08-16,"AIR/GAS PUMP, COMPRESSOR AND FAN ETC PARTS, NESOI"
2016-02-01,841510,0.905667605968508,2.1473577597309066,0.46841431172801684,316786947.0,us_imports,2016-04-16,"AIR CONDITION MACH, WINDOW/ WALL TYPE, SELF CONT"
2018-12-01,841510,1.8740306926876684,5.187722180966692,1.8860125780107777,320721230.0,us_imports,2019-02-16,"AIR CONDITION MACH, WINDOW/ WALL TYPE, SELF CONT"
2020-10-01,841510,0.8824271161333983,2.017947251156321,0.6593014119625111,139259157.0,us_imports,2020-12-16,"AIR CONDITION MACH, WINDOW/ WALL TYPE, SELF CONT"
2024-12-01,841510,0.9341424931539233,2.196285315481648,0.41763444479238854,163537175.0,us_imports,2025-02-16,"AIR CONDITION MACH, WINDOW/ WALL TYPE, SELF CONT"
2020-11-01,841520,0.9601901545546507,2.905528594768423,0.7807244255701513,98870386.0,us_imports,2021-01-16,AUTOMOTIVE AIR CONDITIONERS
2021-05-01,841520,0.9552274444118338,2.2520775037989265,0.18848113045686965,85292005.0,us_imports,2021-07-16,AUTOMOTIVE AIR CONDITIONERS
2022-12-01,841581,0.6437663274909156,2.287065732432897,0.6469651752667692,81762382.0,us_imports,2023-02-16,AIR CONDITIONING MACH ETC INCL REFRIG UNIT ETC
2018-12-01,841582,0.405325358283565,2.3142673646465877,0.27376331652539987,373940970.0,us_imports,2019-02-16,AIR CONDITIONING MACH ETC INCORP REFRIG UNIT NESOI
2021-06-01,841582,0.42623055235521257,2.2273727426308647,0.2890287517698418,553799697.0,us_imports,2021-08-16,AIR CONDITIONING MACH ETC INCORP REFRIG UNIT NESOI
2017-12-01,841583,0.44462558122663753,2.735940022110333,0.28311996771668135,68680882.0,us_imports,2018-02-16,AIR CONDITIONING MACHINES ETC NOT INCL REFRIG UNIT
2021-05-01,841583,0.4040240001246318,2.1605586108368846,0.47522846014627373,80750149.0,us_imports,2021-07-16,AIR CONDITIONING MACHINES ETC NOT INCL REFRIG UNIT
2022-11-01,841583,0.7590075343263738,3.0565667077131016,0.5844015505309155,122641219.0,us_imports,2023-01-16,AIR CONDITIONING MACHINES ETC NOT INCL REFRIG UNIT
2021-05-01,841590,0.5347032975968742,2.8412689377968086,0.37028827011958376,1815359835.0,us_imports,2021-07-16,"PARTS, NESOI, OF AIR CONDITIONING MACHINES"
2021-09-01,841790,0.6652291351917778,2.080250166872881,0.9074820967551592,55543105.0,us_imports,2021-11-16,"PARTS OF IND OR LAB FURN & OVEN,INCINERAT, NONELEC"
2023-04-01,841790,0.6760757284220498,2.176943512434151,0.5875381735033847,54593799.0,us_imports,2023-06-16,"PARTS OF IND OR LAB FURN & OVEN,INCINERAT, NONELEC"
2024-02-01,841790,0.9427383086180536,2.6926656823746407,0.5548286924244412,78556405.0,us_imports,2024-04-16,"PARTS OF IND OR LAB FURN & OVEN,INCINERAT, NONELEC"
2024-08-01,841790,0.8909186995562419,2.365076160817753,0.6354369240450173,77980294.0,us_imports,2024-10-16,"PARTS OF IND OR LAB FURN & OVEN,INCINERAT, NONELEC"
2020-12-01,841810,0.3989812924879834,4.466929043408894,0.2457664606425618,1716172230.0,us_imports,2021-02-16,REFRIG-FREEZERS W/ SEPARATE EXTERNAL DOORS/DRAWERS
2018-09-01,841821,0.42420891988707043,2.6881351504339843,0.2911793741358657,152628814.0,us_imports,2018-11-16,"REFRIGERATORS, HOUSEHOLD, COMPRESSION TYPE"
2021-02-01,841821,0.5055854210693227,2.232509605539357,0.2256234169465794,110953550.0,us_imports,2021-04-16,"REFRIGERATORS, HOUSEHOLD, COMPRESSION TYPE"
2020-05-01,841830,0.552478925637607,2.161485709446297,0.5133784814097586,64107717.0,us_imports,2020-07-16,"FREEZERS, CHEST TYPE, CAPACITY NOT EXC 800 LITERS"
2020-11-01,841830,2.2950040495716064,4.547345826740912,0.8717723636039438,175284281.0,us_imports,2021-01-16,"FREEZERS, CHEST TYPE, CAPACITY NOT EXC 800 LITERS"
2020-07-01,841840,0.6885226452137978,2.5170240493549723,0.5956975191547103,61838417.0,us_imports,2020-09-16,"FREEZERS, UPRIGHT, CAPACITY NOT EXC 900 LITERS"
2021-01-01,841840,1.9597433198041418,3.879174723590739,0.417943757378302,111084151.0,us_imports,2021-03-16,"FREEZERS, UPRIGHT, CAPACITY NOT EXC 900 LITERS"
2018-12-01,841850,0.42994777223390424,2.477039084590744,0.16775013557323182,229058519.0,us_imports,2019-02-16,REFRIGERATING/FREEZING DISPLAY COUNTERS ETC
2021-03-01,841850,0.4524822089541527,2.49829170791603,0.29216772553443127,260435610.0,us_imports,2021-05-16,REFRIGERATING/FREEZING DISPLAY COUNTERS ETC
2020-11-01,841869,0.49426686455824065,2.7982469578126357,0.5472615788707141,532074279.0,us_imports,2021-01-16,"REFRIGERATING/FREEZING EQUIPMENT, NESOI"
2021-05-01,841869,0.5398559467691559,2.445609062245566,0.2626078734734716,536825250.0,us_imports,2021-07-16,"REFRIGERATING/FREEZING EQUIPMENT, NESOI"
2025-02-01,841869,0.7474871736148969,3.3243647641344203,0.48807840513248557,943106901.0,us_imports,2025-04-16,"REFRIGERATING/FREEZING EQUIPMENT, NESOI"
2026-06-01,841869,0.8166734210615985,3.2055000537650202,0.7099364597287117,1520480732.0,us_imports,2026-08-16,"REFRIGERATING/FREEZING EQUIPMENT, NESOI"
2021-04-01,841899,0.37832988613610485,2.5796926921487255,0.2605197645692179,284510676.0,us_imports,2021-06-16,REFRIGERATOR FREEZER AND HEAT PUMP PARTS NESOI
2017-06-01,841911,0.31155683134258605,2.370484423740823,0.21660996912468677,108152280.0,us_imports,2017-08-16,INSTANTANEOUS GAS WATER HEATERS
2021-06-01,841911,0.42978755676281155,2.9002333297106424,0.22430105154850688,197672319.0,us_imports,2021-08-16,INSTANTANEOUS GAS WATER HEATERS
2021-05-01,841919,0.5051728151502242,2.1399298811772596,0.4363590295467834,135776939.0,us_imports,2021-07-16,"NONELECTRIC WATER HEATERS, INSTANT OR STORAGE NES"
2021-10-01,841920,0.360987790058211,2.5034993619178834,0.25316839586158757,63784262.0,us_imports,2021-12-16,"MEDICAL, SURGICAL OR LABORATORY STERILIZERS"
2023-01-01,841920,0.40124574462743845,2.7147024173735583,0.5442185676100105,67762658.0,us_imports,2023-03-16,"MEDICAL, SURGICAL OR LABORATORY STERILIZERS"
2022-05-01,841939,0.8079216598121566,2.5605599741018805,0.6961184573294517,74036453.0,us_imports,2022-07-16,"DRYERS, NESOI"
2023-01-01,841939,0.7330916805377672,2.025172978183482,0.7053292342405539,86816382.0,us_imports,2023-03-16,"DRYERS, NESOI"
2019-08-01,841940,1.7160830418216775,2.024076553960406,0.5176835561129511,54634722.0,us_imports,2019-10-16,DISTILLING OR RECTIFYING PLANT
2024-06-01,841940,2.182917827888275,2.4587129591139623,2.4995789263076884,68573170.0,us_imports,2024-08-16,DISTILLING OR RECTIFYING PLANT
2022-12-01,841950,0.5092088339633829,2.277198291405892,0.2074303384062719,450491718.0,us_imports,2023-02-16,"HEAT EXCHANGE UNITS, INDUSTRIAL TYPE"
2021-05-01,841981,0.45266913860750035,2.0952028059887753,0.6900638686787692,300100498.0,us_imports,2021-07-16,MACHINERY ETC FOR MAKING HOT DRINKS COOKING HEATNG
2021-11-01,841981,0.742086145601589,2.8234598774764987,0.1317288586476777,334305746.0,us_imports,2022-01-16,MACHINERY ETC FOR MAKING HOT DRINKS COOKING HEATNG
2024-09-01,841989,0.5726137984558588,2.2046514706141,0.3266155441043641,395092863.0,us_imports,2024-11-16,MACHINE ETC FOR MAT'L TREATMENT BY TEMP CONT NESOI
2025-06-01,841989,0.6730324818152451,2.267318734542984,0.14023336304916256,527360793.0,us_imports,2025-08-16,MACHINE ETC FOR MAT'L TREATMENT BY TEMP CONT NESOI
2026-01-01,841989,1.0495541190169075,2.8539096452280934,0.03387112187275143,913013947.0,us_imports,2026-03-16,MACHINE ETC FOR MAT'L TREATMENT BY TEMP CONT NESOI
2021-10-01,841990,0.4491425663434885,2.1625853557062027,0.2747584372131755,288012371.0,us_imports,2021-12-16,PARTS FOR MACHINERY PLANT OR LAB EQUIPMENT ETC
2026-04-01,841990,0.4904516415109157,2.2245143506401877,0.44966229399179425,540176261.0,us_imports,2026-06-16,PARTS FOR MACHINERY PLANT OR LAB EQUIPMENT ETC
2017-01-01,842010,1.0191123657787324,2.2402326043440044,0.12333460769347049,53119852.0,us_imports,2017-03-16,CALENDERING OR OTHER ROLLING MACHINES
2024-01-01,842010,1.1188768678158931,2.3055784915092463,1.4770419916834672,50481290.0,us_imports,2024-03-16,CALENDERING OR OTHER ROLLING MACHINES
2024-07-01,842010,1.2157616311620414,2.4070608793423895,1.3735286406667693,66056771.0,us_imports,2024-09-16,CALENDERING OR OTHER ROLLING MACHINES
2022-12-01,842119,0.46648008406673447,2.570194930935,0.26620680653074147,96068905.0,us_imports,2023-02-16,"CENTRIFUGES, NESOI"
2022-05-01,842121,0.3787132468122214,3.5488539172655478,0.23576292521429898,518616433.0,us_imports,2022-07-16,WATER FILTERING OR PURIFYING MACHINERY & APPARATUS
2021-05-01,842123,0.4346529517768958,3.447413947499457,0.2231727216829098,261841523.0,us_imports,2021-07-16,OIL OR FUEL FILTERS FOR INTERNAL COMBUSTION ENGINE
2018-10-01,842129,0.4086600604101307,4.460119490300727,0.27212175286612417,319072356.0,us_imports,2018-12-16,FILTER/PURIFY MACHINE & APPARATUS FOR LIQUID NESOI
2022-01-01,842129,0.36355436670242147,2.510083400854754,0.19044725370966553,357754412.0,us_imports,2022-03-16,FILTER/PURIFY MACHINE & APPARATUS FOR LIQUID NESOI
2021-05-01,842131,0.5243649781565269,4.351276548206323,0.446790132868077,134320981.0,us_imports,2021-07-16,INTAKE AIR FILTERS FOR INTERNAL COMBUSTION ENGINES
2020-09-01,842139,0.30491581907063514,2.8182062186167953,0.4584117923509192,1188841841.0,us_imports,2020-11-16,FILTER/PURIFY MACHINE & APPARATUS FOR GASES NESOI
2021-04-01,842139,0.6540308858665067,3.2673856735682345,0.03202460793486339,1479601018.0,us_imports,2021-06-16,FILTER/PURIFY MACHINE & APPARATUS FOR GASES NESOI
2022-03-01,842191,0.42169183362657514,2.0698840257893063,0.24031071392986436,50140792.0,us_imports,2022-05-16,"PARTS OF CENTRIFUGES, INCLUDING CENTRIFUGAL DRYERS"
2021-06-01,842199,0.30895892713359063,3.428937162195748,0.15491698427724998,464556589.0,us_imports,2021-08-16,FILTER/PURIFY MACHINE & APPARATUS PARTS
2017-05-01,842211,0.43266836686086907,2.7329051462218734,0.33177136735217405,112063440.0,us_imports,2017-07-16,"DISHWASHING MACHINES, HOUSEHOLD TYPE"
2020-09-01,842211,0.39412891103944125,2.5588327142305536,0.5660751265125852,145347479.0,us_imports,2020-11-16,"DISHWASHING MACHINES, HOUSEHOLD TYPE"
2021-03-01,842211,0.6451299040216605,2.8451337708748605,0.039506331216984325,158103867.0,us_imports,2021-05-16,"DISHWASHING MACHINES, HOUSEHOLD TYPE"
2016-10-01,842230,0.34209063632101544,2.2861853165598265,0.2844890338514716,338429975.0,us_imports,2016-12-16,"MACHINERY FOR FILLING, CLOSING BOTTLES, ETC"
2021-04-01,842230,0.44076296554483796,2.626497332598487,0.23152131888090555,378645905.0,us_imports,2021-06-16,"MACHINERY FOR FILLING, CLOSING BOTTLES, ETC"
2023-12-01,842230,0.42073310499793193,2.476431826133717,0.41536742682261196,501930712.0,us_imports,2024-02-16,"MACHINERY FOR FILLING, CLOSING BOTTLES, ETC"
2024-09-01,842230,0.39219385431646114,2.106143116914061,0.275402803114835,507187658.0,us_imports,2024-11-16,"MACHINERY FOR FILLING, CLOSING BOTTLES, ETC"
2018-03-01,842240,0.3327676136749613,2.084506028971594,0.1854727876242659,261424933.0,us_imports,2018-05-16,"PACKING OR WRAPPING MACHINERY, NESOI"
2020-11-01,842240,0.37971681914230015,2.11048484334213,0.3098363278469687,387236197.0,us_imports,2021-01-16,"PACKING OR WRAPPING MACHINERY, NESOI"
2021-03-01,842290,0.40917315611995897,3.3676331541200595,0.2919131666762864,291277540.0,us_imports,2021-05-16,"PARTS FOR MACHINES FOR DISHWASHING, PACKING, ETC"
2020-08-01,842310,0.4558136628120124,3.114773608981475,0.6983242729721558,56070407.0,us_imports,2020-10-16,PERSONAL WEIGHING MACHINES; HOUSEHOLD SCALES
2021-02-01,842310,0.48446284391211014,2.4531437586357714,0.111088155036702,62592358.0,us_imports,2021-04-16,PERSONAL WEIGHING MACHINES; HOUSEHOLD SCALES
2025-05-01,842382,0.4313716237186569,2.3652657374924453,0.691424282834342,72675166.0,us_imports,2025-07-16,"WEIGH MACH, NESOI, CAPACITY >30KG BUT =<5000 KG"
2025-11-01,842382,0.5604427381509789,2.6792032666679253,0.13773014296689712,72352908.0,us_imports,2026-01-16,"WEIGH MACH, NESOI, CAPACITY >30KG BUT =<5000 KG"
2023-09-01,842410,0.9729558573057004,2.809220206367408,0.9029052308678225,98012288.0,us_imports,2023-11-16,"FIRE EXTINGUISHERS, WHETHER OR NOT CHARGED"
2017-03-01,842420,0.5363266802446347,2.7088272206365263,0.5333393856426125,111616467.0,us_imports,2017-05-16,SPRAY GUNS AND SIMILAR APPLIANCES
2020-07-01,842420,0.5331530799719659,2.40926267590288,0.6282405695173648,152392149.0,us_imports,2020-09-16,SPRAY GUNS AND SIMILAR APPLIANCES
2017-11-01,842430,0.6915488862822237,3.0794605530479746,0.5459580387134786,83559389.0,us_imports,2018-01-16,STEAM/SAND BLAST MACH & SIMILAR JET PROJECTNG MACH
2020-07-01,842430,0.6477618490429469,2.8395327306367126,0.7087496151355052,226052561.0,us_imports,2020-09-16,STEAM/SAND BLAST MACH & SIMILAR JET PROJECTNG MACH
2021-03-01,842430,0.6839191614134708,2.0462910335149953,0.2305108332353385,238236983.0,us_imports,2021-05-16,STEAM/SAND BLAST MACH & SIMILAR JET PROJECTNG MACH
2020-12-01,842482,1.1162924602966107,3.1010738228080887,0.6877484463314305,52081003.0,us_imports,2021-02-16,"MECH APS FOR AG/HORT FOR PROJECT/SPRAY/ETC, NESOI"
2021-06-01,842482,1.2817162527416843,2.3476166497267794,0.5355081445226768,63247518.0,us_imports,2021-08-16,"MECH APS FOR AG/HORT FOR PROJECT/SPRAY/ETC, NESOI"
2020-07-01,842489,0.7462543233706602,5.641177359982423,0.7604846934058771,265411031.0,us_imports,2020-09-16,MECHANICAL APPLIANCE FOR PROJECTING LIQUIDS NESOI
2024-01-01,842489,0.6231067307607789,2.030544027402775,0.5357312141563091,273845200.0,us_imports,2024-03-16,MECHANICAL APPLIANCE FOR PROJECTING LIQUIDS NESOI
2021-05-01,842490,0.3690955625138139,2.9501056580860694,0.21660039920363428,286875454.0,us_imports,2021-07-16,PTS FOR MECHANICAL APPLIANCE PROJECT LIQUID ETC
2019-10-01,842511,0.7421455262413124,2.8738796135637745,0.5967149645867993,58953175.0,us_imports,2019-12-16,"PULY TAC&HOST,EXC SKIP,HOST FR RAIS VEH, POW EL MT"
2021-07-01,842539,0.4192403356494663,2.058771079678491,0.34043303878968034,50598694.0,us_imports,2021-09-16,WINCHES AND CAPSTANS NOT POWERED BY ELECTRIC MOTOR
2018-11-01,842542,0.3467058207723577,2.816039432973434,0.2207019565964683,100000508.0,us_imports,2019-01-16,"JACKS AND HOISTS,HYDRAULIC,EXC BLT-IN JACK SYSTEMS"
2021-04-01,842542,0.38361622546555063,2.1578851611612655,0.15042151507584078,98953973.0,us_imports,2021-06-16,"JACKS AND HOISTS,HYDRAULIC,EXC BLT-IN JACK SYSTEMS"
2021-01-01,842549,0.39132394107863333,2.775674898935528,0.31385468568814745,94425256.0,us_imports,2021-03-16,"JACKS, NESOI; HOISTS FOR RAISING VEHICLES, NESOI"
2021-07-01,842549,0.6309645562045818,2.7982132258531007,0.03330926530737455,89139050.0,us_imports,2021-09-16,"JACKS, NESOI; HOISTS FOR RAISING VEHICLES, NESOI"
2017-11-01,842611,23.457987641996972,5.00914941772351,21.91151501911954,58973858.0,us_imports,2018-01-16,OVERHEAD TRAVELING CRANES ON FIXED SUPPORT
2016-06-01,842619,1.7580727655067436,2.651773943273075,2.0578440027485883,84350007.0,us_imports,2016-08-16,"OVHD TRV,TRNPT,GNT,BRDG,MOBL LFT FRM&TRD CAR,NESOI"
2018-09-01,842619,4.265841610109307,3.514032537172346,3.239791906023676,171674667.0,us_imports,2018-11-16,"OVHD TRV,TRNPT,GNT,BRDG,MOBL LFT FRM&TRD CAR,NESOI"
2023-08-01,842619,4.952186991420637,4.088760910202536,4.588236602593523,190537547.0,us_imports,2023-10-16,"OVHD TRV,TRNPT,GNT,BRDG,MOBL LFT FRM&TRD CAR,NESOI"
2017-04-01,842630,18.17514765850729,2.8330004539267133,18.350053054122718,60823856.0,us_imports,2017-06-16,PORTAL OR PEDESTAL JIB CRANES
2016-03-01,842641,4.5173790478824465,4.0834805541905235,4.389258560224047,57454206.0,us_imports,2016-05-16,"DERRICKS ETC SELF-PROPELLED ON TIRES, NESOI"
2016-09-01,842649,1.2559497131749393,2.178006620283317,0.6712791616257912,167983175.0,us_imports,2016-11-16,"DERRICKS ETC SELF-PROPELLED NOT ON TIRES, NESOI"
2023-07-01,842649,1.098525850505323,2.532307556540785,0.9299611200013962,190066590.0,us_imports,2023-09-16,"DERRICKS ETC SELF-PROPELLED NOT ON TIRES, NESOI"
2025-11-01,842691,0.5791179004455693,2.011231182105568,0.757432072713168,51088115.0,us_imports,2026-01-16,LIFTING OR HANDLING MACHINERY FOR ROAD VEHICLES
2021-06-01,842710,0.8069042127727357,3.970488593527213,0.8822025035053553,261738340.0,us_imports,2021-08-16,SELF-PROPELLED LIFTING ETC TRUCKS WITH ELECT MOTOR
2017-10-01,842720,0.4196774931044005,2.5521061925024067,0.390620630482021,369636849.0,us_imports,2017-12-16,"SELF-PROPELLED WORKS TRUCKS AND FORKLIFTS, NESOI"
2021-06-01,842720,0.8444836378438527,3.2192744865395464,0.9093076198341314,444124808.0,us_imports,2021-08-16,"SELF-PROPELLED WORKS TRUCKS AND FORKLIFTS, NESOI"
2022-11-01,842720,0.7404803126738921,2.0389005444629396,0.2526039443483945,800044314.0,us_imports,2023-01-16,"SELF-PROPELLED WORKS TRUCKS AND FORKLIFTS, NESOI"
2018-08-01,842790,0.7057732756087796,2.1910401424970614,0.023136378639513566,62804856.0,us_imports,2018-10-16,"FORK-LIFT AND WORKS TRUCKS, NESOI"
2022-06-01,842790,1.153847648025986,2.461317798089313,0.8892020067179678,61873254.0,us_imports,2022-08-16,"FORK-LIFT AND WORKS TRUCKS, NESOI"
2024-11-01,842790,1.0075927059419953,2.186277619319165,0.5636029443780062,107689455.0,us_imports,2025-01-16,"FORK-LIFT AND WORKS TRUCKS, NESOI"
2018-09-01,842810,0.431801487228745,2.8632526532150555,0.468760680334783,55659148.0,us_imports,2018-11-16,PASS OR FREIGHT ELEVATOR EXC CONT ACT; SKIP HOISTS
2022-01-01,842820,0.7964437214606839,2.1917820322726627,1.062418851357215,50112712.0,us_imports,2022-03-16,PNEUMATIC ELEVATORS AND CONVEYORS
2018-06-01,842833,1.018645263748779,2.705744525197819,0.6638666468301493,191522066.0,us_imports,2018-08-16,"CONT-ACT ELEV & CONVEY,FR GOODS OR MATL,BELT TYPE"
2017-04-01,842839,0.7582547512324178,2.3293859135614965,0.7631249520894645,228520952.0,us_imports,2017-06-16,"CONT-ACT ELEV & CONVEY,FR GOODS OR MATERLS, NESOI"
2021-06-01,842839,0.9857331140100052,2.5092060370364653,1.0371316490334195,343875855.0,us_imports,2021-08-16,"CONT-ACT ELEV & CONVEY,FR GOODS OR MATERLS, NESOI"
2025-05-01,842870,0.3145303715023464,2.8885177393934773,0.6271740586992771,222482241.0,us_imports,2025-07-16,INDUSTRIAL ROBOTS
2021-05-01,842890,0.33500127134878177,3.0227473748931533,0.23721254511144751,898127468.0,us_imports,2021-07-16,"LIFTING, HANDLING, LOADING & UNLOADING MACHY NESOI"
2024-01-01,842890,0.3675315380446025,2.7239086226346068,0.31436701541819145,1196858653.0,us_imports,2024-03-16,"LIFTING, HANDLING, LOADING & UNLOADING MACHY NESOI"
2017-08-01,842911,1.4089239279605592,2.410557763626685,1.2402523371156664,81175615.0,us_imports,2017-10-16,"BULLDOZERS AND ANGELDOZERS, SELF-PROP, TRACK LAY"
2021-04-01,842911,4.434098589705081,5.190559905402505,4.812173849180056,84288363.0,us_imports,2021-06-16,"BULLDOZERS AND ANGELDOZERS, SELF-PROP, TRACK LAY"
2017-10-01,842920,0.9163754911420618,2.082864779145236,0.5104171157751718,76297286.0,us_imports,2017-12-16,"GRADERS AND LEVELERS, SELF-PROPELLED"
2023-11-01,842920,1.6168415217600867,2.9679327375469584,1.3102740031214852,163309501.0,us_imports,2024-01-16,"GRADERS AND LEVELERS, SELF-PROPELLED"
2021-09-01,842940,0.8864457933271399,2.181321026361299,0.5662186924899721,121838852.0,us_imports,2021-11-16,"TAMPING MACHINES AND ROAD ROLLERS, SELF-PROPELLED"
2021-06-01,842951,0.5928630078585233,2.0320974411765493,0.39426012088760887,582065101.0,us_imports,2021-08-16,"MECH FRONT-END SHOVEL LOADERS, SELF-PROPELLED"
2017-12-01,842952,0.46124910192817503,2.4633858744829396,0.45518570695961635,811052457.0,us_imports,2018-02-16,MECH SHOVELS EXCAVATORS ETC W 360 DEGREE SPRSTRUC
2021-08-01,842952,0.5723699083504821,2.1405319501537043,0.47679041688227275,952063407.0,us_imports,2021-10-16,MECH SHOVELS EXCAVATORS ETC W 360 DEGREE SPRSTRUC
2022-11-01,842952,0.7090325354060116,2.1052865121517224,0.2949172379361238,1534975088.0,us_imports,2023-01-16,MECH SHOVELS EXCAVATORS ETC W 360 DEGREE SPRSTRUC
2018-01-01,842959,0.7013039619779247,2.3259672415725885,0.7606452765358198,79094414.0,us_imports,2018-03-16,"MECH SHOVELS, EXCAVATORS AND SHOVEL LOADERS NESOI"
2018-07-01,842959,0.8772774524647977,2.0960680759811323,0.2903554486686617,102457801.0,us_imports,2018-09-16,"MECH SHOVELS, EXCAVATORS AND SHOVEL LOADERS NESOI"
2021-05-01,842959,0.9656322588714576,2.4414578989608353,0.6043816622402658,92407203.0,us_imports,2021-07-16,"MECH SHOVELS, EXCAVATORS AND SHOVEL LOADERS NESOI"
2023-01-01,842959,1.027005165211151,2.0953183661326378,0.5830727086487077,141772325.0,us_imports,2023-03-16,"MECH SHOVELS, EXCAVATORS AND SHOVEL LOADERS NESOI"
2026-04-01,843039,3.0847720605740827,3.4887902494084595,1.990688685921738,64494993.0,us_imports,2026-06-16,"COAL OR ROCK CUTTERS & TUNNEL MACH, NESOI"
2020-03-01,843041,0.476201654912104,2.17882070073225,0.351952652717491,81647475.0,us_imports,2020-05-16,"BORING OR SINKING MACHINERY, NESOI, SELF-PROPELLED"
2021-06-01,843041,0.8337406952779209,3.3997554938387946,1.2372822254967062,59991520.0,us_imports,2021-08-16,"BORING OR SINKING MACHINERY, NESOI, SELF-PROPELLED"
2022-02-01,843041,0.61450404702281,2.1576593115052214,0.34734729563486355,76469494.0,us_imports,2022-04-16,"BORING OR SINKING MACHINERY, NESOI, SELF-PROPELLED"
2023-01-01,843041,0.6477855641377226,2.067831640573697,0.3169874168712876,120241119.0,us_imports,2023-03-16,"BORING OR SINKING MACHINERY, NESOI, SELF-PROPELLED"
2023-07-01,843041,0.7055735275837578,2.0491322892527335,0.1959220932147372,146567025.0,us_imports,2023-09-16,"BORING OR SINKING MACHINERY, NESOI, SELF-PROPELLED"
2026-01-01,843041,0.6946362136502902,2.0670170642179095,0.561187389312745,146979688.0,us_imports,2026-03-16,"BORING OR SINKING MACHINERY, NESOI, SELF-PROPELLED"
2018-06-01,843049,2.352575641836165,3.160360025017744,2.444486374758588,59477964.0,us_imports,2018-08-16,"BORING OR SINKING MACH NESOI, NOT SELF-PROPELLED"
2025-03-01,843050,4.1575135891786354,3.75405470194252,4.4045220712451485,55848925.0,us_imports,2025-05-16,"MOVING, GRADING ETC MACHINES ETC NESOI, SELF-PROP"
2026-01-01,843050,3.9005106021583114,3.2252030862757803,4.328258792421501,87649283.0,us_imports,2026-03-16,"MOVING, GRADING ETC MACHINES ETC NESOI, SELF-PROP"
2017-04-01,843069,2.4706137908228745,4.1361838342385555,2.5096458187567965,55992332.0,us_imports,2017-06-16,"MOVING, GRADING ETC MACHINES ETC NESOI, NO SELF-PR"
2016-10-01,843110,0.506803261605314,2.0353243351506123,0.4260545429528384,85897440.0,us_imports,2016-12-16,"PTS FOR PULLEY TACKLE, HOIST EX SKIP, WINCHES, ETC"
2019-09-01,843110,0.48353993750037305,2.283512576637132,0.6619047104634589,93226206.0,us_imports,2019-11-16,"PTS FOR PULLEY TACKLE, HOIST EX SKIP, WINCHES, ETC"
2021-09-01,843110,0.4527297540468167,2.0125326830894545,0.566397759939858,62421386.0,us_imports,2021-11-16,"PTS FOR PULLEY TACKLE, HOIST EX SKIP, WINCHES, ETC"
2022-07-01,843110,0.5094296356348982,2.059988490766548,0.4143807359776803,77501722.0,us_imports,2022-09-16,"PTS FOR PULLEY TACKLE, HOIST EX SKIP, WINCHES, ETC"
2021-06-01,843120,0.5368955502822532,2.5866209277546925,0.33602616250901307,368464619.0,us_imports,2021-08-16,PTS OF FRK LFT TRKS & WORKS TRKS WITH LIFT OR HNDL
2022-12-01,843131,0.34734085114691515,2.5200181717994865,0.21020510259225977,132594555.0,us_imports,2023-02-16,"PARTS OF ELEVATORS, EXC CONT ACTION,SK HOIST,ESCAL"
2017-06-01,843139,0.3159965441337447,3.062890059101567,0.26700806491533324,447926811.0,us_imports,2017-08-16,"PTS FOR LIFTING, HNDLNG, LOADING/UNLDNG MACH NESOI"
2017-12-01,843139,0.3640869621553253,2.1154247544152742,0.0640169407051212,408112845.0,us_imports,2018-02-16,"PTS FOR LIFTING, HNDLNG, LOADING/UNLDNG MACH NESOI"
2021-05-01,843139,0.3397084652144622,2.1394127788857102,0.30992586542118783,564286071.0,us_imports,2021-07-16,"PTS FOR LIFTING, HNDLNG, LOADING/UNLDNG MACH NESOI"
2017-10-01,843141,0.38708966334353856,2.246284629261927,0.20091359196483083,75169876.0,us_imports,2017-12-16,"BUCKETS, SHOVELS, GRABS & GRIPS FOR DERRICKS ETC"
2021-06-01,843141,0.4725398610034932,2.117839970714877,0.34441420261424827,85553114.0,us_imports,2021-08-16,"BUCKETS, SHOVELS, GRABS & GRIPS FOR DERRICKS ETC"
2022-01-01,843141,0.7552328082676549,2.650286636288026,0.20337358993917665,122942077.0,us_imports,2022-03-16,"BUCKETS, SHOVELS, GRABS & GRIPS FOR DERRICKS ETC"
2017-04-01,843143,0.37556877733174865,2.0373837444828475,0.5074090350717818,227870308.0,us_imports,2017-06-16,"PARTS FOR BORING OR SINKING MACHINERY, NESOI"
2017-10-01,843143,0.8352910604436421,2.126748129077532,0.0627657317261896,266321791.0,us_imports,2017-12-16,"PARTS FOR BORING OR SINKING MACHINERY, NESOI"
2021-08-01,843143,0.7118430857686735,2.054984665420825,0.7822747079571956,191277024.0,us_imports,2021-10-16,"PARTS FOR BORING OR SINKING MACHINERY, NESOI"
2018-02-01,843149,0.3505384170805581,2.0402534810996347,0.06573008822633719,891533390.0,us_imports,2018-04-16,PARTS AND ATTACHMENTS NESOI FOR DERRICKS ETC.
2021-06-01,843149,0.3951983059864701,2.0616330593823706,0.3147331083699292,969641571.0,us_imports,2021-08-16,PARTS AND ATTACHMENTS NESOI FOR DERRICKS ETC.
2021-01-01,843229,0.6909389311375069,2.414378164194303,0.16908451359799015,55594910.0,us_imports,2021-03-16,"HARROWS EX DISC, SCARIFIERS CULTIVATORS HOES ETC"
2021-10-01,843229,0.9937079809788791,2.59064275665159,0.338328221322979,54067600.0,us_imports,2021-12-16,"HARROWS EX DISC, SCARIFIERS CULTIVATORS HOES ETC"
2021-04-01,843290,0.35757237690663235,2.023800406119273,0.17978615104305562,96439870.0,us_imports,2021-06-16,AGRIC HORT/FOREST MACHY & LAWN/GROUND ROLLER PARTS
2022-05-01,843290,0.5286766709692807,2.211862876199686,0.13796060849505487,154641250.0,us_imports,2022-07-16,AGRIC HORT/FOREST MACHY & LAWN/GROUND ROLLER PARTS
2019-11-01,843311,0.7645675672074073,2.230526246760446,0.25761771823976143,69783253.0,us_imports,2020-01-16,"MOWERS FOR LAWNS, PARKS ETC CUT DEVICE HORIZ PLANE"
2020-09-01,843311,1.2561419165326173,3.778975282677483,1.3449608229980847,103106297.0,us_imports,2020-11-16,"MOWERS FOR LAWNS, PARKS ETC CUT DEVICE HORIZ PLANE"
2022-11-01,843311,1.0003702025174848,2.634724190920089,0.9961877110455777,201024491.0,us_imports,2023-01-16,"MOWERS FOR LAWNS, PARKS ETC CUT DEVICE HORIZ PLANE"
2024-07-01,843311,1.2102621906261533,3.045503691670553,1.2376448758699383,308883551.0,us_imports,2024-09-16,"MOWERS FOR LAWNS, PARKS ETC CUT DEVICE HORIZ PLANE"
2019-11-01,843320,0.7661986228762923,4.625508177798794,0.632758033413221,50250442.0,us_imports,2020-01-16,"MOWERS, NESOI, INC CUTTER BAR FOR TRACTOR MOUNTING"
2021-06-01,843320,0.4837745725584601,2.289125813216741,0.45032028062879315,73230645.0,us_imports,2021-08-16,"MOWERS, NESOI, INC CUTTER BAR FOR TRACTOR MOUNTING"
2022-02-01,843320,0.44445075422686964,2.000624266607652,0.48949336974362045,82768178.0,us_imports,2022-04-16,"MOWERS, NESOI, INC CUTTER BAR FOR TRACTOR MOUNTING"
2022-09-01,843320,0.5911107628298029,2.238082196578098,0.150040743577617,81135928.0,us_imports,2022-11-16,"MOWERS, NESOI, INC CUTTER BAR FOR TRACTOR MOUNTING"
2023-02-01,843351,2.5232159185825416,2.194164045644757,1.2691559454547536,102389876.0,us_imports,2023-04-16,COMBINE HARVESTER-THRESHERS
2016-04-01,843359,0.6702142274567882,2.0676028777983126,1.1117361492448454,115058957.0,us_imports,2016-06-16,"HARVESTING MACHINERY, NESOI"
2019-05-01,843359,0.5492107903598833,2.277379184350112,1.0082039348922684,108610383.0,us_imports,2019-07-16,"HARVESTING MACHINERY, NESOI"
2021-01-01,843359,0.5373881573991544,2.012120755245077,0.2998972488485807,63941743.0,us_imports,2021-03-16,"HARVESTING MACHINERY, NESOI"
2022-09-01,843359,0.7294800888311923,2.377937571135341,0.33362726245253715,130823493.0,us_imports,2022-11-16,"HARVESTING MACHINERY, NESOI"
2017-09-01,843390,0.3744453295194268,3.015550622102784,0.33599627777395713,214636871.0,us_imports,2017-11-16,"PARTS FOR HARVESTER, GRASS MOWERS, SORTING EGG ETC"
2021-05-01,843390,0.4146068435153383,2.4476985452955735,0.3138665555207871,390040019.0,us_imports,2021-07-16,"PARTS FOR HARVESTER, GRASS MOWERS, SORTING EGG ETC"
2022-12-01,843390,0.5417030647804826,2.480051792230268,0.3432387075384553,351198603.0,us_imports,2023-02-16,"PARTS FOR HARVESTER, GRASS MOWERS, SORTING EGG ETC"
2021-04-01,843680,0.4119189162003076,2.234589075652109,0.27657783941230085,136210845.0,us_imports,2021-06-16,"AGRIC, HORT, FOREST, BEE-KEEPING MACHINERY NESOI"
2022-11-01,843680,0.5499423890291157,2.5186757347950333,0.4170863743298976,198782613.0,us_imports,2023-01-16,"AGRIC, HORT, FOREST, BEE-KEEPING MACHINERY NESOI"
2026-06-01,843680,0.5929727391056401,2.5757131956826784,0.6637837375627241,239596919.0,us_imports,2026-08-16,"AGRIC, HORT, FOREST, BEE-KEEPING MACHINERY NESOI"
2021-03-01,843699,0.41263576777001276,2.4009314318495782,0.33974354071578383,74791875.0,us_imports,2021-05-16,"PTS FOR AGRIC, HORT, FOREST, BEE-KEEP MACH NESOI"
2016-09-01,843810,0.5483128212314148,3.0709628754754803,0.5070253094644865,86793377.0,us_imports,2016-11-16,"BAKERY MACH & MACH F MANUF MACARONI,SPAGHETTI,ETC"
2018-09-01,843810,0.6936474205286143,2.0487382611025136,0.4495207541673414,84362502.0,us_imports,2018-11-16,"BAKERY MACH & MACH F MANUF MACARONI,SPAGHETTI,ETC"
2021-06-01,843810,1.701340760195075,5.01307199387301,1.754476594366472,102462995.0,us_imports,2021-08-16,"BAKERY MACH & MACH F MANUF MACARONI,SPAGHETTI,ETC"
2021-05-01,843840,3.690987796156951,6.533854264250668,3.864356757621235,58748036.0,us_imports,2021-07-16,BREWERY MACHINERY
2021-06-01,843850,0.4374964043764513,2.2006835735897843,0.3858190051921917,71237683.0,us_imports,2021-08-16,MACHINERY FOR MEAT OR POULTRY PREPARATION
2022-04-01,843850,0.5647266848783898,2.4978405786339706,0.4891039838337572,77126882.0,us_imports,2022-06-16,MACHINERY FOR MEAT OR POULTRY PREPARATION
2022-12-01,843850,0.5484218007227188,2.3775657525677363,0.4312501426966122,92501811.0,us_imports,2023-02-16,MACHINERY FOR MEAT OR POULTRY PREPARATION
2019-08-01,843880,0.3811311523412544,2.2257396331509494,0.3038937186986119,98310425.0,us_imports,2019-10-16,"IND PREP,MANUF FOOD,DRINK EXC EXT,PREP ANIM,VEG OL"
2020-03-01,843880,0.6168328113544275,3.281535302675122,0.8616971963163677,98410348.0,us_imports,2020-05-16,"IND PREP,MANUF FOOD,DRINK EXC EXT,PREP ANIM,VEG OL"
2020-11-01,843880,0.5773371957824263,2.7614488439205713,0.8537740741704507,88057073.0,us_imports,2021-01-16,"IND PREP,MANUF FOOD,DRINK EXC EXT,PREP ANIM,VEG OL"
2021-06-01,843880,0.5555713450378434,2.079813069845587,0.6718955348476386,108798329.0,us_imports,2021-08-16,"IND PREP,MANUF FOOD,DRINK EXC EXT,PREP ANIM,VEG OL"
2023-03-01,843880,0.7768056091528608,2.9709102165033237,0.5551802475468153,153328095.0,us_imports,2023-05-16,"IND PREP,MANUF FOOD,DRINK EXC EXT,PREP ANIM,VEG OL"
2018-06-01,843890,0.3589387879928181,2.506553552182751,0.3768645617497197,116233898.0,us_imports,2018-08-16,"PARTS OF MACH OF CH 84, NESOI,IND PREP FOOD,DRINK"
2021-06-01,843890,0.3686349194192349,2.1981679615786844,0.3829991371517495,120801521.0,us_imports,2021-08-16,"PARTS OF MACH OF CH 84, NESOI,IND PREP FOOD,DRINK"
2017-12-01,843920,21.10811730441821,4.2867732340955,20.66767675334094,54707708.0,us_imports,2018-02-16,MACHINERY FOR MAKING PAPER OR PAPERBOARD
2023-06-01,843930,6.738237164207562,3.126460791314463,5.78836852249694,64977134.0,us_imports,2023-08-16,MACHINERY FOR FINISHING PAPER OR PAPERBOARD
2019-05-01,843991,0.9887357327789121,2.8553355018832884,0.11538478987983258,51078611.0,us_imports,2019-07-16,PARTS OF MACH F MAKE PULP OF FIBR CELLULOSIC MATL
2023-08-01,843999,1.0192216508278187,2.514792991046329,0.7653577063828172,102814201.0,us_imports,2023-10-16,PTS FOR MACHY MKG OR FINISHING PAPER OR PAPERBOARD
2024-11-01,843999,1.1975509975745497,2.8726181618344855,0.9632434722940684,162314958.0,us_imports,2025-01-16,PTS FOR MACHY MKG OR FINISHING PAPER OR PAPERBOARD
2020-11-01,844110,0.6659657652386073,2.568748099365468,0.827109537850679,154340991.0,us_imports,2021-01-16,CUTTING MACHINES FOR PAPER
2021-05-01,844110,1.878089666061939,5.101841243917013,1.1138986764473637,203716134.0,us_imports,2021-07-16,CUTTING MACHINES FOR PAPER
2021-07-01,844130,0.8767815840466133,2.7516100988817054,0.7536739241777286,74146757.0,us_imports,2021-09-16,"MAC FR MAK CART,BOX,CASE,TUBE,DRUM OR CONT EX MOLD"
2019-04-01,844180,0.9550524866825572,2.043022727531021,0.4388766161076516,80227962.0,us_imports,2019-06-16,"MACH FR MAKE UP PAPER PULP, PAPER, PAPERBRD"
2021-06-01,844180,1.4157754536357565,2.9932677702726993,1.2756005713149576,73788907.0,us_imports,2021-08-16,"MACH FR MAKE UP PAPER PULP, PAPER, PAPERBRD"
2018-01-01,844190,0.5903363100965675,2.118147187683264,0.419201662025815,74869821.0,us_imports,2018-03-16,"PTS OF MAC FR MAKE UP PAPER PULP,PAPER/PAPBRD,CUT"
2016-02-01,844313,0.9603063093834519,2.1939650741212646,1.1335065964904913,70948243.0,us_imports,2016-04-16,"OFFSET PRINTING MACHINERY, NESOI"
2019-10-01,844313,0.8952304405634957,2.6008039813519956,1.2554379840563237,58900779.0,us_imports,2019-12-16,"OFFSET PRINTING MACHINERY, NESOI"
2021-10-01,844313,0.7118115185222105,2.0012148588752283,0.3991908473558201,53337914.0,us_imports,2021-12-16,"OFFSET PRINTING MACHINERY, NESOI"
2016-08-01,844316,1.3449770710685933,3.5264959001308793,1.27899625619408,57809498.0,us_imports,2016-10-16,FLEXOGRAPHIC PRINTING MACHINERY
2019-05-01,844316,1.7960552843168789,4.581469680232912,2.3113783778571655,67242711.0,us_imports,2019-07-16,FLEXOGRAPHIC PRINTING MACHINERY
2023-08-01,844316,0.8766252561914152,2.105176182282896,0.5194449360610509,65079765.0,us_imports,2023-10-16,FLEXOGRAPHIC PRINTING MACHINERY
2016-08-01,844319,0.7341222680012787,3.102872516672754,0.7020220236636223,93426595.0,us_imports,2016-10-16,"OFFSET PRINTING MACHINERY, NESOI"
2021-06-01,844319,0.5852093805373084,2.299188957968147,0.5547906039840402,61208019.0,us_imports,2021-08-16,"OFFSET PRINTING MACHINERY, NESOI"
2026-06-01,844319,0.6300778999336454,2.413983382177328,0.44679292698670037,94808048.0,us_imports,2026-08-16,"OFFSET PRINTING MACHINERY, NESOI"
2022-09-01,844331,0.48935733483372146,3.2886897433523954,0.31806112509417606,918032611.0,us_imports,2022-11-16,"MACH WHICH PERFORM 2-PLUS OF PRINT, COPY, FAX ETC"
2021-04-01,844332,0.30765188383400943,3.439478080415766,0.30764769719895946,513326181.0,us_imports,2021-06-16,"PRINTERS/ COPIERS/FAX MACH, NT COMB, CONNCT TO ADP"
2022-11-01,844332,0.4118337903524696,2.690020280871474,0.26133139653534876,741595145.0,us_imports,2023-01-16,"PRINTERS/ COPIERS/FAX MACH, NT COMB, CONNCT TO ADP"
2020-03-01,844391,0.5032268405204188,2.901700966307438,0.4864243961725121,89369785.0,us_imports,2020-05-16,"PTS & ACC PRINT MACH BY MEANS OF PLATE, CYLNDR ETC"
2021-06-01,844391,0.6254363097358915,3.2541308446458608,0.9296946449215473,86965701.0,us_imports,2021-08-16,"PTS & ACC PRINT MACH BY MEANS OF PLATE, CYLNDR ETC"
2021-06-01,844399,0.34648498469862665,4.211681462775428,0.3032848883173662,2192046695.0,us_imports,2021-08-16,"PTS & ACC OF PRINTERS, COPIERS AND FAX MACH, NESOI"
2022-05-01,844790,0.940209970987046,2.379252296828311,0.19945501789692632,54822571.0,us_imports,2022-07-16,"KNIT MCH,NESOI, & TUFT MCH;MCH F MAKE LACE,NET,ETC"
2017-07-01,844900,1.9510698166124443,2.2163527622321704,2.3193965987880034,57660962.0,us_imports,2017-09-16,MACH F MANUF OR FINISH NONWOVENS;HAT BLOCKS; PARTS
2020-10-01,844900,4.925063065766542,4.757101123944844,3.186757783810169,59036173.0,us_imports,2020-12-16,MACH F MANUF OR FINISH NONWOVENS;HAT BLOCKS; PARTS
2019-03-01,845011,0.8672060560461239,3.841852910591025,1.1167941724999955,70381046.0,us_imports,2019-05-16,WASHING MACH AUTOMATIC W DRY LINE CAP NOT OV 10KG
2020-11-01,845011,0.6148734491213155,2.207435077516609,0.4486340434043068,110019907.0,us_imports,2021-01-16,WASHING MACH AUTOMATIC W DRY LINE CAP NOT OV 10KG
2023-09-01,845011,0.552338589602529,2.0996373768059744,0.46241917662653753,121485439.0,us_imports,2023-11-16,WASHING MACH AUTOMATIC W DRY LINE CAP NOT OV 10KG
2017-09-01,845020,0.47792000821885083,2.8997779837364246,0.6328416355463311,372646156.0,us_imports,2017-11-16,WASHING MACHINES WITH DRY LINEN CAPACITY OV 10 KG
2019-03-01,845020,0.777566800989913,2.364683308774752,1.562542011222446,389737188.0,us_imports,2019-05-16,WASHING MACHINES WITH DRY LINEN CAPACITY OV 10 KG
2020-09-01,845020,1.358672698446612,2.8658761188824027,1.70846137693973,255170876.0,us_imports,2020-11-16,WASHING MACHINES WITH DRY LINEN CAPACITY OV 10 KG
2019-07-01,845090,1.0451232814696465,2.3409410350552466,0.8452915710696927,60678456.0,us_imports,2019-09-16,PTS OF HOUSEHOLD OR LNDRY-TYP WASH MAC INC WSH/DRY
2020-08-01,845129,0.3535130123479189,3.2578439098893464,0.3758622272153973,354802944.0,us_imports,2020-10-16,DRYING MACHINES WITH DRY LINEN CAPACITY OVER 10 KG
2021-02-01,845129,0.37561898335880306,2.423974190385192,0.046522189832060024,312158896.0,us_imports,2021-04-16,DRYING MACHINES WITH DRY LINEN CAPACITY OVER 10 KG
2018-04-01,845210,0.3659929839842577,2.201258926875063,0.24847609592960174,51438788.0,us_imports,2018-06-16,SEWING MACHINES OF THE HOUSEHOLD TYPE
2020-11-01,845210,0.4048335218986716,2.148773028089,0.4380801661895153,110377184.0,us_imports,2021-01-16,SEWING MACHINES OF THE HOUSEHOLD TYPE
2026-01-01,845430,1.6212040494568596,2.336963622059749,0.8953017558232632,56809434.0,us_imports,2026-03-16,CASTING MACH USED IN METALLURGY OR METAL FOUNDRIES
2018-05-01,845490,0.30510767663611693,2.2539143210953116,0.2722082528232561,75365899.0,us_imports,2018-07-16,PTS FOR CONVERTERS LADLES ETC USED IN MET FOUNDRY
2023-08-01,845490,0.32028168280013936,2.3010124828139435,0.21556210344661686,99402986.0,us_imports,2023-10-16,PTS FOR CONVERTERS LADLES ETC USED IN MET FOUNDRY
2026-07-01,845490,0.4069746745340457,2.6960779370373213,0.6056269590531158,93861512.0,us_imports,2026-09-16,PTS FOR CONVERTERS LADLES ETC USED IN MET FOUNDRY
2024-03-01,845521,42.836048687040254,5.484105122286007,41.4557040212709,56726521.0,us_imports,2024-05-16,HOT OR COMBINATION HOT & COLD ROLL MILL EXC TUBE
2018-07-01,845522,10.590820596807303,5.535736309564656,9.124624929226494,54743040.0,us_imports,2018-09-16,COLD ROLLING MILLS EXCEPT TUBE ROLLING
2018-11-01,845530,0.3795382128411211,2.3847069043972033,0.30071691593381034,50231584.0,us_imports,2019-01-16,ROLLS FOR METAL-ROLLING MILLS
2019-05-01,845530,0.48293962324237594,2.1537171508425943,0.0755854540567431,63590628.0,us_imports,2019-07-16,ROLLS FOR METAL-ROLLING MILLS
2019-05-01,845590,0.8250183056487479,2.0022992586832666,0.43469870528938226,66682340.0,us_imports,2019-07-16,PARTS FOR METAL ROLLING MILLS EXC ROLLS FOR ROL MI
2023-05-01,845590,0.951978893726835,2.0779253222772174,0.42074777020379495,114016436.0,us_imports,2023-07-16,PARTS FOR METAL ROLLING MILLS EXC ROLLS FOR ROL MI
2024-09-01,845590,1.0066292601474909,2.059095767181238,0.8014215373021383,192090359.0,us_imports,2024-11-16,PARTS FOR METAL ROLLING MILLS EXC ROLLS FOR ROL MI
2021-07-01,845611,0.7102825282892826,2.1455392932326847,0.6946650793102629,146332618.0,us_imports,2021-09-16,MACHINE TOOLS FOR REMOVE MAT OPERATED BY LASER
2023-03-01,845630,0.8381984747683522,2.560005086087132,0.48660218523617726,56131622.0,us_imports,2023-05-16,ELECTRO-DISCHARGE MACHINE TOOLS FOR REMOVING MATL
2018-01-01,845710,0.4302439658793622,2.8886300475021094,0.4264945520419223,370019163.0,us_imports,2018-03-16,MACHINING CENTERS FOR WORKING METAL
2021-06-01,845710,0.5337283395009831,2.432694926289713,0.8050058966770971,312979496.0,us_imports,2021-08-16,MACHINING CENTERS FOR WORKING METAL
2023-03-01,845710,0.5686891814106663,2.099204779455798,0.3829525778643048,425563076.0,us_imports,2023-05-16,MACHINING CENTERS FOR WORKING METAL
2017-05-01,845811,0.4066556062066271,2.261991494274441,0.5137394930906436,169641206.0,us_imports,2017-07-16,HORIZONTAL LATHES FOR REMOVNG MET NUMRCAL CONTROLD
2018-08-01,845811,0.5318750933512357,2.0489551016042498,0.2078646580564052,249777666.0,us_imports,2018-10-16,HORIZONTAL LATHES FOR REMOVNG MET NUMRCAL CONTROLD
2022-02-01,845811,0.6213329175521634,2.3177255010321303,0.46016552141776823,166326083.0,us_imports,2022-04-16,HORIZONTAL LATHES FOR REMOVNG MET NUMRCAL CONTROLD
2022-11-01,845811,0.808655635479878,2.6116806758949687,0.7020992401526431,271579367.0,us_imports,2023-01-16,HORIZONTAL LATHES FOR REMOVNG MET NUMRCAL CONTROLD
2020-01-01,845891,0.7259888344544305,3.002827353406398,1.0110926661761348,54914834.0,us_imports,2020-03-16,LATHES EX HORZNTL FOR REMOVNG MET NUMRCAL CONTROLD
2016-05-01,845940,22.1930602692917,3.48840300203908,13.930617493792713,57055137.0,us_imports,2016-07-16,BORING MACHINES FOR REMOVING METAL NESOI
2021-10-01,846150,0.6951930449359256,3.220509568132119,0.3377155594238739,53734419.0,us_imports,2021-12-16,SAWING OR CUTTING-OFF MACHINES FOR REMOVING METAL
2017-06-01,846210,0.9047212802905877,2.623146739525933,1.039629054146979,80523454.0,us_imports,2017-08-16,FORGNG/DIE-STAMP MACH PRESS & HAMMERS FOR WORK MET
2020-01-01,846210,1.3087157092861101,3.5159602152524285,1.3028947220155818,81428253.0,us_imports,2020-03-16,FORGNG/DIE-STAMP MACH PRESS & HAMMERS FOR WORK MET
2020-07-01,846210,1.163865078315418,2.618263320229545,0.9109374628716904,66687526.0,us_imports,2020-09-16,FORGNG/DIE-STAMP MACH PRESS & HAMMERS FOR WORK MET
2016-09-01,846221,0.6487993824081615,2.063815000820142,0.6463560297603061,77137920.0,us_imports,2016-11-16,BENDNG FOLDNG ETC MACH FOR WORK MET NMRCAL CONTROL
2018-02-01,846221,0.6943115376310753,2.1927098319630733,0.7582075480006271,87532463.0,us_imports,2018-04-16,BENDNG FOLDNG ETC MACH FOR WORK MET NMRCAL CONTROL
2017-10-01,846229,0.6781897195154092,3.5839340926212313,0.6291239351989482,70349270.0,us_imports,2017-12-16,"BEND,FOLD,STRAIGHT ETC MACH FLAT METAL PROD, NESOI"
2022-03-01,846229,0.6212405443465838,2.313769773883476,0.4817861910728789,69391973.0,us_imports,2022-05-16,"BEND,FOLD,STRAIGHT ETC MACH FLAT METAL PROD, NESOI"
2022-11-01,846229,0.7455611400496713,2.5729320857635094,0.4874923870610677,99925714.0,us_imports,2023-01-16,"BEND,FOLD,STRAIGHT ETC MACH FLAT METAL PROD, NESOI"
2021-06-01,846410,0.8199413950485777,3.4041962356908204,0.6304418394630531,53654544.0,us_imports,2021-08-16,"SAWING MACH FOR WORKING STONE,CERAMICS,LIKE MATRLS"
2016-12-01,846591,0.32036750754420273,2.5738214157098476,0.2552600129160203,151634287.0,us_imports,2017-02-16,SAW MACH FOR WORK WOOD CORK BONE HARD RUBBER ETC
2020-11-01,846591,0.30763579604726954,2.142904906279834,0.2518253878557508,205412260.0,us_imports,2021-01-16,SAW MACH FOR WORK WOOD CORK BONE HARD RUBBER ETC
2021-05-01,846591,0.8357372286261113,3.958731271355808,0.33305589785740763,195202070.0,us_imports,2021-07-16,SAW MACH FOR WORK WOOD CORK BONE HARD RUBBER ETC
2020-12-01,846592,0.4159614887029379,2.298433889367363,0.40589860395912525,55052611.0,us_imports,2021-02-16,PLANE MILL ETC MACH FOR WORK WOOD CORK BONE ETC
2021-07-01,846592,0.570824014517102,2.9464657018785227,0.3299510925100446,55925573.0,us_imports,2021-09-16,PLANE MILL ETC MACH FOR WORK WOOD CORK BONE ETC
2022-03-01,846592,0.6780106832619148,3.1945292775952656,0.5799429276744459,58415267.0,us_imports,2022-05-16,PLANE MILL ETC MACH FOR WORK WOOD CORK BONE ETC
2026-07-01,846594,1.0090214654360041,2.416185343390401,0.6458851885800738,50441185.0,us_imports,2026-09-16,BEND ASSMBLNG MACH FOR WORKING WOOD CORK BONE ETC
2021-04-01,846610,0.3974763221238198,2.3460216470962902,0.38830171576475525,240004888.0,us_imports,2021-06-16,TOOL HOLDRS & SELF-OPENING DIEHEADS FOR MACHINES
2017-04-01,846620,0.5798384813900801,3.449869891133078,0.710891694487389,85154340.0,us_imports,2017-06-16,WORK HOLDERS FOR MACHINE TOOLS
2025-08-01,846620,0.39849149487254687,2.053065666121908,0.2908650869292553,104872136.0,us_imports,2025-10-16,WORK HOLDERS FOR MACHINE TOOLS
2026-06-01,846620,0.420013199182415,2.0867198401847444,0.3194760434281001,123066827.0,us_imports,2026-08-16,WORK HOLDERS FOR MACHINE TOOLS
2021-05-01,846692,0.5417935131820839,2.506446533266785,0.5709746879283428,82895202.0,us_imports,2021-07-16,PARTS FOR MACHINES OF HEADING 8465
2021-05-01,846693,0.3741079444261157,2.7304343171281125,0.4351769254155645,200753598.0,us_imports,2021-07-16,PARTS AND ACCESSORIES FOR USE WITH MACH TOOL NESOI
2023-01-01,846693,0.356364761512703,2.063556935875433,0.30314415333699163,251690413.0,us_imports,2023-03-16,PARTS AND ACCESSORIES FOR USE WITH MACH TOOL NESOI
2026-01-01,846693,0.3522083813237731,2.0957200611142253,0.24017146617191187,288031975.0,us_imports,2026-03-16,PARTS AND ACCESSORIES FOR USE WITH MACH TOOL NESOI
2017-01-01,846694,0.43536238527954985,2.990722598355427,0.5491776523476848,129462529.0,us_imports,2017-03-16,PARTS FOR MACHINES OF HEADING 8462 OR 8463
2021-03-01,846694,0.3498289184013226,2.079888917977081,0.34240653687163447,116227563.0,us_imports,2021-05-16,PARTS FOR MACHINES OF HEADING 8462 OR 8463
2023-09-01,846694,0.4869751119059118,2.115122046958855,0.40393369772582566,177904715.0,us_imports,2023-11-16,PARTS FOR MACHINES OF HEADING 8462 OR 8463
2021-05-01,846711,0.4964761753590823,3.47133178791199,0.6049379504308842,50372901.0,us_imports,2021-07-16,PNEUMATIC ROTARY TYPE TOOLS FOR WORK IN THE HAND P
2020-10-01,846719,0.4214094420181058,2.8541454710629166,0.48389478364246086,120846879.0,us_imports,2020-12-16,PNEUMATIC EX ROTARY TYPE TOOLS FOR WORK IN HAND
2021-04-01,846719,0.4968300119308404,2.612156828869298,0.07098138519018327,122414005.0,us_imports,2021-06-16,PNEUMATIC EX ROTARY TYPE TOOLS FOR WORK IN HAND
2020-11-01,846721,0.45399421493474756,3.1453887681533566,0.4742503520103388,245018259.0,us_imports,2021-01-16,"DRILLS, W/ SELF-CONT. ELECTRIC MOTOR, WK IN HAND"
2021-05-01,846721,0.6045636833357224,2.9268930473129102,0.20540224223257497,219958965.0,us_imports,2021-07-16,"DRILLS, W/ SELF-CONT. ELECTRIC MOTOR, WK IN HAND"
2025-01-01,846721,0.5499706599632237,2.6825647588061132,0.2707953765450346,186595842.0,us_imports,2025-03-16,"DRILLS, W/ SELF-CONT. ELECTRIC MOTOR, WK IN HAND"
2020-09-01,846722,0.4485416325616345,2.6883516656706403,0.4484325535322391,349862151.0,us_imports,2020-11-16,"SAWS W/ SELF-CONT. ELECTIRIC MOTORS, FOR WK IN HND"
2021-03-01,846722,1.1905136529111013,4.821487061314002,0.6216659594110607,337507518.0,us_imports,2021-05-16,"SAWS W/ SELF-CONT. ELECTIRIC MOTORS, FOR WK IN HND"
2020-10-01,846729,0.4263515928141399,3.0018485069448295,0.38285947095373074,1072930014.0,us_imports,2020-12-16,"TOOLS FOR WK IN  HAND,W/ SELF-CONT ELEC MOTOR,NESO"
2021-04-01,846729,0.7994905362906761,3.259062805375272,0.015699779162247296,1212526226.0,us_imports,2021-06-16,"TOOLS FOR WK IN  HAND,W/ SELF-CONT ELEC MOTOR,NESO"
2025-01-01,846729,0.5575778647212877,2.0390913226365677,0.2749128860276666,1160472276.0,us_imports,2025-03-16,"TOOLS FOR WK IN  HAND,W/ SELF-CONT ELEC MOTOR,NESO"
2020-09-01,846781,0.5351809240499901,2.5133192653305327,0.5073988513185583,51849592.0,us_imports,2020-11-16,CHAIN SAWS
2021-05-01,846781,0.6485033157870586,2.1129789918487387,0.2721600169015519,57913115.0,us_imports,2021-07-16,CHAIN SAWS
2020-12-01,846789,0.30307255427855107,2.5824066191549226,0.47896704883616337,107662342.0,us_imports,2021-02-16,TOOLS WORK IN SELF-CONT NONELECTRIC MTR NESOI
2021-06-01,846789,0.3639532649380741,2.3356702243367886,0.03930945013605802,122956014.0,us_imports,2021-08-16,TOOLS WORK IN SELF-CONT NONELECTRIC MTR NESOI
2017-03-01,846792,1.0450594155884438,3.379538868532019,0.631160732797333,53569769.0,us_imports,2017-05-16,PARTS OF PNEUMATIC TOOLS FOR WORKING IN THE HAND
2020-12-01,846799,0.32519721566199644,2.2786247590467394,0.2571949795873323,84292682.0,us_imports,2021-02-16,PARTS FOR HD TOOLS SELF-CON NONELECTRIC MOTR NESOI
2021-06-01,846799,0.555487901393783,2.8364448548205266,0.03657054046763597,98565653.0,us_imports,2021-08-16,PARTS FOR HD TOOLS SELF-CON NONELECTRIC MOTR NESOI
2022-03-01,847050,0.7376175125518079,2.276505406785289,0.45721948788786726,306491307.0,us_imports,2022-05-16,CASH REGISTERS
2020-09-01,847130,0.4822231301217752,4.274566554550323,0.301456680515523,14531399036.0,us_imports,2020-11-16,PORT DIGTL AUTOMATIC DATA PROCESS MACH NOT > 10 KG
2021-03-01,847130,1.1074551990854942,4.6075619201528255,0.6191004476230264,12956265302.0,us_imports,2021-05-16,PORT DIGTL AUTOMATIC DATA PROCESS MACH NOT > 10 KG
2021-04-01,847141,0.9364446988251824,2.7996625071890944,0.939555380981463,582929553.0,us_imports,2021-06-16,"DIGITAL ADP MACH,WITH CP UNIT,INPUT,OUTPUT, NESOI"
2017-07-01,847149,0.3685289045128768,2.4049451539143654,0.4928971894657813,799354799.0,us_imports,2017-09-16,"DIGITAL ADP MAC & UNITS,ENTERED AS SYSTEMS, NESOI"
2018-02-01,847149,0.5957799274446767,2.823919518859339,0.5275496622599385,804660992.0,us_imports,2018-04-16,"DIGITAL ADP MAC & UNITS,ENTERED AS SYSTEMS, NESOI"
2021-01-01,847149,0.5091526039722014,2.2595582398264544,0.29002048918335355,959483510.0,us_imports,2021-03-16,"DIGITAL ADP MAC & UNITS,ENTERED AS SYSTEMS, NESOI"
2023-10-01,847149,0.5173717221363985,2.055193615562306,0.544761345881145,909634962.0,us_imports,2023-12-16,"DIGITAL ADP MAC & UNITS,ENTERED AS SYSTEMS, NESOI"
2025-12-01,847149,0.8920878530947995,2.897024239406722,1.0597430480872363,1458251402.0,us_imports,2026-02-16,"DIGITAL ADP MAC & UNITS,ENTERED AS SYSTEMS, NESOI"
2026-06-01,847149,1.9853326905283186,3.4616645156977897,0.14389570572583787,1460337070.0,us_imports,2026-08-16,"DIGITAL ADP MAC & UNITS,ENTERED AS SYSTEMS, NESOI"
2018-01-01,847150,0.4945180667607716,2.3356083990467593,0.24621115961940454,6996019142.0,us_imports,2018-03-16,"DIGITAL PROCESSING UNITS, N.E.S.O.I."
2022-08-01,847150,0.495356675908478,2.124150415433542,0.18791314211130694,11408406822.0,us_imports,2022-10-16,"DIGITAL PROCESSING UNITS, N.E.S.O.I."
2024-04-01,847150,0.5603603070391048,2.3897038980214136,0.5010960363502523,12330904024.0,us_imports,2024-06-16,"DIGITAL PROCESSING UNITS, N.E.S.O.I."
2024-10-01,847150,0.8353300617897894,2.808104838664146,0.005359059655116516,19333386118.0,us_imports,2024-12-16,"DIGITAL PROCESSING UNITS, N.E.S.O.I."
2025-04-01,847150,0.8909879942797614,2.6975148428287494,0.32025459123844113,23317591468.0,us_imports,2025-06-16,"DIGITAL PROCESSING UNITS, N.E.S.O.I."
2025-11-01,847150,2.048598144307626,4.4875039843301225,0.4191456570789449,53137138468.0,us_imports,2026-01-16,"DIGITAL PROCESSING UNITS, N.E.S.O.I."
2020-10-01,847160,0.356048135009579,2.8139793149385466,0.2873756005724235,1018215676.0,us_imports,2020-12-16,"ADP INPUT OR OUTPUT UNITS, STORAGE OR NOT, NESOI"
2021-04-01,847160,0.6012803968587699,3.285994528437435,0.24692761589027556,930221632.0,us_imports,2021-06-16,"ADP INPUT OR OUTPUT UNITS, STORAGE OR NOT, NESOI"
2020-03-01,847170,0.358130043250273,3.296906865476203,0.284793783133096,2126594013.0,us_imports,2020-05-16,"AUTOMATIC DATA PROCESSING STORAGE UNITS, N.E.S.O.I"
2021-09-01,847170,0.32055916459585587,2.118529998936106,0.08331894932143835,2852495066.0,us_imports,2021-11-16,"AUTOMATIC DATA PROCESSING STORAGE UNITS, N.E.S.O.I"
2024-08-01,847170,0.49748999677800976,2.6870950497631285,0.47914940195480393,2387337251.0,us_imports,2024-10-16,"AUTOMATIC DATA PROCESSING STORAGE UNITS, N.E.S.O.I"
2025-05-01,847170,0.5155122962962917,2.218689198086481,0.27388422741210183,3149329738.0,us_imports,2025-07-16,"AUTOMATIC DATA PROCESSING STORAGE UNITS, N.E.S.O.I"
2026-02-01,847170,0.772595065986659,2.876124166880765,0.3615001995209568,4595557258.0,us_imports,2026-04-16,"AUTOMATIC DATA PROCESSING STORAGE UNITS, N.E.S.O.I"
2022-03-01,847180,0.5101147108001218,2.3254818460744753,0.36871670798020806,970835194.0,us_imports,2022-05-16,"AUTOMATIC DATA PROCESSING UNITS, N.E.S.O.I."
2022-09-01,847180,0.6473774256457787,2.3999624287787062,0.14574534103678283,1332763952.0,us_imports,2022-11-16,"AUTOMATIC DATA PROCESSING UNITS, N.E.S.O.I."
2024-06-01,847180,1.2074206822535603,3.5551705631439736,1.0323120114366704,2389138939.0,us_imports,2024-08-16,"AUTOMATIC DATA PROCESSING UNITS, N.E.S.O.I."
2024-12-01,847180,2.4229566800445377,4.418221852645411,0.7856591689182948,4417455377.0,us_imports,2025-02-16,"AUTOMATIC DATA PROCESSING UNITS, N.E.S.O.I."
2016-12-01,847290,0.4735615894999339,2.5550104886543177,0.4468288622548393,262840865.0,us_imports,2017-02-16,"OFC MACH FOR AUTOMATIC BANKNOTE DISPENSERS, ETC"
2019-03-01,847290,0.4628505646424719,2.1843518561425426,0.14842760748036277,247312350.0,us_imports,2019-05-16,"OFC MACH FOR AUTOMATIC BANKNOTE DISPENSERS, ETC"
2021-08-01,847290,0.5725499343856983,2.2277931047005537,0.34964335253776824,328163496.0,us_imports,2021-10-16,"OFC MACH FOR AUTOMATIC BANKNOTE DISPENSERS, ETC"
2017-04-01,847330,0.41383648074191504,2.5313764903730993,0.27472167163392247,4735767681.0,us_imports,2017-06-16,PARTS & ACCESSORIES FOR ADP MACHINES & UNITS
2024-05-01,847330,0.7053056799304809,2.264527028264348,0.4361068206591412,12161018372.0,us_imports,2024-07-16,PARTS & ACCESSORIES FOR ADP MACHINES & UNITS
2025-01-01,847330,0.9400102342567811,2.637807951660781,0.34973355260306005,16922636880.0,us_imports,2025-03-16,PARTS & ACCESSORIES FOR ADP MACHINES & UNITS
2025-12-01,847330,0.9095417031950028,2.1236816373619902,0.7223649162502468,30151843737.0,us_imports,2026-02-16,PARTS & ACCESSORIES FOR ADP MACHINES & UNITS
2026-06-01,847330,1.0325761195012344,2.3276620858527743,0.3951344373824328,40008925269.0,us_imports,2026-08-16,PARTS & ACCESSORIES FOR ADP MACHINES & UNITS
2016-08-01,847340,0.3785868698040433,2.469050257545076,0.38243688460247105,113507516.0,us_imports,2016-10-16,"PARTS AND ACCESSORIES OF OFFICE MACHINES, NESOI"
2021-06-01,847340,0.40776492323205926,2.3562946277485155,0.38599662974702054,70048682.0,us_imports,2021-08-16,"PARTS AND ACCESSORIES OF OFFICE MACHINES, NESOI"
2022-03-01,847340,0.4096852333720651,2.0560594425697394,0.14102709868370855,74018874.0,us_imports,2022-05-16,"PARTS AND ACCESSORIES OF OFFICE MACHINES, NESOI"
2016-03-01,847350,1.0350942468013518,2.2107775667160334,0.6846636576466716,68207014.0,us_imports,2016-05-16,PTS SUITBLE FR USE W MAC OF 2/MORE HEAD 8469-8472
2021-06-01,847410,0.5369725774093708,2.375417569650863,0.7830230752747042,86225488.0,us_imports,2021-08-16,SORTING ETC MACHINES FOR EARTH STONE MINERAL SUBS
2022-11-01,847410,0.5102247183292543,2.121493657135405,0.3471458001036327,98708422.0,us_imports,2023-01-16,SORTING ETC MACHINES FOR EARTH STONE MINERAL SUBS
2016-12-01,847420,0.6829563397335385,3.655712176368262,0.6684753410457125,55258451.0,us_imports,2017-02-16,CRUSHING/GRINDING MACH FOR EARTH STONE MNERL SUBS
2021-06-01,847420,0.5260804278050033,2.5367814693029715,0.5337823289466059,73610581.0,us_imports,2021-08-16,CRUSHING/GRINDING MACH FOR EARTH STONE MNERL SUBS
2021-12-01,847420,0.5017230172091443,2.0170191783367257,0.07301814490759129,87984576.0,us_imports,2022-02-16,CRUSHING/GRINDING MACH FOR EARTH STONE MNERL SUBS
2022-09-01,847420,0.7005884470688959,2.4398430748258697,0.200963264107767,111992594.0,us_imports,2022-11-16,CRUSHING/GRINDING MACH FOR EARTH STONE MNERL SUBS
2023-03-01,847420,0.9319084343949591,2.700262585631437,0.2101454176589348,153899284.0,us_imports,2023-05-16,CRUSHING/GRINDING MACH FOR EARTH STONE MNERL SUBS
2021-05-01,847490,0.32234177877859516,4.047977768435021,0.3674793350961427,184177441.0,us_imports,2021-07-16,PARTS OF MACH FOR SORTING ETC EARTH STONE ORES ETC
2021-12-01,847490,0.31777102473542373,2.572842322350806,0.06088362617588028,194124405.0,us_imports,2022-02-16,PARTS OF MACH FOR SORTING ETC EARTH STONE ORES ETC
2022-09-01,847490,0.33958736301881975,2.086964005863514,0.10582116225183613,241312145.0,us_imports,2022-11-16,PARTS OF MACH FOR SORTING ETC EARTH STONE ORES ETC
2018-09-01,847590,1.941997540108225,2.8231582826127672,1.8682353027475223,158669147.0,us_imports,2018-11-16,PARTS OF MACH FOR ASSMBL ELEC LAMP ETC MFG GLSSWRE
2021-04-01,847590,1.541335196556707,2.018389390100545,0.5372097170953012,57703989.0,us_imports,2021-06-16,PARTS OF MACH FOR ASSMBL ELEC LAMP ETC MFG GLSSWRE
2021-10-01,847590,3.1878876730842833,3.7039435912469467,2.8246724961515017,109183500.0,us_imports,2021-12-16,PARTS OF MACH FOR ASSMBL ELEC LAMP ETC MFG GLSSWRE
2021-03-01,847710,0.30762694932800816,2.002780483183268,0.29320730134387785,225747048.0,us_imports,2021-05-16,INJECTION-MOLDING MACH FOR WORK RUBBER OR PLASTIC
2017-09-01,847720,0.6687789505115691,2.0115473976784375,0.35598263654992657,61542702.0,us_imports,2017-11-16,EXTRUDERS FOR WORKING RUBBER OR PLASTIC
2018-12-01,847720,0.7209057364363896,2.131581115043523,1.241286398305932,79072903.0,us_imports,2019-02-16,EXTRUDERS FOR WORKING RUBBER OR PLASTIC
2023-02-01,847720,0.8304500130070327,2.245889111535425,0.427252164591136,57951674.0,us_imports,2023-04-16,EXTRUDERS FOR WORKING RUBBER OR PLASTIC
2024-04-01,847720,0.942340849187191,2.6071110223860026,1.1941796961657822,72886319.0,us_imports,2024-06-16,EXTRUDERS FOR WORKING RUBBER OR PLASTIC
2024-10-01,847720,0.9281428867549242,2.4136010173770366,0.7298736544293698,78684914.0,us_imports,2024-12-16,EXTRUDERS FOR WORKING RUBBER OR PLASTIC
2016-04-01,847730,0.4171931598848615,2.3006014119030738,0.310290670874225,56362978.0,us_imports,2016-06-16,BLOW-MOLDING MACHINES FOR WORKING RUB OR PLASTIC
2016-12-01,847730,1.1834734026821052,3.2167112825389017,0.9441782223858555,65630254.0,us_imports,2017-02-16,BLOW-MOLDING MACHINES FOR WORKING RUB OR PLASTIC
2021-03-01,847730,0.9442086485861241,2.012469098060176,0.6298300546816986,90259974.0,us_imports,2021-05-16,BLOW-MOLDING MACHINES FOR WORKING RUB OR PLASTIC
2020-11-01,847759,1.843460972911334,3.909501270034517,2.2410576302800806,59606244.0,us_imports,2021-01-16,"MACH, NESOI, F MOLDG OR FORMG RUBBER OR PLASTICS"
2023-02-01,847759,1.223885759334007,2.239130830500909,1.2884897453407818,68470209.0,us_imports,2023-04-16,"MACH, NESOI, F MOLDG OR FORMG RUBBER OR PLASTICS"
2019-07-01,847780,0.7160337010009943,2.728965060846129,0.7576772411187992,153676081.0,us_imports,2019-09-16,"MACH, NESOI, FOR WORKING RUBBER OR PLASTICS"
2021-07-01,847780,0.6136959447865278,2.2286603388507413,0.6290844868500397,141250453.0,us_imports,2021-09-16,"MACH, NESOI, FOR WORKING RUBBER OR PLASTICS"
2025-03-01,847780,0.5898613406583872,2.018532891663327,0.2066504611022848,186780815.0,us_imports,2025-05-16,"MACH, NESOI, FOR WORKING RUBBER OR PLASTICS"
2026-04-01,847930,18.469827867906947,3.3359736650278884,18.809317716289332,54517796.0,us_imports,2026-06-16,"PRESSES F PARTCLE BD & OTH MCH F TREAT WOOD, CORK"
2026-07-01,847940,1.6358309528329693,2.0717367216558347,1.8111205640055656,70544407.0,us_imports,2026-09-16,ROPE OR CABLE-MAKING MACHINES
2021-07-01,847950,0.6968320032297093,2.16652602055272,0.554397299650897,136414452.0,us_imports,2021-09-16,INDUSTRIAL ROBOTS FOR MULTIPLE USES
2026-06-01,847950,0.9799079972105056,3.489100350660701,0.7674356511573646,268981284.0,us_imports,2026-08-16,INDUSTRIAL ROBOTS FOR MULTIPLE USES
2025-11-01,847960,16.823289185863644,9.223830022860238,16.599628343613738,58853196.0,us_imports,2026-01-16,EVAPORATIVE AIR COOLERS
2026-05-01,847960,23.804632564532064,5.220481586401234,6.885825921778913,231010504.0,us_imports,2026-07-16,EVAPORATIVE AIR COOLERS
2026-01-01,847981,1.638714827209578,2.6651296443885624,1.9607034015547078,125003980.0,us_imports,2026-03-16,"METAL TREATING MACH, INC ELECTRIC WIRE COIL-WINDER"
2021-09-01,847982,0.44567902252589087,2.4195794527918344,0.30920912806060064,180754331.0,us_imports,2021-11-16,MIXING KNEADING CRUSHING GRINDING ETC MACHIN NESOI
2022-03-01,847982,0.6142340120288905,2.7386563139093996,0.22797397089192195,223296936.0,us_imports,2022-05-16,MIXING KNEADING CRUSHING GRINDING ETC MACHIN NESOI
2024-02-01,847982,0.6235392329042966,2.586950952191738,0.3018478226787771,334472120.0,us_imports,2024-04-16,MIXING KNEADING CRUSHING GRINDING ETC MACHIN NESOI
2017-02-01,847989,0.35849402518301243,2.431362440204187,0.26349762116742914,1001108776.0,us_imports,2017-04-16,MACH & MECHANICAL APPL W INDIVIDUAL FUNCTION NESOI
2023-12-01,847989,0.414777728101811,2.2571083077736844,0.2849829668678412,1892191002.0,us_imports,2024-02-16,MACH & MECHANICAL APPL W INDIVIDUAL FUNCTION NESOI
2021-06-01,847990,0.3116365817272848,2.2680326345589235,0.22090926480944595,745597833.0,us_imports,2021-08-16,PTS OF MACH/MECHNCL APPL W INDVDUL FUNCTION NESOI
2022-03-01,847990,0.33670823838337727,2.0411738834400133,0.08271906462328493,848306835.0,us_imports,2022-05-16,PTS OF MACH/MECHNCL APPL W INDVDUL FUNCTION NESOI
2022-07-01,848060,0.8507692019650308,2.0807619114429077,0.4090512112853171,81750158.0,us_imports,2022-09-16,MOLDS FOR MINERAL MATERIALS
2017-09-01,848071,0.3133122398669448,2.3123424267857735,0.14024402846608397,537109772.0,us_imports,2017-11-16,"MOLDS FOR RBR/PLAST, INJECTION/COMPRESSION TYPE"
2021-04-01,848071,0.40132483953726283,2.5168906544088943,0.45374718941507286,476763912.0,us_imports,2021-06-16,"MOLDS FOR RBR/PLAST, INJECTION/COMPRESSION TYPE"
2017-11-01,848079,0.5036275433591317,3.364669893391888,0.5070411493653331,60236817.0,us_imports,2018-01-16,MOLDS F RUBBER OR PLASTICS EXC INJECT OR COMPRESSN
2021-05-01,848079,0.568984293860572,2.7556249594293187,0.21310968301804656,68096071.0,us_imports,2021-07-16,MOLDS F RUBBER OR PLASTICS EXC INJECT OR COMPRESSN
2026-03-01,848079,0.46140031962721806,2.3667080286374027,0.3780848072347569,75439510.0,us_imports,2026-05-16,MOLDS F RUBBER OR PLASTICS EXC INJECT OR COMPRESSN
2021-09-01,848110,0.32986527270549804,2.151627040968559,0.03804421361393939,119071478.0,us_imports,2021-11-16,PRESSURE-REDUCING VALVES
2021-05-01,848120,0.3770413216913864,2.124039713445427,0.35496552813880977,464166366.0,us_imports,2021-07-16,VALVES F OLEOHYDRAULIC OR PNEUMATIC TRANSMISSIONS
2021-05-01,848130,0.4336704884319713,3.191711169222181,0.5782286053879985,110484437.0,us_imports,2021-07-16,CHECK VALVES
2022-02-01,848130,0.36473685222186214,2.084920821521974,0.13352420307356816,112251630.0,us_imports,2022-04-16,CHECK VALVES
2021-05-01,848180,0.33332920493438367,2.8845196746468846,0.35926191700255805,2160314243.0,us_imports,2021-07-16,TAPS COCKS ETC F PIPE VAT INC THERMO CONTROL NESOI
2021-06-01,848190,0.32288086128844506,2.428686509981174,0.3523114148957168,851886127.0,us_imports,2021-08-16,PTS F TAPS ETC F PIPE VAT INC PRESS & THERMO CNTRL
2021-06-01,848210,0.3407855381975655,2.867115790884662,0.18921158093675539,321093356.0,us_imports,2021-08-16,BALL BEARINGS
2018-05-01,848220,0.3110647685787269,2.051430767671869,0.09504334928051494,148646490.0,us_imports,2018-07-16,"TAPERED ROLL BRG, INCL CONE & ROLLER ASSEMBLIES"
2021-05-01,848220,0.4486656789818311,2.6914329315886545,0.43458419787134206,138133574.0,us_imports,2021-07-16,"TAPERED ROLL BRG, INCL CONE & ROLLER ASSEMBLIES"
2022-02-01,848230,0.36406018571224164,2.5033437859191197,0.18034494568771953,53642593.0,us_imports,2022-04-16,SPHERICAL ROLLER BEARINGS
2022-03-01,848250,0.31898605978129013,2.0877656906313593,0.07592637817137526,90294628.0,us_imports,2022-05-16,CYLIND ROLLER BEARING INCL CAGE AND ROLL ASSEM NES
2021-05-01,848299,0.4410622430569482,2.2908205747063546,0.4635737131784382,147343415.0,us_imports,2021-07-16,"PARTS OF BEARINGS, NESOI"
2021-06-01,848310,0.520357995848157,3.751088659679977,0.5756860291214454,560081240.0,us_imports,2021-08-16,"TRANSMISSION SHAFTS (INC CAM-&CRANK-SHAFT), ETC."
2021-06-01,848330,0.3601724242478199,2.9061913720545305,0.40086099105788875,222293809.0,us_imports,2021-08-16,BEARING HOUSINGS; PLAIN SHAFT BEARINGS
2021-08-01,848340,0.34824903726768097,2.18251845947674,0.11665318695361182,886787791.0,us_imports,2021-10-16,"GEARS; BALL OR ROLLER SCREWS; GEAR BOXES, ETC"
2021-05-01,848350,0.5055300328130439,3.9810536437449766,0.4746774030782901,171091447.0,us_imports,2021-07-16,"FLYWHEELS AND PULLEYS, INCLUDING PULLEY BLOCKS"
2017-08-01,848360,0.3104333000206383,3.131373050115371,0.2108689275221458,102703277.0,us_imports,2017-10-16,CLUTCHES & SHAFT COUPLINGS (INC UNIVERSAL JOINTS)
2018-02-01,848360,0.42870466087587467,2.5050443526751245,0.11101052322394134,105499974.0,us_imports,2018-04-16,CLUTCHES & SHAFT COUPLINGS (INC UNIVERSAL JOINTS)
2021-05-01,848360,0.4669454553245913,2.858998269792081,0.519747529900109,113925472.0,us_imports,2021-07-16,CLUTCHES & SHAFT COUPLINGS (INC UNIVERSAL JOINTS)
2021-06-01,848390,0.39698077616308813,3.0911441973757556,0.30069191670532236,559140195.0,us_imports,2021-08-16,"TOOTHED WHEELS,CHAIN SPROCKETS&OTH TRANS ELEM; PTS"
2021-05-01,848410,0.3820728897444725,3.7174729206627397,0.3418846148417445,68404979.0,us_imports,2021-07-16,"GASKETS, METAL LAYERS, OR OTHER MATL, MECH SEALS"
2017-06-01,848420,0.34190463418955486,2.169696501545788,0.22677629157174772,63802552.0,us_imports,2017-08-16,MECHANICAL SEALS
2026-03-01,848420,0.36603736815013166,2.2633110014315987,0.22028514580105818,91139053.0,us_imports,2026-05-16,MECHANICAL SEALS
2026-03-01,848510,1.3186529968114202,2.20627491851671,1.4716079770444086,72701425.0,us_imports,2026-05-16,MACHINES FOR ADDITIVE MANUFACTUR BY METAL DEPOSIT
2022-11-01,848610,3.437713519678475,2.262781476393046,0.8273107873816676,54216691.0,us_imports,2023-01-16,MACHINES FOR THE MANUFACTURE OF BOULES OR WAFERS
2024-10-01,848610,3.6183243715874225,2.2732895174896024,3.1529149613669194,217250001.0,us_imports,2024-12-16,MACHINES FOR THE MANUFACTURE OF BOULES OR WAFERS
2019-07-01,848620,1.5707902874781703,2.4276202340330437,0.8351875526362567,1732238726.0,us_imports,2019-09-16,MACHINES FOR MAN. SEMICONDUTOR DEVICES/ELEC IC
2017-01-01,848640,0.6980831592147934,2.4515961656560328,0.7415564206646003,115426802.0,us_imports,2017-03-16,MACHINES AND APPARATUS SPECIF IN CH 84 NOTE 11(C)
2017-07-01,848640,0.9886834048804389,2.0827472947163455,0.4197551990663273,181815080.0,us_imports,2017-09-16,MACHINES AND APPARATUS SPECIF IN CH 84 NOTE 11(C)
2022-02-01,848640,0.8686100679925364,2.166279402750059,0.5458564615588917,186085898.0,us_imports,2022-04-16,MACHINES AND APPARATUS SPECIF IN CH 84 NOTE 11(C)
2017-03-01,848690,0.5018820125898451,2.162984697109899,0.2988415215932203,746600345.0,us_imports,2017-05-16,"PARTS & ACCSESORIES FOR MACH TO MAN. SEMICNT, ETC"
2018-02-01,848690,0.6651589633263222,2.032558623287988,0.27034990951631044,1259728933.0,us_imports,2018-04-16,"PARTS & ACCSESORIES FOR MACH TO MAN. SEMICNT, ETC"
2021-05-01,848790,0.3093342299306572,2.364166652915889,0.27107194303989113,111931909.0,us_imports,2021-07-16,"MACHINERY PARTS, NON-ELECTRIC, NESOI"
2021-05-01,850110,0.3673503708895194,3.077409689138958,0.3062252943045085,582792514.0,us_imports,2021-07-16,ELECTRIC MOTORS OF AN OUTPUT NOT EXCEEDING 37.5 W
2023-08-01,850120,0.6334541229500221,2.0341208995658966,0.51641817880299,63550614.0,us_imports,2023-10-16,UNIVERSAL AC/DC MOTORS OF AN OUTPUT > 37.5 W
2017-07-01,850131,0.3336463153041891,3.4438943406199103,0.15685734972067045,666377225.0,us_imports,2017-09-16,DC MOTORS & GENERATORS W OUTPUT N OV 750 W
2021-04-01,850131,0.34654673674602776,2.866713247632625,0.21011757415839938,670930202.0,us_imports,2021-06-16,DC MOTORS & GENERATORS W OUTPUT N OV 750 W
2021-06-01,850132,0.5947488240023318,2.4378631927387384,0.4602898583706436,130755424.0,us_imports,2021-08-16,DC MOTORS & GENERATORS W OUTPUT > 750W; N OV 75 KW
2020-12-01,850140,0.3040313444010274,2.798027478500472,0.19527606852659307,436269454.0,us_imports,2021-02-16,"AC MOTORS NESOI, SINGLE-PHASE"
2021-06-01,850140,0.41484450909172654,3.037898950906214,0.2173499470716882,473283379.0,us_imports,2021-08-16,"AC MOTORS NESOI, SINGLE-PHASE"
2021-04-01,850151,0.33478731024493813,2.545498513651864,0.2009438889979418,131009221.0,us_imports,2021-06-16,"AC MOTORS, MULTI-PHASE, OUTPUT NOT EXCEEDING 750 W"
2021-07-01,850152,0.34841305320895555,2.810151022664567,0.18803868189664663,360419740.0,us_imports,2021-09-16,"AC MOTORS,MULTI-PHASE;OUTPUT > 750W NOT OVER 75 KW"
2022-06-01,850152,0.36867375455328233,2.0560676824537145,0.0429666338961181,469730631.0,us_imports,2022-08-16,"AC MOTORS,MULTI-PHASE;OUTPUT > 750W NOT OVER 75 KW"
2022-03-01,850153,0.4504211206556028,3.299435311168328,0.5167196605944602,189231064.0,us_imports,2022-05-16,"AC MOTORS, MULTI-PHASE, OF AN OUTPUT > 75 KW"
2022-10-01,850153,0.4778706433158493,2.5607423335282684,0.011517427653436885,236198710.0,us_imports,2022-12-16,"AC MOTORS, MULTI-PHASE, OF AN OUTPUT > 75 KW"
2023-04-01,850153,0.7503134725989193,2.885989614781284,0.029713754427455052,357257085.0,us_imports,2023-06-16,"AC MOTORS, MULTI-PHASE, OF AN OUTPUT > 75 KW"
2018-02-01,850161,0.47727285794273566,2.6439615076620506,0.288174544412257,56012972.0,us_imports,2018-04-16,AC  GENERATORS (ALTERNATORS) <=75 KVA OUTPUT
2018-09-01,850161,0.520617619223005,2.436909895188641,0.3896909310735952,65232367.0,us_imports,2018-11-16,AC  GENERATORS (ALTERNATORS) <=75 KVA OUTPUT
2019-05-01,850161,0.6158176910661004,2.535186265888016,0.57714154297669,85619641.0,us_imports,2019-07-16,AC  GENERATORS (ALTERNATORS) <=75 KVA OUTPUT
2019-11-01,850161,1.0995827953442334,2.8131370505636344,0.0531183451236199,136542317.0,us_imports,2020-01-16,AC  GENERATORS (ALTERNATORS) <=75 KVA OUTPUT
2018-03-01,850162,1.1716195996458532,2.504658323300327,0.8110217890371461,68565297.0,us_imports,2018-05-16,AC GENERATORS (ALTERNATOR) > 75 KVA BUT =< 375KVA
2019-03-01,850164,0.6347979527524268,2.2970502227355727,0.28282710168686287,90137943.0,us_imports,2019-05-16,AC GENERATORS OF AN OUTPUT EXCEEDING 750 KVA
2025-02-01,850164,0.6044139693139934,2.232031489649502,0.2556207517154847,168335019.0,us_imports,2025-04-16,AC GENERATORS OF AN OUTPUT EXCEEDING 750 KVA
2025-09-01,850164,0.6006739271407966,2.0367387916852486,0.3667125265238078,249259950.0,us_imports,2025-11-16,AC GENERATORS OF AN OUTPUT EXCEEDING 750 KVA
2026-06-01,850164,1.0644838521252753,3.433375692134675,0.7102285348201041,370218216.0,us_imports,2026-08-16,AC GENERATORS OF AN OUTPUT EXCEEDING 750 KVA
2025-07-01,850213,2.619868991318699,2.9467581406171885,1.7306203067493404,144718851.0,us_imports,2025-09-16,GENERATING SET W COMPRESSION-IGNITN OUTPUT >375KVA
2026-01-01,850213,3.536005520933047,3.5099307081704807,1.6060004273015926,169545635.0,us_imports,2026-03-16,GENERATING SET W COMPRESSION-IGNITN OUTPUT >375KVA
2017-01-01,850220,0.36985935733800224,2.2285144998093025,0.4985010544762907,139780768.0,us_imports,2017-03-16,GENERATING SET W SPARK-IGNITION INT COMBUSTION ENG
2017-07-01,850220,0.7438901234899997,2.57463371004718,0.4887045688014202,213157629.0,us_imports,2017-09-16,GENERATING SET W SPARK-IGNITION INT COMBUSTION ENG
2018-01-01,850220,0.8351968133413032,2.2759251837801493,0.5052187134083226,256525220.0,us_imports,2018-03-16,GENERATING SET W SPARK-IGNITION INT COMBUSTION ENG
2020-11-01,850220,0.9617845020846896,2.288619328808011,0.8498961954175539,334154360.0,us_imports,2021-01-16,GENERATING SET W SPARK-IGNITION INT COMBUSTION ENG
2021-05-01,850220,1.080512788378348,2.1499324052075846,0.19916597272438485,301142388.0,us_imports,2021-07-16,GENERATING SET W SPARK-IGNITION INT COMBUSTION ENG
2025-03-01,850220,1.0989318935068155,2.250183189154193,0.8127550152152887,394471031.0,us_imports,2025-05-16,GENERATING SET W SPARK-IGNITION INT COMBUSTION ENG
2017-02-01,850231,32.726276631059825,2.6448964953695278,33.47422321432487,58621294.0,us_imports,2017-04-16,"GENERATING SETS, ELECTRIC, WIND-POWERED"
2022-12-01,850231,27.07351602721406,2.7696081839461604,27.1683397766618,85687277.0,us_imports,2023-02-16,"GENERATING SETS, ELECTRIC, WIND-POWERED"
2016-07-01,850300,0.48397203158651414,2.9558288073612564,0.6693399750604234,741378028.0,us_imports,2016-09-16,"PARTS OF ELECTRIC MOTORS, GENERATORS & SETS"
2017-04-01,850300,0.5073950075519025,2.445409478907016,0.46413851713336807,617792422.0,us_imports,2017-06-16,"PARTS OF ELECTRIC MOTORS, GENERATORS & SETS"
2024-09-01,850300,0.41545824705344137,2.185924718807738,0.19229747265976593,1166539832.0,us_imports,2024-11-16,"PARTS OF ELECTRIC MOTORS, GENERATORS & SETS"
2022-04-01,850421,0.4081770006870167,2.6002525978566546,0.12235924262276998,128702614.0,us_imports,2022-06-16,LIQ DIELECT TRANSFORMER POWER HANDL CAP NOV 650KVA
2022-10-01,850421,0.7149967258785619,3.3699826410780167,0.14626774808316623,165503617.0,us_imports,2022-12-16,LIQ DIELECT TRANSFORMER POWER HANDL CAP NOV 650KVA
2023-06-01,850421,0.5973186672933124,2.077783722715245,0.014693729008130596,225307649.0,us_imports,2023-08-16,LIQ DIELECT TRANSFORMER POWER HANDL CAP NOV 650KVA
2023-12-01,850421,1.2342623871616545,3.76098401301951,0.3864907740988943,358906923.0,us_imports,2024-02-16,LIQ DIELECT TRANSFORMER POWER HANDL CAP NOV 650KVA
2018-06-01,850422,0.5079299737337801,2.0887953384960904,0.40921232229420945,55748622.0,us_imports,2018-08-16,LIQ DIELECT TRANSFRM PWR HND CAP >650 NOV 10T KVA
2019-03-01,850422,0.5939668950406702,2.0176901879899867,0.26967749810435904,61034105.0,us_imports,2019-05-16,LIQ DIELECT TRANSFRM PWR HND CAP >650 NOV 10T KVA
2022-06-01,850422,0.6452703249734735,2.1943944425322597,0.19913340422201453,156681301.0,us_imports,2022-08-16,LIQ DIELECT TRANSFRM PWR HND CAP >650 NOV 10T KVA
2022-12-01,850422,0.8038406986583781,2.3942374186743076,0.09205811047162493,176328484.0,us_imports,2023-02-16,LIQ DIELECT TRANSFRM PWR HND CAP >650 NOV 10T KVA
2025-01-01,850422,0.9969167317241181,2.5537863462533346,0.5948627334306975,458048824.0,us_imports,2025-03-16,LIQ DIELECT TRANSFRM PWR HND CAP >650 NOV 10T KVA
2019-11-01,850423,0.48430954815405736,2.3169462428859706,0.5461914213143855,281600178.0,us_imports,2020-01-16,LIQ DIELECT TRANSFRM POWER HAND CAP > 10T KVA
2020-07-01,850423,0.5353953619037903,2.2154781670106125,0.23084370793760467,265961441.0,us_imports,2020-09-16,LIQ DIELECT TRANSFRM POWER HAND CAP > 10T KVA
2022-11-01,850423,0.6323177156639759,2.7186124537401857,0.6651554794296317,366368323.0,us_imports,2023-01-16,LIQ DIELECT TRANSFRM POWER HAND CAP > 10T KVA
2023-07-01,850423,0.5981547337403275,2.198628140143947,0.22173743775728294,509102612.0,us_imports,2023-09-16,LIQ DIELECT TRANSFRM POWER HAND CAP > 10T KVA
2024-05-01,850423,0.7996816963896143,2.4910606244602125,0.30921129561906,674262917.0,us_imports,2024-07-16,LIQ DIELECT TRANSFRM POWER HAND CAP > 10T KVA
2021-11-01,850431,0.3188242557982335,3.1851821361830033,0.20257036874823675,123706157.0,us_imports,2022-01-16,"TRANSFORMERS NESOI, POWER HANDLING CAP NOV 1 KVA"
2022-07-01,850431,0.38833372086135887,2.5684529736785393,0.002830969517882309,145815251.0,us_imports,2022-09-16,"TRANSFORMERS NESOI, POWER HANDLING CAP NOV 1 KVA"
2022-09-01,850432,0.4247756409215597,2.4706090726273833,0.2659741000137754,50456513.0,us_imports,2022-11-16,"TRANSFORMERS, NESOI,> 1 KVA BUT =< 16 KVA"
2025-05-01,850432,0.39602500476440916,2.0528635700944613,0.22498079514893332,60448201.0,us_imports,2025-07-16,"TRANSFORMERS, NESOI,> 1 KVA BUT =< 16 KVA"
2022-02-01,850433,0.309450270544271,2.3710681500133854,0.1285263967915522,92074623.0,us_imports,2022-04-16,"TRANSF NESOI, POWER HANDLING CAP >16 NOV 500 KVA"
2022-09-01,850433,0.38107087559043795,2.6327418426429774,0.196908779106457,133067774.0,us_imports,2022-11-16,"TRANSF NESOI, POWER HANDLING CAP >16 NOV 500 KVA"
2023-03-01,850433,0.44678524211676707,2.3736269509816474,0.007872406208700111,145772521.0,us_imports,2023-05-16,"TRANSF NESOI, POWER HANDLING CAP >16 NOV 500 KVA"
2024-04-01,850433,0.4716316207170739,2.2045466410413086,0.30798793595506035,205916396.0,us_imports,2024-06-16,"TRANSF NESOI, POWER HANDLING CAP >16 NOV 500 KVA"
2022-06-01,850434,0.8695025101312432,2.0677917201744904,0.8537887747695401,59587463.0,us_imports,2022-08-16,"TRANSFORMERS, NESOI, > 500 KVA"
2021-05-01,850440,0.4372688317745026,4.898478755194249,0.3419211365829622,3318249242.0,us_imports,2021-07-16,STATIC CONVERTERS; ADP POWER SUPPLIES
2022-10-01,850440,0.30367257048163854,2.3634113231577842,0.12884446757920331,4289703863.0,us_imports,2022-12-16,STATIC CONVERTERS; ADP POWER SUPPLIES
2018-01-01,850450,0.30478794945611054,2.380419851030944,0.18012105691068192,209959902.0,us_imports,2018-03-16,ELECTRICAL INDUCTORS NESOI
2021-04-01,850450,0.34364501210894716,2.4274017022399845,0.4553343750090221,212215613.0,us_imports,2021-06-16,ELECTRICAL INDUCTORS NESOI
2021-10-01,850450,0.46801477256701896,2.62778209391523,0.12669361662277678,251707369.0,us_imports,2021-12-16,ELECTRICAL INDUCTORS NESOI
2025-06-01,850450,0.7495485749226338,4.171625959042188,0.5302963778948384,428688257.0,us_imports,2025-08-16,ELECTRICAL INDUCTORS NESOI
2025-12-01,850450,4.731448020013443,5.089041509779411,0.6709601940590719,1340432112.0,us_imports,2026-02-16,ELECTRICAL INDUCTORS NESOI
2022-07-01,850490,0.3016173882796225,2.9338515163812344,0.13466228294820093,510568472.0,us_imports,2022-09-16,PTS FOR ELECT TRANSFORMERS STATIC CONVERTERS INDCT
2023-01-01,850490,0.41753228384093344,3.4100638970034116,0.15728573317740735,571247271.0,us_imports,2023-03-16,PTS FOR ELECT TRANSFORMERS STATIC CONVERTERS INDCT
2024-09-01,850490,0.3465740904693182,2.342939601362549,0.24165862485629175,787683848.0,us_imports,2024-11-16,PTS FOR ELECT TRANSFORMERS STATIC CONVERTERS INDCT
2026-03-01,850490,0.42541219010797193,2.385655099967151,0.3841160169199793,1207454077.0,us_imports,2026-05-16,PTS FOR ELECT TRANSFORMERS STATIC CONVERTERS INDCT
2018-07-01,850511,0.36458062759745125,2.690564367045345,0.20715685910383086,107952638.0,us_imports,2018-09-16,PERMANENT MAGNETS MADE OF METAL
2021-03-01,850511,0.3338140946207513,2.0791225118047327,0.4102847174214185,106319758.0,us_imports,2021-05-16,PERMANENT MAGNETS MADE OF METAL
2026-06-01,850511,0.570707836126586,2.1828281590791443,0.5295190053770751,122161392.0,us_imports,2026-08-16,PERMANENT MAGNETS MADE OF METAL
2021-05-01,850590,0.3716919267258596,3.0359944816933035,0.4290844705380388,124652438.0,us_imports,2021-07-16,"ELECTROMAGNETS,CLAMPS, SIMILR HLDNG DEVICES & PART"
2017-04-01,850610,0.4973797520758374,2.073795488487109,0.3442473022132768,77840093.0,us_imports,2017-06-16,"PRIMARY CELLS AND BATTERIES, MANGANESE DIOXIDE"
2018-10-01,850610,0.757458856260653,2.9512286593189945,0.4921481041723501,179450398.0,us_imports,2018-12-16,"PRIMARY CELLS AND BATTERIES, MANGANESE DIOXIDE"
2017-09-01,850650,0.3453011475085985,2.4530648152352246,0.1057316803474555,100236084.0,us_imports,2017-11-16,"PRIMARY CELLS AND BATTERIES, LITHIUM"
2016-10-01,850710,0.601096897847714,3.11723193609856,0.5360885471610133,203245557.0,us_imports,2016-12-16,LEAD-ACID BATTERIES OF A KIND USED FOR STG ENGINES
2017-04-01,850710,1.2374906449570906,2.5896356428237874,0.2720640759587982,297117902.0,us_imports,2017-06-16,LEAD-ACID BATTERIES OF A KIND USED FOR STG ENGINES
2018-09-01,850720,0.30439716712905174,2.517108858529094,0.12247746768755108,269004826.0,us_imports,2018-11-16,LEAD-ACID STORAGE BATTERIES NESOI
2021-04-01,850720,0.3473373040812393,2.839304263046161,0.3508541160600527,271110796.0,us_imports,2021-06-16,LEAD-ACID STORAGE BATTERIES NESOI
2022-10-01,850720,0.3697894860863751,2.286849866035867,0.08897056427955663,381509309.0,us_imports,2022-12-16,LEAD-ACID STORAGE BATTERIES NESOI
2019-06-01,850750,0.40367367203592264,3.545370077206059,0.44137535460391886,67030217.0,us_imports,2019-08-16,NICKEL-METAL HYDRIDE BATTERIES
2020-03-01,850750,0.35982299271732865,2.51714833176105,0.6156463185926963,73252264.0,us_imports,2020-05-16,NICKEL-METAL HYDRIDE BATTERIES
2020-09-01,850750,1.0592280196634651,4.77010792440571,1.2664683751586592,110343023.0,us_imports,2020-11-16,NICKEL-METAL HYDRIDE BATTERIES
2021-05-01,850750,1.4018545384320595,3.0041126345441174,0.5762454683727753,139607735.0,us_imports,2021-07-16,NICKEL-METAL HYDRIDE BATTERIES
2016-11-01,850760,0.3934677015675554,2.194624413599327,0.16321520157263492,583588458.0,us_imports,2017-01-16,LITHIUM ION BATTERIES
2017-05-01,850760,0.6098374186575812,2.019518909029016,0.1511025706616913,673518016.0,us_imports,2017-07-16,LITHIUM ION BATTERIES
2021-03-01,850760,0.6173067892000335,2.114800179405164,0.13432990690815538,1586153401.0,us_imports,2021-05-16,LITHIUM ION BATTERIES
2022-02-01,850760,0.8593853951962969,2.2898891627182767,0.2997898641216905,2609208299.0,us_imports,2022-04-16,LITHIUM ION BATTERIES
2022-10-01,850780,1.6802575702905993,2.083360544712386,0.7226746325959437,56008860.0,us_imports,2022-12-16,STORAGE BATTERIES NESOI
2017-12-01,850811,0.30833645705027646,2.0079135500337824,0.2558175793477089,719144159.0,us_imports,2018-02-16,VAC CLN W/SLF-CNT ELEC MOT PWR LT=1500W CAP LT=20L
2020-08-01,850811,0.4141347292869948,2.154621250036839,0.5448645793599868,764905608.0,us_imports,2020-10-16,VAC CLN W/SLF-CNT ELEC MOT PWR LT=1500W CAP LT=20L
2021-02-01,850811,0.7934363598491863,3.1491354531644076,0.23377622775553064,790320075.0,us_imports,2021-04-16,VAC CLN W/SLF-CNT ELEC MOT PWR LT=1500W CAP LT=20L
2018-01-01,850819,0.6910214337114136,3.1657543810740645,0.5231504522138655,61303232.0,us_imports,2018-03-16,"VACUUM CLEANER W/ SELF-CONTAINED ELEC MOTOR, NESOI"
2021-02-01,850819,0.7008501098614399,2.0664339922562136,0.5208245614036435,65140343.0,us_imports,2021-04-16,"VACUUM CLEANER W/ SELF-CONTAINED ELEC MOTOR, NESOI"
2020-10-01,850940,0.41579132126395724,3.7100440325809325,0.3479507597112135,319210310.0,us_imports,2020-12-16,ELECTROMECH FOOD GRINDER PROCESSOR MIXER EXTRCTOR
2021-04-01,850940,1.7003062517148084,4.57976972633285,0.7106779948477331,267147627.0,us_imports,2021-06-16,ELECTROMECH FOOD GRINDER PROCESSOR MIXER EXTRCTOR
2018-11-01,850980,0.4566521218643964,2.140815076414959,0.3785546145363268,314096991.0,us_imports,2019-01-16,ELECTROMECH DOMESTC APPL SLF-CONT ELECTR MTR NESOI
2019-05-01,850980,0.7910172482742583,2.6867708454653663,0.15303865386918858,294722217.0,us_imports,2019-07-16,ELECTROMECH DOMESTC APPL SLF-CONT ELECTR MTR NESOI
2021-02-01,850980,0.8144752824379888,2.525090228861244,0.5526298603930988,431571175.0,us_imports,2021-04-16,ELECTROMECH DOMESTC APPL SLF-CONT ELECTR MTR NESOI
2020-07-01,850990,0.5115959286629879,2.0392810939141244,0.42484298268238185,65076782.0,us_imports,2020-09-16,PTS ELECTROMECH DOMESTC APPL SLF-CONT ELECT MOTORS
2016-03-01,851010,0.32288825997051585,2.2565920675055327,0.43224708082888796,63982254.0,us_imports,2016-05-16,ELECTRIC SHAVERS
2017-05-01,851010,0.3816505372040797,2.169627732873828,0.2151640040992313,80595112.0,us_imports,2017-07-16,ELECTRIC SHAVERS
2021-03-01,851010,0.48273943696502286,2.24619572501547,0.47137968665914975,69581034.0,us_imports,2021-05-16,ELECTRIC SHAVERS
2020-07-01,851020,1.0028347013238985,3.4948579835514604,0.5767874739547805,53249222.0,us_imports,2020-09-16,ELECTRIC HAIR CLIPPERS
2021-04-01,851020,1.53636460424255,2.4080667758934364,0.5988017618674673,74875951.0,us_imports,2021-06-16,ELECTRIC HAIR CLIPPERS
2021-05-01,851110,0.32635011859854424,3.5732788041954824,0.2741246142528886,151967927.0,us_imports,2021-07-16,INTERNAL COMBUSTION ENGINE SPARK PLUGS
2024-04-01,851110,0.4233835981036733,3.402515649725059,0.4085629132686317,165388500.0,us_imports,2024-06-16,INTERNAL COMBUSTION ENGINE SPARK PLUGS
2021-04-01,851130,0.3807495416557789,2.8467585131473387,0.2355318804609201,130151632.0,us_imports,2021-06-16,DISTRIBUTORS; IGNITION COILS
2021-05-01,851140,0.48526977487493905,3.8632686914773346,0.5382431641142407,376065719.0,us_imports,2021-07-16,INTERNAL COMBUSTION ENGINE STARTER MOTORS
2021-04-01,851150,0.3504444807645264,3.522374287575514,0.2967983946386594,305543159.0,us_imports,2021-06-16,"INTERNAL COMBUSTION ENGINE GENERATORS, NESOI"
2021-05-01,851180,0.40198863212011005,2.8323917372273466,0.44156182745424455,53030213.0,us_imports,2021-07-16,ELECT IGNTN/START EQ F SPARK/COMP ENG; GENRT NESOI
2021-06-01,851190,0.3044214236460532,2.8195227794566353,0.4825863939110616,92204878.0,us_imports,2021-08-16,PTS ELECT IGNTN/START EQUIP; GENERATORS & CUT-OUTS
2022-12-01,851190,0.3795605188881075,2.922903235995022,0.4095176567235933,96451277.0,us_imports,2023-02-16,PTS ELECT IGNTN/START EQUIP; GENERATORS & CUT-OUTS
2024-09-01,851190,0.33907393890374804,2.610877393046646,0.4946288138083367,106011278.0,us_imports,2024-11-16,PTS ELECT IGNTN/START EQUIP; GENERATORS & CUT-OUTS
2021-04-01,851220,0.35719561129273547,2.4898100336665343,0.2208298353279372,1115666693.0,us_imports,2021-06-16,ELECT LIGHTING/VISUAL SIGNLNG EQ EX FOR BICYCLES
2021-05-01,851290,0.6321964515931728,3.0642156562218292,0.6071190719074526,438706920.0,us_imports,2021-07-16,PT ELECT LGHTNG/SGNLNG EQ WNDSHIELD WPR DFRSTR ETC
2020-12-01,851310,0.33052079987619276,2.1819828584423306,0.22725871557687927,269286795.0,us_imports,2021-02-16,"PORTABLE ELECTRIC LAMPS NESOI, BATTERY OR MAGNETO"
2016-08-01,851410,0.9949686656022247,3.669436883527277,0.8778261510263967,53167080.0,us_imports,2016-10-16,"INDUSTRIAL, LABORATORY FURNACES, OVENS, RESISTANCE"
2023-07-01,851490,1.1230262431949916,2.5603783891880285,0.6879193066702147,138452027.0,us_imports,2023-09-16,"PARTS FOR IND, LAB FURNACES,OVENS OR HEATING EQUIP"
2024-12-01,851490,1.2829037603137783,2.9223421879823923,1.528691710755263,193475491.0,us_imports,2025-02-16,"PARTS FOR IND, LAB FURNACES,OVENS OR HEATING EQUIP"
2016-08-01,851521,0.9752030578177411,2.608400493063766,1.0101579765039357,110330128.0,us_imports,2016-10-16,"ELECTRIC WELDERS, RESISTANCE, FULL OR PART AUTOMAT"
2016-11-01,851531,1.075705101597633,2.7987837523403223,1.5228744472000975,73351325.0,us_imports,2017-01-16,"ELECTRIC WELDERS, ARC, FULL OR PARTLY AUTOMATIC"
2018-08-01,851531,0.8610494260496753,2.268617946695329,0.8380131115306542,82527176.0,us_imports,2018-10-16,"ELECTRIC WELDERS, ARC, FULL OR PARTLY AUTOMATIC"
2022-04-01,851531,0.8468982073322833,2.3474050605135224,0.8535030479687699,66412367.0,us_imports,2022-06-16,"ELECTRIC WELDERS, ARC, FULL OR PARTLY AUTOMATIC"
2024-01-01,851531,1.0726626547948421,2.965899727027752,1.3489990781871257,86403656.0,us_imports,2024-03-16,"ELECTRIC WELDERS, ARC, FULL OR PARTLY AUTOMATIC"
2026-04-01,851531,0.806570553484629,2.0230113381521404,0.3613701387580939,111579246.0,us_imports,2026-06-16,"ELECTRIC WELDERS, ARC, FULL OR PARTLY AUTOMATIC"
2017-04-01,851580,0.5395807606130787,2.831682513736855,0.3732695373890569,100228749.0,us_imports,2017-06-16,"ELECT LASER ULTRASONIC,ETC,HOT SPRY MTL MACH,NESOI"
2024-01-01,851580,0.7094704108612426,2.565753603722968,0.643356023592855,198217708.0,us_imports,2024-03-16,"ELECT LASER ULTRASONIC,ETC,HOT SPRY MTL MACH,NESOI"
2018-05-01,851590,0.44113123219425976,2.773473984970786,0.32809856985039154,157122199.0,us_imports,2018-07-16,"PT ELECT LASER ULTRASONIC,ETC,HOT SPRAY METAL MACH"
2021-07-01,851590,0.47241828637035255,2.547762711439322,0.5072786439980912,144456720.0,us_imports,2021-09-16,"PT ELECT LASER ULTRASONIC,ETC,HOT SPRAY METAL MACH"
2021-01-01,851631,0.4106023609015317,2.1787229122536704,0.3324134833641166,87987139.0,us_imports,2021-03-16,ELECTRIC HAIR DRYERS
2019-05-01,851632,0.4606875245672808,3.2127131940578972,0.3709411936770546,70820269.0,us_imports,2019-07-16,ELECTROTHERMIC HAIRDRESSING APPARATUS NESOI
2021-05-01,851632,0.6198193248351087,2.5801621282096336,0.3929605035488979,81888236.0,us_imports,2021-07-16,ELECTROTHERMIC HAIRDRESSING APPARATUS NESOI
2021-11-01,851632,0.7996473672171678,2.771716067733278,0.3750472802666007,166237050.0,us_imports,2022-01-16,ELECTROTHERMIC HAIRDRESSING APPARATUS NESOI
2021-10-01,851640,0.4403258228097098,3.056901115315555,0.5079958222887212,51123655.0,us_imports,2021-12-16,ELECTRIC FLATIRONS
2022-07-01,851640,0.5650849251302028,3.0033460255475695,0.29228874377643144,55231426.0,us_imports,2022-09-16,ELECTRIC FLATIRONS
2023-11-01,851640,0.4469342577719857,2.353930587138225,0.6514932116437386,54715327.0,us_imports,2024-01-16,ELECTRIC FLATIRONS
2020-08-01,851650,0.31025216851981674,2.672714537879433,0.3124382215781294,474490783.0,us_imports,2020-10-16,MICROWAVE OVENS
2021-02-01,851650,0.39660984086490325,2.5329006391255007,0.06075800221035754,361682806.0,us_imports,2021-04-16,MICROWAVE OVENS
2017-05-01,851660,0.33294191880017854,2.3902259788012636,0.19059496173324342,293647258.0,us_imports,2017-07-16,"OVEN,COOKING STOVE & PLATE,RANGE,ROASTER, NESOI"
2018-02-01,851660,0.3722692368045777,2.2059883310272808,0.1835803007925907,363576662.0,us_imports,2018-04-16,"OVEN,COOKING STOVE & PLATE,RANGE,ROASTER, NESOI"
2020-12-01,851660,0.7008433749089356,3.308051063351745,0.4024951561369068,749901446.0,us_imports,2021-02-16,"OVEN,COOKING STOVE & PLATE,RANGE,ROASTER, NESOI"
2021-01-01,851671,0.4080419713505803,2.1208045510035354,0.205644503445914,359458428.0,us_imports,2021-03-16,ELECTRIC COFFEE OR TEA MAKERS
2020-10-01,851672,0.6203944324829895,2.9907244504562995,0.5701859261585591,54300845.0,us_imports,2020-12-16,ELECTRIC TOASTERS
2018-12-01,851679,0.30852941133670675,2.016487107914255,0.2543232229680912,573696799.0,us_imports,2019-02-16,"OTHER ELECTROTHERMIC APPLIANCES, DOMESTIC"
2021-02-01,851679,0.6025578633278017,3.314307875077601,0.5230913320129971,504772679.0,us_imports,2021-04-16,"OTHER ELECTROTHERMIC APPLIANCES, DOMESTIC"
2021-05-01,851680,0.39191135913505204,3.35069995686915,0.32291746366668983,193480449.0,us_imports,2021-07-16,ELECTRIC HEATING RESISTORS
2021-05-01,851690,0.533833817994458,2.4142218776547373,0.2306941953464683,151662454.0,us_imports,2021-07-16,"PTS F HEATERS,HAIRDRESSING APPR,FLT IRON,STOVE ETC"
2021-03-01,851712,0.3801310666560078,2.2120493265950385,0.31989869156965445,11977836705.0,us_imports,2021-05-16,PHONES FOR CELLULAR NTWKS OR FOR OTH WIRELESS NTWK
2025-03-01,851713,0.5631803599470422,3.537733594236483,0.6345286577093465,16130765479.0,us_imports,2025-05-16,SMARTPHONES
2026-07-01,851713,0.3957998123797024,2.335401447234929,0.6600099597090486,13714759632.0,us_imports,2026-09-16,SMARTPHONES
2018-08-01,851761,0.41341857828898165,2.8961021038551733,0.666734912132859,65525486.0,us_imports,2018-10-16,BASE STATIONS
2019-02-01,851761,3.0558246346058127,3.807104592663332,0.8723770789888272,170299615.0,us_imports,2019-04-16,BASE STATIONS
2022-09-01,851762,0.3236224399198755,2.1031074199645143,0.2008312570426889,13801239809.0,us_imports,2022-11-16,MACH FOR RECP/CONVR/TRANS/REGN OF VOICE/IMAGE/DATA
2025-03-01,851762,0.38817354665725423,2.5185076070141807,0.242380874668636,16329801924.0,us_imports,2025-05-16,MACH FOR RECP/CONVR/TRANS/REGN OF VOICE/IMAGE/DATA
2025-11-01,851762,0.511843718112218,2.6797935146759255,0.03454136625169868,24624596002.0,us_imports,2026-01-16,MACH FOR RECP/CONVR/TRANS/REGN OF VOICE/IMAGE/DATA
2026-06-01,851762,0.7434121511927794,3.046430301937772,0.03752030120906369,33800270364.0,us_imports,2026-08-16,MACH FOR RECP/CONVR/TRANS/REGN OF VOICE/IMAGE/DATA
2017-11-01,851769,0.3494304367495209,2.5449020680049137,0.20007844955070153,542093079.0,us_imports,2018-01-16,APP FOR THE TRANS/RECEP OF VOICE/IMAGES/DATA NESOI
2021-05-01,851769,0.6090277569529583,2.9087386054984203,0.6002183421989471,280407227.0,us_imports,2021-07-16,APP FOR THE TRANS/RECEP OF VOICE/IMAGES/DATA NESOI
2025-02-01,851779,0.3034074599478229,2.2647698837073937,0.2002974468250187,812502160.0,us_imports,2025-04-16,"PART PHONE/OTH APPARAT TRANS/RECEPT VOICE,IMG,DATA"
2020-10-01,851810,0.3076116850324693,2.6829060135893217,0.45798285726843624,155684072.0,us_imports,2020-12-16,MICROPHONES AND STANDS THEREFOR
2021-04-01,851810,1.4428147632020716,5.495225950684726,0.6952538670293509,165170075.0,us_imports,2021-06-16,MICROPHONES AND STANDS THEREFOR
2017-03-01,851821,0.7349673374742358,3.475064937508762,0.635221552203231,190950899.0,us_imports,2017-05-16,"SINGLE LOUDSPEAKERS, MOUNTED IN THEIR ENCLOSURES"
2021-04-01,851821,0.7315212304198242,2.521838942543751,0.5313189160521155,180524279.0,us_imports,2021-06-16,"SINGLE LOUDSPEAKERS, MOUNTED IN THEIR ENCLOSURES"
2019-08-01,851822,0.3035329898827168,2.133776601007172,0.18776284638845242,346763570.0,us_imports,2019-10-16,"MULTIPLE LOUDSPEAKERS, MOUNTED IN SAME ENCLOSURE"
2020-11-01,851822,0.4751751411182077,2.607704620122916,0.4513443477047012,790066047.0,us_imports,2021-01-16,"MULTIPLE LOUDSPEAKERS, MOUNTED IN SAME ENCLOSURE"
2021-05-01,851822,1.3856899866603962,3.620873556559478,0.10879884253084926,533770179.0,us_imports,2021-07-16,"MULTIPLE LOUDSPEAKERS, MOUNTED IN SAME ENCLOSURE"
2021-04-01,851829,0.505144117680127,4.590750025853108,0.3963681296968693,238692577.0,us_imports,2021-06-16,"LOUDSPEAKERS, NESOI"
2018-08-01,851830,0.30717491273916964,3.0253710745738283,0.2067094407350476,401883927.0,us_imports,2018-10-16,HEAD-EAR-PHONES & COMBINED MICROPHONE/SPEAKER SETS
2019-11-01,851830,0.5983763698272955,4.094569324668621,0.6655605769727582,790520249.0,us_imports,2020-01-16,HEAD-EAR-PHONES & COMBINED MICROPHONE/SPEAKER SETS
2020-08-01,851830,1.2291838347700357,3.691984123736889,0.9223128061167181,835684626.0,us_imports,2020-10-16,HEAD-EAR-PHONES & COMBINED MICROPHONE/SPEAKER SETS
2021-03-01,851830,3.0995238249597037,5.023910414524081,2.178021239867037,1595147034.0,us_imports,2021-05-16,HEAD-EAR-PHONES & COMBINED MICROPHONE/SPEAKER SETS
2021-04-01,851840,0.5901922148220342,3.8914656288460705,0.4555998210830625,244035062.0,us_imports,2021-06-16,AUDIO-FREQUENCY ELECTRIC AMPLIFIERS
2023-09-01,851840,0.5119194802173685,2.004857574257425,0.35727937076908156,420962932.0,us_imports,2023-11-16,AUDIO-FREQUENCY ELECTRIC AMPLIFIERS
2021-05-01,851890,0.7933062809686038,4.695041146933043,0.7017857305431285,52576514.0,us_imports,2021-07-16,"PTS MICRO-HEAD-EAR-PHONE,ELECT SND AMPL SETS ETC"
2021-01-01,851981,0.39025523263621054,2.048510851381393,0.13821440121079065,227564178.0,us_imports,2021-03-16,SOUND RECD/REPRD APP MGNT/OPTCL/SEMICONDUCTR NESOI
2021-05-01,852190,0.38478668863321897,3.3601785655623995,0.3866212627426021,146414952.0,us_imports,2021-07-16,VIDEO RECRDG/REPRDC APP W/N VIDEO TNR EXC MGN TAPE
2016-12-01,852329,0.30151884783875604,2.808259049127354,0.42835645410322565,105049863.0,us_imports,2017-02-16,MGNTC MEDIA FOR RCRDNG SOUND OR OTH PHENOMNA NESOI
2021-06-01,852329,0.41437059323805414,2.2030391476818245,0.48379120773686846,72898021.0,us_imports,2021-08-16,MGNTC MEDIA FOR RCRDNG SOUND OR OTH PHENOMNA NESOI
2021-05-01,852349,0.5470125133526076,2.715279234206817,0.41502318996477605,175182331.0,us_imports,2021-07-16,"OPTICAL MEDIA FOR SOUND/OTHER PHENOMENA, RECORDED"
2024-06-01,852351,0.6813226537325066,2.0112105137004157,0.570973408292403,3990532327.0,us_imports,2024-08-16,SOLID-STATE NON-VOL SEMICONDUCTOR STORAGE DEVICES
2024-12-01,852351,1.3692441683107939,3.474993481749289,0.08101750414812825,5939607847.0,us_imports,2025-02-16,SOLID-STATE NON-VOL SEMICONDUCTOR STORAGE DEVICES
2026-03-01,852351,1.1635119298466123,2.665589597532975,1.2177888542336037,9398404239.0,us_imports,2026-05-16,SOLID-STATE NON-VOL SEMICONDUCTOR STORAGE DEVICES
2017-06-01,852352,0.5625674355692851,2.4654075769503176,0.4963674771368254,180751796.0,us_imports,2017-08-16,SMART CARDS
2021-03-01,852352,0.7383539058468129,2.5713515952860377,0.7974030496872925,191664395.0,us_imports,2021-05-16,SMART CARDS
2021-10-01,852352,0.8753835196897963,2.5358237655149045,0.5152375281820527,222488650.0,us_imports,2021-12-16,SMART CARDS
2021-03-01,852580,0.3357379760272674,2.472085726593228,0.18683848793724622,1825228040.0,us_imports,2021-05-16,"TELEVISION CAMERA, DIGITL CAMRA & VID CAM RECORDER"
2021-06-01,852610,0.7454044380643974,2.412121346322595,0.8424608660105953,273027633.0,us_imports,2021-08-16,RADAR APPARATUS
2021-06-01,852691,0.36163852207992964,2.510835645733012,0.5346981765287429,305169388.0,us_imports,2021-08-16,RADIO NAVIGATIONAL AID APPARATUS
2017-12-01,852692,0.5506867556158528,2.1589668765541923,0.42670424084877023,231173046.0,us_imports,2018-02-16,RADIO REMOTE CONTROL APPARATUS
2021-03-01,852692,0.7143047051073965,2.484768177366242,0.6924926900872648,298562140.0,us_imports,2021-05-16,RADIO REMOTE CONTROL APPARATUS
2020-10-01,852713,0.5552032388857799,3.2136314252188596,0.054327683066987875,51194160.0,us_imports,2020-12-16,"RADIOBRDCST RCVRS,NO EXT PUR,SOUND REPRO/REC,NESOI"
2020-10-01,852719,0.5688185849874294,2.250301329882832,0.5262998744509397,61326270.0,us_imports,2020-12-16,"RADIOBROADCAST RECEIVERS, BATTERY TYPE, NESOI"
2021-05-01,852721,0.6492393436029924,4.684010658194202,0.7343935068442203,551066040.0,us_imports,2021-07-16,RADIOBROADCAST RECEIVERS FOR MOTOR VEHICLES W RCOS
2018-08-01,852729,2.2802449062021646,2.7777424873331023,0.4546811044470038,55452281.0,us_imports,2018-10-16,RADIOBROADCAST RECEIVERS FOR MOTOR VEHICLES NESOI
2021-05-01,852729,1.6960002119499138,2.181405794791223,1.5564784985676088,80186800.0,us_imports,2021-07-16,RADIOBROADCAST RECEIVERS FOR MOTOR VEHICLES NESOI
2021-01-01,852791,0.3674986923967949,3.47540010882032,0.2802065768974302,85886781.0,us_imports,2021-03-16,RECP APP FOR RADIO-BRDCST W/ SOUND RECD/REPR NESOI
2022-07-01,852791,0.6466242736751957,3.135848554370053,0.7927733007268305,91851768.0,us_imports,2022-09-16,RECP APP FOR RADIO-BRDCST W/ SOUND RECD/REPR NESOI
2022-09-01,852799,0.7336518744141778,2.205205783761977,0.22265491661030423,55188148.0,us_imports,2022-11-16,"RECEPTION APPARATUS FOR RADIO-BROADCASTING, NESOI"
2021-02-01,852852,0.4723322671705006,3.269280046384942,0.46344583359098523,1606251922.0,us_imports,2021-04-16,OTHER MONITORS CAPABLE OF DIRECT CONNECT TO ADP
2016-06-01,852859,0.37120203159187093,2.842763965015766,0.26774046261332374,1307308546.0,us_imports,2016-08-16,"MONITORS, NOT INCORP TELEVISION RECEP APP, NESOI"
2016-12-01,852859,0.479108740148394,2.6565202668085477,0.1610338757716714,1495413472.0,us_imports,2017-02-16,"MONITORS, NOT INCORP TELEVISION RECEP APP, NESOI"
2021-05-01,852859,0.7107009189829925,2.2956382763546186,0.6454084049984554,376789502.0,us_imports,2021-07-16,"MONITORS, NOT INCORP TELEVISION RECEP APP, NESOI"
2022-05-01,852869,0.4172304357106702,2.587981155077151,0.20016385015794724,157880841.0,us_imports,2022-07-16,"PROJECTORS, NT INC TELEVISION RECEPTION APP, NESOI"
2023-01-01,852869,0.4399528003439448,2.0951811509979947,0.1523297008491491,165343175.0,us_imports,2023-03-16,"PROJECTORS, NT INC TELEVISION RECEPTION APP, NESOI"
2017-11-01,852871,0.43331414981899585,2.998614300242314,0.44121715611731993,582712043.0,us_imports,2018-01-16,RECEPTION APP FOR TV NT DESIGNED TO INC VIDEO DISP
2019-06-01,852871,0.5396418025956411,2.1946565359207377,0.48133572291133553,715736090.0,us_imports,2019-08-16,RECEPTION APP FOR TV NT DESIGNED TO INC VIDEO DISP
2019-02-01,852872,0.32930427731493217,2.432731777439724,0.31687843672016225,3134315905.0,us_imports,2019-04-16,"RECEPTION APPARATUS FOR TELEVISION, COLOR, NESOI"
2021-04-01,852872,0.5729550656224798,3.296052531651135,0.4227162470484245,2972103976.0,us_imports,2021-06-16,"RECEPTION APPARATUS FOR TELEVISION, COLOR, NESOI"
2025-10-01,852910,0.31617263077514024,2.2538367467841165,0.08011232588148798,293322884.0,us_imports,2025-12-16,ANTENNAS AND ANTENNA REFLECTORS AND PARTS
2016-06-01,853110,0.3290093800494558,2.185707854174093,0.15085021227094542,168691348.0,us_imports,2016-08-16,BURGLAR OR FIRE ALARMS AND SIMILAR APPARATUS
2017-11-01,853110,0.33821496457626266,2.0888342592175606,0.2989881492725166,236240288.0,us_imports,2018-01-16,BURGLAR OR FIRE ALARMS AND SIMILAR APPARATUS
2021-05-01,853110,0.5285004846469377,2.8698559336212366,0.6733812817369392,165111580.0,us_imports,2021-07-16,BURGLAR OR FIRE ALARMS AND SIMILAR APPARATUS
2022-03-01,853110,0.4314371353343165,2.1620694370826365,0.3225132292623729,190505873.0,us_imports,2022-05-16,BURGLAR OR FIRE ALARMS AND SIMILAR APPARATUS
2021-09-01,853120,0.9243903976174455,5.150754709603502,0.7036152644469997,498753100.0,us_imports,2021-11-16,INDICATOR PANELS INCORPORATING LCD'S OR LED'S
2018-12-01,853180,0.3597436916041561,3.96826287626792,0.32832075510466563,207160431.0,us_imports,2019-02-16,ELECTRIC SOUND OR VISUAL SIGNALING APPARATUS NESOI
2019-06-01,853180,0.4822536554777279,3.097046444121758,0.1840868879895825,230257070.0,us_imports,2019-08-16,ELECTRIC SOUND OR VISUAL SIGNALING APPARATUS NESOI
2022-02-01,853180,0.380708098085083,2.076516551356617,0.21614998593814083,245934162.0,us_imports,2022-04-16,ELECTRIC SOUND OR VISUAL SIGNALING APPARATUS NESOI
2018-11-01,853190,0.3190560574514574,3.0820615705602274,0.12946934503719842,218726779.0,us_imports,2019-01-16,PARTS OF ELECTRIC SOUND OR VISUAL SIGNALING APRTS
2019-07-01,853221,0.5273784538038071,2.320129139440785,0.4961825711121146,70468982.0,us_imports,2019-09-16,TANTALUM ELECTROLYTIC FIXED CAPACITORS
2021-05-01,853222,0.40458333046602113,2.8894474605782947,0.3754873780913788,82255761.0,us_imports,2021-07-16,ALUMINUM ELECTROLYTIC FIXED CAPACITORS
2025-08-01,853222,0.41264012254814086,2.247723707377169,0.3738141739298748,117562951.0,us_imports,2025-10-16,ALUMINUM ELECTROLYTIC FIXED CAPACITORS
2021-04-01,853225,0.3307180011413473,2.689932145359694,0.22526079514659125,51657186.0,us_imports,2021-06-16,DIELECTRIC FIXED CAPACITORS OF PAPER OR PLASTICS
2021-12-01,853225,0.3669493680256204,2.228683071761604,0.13518946807786292,51539433.0,us_imports,2022-02-16,DIELECTRIC FIXED CAPACITORS OF PAPER OR PLASTICS
2022-09-01,853225,0.4249094744915243,2.182434286222922,0.10649574376609028,69292081.0,us_imports,2022-11-16,DIELECTRIC FIXED CAPACITORS OF PAPER OR PLASTICS
2017-12-01,853321,0.3035530365474437,3.00443512230804,0.1874203266521104,100841356.0,us_imports,2018-02-16,"FIXED RESISTORS, NESOI, PWR HAND CAP NOV 20 W"
2021-05-01,853321,0.40050234756040193,2.0352296362458357,0.2316859965617526,104787692.0,us_imports,2021-07-16,"FIXED RESISTORS, NESOI, PWR HAND CAP NOV 20 W"
2021-06-01,853340,0.3573995747977796,3.0813914130829874,0.2681655458742771,129665460.0,us_imports,2021-08-16,VARIABLE RESISTORS INC RHEOSTAT & POTNTIOMTR NESOI
2021-06-01,853400,0.3740907504510438,3.7598657710222865,0.20380942154255144,577081754.0,us_imports,2021-08-16,PRINTED CIRCUITS
2021-12-01,853400,0.39767925889859046,2.7008776695429964,0.005631258511268555,656101797.0,us_imports,2022-02-16,PRINTED CIRCUITS
2022-10-01,853400,0.35141487659756376,2.0481316753388215,0.26324963474865326,820355112.0,us_imports,2022-12-16,PRINTED CIRCUITS
2025-04-01,853400,0.38246048425627044,2.236227419788591,0.2581858699327175,828740599.0,us_imports,2025-06-16,PRINTED CIRCUITS
2026-03-01,853510,0.6278754212435464,2.5603477012925975,0.5854142116284495,74237087.0,us_imports,2026-05-16,"FUSES FOR ELECTRICAL APPARATUS, VOLTAGE > 1000 V"
2022-11-01,853521,0.4944656798357072,2.808208596905012,0.4266529856835719,60675604.0,us_imports,2023-01-16,AUTOMATIC CIRCUIT BREAKERS > 1000 V BUT < 72.5 KV
2023-07-01,853521,0.43348955972560277,2.1665673628651514,0.23560736239805324,68396731.0,us_imports,2023-09-16,AUTOMATIC CIRCUIT BREAKERS > 1000 V BUT < 72.5 KV
2025-06-01,853521,0.43959224197220026,2.1494678780958996,0.3224966488643517,104992029.0,us_imports,2025-08-16,AUTOMATIC CIRCUIT BREAKERS > 1000 V BUT < 72.5 KV
2025-12-01,853521,0.6250814491334722,2.8185883047703433,0.030223974789008512,99787946.0,us_imports,2026-02-16,AUTOMATIC CIRCUIT BREAKERS > 1000 V BUT < 72.5 KV
2026-02-01,853529,2.7458697540591346,3.9251575762776376,1.6806283933442399,55441693.0,us_imports,2026-04-16,AUTO CIRCT BREAKER VOLTAGE 72.5 KV OR MORE
2016-08-01,853530,0.6023956656819593,2.45788049178836,0.41705124522810544,50822161.0,us_imports,2016-10-16,ISOLATING SWITCH & MAKE-&-BREAK SWTCH VOLT > 1000V
2023-02-01,853530,0.5258939098099309,2.156443013442389,0.37004820931972615,73304537.0,us_imports,2023-04-16,ISOLATING SWITCH & MAKE-&-BREAK SWTCH VOLT > 1000V
2026-02-01,853530,0.6264216501944075,2.583610260442406,0.39635445542138914,132312698.0,us_imports,2026-04-16,ISOLATING SWITCH & MAKE-&-BREAK SWTCH VOLT > 1000V
2023-01-01,853590,0.31672157178500204,2.422153989970158,0.08603017376214961,133416147.0,us_imports,2023-03-16,ELECT APPR F PRTCT TO ELECT CIRCT >1000 V NESOI
2021-05-01,853610,0.5610365562915443,4.471087394745,0.536156868390091,72748395.0,us_imports,2021-07-16,FUSES FOR VOLTAGE NOT EXCEEDING 1000 V
2026-06-01,853610,0.35699510690585523,2.1514898038824795,0.2748929785090477,124042996.0,us_imports,2026-08-16,FUSES FOR VOLTAGE NOT EXCEEDING 1000 V
2018-04-01,853620,0.319645633113276,3.5013522039974947,0.2794512957776667,312739212.0,us_imports,2018-06-16,AUTO CIRCUIT BREAKERS VOLTAGE NOT EXCEEDING 1000 V
2021-04-01,853620,0.41760792994858686,2.857600947104798,0.2016462013740572,382323150.0,us_imports,2021-06-16,AUTO CIRCUIT BREAKERS VOLTAGE NOT EXCEEDING 1000 V
2021-03-01,853630,0.3332801881336924,3.1341963783674216,0.23789538384722597,169708574.0,us_imports,2021-05-16,OTHER APPARATUS FOR PROTECTING ELC CRTS =< 1000 V
2021-12-01,853630,0.32120068851700045,2.288566351747876,0.1625844277263917,212157524.0,us_imports,2022-02-16,OTHER APPARATUS FOR PROTECTING ELC CRTS =< 1000 V
2022-06-01,853630,0.3241436833047564,2.0582524103631052,0.10624034390129178,224708392.0,us_imports,2022-08-16,OTHER APPARATUS FOR PROTECTING ELC CRTS =< 1000 V
2024-10-01,853630,0.37718794587970317,2.362744101199489,0.24533760049729558,266184032.0,us_imports,2024-12-16,OTHER APPARATUS FOR PROTECTING ELC CRTS =< 1000 V
2021-07-01,853641,0.3017170761383403,2.680188612372239,0.12493609574484488,135230050.0,us_imports,2021-09-16,RELAYS FOR A VOLTAGE NOT EXCEEDING 60 V
2021-05-01,853649,0.31691422454847684,3.5386165839538464,0.28686947386303374,119324252.0,us_imports,2021-07-16,RELAYS FOR VOLTAGE OVER 60V MORE BUT NT OVER 1000V
2022-02-01,853649,0.3214418313533567,2.2441691661325374,0.031019829929960663,131778338.0,us_imports,2022-04-16,RELAYS FOR VOLTAGE OVER 60V MORE BUT NT OVER 1000V
2022-10-01,853649,0.3453703987847523,2.13673235548099,0.17339168020911644,175933709.0,us_imports,2022-12-16,RELAYS FOR VOLTAGE OVER 60V MORE BUT NT OVER 1000V
2021-05-01,853650,0.46096928788954417,4.408072738480255,0.39327792455647326,723858539.0,us_imports,2021-07-16,"ELECT SWITCHES F VOLTAGE NOT OVER 1000 V, NESOI"
2021-05-01,853669,0.3387288897978895,3.7564557869174733,0.3196029088056207,719303212.0,us_imports,2021-07-16,ELECT PLUGS & SOCKETS F VOLTAGE NOT OVER 1000 V
2016-12-01,853670,0.4093333259817906,2.271101718651024,0.1800502527230523,73103808.0,us_imports,2017-02-16,"CONNECTORS FOR OPTICAL FIBERS, BUNDLES OR CABLES"
2021-05-01,853670,0.5294421811136074,2.8380959198454616,0.4716220663208017,83973376.0,us_imports,2021-07-16,"CONNECTORS FOR OPTICAL FIBERS, BUNDLES OR CABLES"
2021-11-01,853670,0.505044381983009,2.1217528554728973,0.02609542126017117,92003342.0,us_imports,2022-01-16,"CONNECTORS FOR OPTICAL FIBERS, BUNDLES OR CABLES"
2022-06-01,853670,0.604530375906017,2.174913103617516,0.09554099302603491,140536769.0,us_imports,2022-08-16,"CONNECTORS FOR OPTICAL FIBERS, BUNDLES OR CABLES"
2024-12-01,853670,0.7047751431778773,2.247268605938465,0.43888847065019854,202248887.0,us_imports,2025-02-16,"CONNECTORS FOR OPTICAL FIBERS, BUNDLES OR CABLES"
2025-09-01,853670,0.8559917006903397,2.6188869688529017,0.37888958549884544,290923839.0,us_imports,2025-11-16,"CONNECTORS FOR OPTICAL FIBERS, BUNDLES OR CABLES"
2021-05-01,853690,0.43723580834944387,4.549364338272082,0.29348064193753265,591687800.0,us_imports,2021-07-16,ELECT APPR F PRTCT TO ELECT CIRCT NOV 1000 V NESOI
2021-05-01,853710,0.453677941035028,4.553393631498391,0.39046097290420656,3472589127.0,us_imports,2021-07-16,CONTROLS ETC W ELECT APPR F ELECT CONT NOV 1000 V
2017-12-01,853720,0.8153743012375425,2.994925821889556,0.8458103134087042,94562428.0,us_imports,2018-02-16,CONTROLS ETC W ELECT APPR F ELECT CONT OVER 1000 V
2023-06-01,853720,1.0193116532766946,3.204751783300143,0.7897618061711775,238626129.0,us_imports,2023-08-16,CONTROLS ETC W ELECT APPR F ELECT CONT OVER 1000 V
2023-12-01,853720,1.5352777753453748,4.162599183098664,0.9350380549630068,299948886.0,us_imports,2024-02-16,CONTROLS ETC W ELECT APPR F ELECT CONT OVER 1000 V
2017-06-01,853810,0.4105625740989798,2.0657215794967834,0.32203222403411047,53651134.0,us_imports,2017-08-16,"BOARDS, PANELS, CONSOLES ETC OF 8537 LESS APTS"
2021-05-01,853810,0.40873542547230657,2.0271892475743347,0.35223945638317855,69215130.0,us_imports,2021-07-16,"BOARDS, PANELS, CONSOLES ETC OF 8537 LESS APTS"
2025-06-01,853810,0.4727843494308188,2.191325948816627,0.36525023071864315,141441253.0,us_imports,2025-08-16,"BOARDS, PANELS, CONSOLES ETC OF 8537 LESS APTS"
2026-03-01,853810,0.5556992828021634,2.2724485807100283,0.18357188006553105,163013786.0,us_imports,2026-05-16,"BOARDS, PANELS, CONSOLES ETC OF 8537 LESS APTS"
2021-05-01,853890,0.3530846978838291,3.648994466233314,0.3461576236187347,815077099.0,us_imports,2021-07-16,PT F ELECT APPR F ELECT CIRCT; F ELCT CONTRL NESOI
2021-03-01,853950,0.45357348746041803,2.273098285218593,0.3774926077373857,553132536.0,us_imports,2021-05-16,LIGHT-EMITTING DIODE (LED) LAMPS
2026-07-01,853952,0.31502897110898065,2.2169137240390047,0.5059532701443016,317749585.0,us_imports,2026-09-16,LIGHT-EMITTING DIODE (LED) LAMPS
2021-06-01,854110,0.3732431253820665,2.5473426587930956,0.4148027221352698,127276949.0,us_imports,2021-08-16,DIODES EX PHOTOSENSITIVE OR LIGHT-EMITTING DIODES
2022-02-01,854110,0.5644638140853957,2.7099407599552974,0.14849213603632272,166635850.0,us_imports,2022-04-16,DIODES EX PHOTOSENSITIVE OR LIGHT-EMITTING DIODES
2022-08-01,854110,0.5747966015272445,2.201287135653106,0.04373076134516363,218504282.0,us_imports,2022-10-16,DIODES EX PHOTOSENSITIVE OR LIGHT-EMITTING DIODES
2022-06-01,854121,0.6448022708564332,2.57215332248189,0.19056791878840773,51252121.0,us_imports,2022-08-16,"TRANSISTORS EX PHOTOSENITIVE,DISSPATION RATE < 1 W"
2025-12-01,854121,0.677743750180329,2.466630397915788,0.362341581181161,57218350.0,us_imports,2026-02-16,"TRANSISTORS EX PHOTOSENITIVE,DISSPATION RATE < 1 W"
2021-03-01,854129,0.3126327876773751,2.1532848561263194,0.23025724608284537,359160218.0,us_imports,2021-05-16,"TRANSISTORS, OTHER THAN PHOTOSENSITIVE, NESOI"
2022-06-01,854129,0.5299500182085313,2.300242533424243,0.37274607921326086,537995997.0,us_imports,2022-08-16,"TRANSISTORS, OTHER THAN PHOTOSENSITIVE, NESOI"
2016-02-01,854140,1.109247999819261,2.2688354426756314,0.3824138871183902,2636514208.0,us_imports,2016-04-16,PHOTOSNSITVE SEMICNDCTR DVICE INC PHTVLTC CELL ETC
2020-01-01,854140,1.1753073763786501,2.1946015047501044,0.38521158218978724,2721636842.0,us_imports,2020-03-16,PHOTOSNSITVE SEMICNDCTR DVICE INC PHTVLTC CELL ETC
2016-05-01,854150,0.3764491352176409,2.672942988658165,0.34799082082315635,73637313.0,us_imports,2016-07-16,SEMICNDCTR DVICE EX PHOTOSENSITIVE/PHOTOVOLTAIC CL
2016-11-01,854150,0.49078617110003675,2.3889743206247807,0.39173543616798767,91037857.0,us_imports,2017-01-16,SEMICNDCTR DVICE EX PHOTOSENSITIVE/PHOTOVOLTAIC CL
2018-09-01,854150,0.8555761134548157,2.5193129558801997,0.6070920618643705,145722339.0,us_imports,2018-11-16,SEMICNDCTR DVICE EX PHOTOSENSITIVE/PHOTOVOLTAIC CL
2021-07-01,854150,1.120006336945262,2.737595041556493,0.5282326643461708,235802142.0,us_imports,2021-09-16,SEMICNDCTR DVICE EX PHOTOSENSITIVE/PHOTOVOLTAIC CL
2025-06-01,854151,12.739715243386957,4.121476870145668,11.32460562306729,55047331.0,us_imports,2025-08-16,SEMICONDUCTOR-BASED TRANSDUCERS
2018-03-01,854160,0.345644899287751,2.464080997684518,0.3928106356927822,106634933.0,us_imports,2018-05-16,MOUNTED PIEZOELECTRIC CRYSTALS
2020-08-01,854160,0.749388985863813,3.743134140550785,1.0857387777044896,94608690.0,us_imports,2020-10-16,MOUNTED PIEZOELECTRIC CRYSTALS
2025-06-01,854160,0.965497069246513,3.107674868040274,1.11649358591304,113298205.0,us_imports,2025-08-16,MOUNTED PIEZOELECTRIC CRYSTALS
2024-09-01,854190,0.7597781493537135,2.176793149688788,0.30255723159497805,178766604.0,us_imports,2024-11-16,"PARTS FOR DIODES, TRANSISTORS & SMLR SEMICONDUCTRS"
2021-04-01,854231,0.3179943262767606,2.677505463050679,0.3013839403493914,6929963807.0,us_imports,2021-06-16,"PROCESSORS AND CONTROLLERS, ELECTRONIC INTEG CIRCT"
2024-06-01,854231,0.4338563535385933,2.3784519539972413,0.2773541968954125,6744153588.0,us_imports,2024-08-16,"PROCESSORS AND CONTROLLERS, ELECTRONIC INTEG CIRCT"
2017-06-01,854232,0.32118248348756384,3.3749634126948047,0.38858123002358713,638655682.0,us_imports,2017-08-16,"MEMORIES, ELECTRONIC INTEGRATED CIRCUITS"
2017-12-01,854232,0.6394394037193878,2.5316561639358772,0.14481301627283671,715486166.0,us_imports,2018-02-16,"MEMORIES, ELECTRONIC INTEGRATED CIRCUITS"
2021-08-01,854232,0.5889407716759871,2.0357456988978964,0.6823061203585106,579991436.0,us_imports,2021-10-16,"MEMORIES, ELECTRONIC INTEGRATED CIRCUITS"
2026-04-01,854232,1.560173325702913,3.670691977384797,1.259969770621655,1391118615.0,us_imports,2026-06-16,"MEMORIES, ELECTRONIC INTEGRATED CIRCUITS"
2017-01-01,854233,0.38582800320287425,3.015225357023551,0.2528333275080634,180601729.0,us_imports,2017-03-16,"AMPLIFIERS, ELECTRONIC INTEGRATED CIRCUITS"
2017-07-01,854233,0.8941670413707414,2.4163806777636974,0.06774883594398129,277609311.0,us_imports,2017-09-16,"AMPLIFIERS, ELECTRONIC INTEGRATED CIRCUITS"
2021-05-01,854239,0.330877435612428,2.6952914366121705,0.2947904948322446,2304409816.0,us_imports,2021-07-16,"ELECTRONIC INTEGRATED CIRCUITS, NESOI"
2021-12-01,854239,0.462375624489624,2.583961348684774,0.012117161320890357,3176989189.0,us_imports,2022-02-16,"ELECTRONIC INTEGRATED CIRCUITS, NESOI"
2022-06-01,854239,0.669959079083319,2.8511266076460453,0.11029730782249869,3989342070.0,us_imports,2022-08-16,"ELECTRONIC INTEGRATED CIRCUITS, NESOI"
2021-12-01,854290,0.33178568578214684,2.9303043910378728,0.19207670492288798,96617469.0,us_imports,2022-02-16,ELECTRONIC INTEGRATED CIRCUITS AND MCRSSMBLS PARTS
2024-07-01,854290,0.631285895425455,3.3353715408547906,0.8683176417789199,121321900.0,us_imports,2024-09-16,ELECTRONIC INTEGRATED CIRCUITS AND MCRSSMBLS PARTS
2025-10-01,854290,0.8029126825257404,3.939703458041437,1.0135865097572625,110003650.0,us_imports,2025-12-16,ELECTRONIC INTEGRATED CIRCUITS AND MCRSSMBLS PARTS
2026-04-01,854290,0.7602928960980095,3.0671380567495556,0.19186090509686848,129466249.0,us_imports,2026-06-16,ELECTRONIC INTEGRATED CIRCUITS AND MCRSSMBLS PARTS
2022-05-01,854330,1.80232208556136,2.6250800821845646,1.2525385255031651,50129064.0,us_imports,2022-07-16,"ELECTROPLATING, ELECTROPHORESIS & ELECTROLYS MACH"
2018-03-01,854370,0.33200630121516683,2.301345678350931,0.29227955403097416,2153691647.0,us_imports,2018-05-16,"ELEC MACH AND APP, HAVING INDIV FUNCTIONS, NESOI"
2021-04-01,854370,0.4308069915195025,2.518500506887735,0.31960616851017587,1933620512.0,us_imports,2021-06-16,"ELEC MACH AND APP, HAVING INDIV FUNCTIONS, NESOI"
2021-11-01,854370,0.5148297873084975,2.2605731103428264,0.22544729600155344,2908119185.0,us_imports,2022-01-16,"ELEC MACH AND APP, HAVING INDIV FUNCTIONS, NESOI"
2017-01-01,854390,0.37912547459072354,3.676267482050189,0.3502532646830794,318126601.0,us_imports,2017-03-16,"PT ELEC MACH & APPR W INDIVIDUAL FUNCTIONS, NESOI"
2018-03-01,854390,0.41952486516942633,2.524415154664528,0.21674277856646373,410296266.0,us_imports,2018-05-16,"PT ELEC MACH & APPR W INDIVIDUAL FUNCTIONS, NESOI"
2018-09-01,854390,0.793759979105692,2.8024589301235823,0.13134699465983357,572195329.0,us_imports,2018-11-16,"PT ELEC MACH & APPR W INDIVIDUAL FUNCTIONS, NESOI"
2021-04-01,854411,0.39420129691385775,2.4993762019706622,0.23276084043723277,138535838.0,us_imports,2021-06-16,INSULATED WINDING WIRE OF COPPER
2021-04-01,854420,0.32762829942501503,3.3441749683756026,0.2592530628473726,141522629.0,us_imports,2021-06-16,INSULATED COAXIAL CABLE & OTH COAXIAL ELECT CONDCT
2021-04-01,854430,0.39802816738004765,2.770385921292076,0.3580490451537188,2907000109.0,us_imports,2021-06-16,INSULATED WIRING SETS FOR VEHICLES SHIPS AIRCRAFT
2021-04-01,854442,0.3042138888337578,2.6815561452584338,0.23536358045044148,1404345514.0,us_imports,2021-06-16,"ELEC CONDUCTORS, LT=1000 V, W/ CONNECTORS, NESOI"
2025-05-01,854442,0.3186394689428165,2.1239356796945055,0.09414080455347684,2249614341.0,us_imports,2025-07-16,"ELEC CONDUCTORS, LT=1000 V, W/ CONNECTORS, NESOI"
2021-04-01,854449,0.35760747824739925,2.769350553350442,0.2477776284803579,560449318.0,us_imports,2021-06-16,INSULATED ELECTRIC CONDUCTORS =< 80 V NESOI
2022-02-01,854460,0.776515152920159,2.184375922922888,0.21498628226248084,249051784.0,us_imports,2022-04-16,ELECTRIC CONDUCTORS FOR VOLTAGE EXCEEDING 1000 V
2016-09-01,854470,0.34703622338177875,2.0822232486729417,0.2845437203437393,275236059.0,us_imports,2016-11-16,INSULATED OPTICAL FIBER CABLES WITH INDVULY SH FBR
2017-03-01,854470,0.5831058890247576,2.2979309099556304,0.14501968571503898,290322227.0,us_imports,2017-05-16,INSULATED OPTICAL FIBER CABLES WITH INDVULY SH FBR
2020-12-01,854470,0.6088740508937756,2.4536663654857027,0.5343916518407326,319623678.0,us_imports,2021-02-16,INSULATED OPTICAL FIBER CABLES WITH INDVULY SH FBR
2021-06-01,854470,0.8011314140010228,2.4304277092242943,0.03804413201250112,419532027.0,us_imports,2021-08-16,INSULATED OPTICAL FIBER CABLES WITH INDVULY SH FBR
2022-07-01,854470,0.9135429682293159,2.1537347953566433,0.3318494603829989,850732468.0,us_imports,2022-09-16,INSULATED OPTICAL FIBER CABLES WITH INDVULY SH FBR
2017-08-01,854511,0.5947653239660209,2.3984309802337527,0.5768152688369981,54255964.0,us_imports,2017-10-16,CARBON ELECTRODES OF A KIND USED FOR FURNACES
2018-02-01,854511,2.2343689163683322,3.39506142312056,0.8995294317653397,99111378.0,us_imports,2018-04-16,CARBON ELECTRODES OF A KIND USED FOR FURNACES
2026-06-01,854620,0.5966066863406911,3.406614868110794,0.39863712401369167,50818027.0,us_imports,2026-08-16,ELECTRICAL INSULATORS OF CERAMICS
2017-10-01,854690,0.3622322694931517,2.207442933977841,0.20738972648358156,50887659.0,us_imports,2017-12-16,"ELECTRICAL INSULATORS, NESOI"
2022-05-01,854690,0.3442700236008396,2.0521633119396143,0.2506896176302198,70341553.0,us_imports,2022-07-16,"ELECTRICAL INSULATORS, NESOI"
2020-11-01,854790,0.4916272747415178,2.4447371814082426,0.5154853790566882,64595210.0,us_imports,2021-01-16,"INSLT FIT EX CERAM/PLAS;ELEC COND TB/JNT,BMTL ETC"
2024-05-01,854790,0.825009562670274,2.9207397130093726,0.779520612717453,63590312.0,us_imports,2024-07-16,"INSLT FIT EX CERAM/PLAS;ELEC COND TB/JNT,BMTL ETC"
2018-02-01,854890,0.3014919900771962,2.382908245949959,0.15904385151244815,64682663.0,us_imports,2018-04-16,ELECTRICAL PARTS OF MACHINERY NESOI IN CHAPTER 85
2019-06-01,854890,0.3609907403457808,2.275377026312752,0.3356570346935941,83850155.0,us_imports,2019-08-16,ELECTRICAL PARTS OF MACHINERY NESOI IN CHAPTER 85
2021-06-01,854890,0.4252151245251681,2.129048483321643,0.429953801039327,57979138.0,us_imports,2021-08-16,ELECTRICAL PARTS OF MACHINERY NESOI IN CHAPTER 85
2025-11-01,900110,0.7277247415108239,2.1662956004424907,0.2928440234641587,81902762.0,us_imports,2026-01-16,"OPTICAL FIBERS, OPTICAL FIBER BUNDLES AND CABLES E"
2026-05-01,900110,2.1681849862090705,5.268879245759387,0.9749320911892343,172404038.0,us_imports,2026-07-16,"OPTICAL FIBERS, OPTICAL FIBER BUNDLES AND CABLES E"
2021-06-01,900130,0.39417949603543834,2.2060751595304566,0.5878898979955846,221699755.0,us_imports,2021-08-16,CONTACT LENSES
2021-12-01,900130,0.47968241706188874,2.534858813720478,0.37303549801450697,332574626.0,us_imports,2022-02-16,CONTACT LENSES
2021-03-01,900150,0.3169344591617418,2.0497305434467106,0.04667530510321716,274662378.0,us_imports,2021-05-16,SPECTACLE LENSES OF MATERIALS OTHER THAN GLASS
2021-06-01,900190,0.35317020222455375,2.751843520950541,0.2835254823815321,145582030.0,us_imports,2021-08-16,LENSES PRISMS MIRRORS OPTCL ELMNT N OPTICALLY WORK
2021-04-01,900211,0.546547480602037,3.9165596494450905,0.6168008893994332,243010048.0,us_imports,2021-06-16,OBJCTVE LENSES PTS ACCESS FOR CAMERAS PROJECTR ETC
2020-12-01,900290,0.45916289831200596,2.4142891555731585,0.44489394598833254,70472458.0,us_imports,2021-02-16,"PRISM, MIRRORS, MOUNTED & PARTS & ACCESSORIE, NESO"
2021-06-01,900290,0.6044858871276146,2.8034596556895055,0.34908633790787436,70800669.0,us_imports,2021-08-16,"PRISM, MIRRORS, MOUNTED & PARTS & ACCESSORIE, NESO"
2021-04-01,900311,1.010838192042348,4.968152428484282,0.9711919006837482,177050442.0,us_imports,2021-06-16,"FRAMES AND MOUNTINGS FOR SPECTACLES ETC, PLASTIC"
2021-04-01,900319,0.8868661649618428,5.217033121822259,0.9622895002406096,120834996.0,us_imports,2021-06-16,"FRAMES AND MOUNTINGS FOR SPECTACLES ETC, NESOI"
2021-04-01,900410,0.7782025411272666,4.93715912683161,0.8825889205552742,414326893.0,us_imports,2021-06-16,SUNGLASSES
2016-02-01,900490,0.33523739546159304,2.6590536013667245,0.215801615930018,204514668.0,us_imports,2016-04-16,"SPECTACLES, ETC, CORRECTIVE, PROTECTIVE, NESOI"
2016-08-01,900490,0.4197496363081734,2.736246105479639,0.4137251046988417,244364820.0,us_imports,2016-10-16,"SPECTACLES, ETC, CORRECTIVE, PROTECTIVE, NESOI"
2020-06-01,900490,0.3716145960237285,2.386707892039839,0.4364932645972973,293934801.0,us_imports,2020-08-16,"SPECTACLES, ETC, CORRECTIVE, PROTECTIVE, NESOI"
2018-12-01,900510,0.41029815495801336,2.37765061421206,0.2757274716518372,50942632.0,us_imports,2019-02-16,BINOCULARS
2021-06-01,900510,1.185581060997857,3.6590034987365843,0.5837248556121795,52102751.0,us_imports,2021-08-16,BINOCULARS
2024-12-01,900510,0.7779413231220347,2.325455702503459,0.6023371407430618,67963393.0,us_imports,2025-02-16,BINOCULARS
2021-10-01,901180,0.5912821668907491,2.844941517403956,0.2044175205114822,58742143.0,us_imports,2021-12-16,"COMPOUND OPTICAL MICROSCOPES, NESOI"
2017-04-01,901210,0.6372833407632437,2.2017232206471378,0.1954085596255304,85229377.0,us_imports,2017-06-16,"MICROSCOPES, EXC OPTICAL; DIFFRACTION APPARATUS"
2018-11-01,901210,0.7084090123744362,2.0262605312129964,0.4555660149269518,107250038.0,us_imports,2019-01-16,"MICROSCOPES, EXC OPTICAL; DIFFRACTION APPARATUS"
2020-11-01,901310,0.4567062877701362,2.1186178972968213,0.5064898461800699,95819216.0,us_imports,2021-01-16,"TELESCOPIC SIGHTS F ARMS; PERISCOPE F OPTICAL, ETC"
2021-05-01,901310,1.3275467283503626,3.9865517862856645,0.7220484115788235,109096335.0,us_imports,2021-07-16,"TELESCOPIC SIGHTS F ARMS; PERISCOPE F OPTICAL, ETC"
2017-12-01,901320,0.3204746806385421,2.530609212379972,0.11290820369997379,236938038.0,us_imports,2018-02-16,"LASERS, OTHER THAN LASER DIODES"
2017-03-01,901380,0.4495204360700562,3.036151751455641,0.3305398148312195,483780433.0,us_imports,2017-05-16,"OPTICAL DEVICES, APPLIANCES AND INSTRUMENTS, NESOI"
2017-12-01,901380,0.3465191210023235,2.0457792335746254,0.2790696246402822,581703619.0,us_imports,2018-02-16,"OPTICAL DEVICES, APPLIANCES AND INSTRUMENTS, NESOI"
2021-04-01,901380,0.4035082265163976,2.0704024908713112,0.09638090445617586,637679915.0,us_imports,2021-06-16,"OPTICAL DEVICES, APPLIANCES AND INSTRUMENTS, NESOI"
2026-06-01,901380,0.5307815007202703,2.4370941935057697,0.5862962146449385,438832499.0,us_imports,2026-08-16,"OPTICAL DEVICES, APPLIANCES AND INSTRUMENTS, NESOI"
2018-04-01,901390,0.36055373002954205,3.3275735060153684,0.22159130095987534,93288874.0,us_imports,2018-06-16,"PTS OF LIQ CRYSTAL DEVICE, LASER&OTH OPTICAL,NESOI"
2021-04-01,901390,0.34529631770960556,2.7701604290922885,0.4237921950605027,94728829.0,us_imports,2021-06-16,"PTS OF LIQ CRYSTAL DEVICE, LASER&OTH OPTICAL,NESOI"
2024-02-01,901420,0.5018841278100821,2.4938736323970305,0.3689791538990592,210392997.0,us_imports,2024-04-16,INSTRUMENTS & APPL F AERNTCL/SPC NAVIG EX COMPASS
2017-06-01,901480,0.5687434694275693,2.499982666128379,0.429400787999632,81778299.0,us_imports,2017-08-16,"NAVIGATIONAL INSTRUMENTS AND APPLIANCES, NESOI"
2025-05-01,901480,0.8382275595090039,2.631645871569653,0.4697519086083297,154103256.0,us_imports,2025-07-16,"NAVIGATIONAL INSTRUMENTS AND APPLIANCES, NESOI"
2021-06-01,901490,0.5234181499252537,3.8662082026368534,0.5899886224664789,79202307.0,us_imports,2021-08-16,"PTS, FOR DIRECT FIND COMPASSES, NAVIGATIONAL INST"
2021-12-01,901490,0.4482474056252568,2.7761824072604626,0.21983320884177293,88172074.0,us_imports,2022-02-16,"PTS, FOR DIRECT FIND COMPASSES, NAVIGATIONAL INST"
2018-01-01,901510,0.5723495487013281,2.3506362951345525,0.24396503419794202,88904208.0,us_imports,2018-03-16,RANGEFINDERS
2021-05-01,901510,0.6558647379738649,2.5717822865736806,0.2975437866171027,102418511.0,us_imports,2021-07-16,RANGEFINDERS
2017-05-01,901580,0.3941366483286941,2.0276127762895944,0.2200539301307156,148914918.0,us_imports,2017-07-16,"SURVEYING INSTRUMENTS AND APPLIANCES, NESOI ETC."
2021-05-01,901580,0.5371772125876066,2.7898978080461854,0.5812335688321912,142375341.0,us_imports,2021-07-16,"SURVEYING INSTRUMENTS AND APPLIANCES, NESOI ETC."
2017-12-01,901590,0.44093291882759855,2.172816730468506,0.23830550281374108,51600328.0,us_imports,2018-02-16,PARTS AND ACCESSORIES FOR SURVEYING ETC NESOI
2019-03-01,901590,0.653880823451656,2.0539969854505267,0.499781802995817,79019935.0,us_imports,2019-05-16,PARTS AND ACCESSORIES FOR SURVEYING ETC NESOI
2021-05-01,901780,0.6121402359641226,4.600152979291948,0.4038013067510362,56151320.0,us_imports,2021-07-16,"INSTRUMENTS FOR MEASURING LENGTH, NESOI"
2016-07-01,901811,0.7450320699007849,3.320397202951279,1.012513146607444,72906871.0,us_imports,2016-09-16,"ELECTROCARDIOGRAPHS, AND PARTS AND ACCESSORIES"
2017-01-01,901811,1.5990043848342141,2.3071209290594688,0.22800960569889295,92487749.0,us_imports,2017-03-16,"ELECTROCARDIOGRAPHS, AND PARTS AND ACCESSORIES"
2018-02-01,901812,0.42373618672794633,4.202561572888798,0.4116830744437898,102419918.0,us_imports,2018-04-16,ULTRASONIC SCANNING APPARATUS
2021-06-01,901812,0.32952271290657564,2.2096454621666055,0.253484085493896,96649054.0,us_imports,2021-08-16,ULTRASONIC SCANNING APPARATUS
2025-02-01,901812,0.6952158326106146,4.302867117304084,0.625345579253775,132274757.0,us_imports,2025-04-16,ULTRASONIC SCANNING APPARATUS
2018-12-01,901813,0.5730327885452813,2.6979113387613056,0.5043137539570144,178721676.0,us_imports,2019-02-16,MAGNETIC RESONANCE IMAGING APPARATUS
2024-10-01,901813,0.4493845239967791,2.1758187297758282,0.3570767768217802,212890979.0,us_imports,2024-12-16,MAGNETIC RESONANCE IMAGING APPARATUS
2016-02-01,901831,0.37885660593075077,2.753487215908096,0.30259836210259516,133399461.0,us_imports,2016-04-16,"SYRINGES, WITH OR WITHOUT NEEDLES; PTS & ACCESS"
2021-02-01,901831,0.3426779494808947,2.175894177215272,0.15853317781932907,241149549.0,us_imports,2021-04-16,"SYRINGES, WITH OR WITHOUT NEEDLES; PTS & ACCESS"
2019-01-01,901832,0.5462752015062429,3.2615556204065608,0.4099223759867412,167842973.0,us_imports,2019-03-16,TUBULAR METAL NEEDLES & NEEDLES FOR SUTURES &PARTS
2022-11-01,901832,0.4194309662757596,2.2968317736800623,0.3618140218509047,263315530.0,us_imports,2023-01-16,TUBULAR METAL NEEDLES & NEEDLES FOR SUTURES &PARTS
2021-05-01,901839,0.3716353251647746,2.427359977105923,0.27162723552078116,1714108964.0,us_imports,2021-07-16,"MED NEEDLES. NESOI, CATHERERS ETC AND PARTS ETC"
2021-05-01,901849,0.4862711784890117,3.1738953243201533,0.5044342803608495,264181181.0,us_imports,2021-07-16,"INST & APPLN FOR DENTAL SCIENCE, & PTS & ACC,NESOI"
2021-05-01,901850,0.49981313217251566,3.7059765470834702,0.5875712743826089,137193524.0,us_imports,2021-07-16,OTHER OPHTHALMIC INSTRUMENTS & APPLIANCES & PARTS
2019-09-01,901910,0.3711386709627704,3.340746094100574,0.14334511539615002,431725489.0,us_imports,2019-11-16,MECH-THRPY APPL;MSSG APPR;PSYCH APT-TEST;APPR; PTS
2020-10-01,901910,0.3012666637647945,2.021951912624295,0.16776802160140036,610812136.0,us_imports,2020-12-16,MECH-THRPY APPL;MSSG APPR;PSYCH APT-TEST;APPR; PTS
2021-04-01,901910,0.9131587750753412,5.385821287554763,0.5109144249145354,575539857.0,us_imports,2021-06-16,MECH-THRPY APPL;MSSG APPR;PSYCH APT-TEST;APPR; PTS
2020-06-01,901920,0.31183008267688206,2.730260192581519,0.23432218296941176,874535914.0,us_imports,2020-08-16,"OZONE,OXYGEN,ETC THERAPY, RESPIRATION APPARATUS,PT"
2016-08-01,902000,0.31326591958276806,2.1764183796040704,0.10745708986404812,57077233.0,us_imports,2016-10-16,BREATHING APPLIANCES & GAS MASKS NESOI; PARTS ETC
2020-04-01,902000,0.3247727948971235,2.2768880506326807,0.29601712665801583,80951887.0,us_imports,2020-06-16,BREATHING APPLIANCES & GAS MASKS NESOI; PARTS ETC
2021-05-01,902110,0.41919238439522677,3.7803295828495878,0.49530153280335654,669873592.0,us_imports,2021-07-16,"ORTHOPEDIC OR FRACTRE APPLIANCES, PARTS & ACCESSOR"
2021-04-01,902121,0.44691210099140255,2.927060768197573,0.3762276938030633,51317086.0,us_imports,2021-06-16,ARTIFICIAL TEETH AND PARTS AND ACCESSORIES
2017-08-01,902129,0.31070498901942134,3.104827426993346,0.20055737495712855,92525166.0,us_imports,2017-10-16,DENTAL FITTINGS AND PARTS AND ACCESSORIES
2021-04-01,902129,0.6570125627987591,2.424717803976237,0.5471586344030162,71241734.0,us_imports,2021-06-16,DENTAL FITTINGS AND PARTS AND ACCESSORIES
2021-05-01,902131,0.39225723382797417,2.3073151564803362,0.5431843076496233,662027033.0,us_imports,2021-07-16,ARTIFICIAL JOINTS AND PARTS AND ACCESSORIES THEROF
2021-06-01,902139,0.4036245384388142,2.8842741869992334,0.5796557671636078,793635712.0,us_imports,2021-08-16,"ARTIFICIAL JOINTS & PARTS & ACCESSORIES THEROF,NES"
2022-04-01,902139,0.5132711316198229,2.907987389210233,0.39389768045763995,1108797061.0,us_imports,2022-06-16,"ARTIFICIAL JOINTS & PARTS & ACCESSORIES THEROF,NES"
2021-04-01,902140,0.433429260723567,2.406629560416912,0.33706608089535983,471924309.0,us_imports,2021-06-16,HEARING AIDS
2020-09-01,902150,0.6162297961929928,2.3042704076669476,0.8332780323241722,308894511.0,us_imports,2020-11-16,PACEMAKERS FOR STIMULATING HEART MUSCLES
2021-04-01,902150,0.9188209909686267,2.936935592588921,0.4685614365078412,379677570.0,us_imports,2021-06-16,PACEMAKERS FOR STIMULATING HEART MUSCLES
2017-11-01,902190,0.3664385072168017,2.424941649514975,0.3729244008822279,339973068.0,us_imports,2018-01-16,OTH ARTIFICAL PTS OF THE BODY & PTS & ACCESSORIES
2018-05-01,902190,0.6712006752782513,3.1571875502955864,0.3833517040119341,413049572.0,us_imports,2018-07-16,OTH ARTIFICAL PTS OF THE BODY & PTS & ACCESSORIES
2022-05-01,902190,0.6105442530569145,2.1544255257886564,0.3581085091239882,451549418.0,us_imports,2022-07-16,OTH ARTIFICAL PTS OF THE BODY & PTS & ACCESSORIES
2021-06-01,902212,0.40427316661352575,2.371264900402117,0.55683864668261,201934692.0,us_imports,2021-08-16,COMPUTED TOMOGRAPHY APPARATUS
2022-02-01,902212,0.6268132575377174,2.7585682043836397,0.3008055804377052,195442083.0,us_imports,2022-04-16,COMPUTED TOMOGRAPHY APPARATUS
2021-05-01,902213,0.8848273383541323,3.646544327806308,0.8398852923752662,52335554.0,us_imports,2021-07-16,"APPTS BASE ON X-RAY FOR DENTAL, USES, NESOI"
2021-08-01,902214,0.5324445353969398,3.3054660305017842,0.5606352303913403,443072216.0,us_imports,2021-10-16,"APPTS BASE ON X-RAY, MEDICAL,SURGICAL,VETNRY,NESOI"
2025-07-01,902214,0.3766652924141143,2.052483226153798,0.2090985675123902,404448836.0,us_imports,2025-09-16,"APPTS BASE ON X-RAY, MEDICAL,SURGICAL,VETNRY,NESOI"
2016-06-01,902219,0.35854608577640734,2.0325961261792513,0.2582250536697914,72211190.0,us_imports,2016-08-16,"APPARATUS BASE ON X-RAY FOR OTH USE,EX MEDICAL,ETC"
2021-10-01,902219,0.49056611753945045,2.2700284414565455,0.15817938189734204,105019307.0,us_imports,2021-12-16,"APPARATUS BASE ON X-RAY FOR OTH USE,EX MEDICAL,ETC"
2022-03-01,902229,0.3976911646036807,2.2182998916012853,0.5452722269142426,66210003.0,us_imports,2022-05-16,APPR USE OF ALPHA BETA GAMMA RDTN N F MED SURG ETC
2024-05-01,902229,0.4030681680616688,2.2354810397858986,0.22142556017020043,72380267.0,us_imports,2024-07-16,APPR USE OF ALPHA BETA GAMMA RDTN N F MED SURG ETC
2025-12-01,902229,0.5783246313495292,2.8562837249294786,0.7885984585117094,54962147.0,us_imports,2026-02-16,APPR USE OF ALPHA BETA GAMMA RDTN N F MED SURG ETC
2021-04-01,902230,0.3213509964503831,2.4318810905499744,0.34722215670322065,85806627.0,us_imports,2021-06-16,X-RAY TUBES
2021-08-01,902290,0.30863872258746783,3.6644087084692876,0.12778853217654063,312057219.0,us_imports,2021-10-16,X-RAY/HI TNSN GENR CNTR PNL & DSK EXM/TRTMNT TB PT
2021-05-01,902300,0.37772758257477346,2.289396609060267,0.6499784593173716,122376957.0,us_imports,2021-07-16,"INST, APPTS&MODELS,FOR DEMONSTRATIONAL USE& PARTS"
2021-11-01,902300,0.5487429555783851,2.6867949946743557,0.17786937562423444,153340340.0,us_imports,2022-01-16,"INST, APPTS&MODELS,FOR DEMONSTRATIONAL USE& PARTS"
2020-04-01,902519,0.386735556657509,3.6402177455565723,0.4746775048978702,200669861.0,us_imports,2020-06-16,"THERMOMETERS/PYRO NT COMBIND W OTH INSTRUM, NESOI"
2021-05-01,902580,0.31682869556267623,2.4475978174439956,0.15329883728364413,58163378.0,us_imports,2021-07-16,"HYDROMETERS & SIM FL INST, HYGROMETERS, ETC, NESOI"
2018-05-01,902610,0.31828875154661573,2.3592989498057517,0.22678899510248862,224911658.0,us_imports,2018-07-16,"INST & APPRTS, MEASURE/CHECKING FLOW/LEVEL OF LIQ"
2021-05-01,902610,0.45804510694779177,3.251974203635146,0.5750271334421713,225637582.0,us_imports,2021-07-16,"INST & APPRTS, MEASURE/CHECKING FLOW/LEVEL OF LIQ"
2021-05-01,902620,0.41608005466962483,3.6764903663143245,0.4501568097976216,404742132.0,us_imports,2021-07-16,"INST & APPRTS, MEASURING/CHECKING PRESSURE"
2021-06-01,902690,0.35717169050348585,2.4970776278005546,0.31439944877951254,158553590.0,us_imports,2021-08-16,"PTS, INST & APPRTS MEASURE/CHECK VARIABLES LIQ/GAS"
2021-05-01,902710,0.4096776345247022,2.957453590923438,0.44268117810510155,228033218.0,us_imports,2021-07-16,GAS OR SMOKE ANALYSIS APPARATUS
2019-09-01,902720,0.41859694145863946,3.8337177338403956,0.39309251671851864,75273720.0,us_imports,2019-11-16,CHROMATOGRAPHS AND ELECTROPHORESIS INSTRUMENTS
2018-02-01,902730,0.314769371295585,2.223599059360824,0.2642327307345522,127930093.0,us_imports,2018-04-16,SPCTMTR SPCTRPHTMTR ETC USING OPTICAL RADIATIONS
2021-05-01,902730,0.37724431450351426,2.43611036598058,0.371378595874575,141951270.0,us_imports,2021-07-16,SPCTMTR SPCTRPHTMTR ETC USING OPTICAL RADIATIONS
2016-08-01,902750,0.3121685661498437,2.303036822747358,0.3218604263227981,323254789.0,us_imports,2016-10-16,INSTRUMENTS ETC USING OPTICAL RADIATIONS NESOI
2021-03-01,902750,0.3105912260609991,2.3283853650831765,0.1214108046133131,386266214.0,us_imports,2021-05-16,INSTRUMENTS ETC USING OPTICAL RADIATIONS NESOI
2021-06-01,902780,0.3807076200884616,4.423013770916987,0.33011932375382935,421865188.0,us_imports,2021-08-16,PHY CHEM INS/APPR;MEAS VSCSTY & HEAT NESOI
2025-08-01,902789,0.6006274669236937,4.630930922990405,0.5883199680132629,448068708.0,us_imports,2025-10-16,INSTRUM AND APPARAT FOR PHYS/CHEM ANALYS ETC NESOI
2021-06-01,902790,0.3180166472563488,4.224059893436539,0.18030969866988777,590748339.0,us_imports,2021-08-16,"PTS OF INST, PHYS/CHEM ANALYSIS ETC, NESOI"
2016-11-01,902830,0.38335454634585164,2.061975146685216,0.3776016460336722,119211794.0,us_imports,2017-01-16,ELECTRICITY METERS
2023-01-01,902830,0.3981811888855271,2.085055898068015,0.154798307865736,148316383.0,us_imports,2023-03-16,ELECTRICITY METERS
2023-07-01,902830,0.8261879875472691,3.7520510658295794,0.4161051320681741,198783530.0,us_imports,2023-09-16,ELECTRICITY METERS
2017-12-01,902890,0.5312953048913656,2.1144265784620297,0.46559515929325324,126917113.0,us_imports,2018-02-16,PT ACCES GAS LQD ELEC SUPPLY MTR INC CLBRATING MTR
2021-05-01,902920,0.6982245438612595,4.726192261056249,0.7997722929743284,326163774.0,us_imports,2021-07-16,SPEEDOMETERS AND TACHOMETERS; STROBOSCOPES
2021-04-01,902990,0.3986918850337926,2.701154124971904,0.18427645123009762,50814886.0,us_imports,2021-06-16,"PTS FOR REVOLUTION COUNTERS, ODOMETER, ETC"
2021-06-01,903010,0.37018073196658197,2.072451447798514,0.3453787940236053,67624389.0,us_imports,2021-08-16,INST FOR MEASURING/DETECTING IONIZING RADIATIONS
2021-12-01,903010,0.43633724974769783,2.192924676113154,0.15349062772657707,85974540.0,us_imports,2022-02-16,INST FOR MEASURING/DETECTING IONIZING RADIATIONS
2023-01-01,903020,0.5687073050338887,2.305139949124779,0.3194965011407669,59642018.0,us_imports,2023-03-16,OSCILLOSCOPES AND  OSCILLOGRAPHS
2021-04-01,903033,0.3669831477661005,3.3016997445251466,0.2454940983498317,102707095.0,us_imports,2021-06-16,INST & APP FOR MEAS/CHK VOLT ETC W/O RECRDNG NESOI
2023-05-01,903039,0.7273097448368706,2.9340553537028793,0.8404905869081521,65339381.0,us_imports,2023-07-16,"INST MEAS VOLT CRRNT ETC W-OUT RCRDNG DVCE, MLTMTR"
2023-11-01,903039,1.2499581541461589,3.963463278601127,0.785338560555378,113248361.0,us_imports,2024-01-16,"INST MEAS VOLT CRRNT ETC W-OUT RCRDNG DVCE, MLTMTR"
2020-02-01,903040,0.3222211622314768,2.5500787919801766,0.08641161312575107,266580963.0,us_imports,2020-04-16,"OTH INST, SPECIALLY DESIGNED FOR TELECOMMUNICATION"
2021-04-01,903040,0.3364743370551051,2.6000058357470537,0.41627390359866934,267482193.0,us_imports,2021-06-16,"OTH INST, SPECIALLY DESIGNED FOR TELECOMMUNICATION"
2022-09-01,903040,0.3162695479516797,2.056066901828558,0.24609330978594368,340292510.0,us_imports,2022-11-16,"OTH INST, SPECIALLY DESIGNED FOR TELECOMMUNICATION"
2018-03-01,903082,0.6230839073279435,2.0545018966814736,0.4807417863046637,113131990.0,us_imports,2018-05-16,INST AND APPARAT MEAS/CHECK SEMICON WAFERS/DEVICES
2021-11-01,903082,0.5476363907613158,2.1084602645006925,0.4533913253572224,187226080.0,us_imports,2022-01-16,INST AND APPARAT MEAS/CHECK SEMICON WAFERS/DEVICES
2022-09-01,903082,0.7924940192265257,2.524587659094873,0.4307223324348761,216196873.0,us_imports,2022-11-16,INST AND APPARAT MEAS/CHECK SEMICON WAFERS/DEVICES
2021-09-01,903089,0.5375884014929548,2.86188628150872,0.2232452171148589,50816308.0,us_imports,2021-11-16,"INST,MEASURING/CHECKING ELECTRICAL QUANTITIE,NESOI"
2023-10-01,903089,0.4513834368562266,2.0386159356827758,0.16346543254273804,72686313.0,us_imports,2023-12-16,"INST,MEASURING/CHECKING ELECTRICAL QUANTITIE,NESOI"
2024-04-01,903089,0.6051446331933308,2.5558004354848207,0.2496193256224526,88819094.0,us_imports,2024-06-16,"INST,MEASURING/CHECKING ELECTRICAL QUANTITIE,NESOI"
2017-09-01,903090,0.35843854604263625,3.453293954668641,0.19735288957287422,254562517.0,us_imports,2017-11-16,PTS OF INST F MEAS ELECT QUAT ALPHA BETA INZNG RDT
2024-03-01,903120,0.7471341643014464,2.362158933473352,0.2820391338782995,50519976.0,us_imports,2024-05-16,TEST BENCHES
2025-07-01,903120,0.7177841517256662,2.039637004910601,0.9322495206998285,67921991.0,us_imports,2025-09-16,TEST BENCHES
2018-01-01,903141,1.0567937106566645,2.304506115578461,1.0946661806079816,91096500.0,us_imports,2018-03-16,"OPTIC INSTRUM,APPLIANC INSPECT SEMICON WAFERS, ETC"
2019-07-01,903141,0.9559042797765307,2.115715713038281,0.9616658888308868,153558888.0,us_imports,2019-09-16,"OPTIC INSTRUM,APPLIANC INSPECT SEMICON WAFERS, ETC"
2022-01-01,903141,1.0993546733672566,2.05889383906457,0.9836784207610167,114846520.0,us_imports,2022-03-16,"OPTIC INSTRUM,APPLIANC INSPECT SEMICON WAFERS, ETC"
2022-07-01,903141,1.1739193474270606,2.0585989094072987,0.8760577188381808,150714624.0,us_imports,2022-09-16,"OPTIC INSTRUM,APPLIANC INSPECT SEMICON WAFERS, ETC"
2026-05-01,903141,1.216628133022723,2.2257630943660507,1.486473376869831,196954259.0,us_imports,2026-07-16,"OPTIC INSTRUM,APPLIANC INSPECT SEMICON WAFERS, ETC"
2016-12-01,903149,0.3521044637987778,3.02697366371915,0.17463719532998168,224290105.0,us_imports,2017-02-16,OPTICAL MEASURING CHECKING INSTRUMENTS & MACH NESO
2017-06-01,903149,0.4815766711558429,2.377222680720377,0.12896378739225778,256810845.0,us_imports,2017-08-16,OPTICAL MEASURING CHECKING INSTRUMENTS & MACH NESO
2021-05-01,903149,0.3976404899353536,2.1376326395806164,0.3971003385399501,277027216.0,us_imports,2021-07-16,OPTICAL MEASURING CHECKING INSTRUMENTS & MACH NESO
2021-05-01,903180,0.4160409314155733,4.093919474901894,0.46887809923923374,714662662.0,us_imports,2021-07-16,"MEAS CHECKNG INSTRUMENT & MACH, NOT OPTICAL, NESOI"
2021-05-01,903190,0.3209527642716501,2.6414876182051246,0.38504802775964386,318947132.0,us_imports,2021-07-16,"PTS, OF MACH NESOI IN THIS CHAP,& PROFILE PROJECTR"
2017-08-01,903210,0.3095991464273624,2.194909954187698,0.19274195179790943,262935925.0,us_imports,2017-10-16,THERMOSTATS
2021-05-01,903210,0.31833315950457775,2.172224228012201,0.18335155990900476,265544318.0,us_imports,2021-07-16,THERMOSTATS
2021-06-01,903289,0.38805301323075736,3.9831046697083186,0.49839674170790316,621569387.0,us_imports,2021-08-16,"AUTO REGULATING INS & APPR EX THROSTAT,MNSTAT, ETC"
2021-05-01,903290,0.34544679299471004,3.1672537802375307,0.41961653425556755,86049718.0,us_imports,2021-07-16,"PTS, AUTOM REGULATING/CONTROLLING INST & APPRTS"
2022-10-01,903300,0.4933311043309383,2.6066853501735894,0.37837155645571285,57098024.0,us_imports,2022-12-16,"PTS, NESOI FOR MACHINES,APPLN,INST/APPTS OF CHAP90"
2019-12-01,850423,0.6667720435206408,2.8466397884946075,0.6487477843018945,126538000.0,kr_exports,2020-01-16,
2022-06-01,850423,0.43992890037973664,2.0316549362204834,0.83353237974751,89110000.0,kr_exports,2022-07-16,
2023-03-01,850423,1.6507478352138545,3.832680692466362,0.8722687917008094,151530000.0,kr_exports,2023-04-16,
2025-08-01,850423,1.1036670117657827,2.1010501451738333,0.9525103048749322,367782000.0,kr_exports,2025-09-16,
2017-02-01,850760,0.400027952892021,2.2805850964105256,0.24809253541707088,761296000.0,kr_exports,2017-03-16,
2017-08-01,850760,0.6122771314339228,2.0669149555056943,0.02495754774495862,895233000.0,kr_exports,2017-09-16,
2017-02-01,8542,0.4423917874073686,3.7746046656589014,0.41237689435858216,16185798000.0,kr_exports,2017-03-16,
2017-08-01,8542,0.6060300975226909,2.216820394673923,0.015432161459524307,21498669000.0,kr_exports,2017-09-16,
2026-02-01,8542,0.8742469458097559,2.6583959439459295,0.623674286296986,52579048000.0,kr_exports,2026-03-16,
2026-08-01,8542,1.812826584097956,4.144958127668838,0.31088546873187495,104524183000.0,kr_exports,2026-09-16,
2017-01-01,854232,0.49373424742832106,2.2148937464041345,0.41957349753506246,10204925000.0,kr_exports,2017-02-16,
2017-08-01,854232,0.8654565519936765,2.020758478585404,0.008608700941017178,14891921000.0,kr_exports,2017-09-16,
2026-02-01,854232,1.394905311200644,2.950022391550139,0.9454237810791222,40559623000.0,kr_exports,2026-03-16,
2026-08-01,854232,2.710712815288086,4.104832485940907,0.3488437883559721,90154280000.0,kr_exports,2026-09-16,
