ticker,concept,start,end,val,filed,form,fp
MSFT,PaymentsToAcquirePropertyPlantAndEquipment,2007-07-01,2008-06-30,3182000000,2010-07-30,10-K,FY
MSFT,PaymentsToAcquirePropertyPlantAndEquipment,2008-07-01,2008-09-30,778000000,2009-10-23,10-Q,Q1
MSFT,PaymentsToAcquirePropertyPlantAndEquipment,2008-07-01,2008-12-31,1620000000,2010-01-28,10-Q,Q2
MSFT,PaymentsToAcquirePropertyPlantAndEquipment,2008-10-01,2008-12-31,842000000,2010-01-28,10-Q,Q2
MSFT,PaymentsToAcquirePropertyPlantAndEquipment,2008-07-01,2009-03-31,2252000000,2010-04-22,10-Q,Q3
MSFT,PaymentsToAcquirePropertyPlantAndEquipment,2009-01-01,2009-03-31,632000000,2010-04-22,10-Q,Q3
MSFT,PaymentsToAcquirePropertyPlantAndEquipment,2008-07-01,2009-06-30,3119000000,2010-07-30,10-K,FY
MSFT,PaymentsToAcquirePropertyPlantAndEquipment,2008-07-01,2009-06-30,3119000000,2011-07-28,10-K,FY
MSFT,PaymentsToAcquirePropertyPlantAndEquipment,2009-07-01,2009-09-30,435000000,2009-10-23,10-Q,Q1
MSFT,PaymentsToAcquirePropertyPlantAndEquipment,2009-07-01,2009-09-30,435000000,2010-10-28,10-Q,Q1
MSFT,PaymentsToAcquirePropertyPlantAndEquipment,2009-07-01,2009-12-31,811000000,2010-01-28,10-Q,Q2
MSFT,PaymentsToAcquirePropertyPlantAndEquipment,2009-07-01,2009-12-31,811000000,2011-01-27,10-Q,Q2
MSFT,PaymentsToAcquirePropertyPlantAndEquipment,2009-10-01,2009-12-31,376000000,2010-01-28,10-Q,Q2
MSFT,PaymentsToAcquirePropertyPlantAndEquipment,2009-10-01,2009-12-31,376000000,2011-01-27,10-Q,Q2
MSFT,PaymentsToAcquirePropertyPlantAndEquipment,2009-07-01,2010-03-31,1219000000,2010-04-22,10-Q,Q3
MSFT,PaymentsToAcquirePropertyPlantAndEquipment,2009-07-01,2010-03-31,1219000000,2011-04-28,10-Q,Q3
MSFT,PaymentsToAcquirePropertyPlantAndEquipment,2010-01-01,2010-03-31,408000000,2010-04-22,10-Q,Q3
MSFT,PaymentsToAcquirePropertyPlantAndEquipment,2010-01-01,2010-03-31,408000000,2011-04-28,10-Q,Q3
MSFT,PaymentsToAcquirePropertyPlantAndEquipment,2009-07-01,2010-06-30,1977000000,2010-07-30,10-K,FY
MSFT,PaymentsToAcquirePropertyPlantAndEquipment,2009-07-01,2010-06-30,1977000000,2011-07-28,10-K,FY
MSFT,PaymentsToAcquirePropertyPlantAndEquipment,2009-07-01,2010-06-30,1977000000,2012-07-26,10-K,FY
MSFT,PaymentsToAcquirePropertyPlantAndEquipment,2010-07-01,2010-09-30,564000000,2010-10-28,10-Q,Q1
MSFT,PaymentsToAcquirePropertyPlantAndEquipment,2010-07-01,2010-09-30,564000000,2011-10-20,10-Q,Q1
MSFT,PaymentsToAcquirePropertyPlantAndEquipment,2010-07-01,2010-12-31,1055000000,2011-01-27,10-Q,Q2
MSFT,PaymentsToAcquirePropertyPlantAndEquipment,2010-07-01,2010-12-31,1055000000,2012-01-27,10-Q/A,Q2
MSFT,PaymentsToAcquirePropertyPlantAndEquipment,2010-10-01,2010-12-31,491000000,2011-01-27,10-Q,Q2
MSFT,PaymentsToAcquirePropertyPlantAndEquipment,2010-10-01,2010-12-31,491000000,2012-01-27,10-Q/A,Q2
MSFT,PaymentsToAcquirePropertyPlantAndEquipment,2010-07-01,2011-03-31,1713000000,2011-04-28,10-Q,Q3
MSFT,PaymentsToAcquirePropertyPlantAndEquipment,2010-07-01,2011-03-31,1713000000,2012-04-19,10-Q,Q3
MSFT,PaymentsToAcquirePropertyPlantAndEquipment,2011-01-01,2011-03-31,658000000,2011-04-28,10-Q,Q3
MSFT,PaymentsToAcquirePropertyPlantAndEquipment,2011-01-01,2011-03-31,658000000,2012-04-19,10-Q,Q3
MSFT,PaymentsToAcquirePropertyPlantAndEquipment,2010-07-01,2011-06-30,2355000000,2011-07-28,10-K,FY
MSFT,PaymentsToAcquirePropertyPlantAndEquipment,2010-07-01,2011-06-30,2355000000,2012-07-26,10-K,FY
MSFT,PaymentsToAcquirePropertyPlantAndEquipment,2010-07-01,2011-06-30,2355000000,2013-07-30,10-K,FY
MSFT,PaymentsToAcquirePropertyPlantAndEquipment,2010-07-01,2011-06-30,2355000000,2013-11-26,8-K,FY
MSFT,PaymentsToAcquirePropertyPlantAndEquipment,2011-07-01,2011-09-30,436000000,2011-10-20,10-Q,Q1
MSFT,PaymentsToAcquirePropertyPlantAndEquipment,2011-07-01,2011-09-30,436000000,2012-10-18,10-Q,Q1
MSFT,PaymentsToAcquirePropertyPlantAndEquipment,2011-07-01,2011-12-31,934000000,2012-01-27,10-Q/A,Q2
MSFT,PaymentsToAcquirePropertyPlantAndEquipment,2011-07-01,2011-12-31,934000000,2013-01-24,10-Q,Q2
MSFT,PaymentsToAcquirePropertyPlantAndEquipment,2011-10-01,2011-12-31,498000000,2012-01-27,10-Q/A,Q2
MSFT,PaymentsToAcquirePropertyPlantAndEquipment,2011-10-01,2011-12-31,498000000,2013-01-24,10-Q,Q2
MSFT,PaymentsToAcquirePropertyPlantAndEquipment,2011-07-01,2012-03-31,1683000000,2012-04-19,10-Q,Q3
MSFT,PaymentsToAcquirePropertyPlantAndEquipment,2011-07-01,2012-03-31,1683000000,2013-04-18,10-Q,Q3
MSFT,PaymentsToAcquirePropertyPlantAndEquipment,2012-01-01,2012-03-31,749000000,2012-04-19,10-Q,Q3
MSFT,PaymentsToAcquirePropertyPlantAndEquipment,2012-01-01,2012-03-31,749000000,2013-04-18,10-Q,Q3
MSFT,PaymentsToAcquirePropertyPlantAndEquipment,2011-07-01,2012-06-30,2305000000,2012-07-26,10-K,FY
MSFT,PaymentsToAcquirePropertyPlantAndEquipment,2011-07-01,2012-06-30,2305000000,2013-07-30,10-K,FY
MSFT,PaymentsToAcquirePropertyPlantAndEquipment,2011-07-01,2012-06-30,2305000000,2013-11-26,8-K,FY
MSFT,PaymentsToAcquirePropertyPlantAndEquipment,2011-07-01,2012-06-30,2305000000,2014-07-31,10-K,FY
MSFT,PaymentsToAcquirePropertyPlantAndEquipment,2012-07-01,2012-09-30,603000000,2012-10-18,10-Q,Q1
MSFT,PaymentsToAcquirePropertyPlantAndEquipment,2012-07-01,2012-09-30,603000000,2013-10-24,10-Q,Q1
MSFT,PaymentsToAcquirePropertyPlantAndEquipment,2012-07-01,2012-12-31,1533000000,2013-01-24,10-Q,Q2
MSFT,PaymentsToAcquirePropertyPlantAndEquipment,2012-07-01,2012-12-31,1533000000,2014-01-23,10-Q,Q2
MSFT,PaymentsToAcquirePropertyPlantAndEquipment,2012-10-01,2012-12-31,930000000,2013-01-24,10-Q,Q2
MSFT,PaymentsToAcquirePropertyPlantAndEquipment,2012-10-01,2012-12-31,930000000,2014-01-23,10-Q,Q2
MSFT,PaymentsToAcquirePropertyPlantAndEquipment,2012-07-01,2013-03-31,2463000000,2013-04-18,10-Q,Q3
MSFT,PaymentsToAcquirePropertyPlantAndEquipment,2012-07-01,2013-03-31,2463000000,2014-04-24,10-Q,Q3
MSFT,PaymentsToAcquirePropertyPlantAndEquipment,2013-01-01,2013-03-31,930000000,2013-04-18,10-Q,Q3
MSFT,PaymentsToAcquirePropertyPlantAndEquipment,2013-01-01,2013-03-31,930000000,2014-04-24,10-Q,Q3
MSFT,PaymentsToAcquirePropertyPlantAndEquipment,2012-07-01,2013-06-30,4257000000,2013-07-30,10-K,FY
MSFT,PaymentsToAcquirePropertyPlantAndEquipment,2012-07-01,2013-06-30,4257000000,2013-11-26,8-K,FY
MSFT,PaymentsToAcquirePropertyPlantAndEquipment,2012-07-01,2013-06-30,4257000000,2014-07-31,10-K,FY
MSFT,PaymentsToAcquirePropertyPlantAndEquipment,2012-07-01,2013-06-30,4257000000,2015-07-31,10-K,FY
MSFT,PaymentsToAcquirePropertyPlantAndEquipment,2012-07-01,2013-06-30,4257000000,2015-10-27,8-K,
MSFT,PaymentsToAcquirePropertyPlantAndEquipment,2013-07-01,2013-09-30,1231000000,2013-10-24,10-Q,Q1
MSFT,PaymentsToAcquirePropertyPlantAndEquipment,2013-07-01,2013-09-30,1231000000,2014-10-23,10-Q,Q1
MSFT,PaymentsToAcquirePropertyPlantAndEquipment,2013-07-01,2013-12-31,2963000000,2014-01-23,10-Q,Q2
MSFT,PaymentsToAcquirePropertyPlantAndEquipment,2013-07-01,2013-12-31,2963000000,2015-01-26,10-Q,Q2
MSFT,PaymentsToAcquirePropertyPlantAndEquipment,2013-10-01,2013-12-31,1732000000,2014-01-23,10-Q,Q2
MSFT,PaymentsToAcquirePropertyPlantAndEquipment,2013-10-01,2013-12-31,1732000000,2015-01-26,10-Q,Q2
MSFT,PaymentsToAcquirePropertyPlantAndEquipment,2013-07-01,2014-03-31,4155000000,2014-04-24,10-Q,Q3
MSFT,PaymentsToAcquirePropertyPlantAndEquipment,2013-07-01,2014-03-31,4155000000,2015-04-23,10-Q,Q3
MSFT,PaymentsToAcquirePropertyPlantAndEquipment,2014-01-01,2014-03-31,1192000000,2014-04-24,10-Q,Q3
MSFT,PaymentsToAcquirePropertyPlantAndEquipment,2014-01-01,2014-03-31,1192000000,2015-04-23,10-Q,Q3
MSFT,PaymentsToAcquirePropertyPlantAndEquipment,2013-07-01,2014-06-30,5485000000,2014-07-31,10-K,FY
MSFT,PaymentsToAcquirePropertyPlantAndEquipment,2013-07-01,2014-06-30,5485000000,2015-07-31,10-K,FY
MSFT,PaymentsToAcquirePropertyPlantAndEquipment,2013-07-01,2014-06-30,5485000000,2015-10-27,8-K,
MSFT,PaymentsToAcquirePropertyPlantAndEquipment,2013-07-01,2014-06-30,5485000000,2016-07-28,10-K,FY
MSFT,PaymentsToAcquirePropertyPlantAndEquipment,2014-07-01,2014-09-30,1282000000,2014-10-23,10-Q,Q1
MSFT,PaymentsToAcquirePropertyPlantAndEquipment,2014-07-01,2014-09-30,1282000000,2015-10-22,10-Q,Q1
MSFT,PaymentsToAcquirePropertyPlantAndEquipment,2014-07-01,2014-12-31,2772000000,2015-01-26,10-Q,Q2
MSFT,PaymentsToAcquirePropertyPlantAndEquipment,2014-07-01,2014-12-31,2772000000,2016-01-28,10-Q,Q2
MSFT,PaymentsToAcquirePropertyPlantAndEquipment,2014-10-01,2014-12-31,1490000000,2015-01-26,10-Q,Q2
MSFT,PaymentsToAcquirePropertyPlantAndEquipment,2014-10-01,2014-12-31,1490000000,2016-01-28,10-Q,Q2
MSFT,PaymentsToAcquirePropertyPlantAndEquipment,2014-07-01,2015-03-31,4163000000,2015-04-23,10-Q,Q3
MSFT,PaymentsToAcquirePropertyPlantAndEquipment,2014-07-01,2015-03-31,4163000000,2016-04-21,10-Q,Q3
MSFT,PaymentsToAcquirePropertyPlantAndEquipment,2015-01-01,2015-03-31,1391000000,2015-04-23,10-Q,Q3
MSFT,PaymentsToAcquirePropertyPlantAndEquipment,2015-01-01,2015-03-31,1391000000,2016-04-21,10-Q,Q3
MSFT,PaymentsToAcquirePropertyPlantAndEquipment,2014-07-01,2015-06-30,5944000000,2015-07-31,10-K,FY
MSFT,PaymentsToAcquirePropertyPlantAndEquipment,2014-07-01,2015-06-30,5944000000,2015-10-27,8-K,
MSFT,PaymentsToAcquirePropertyPlantAndEquipment,2014-07-01,2015-06-30,5944000000,2016-07-28,10-K,FY
MSFT,PaymentsToAcquirePropertyPlantAndEquipment,2014-07-01,2015-06-30,5944000000,2017-08-02,10-K,FY
MSFT,PaymentsToAcquirePropertyPlantAndEquipment,2015-07-01,2015-09-30,1356000000,2015-10-22,10-Q,Q1
MSFT,PaymentsToAcquirePropertyPlantAndEquipment,2015-07-01,2015-09-30,1356000000,2016-10-20,10-Q,Q1
MSFT,PaymentsToAcquirePropertyPlantAndEquipment,2015-07-01,2015-12-31,3380000000,2016-01-28,10-Q,Q2
MSFT,PaymentsToAcquirePropertyPlantAndEquipment,2015-07-01,2015-12-31,3380000000,2017-01-26,10-Q,Q2
MSFT,PaymentsToAcquirePropertyPlantAndEquipment,2015-10-01,2015-12-31,2024000000,2016-01-28,10-Q,Q2
MSFT,PaymentsToAcquirePropertyPlantAndEquipment,2015-10-01,2015-12-31,2024000000,2017-01-26,10-Q,Q2
MSFT,PaymentsToAcquirePropertyPlantAndEquipment,2015-07-01,2016-03-31,5688000000,2016-04-21,10-Q,Q3
MSFT,PaymentsToAcquirePropertyPlantAndEquipment,2015-07-01,2016-03-31,5688000000,2017-04-27,10-Q,Q3
MSFT,PaymentsToAcquirePropertyPlantAndEquipment,2016-01-01,2016-03-31,2308000000,2016-04-21,10-Q,Q3
MSFT,PaymentsToAcquirePropertyPlantAndEquipment,2016-01-01,2016-03-31,2308000000,2017-04-27,10-Q,Q3
MSFT,PaymentsToAcquirePropertyPlantAndEquipment,2015-07-01,2016-06-30,8343000000,2016-07-28,10-K,FY
MSFT,PaymentsToAcquirePropertyPlantAndEquipment,2015-07-01,2016-06-30,8343000000,2017-08-02,10-K,FY
MSFT,PaymentsToAcquirePropertyPlantAndEquipment,2015-07-01,2016-06-30,8343000000,2018-08-03,10-K,FY
MSFT,PaymentsToAcquirePropertyPlantAndEquipment,2016-07-01,2016-09-30,2163000000,2016-10-20,10-Q,Q1
MSFT,PaymentsToAcquirePropertyPlantAndEquipment,2016-07-01,2016-09-30,2163000000,2017-10-26,10-Q,Q1
MSFT,PaymentsToAcquirePropertyPlantAndEquipment,2016-07-01,2016-12-31,4151000000,2017-01-26,10-Q,Q2
MSFT,PaymentsToAcquirePropertyPlantAndEquipment,2016-07-01,2016-12-31,4151000000,2018-01-31,10-Q,Q2
MSFT,PaymentsToAcquirePropertyPlantAndEquipment,2016-10-01,2016-12-31,1988000000,2017-01-26,10-Q,Q2
MSFT,PaymentsToAcquirePropertyPlantAndEquipment,2016-10-01,2016-12-31,1988000000,2018-01-31,10-Q,Q2
MSFT,PaymentsToAcquirePropertyPlantAndEquipment,2016-07-01,2017-03-31,5846000000,2017-04-27,10-Q,Q3
MSFT,PaymentsToAcquirePropertyPlantAndEquipment,2016-07-01,2017-03-31,5846000000,2018-04-26,10-Q,Q3
MSFT,PaymentsToAcquirePropertyPlantAndEquipment,2017-01-01,2017-03-31,1695000000,2017-04-27,10-Q,Q3
MSFT,PaymentsToAcquirePropertyPlantAndEquipment,2017-01-01,2017-03-31,1695000000,2018-04-26,10-Q,Q3
MSFT,PaymentsToAcquirePropertyPlantAndEquipment,2016-07-01,2017-06-30,8129000000,2017-08-02,10-K,FY
MSFT,PaymentsToAcquirePropertyPlantAndEquipment,2016-07-01,2017-06-30,8129000000,2018-08-03,10-K,FY
MSFT,PaymentsToAcquirePropertyPlantAndEquipment,2016-07-01,2017-06-30,8129000000,2019-08-01,10-K,FY
MSFT,PaymentsToAcquirePropertyPlantAndEquipment,2017-07-01,2017-09-30,2132000000,2017-10-26,10-Q,Q1
MSFT,PaymentsToAcquirePropertyPlantAndEquipment,2017-07-01,2017-09-30,2132000000,2018-10-24,10-Q,Q1
MSFT,PaymentsToAcquirePropertyPlantAndEquipment,2017-07-01,2017-12-31,4718000000,2018-01-31,10-Q,Q2
MSFT,PaymentsToAcquirePropertyPlantAndEquipment,2017-07-01,2017-12-31,4718000000,2019-01-30,10-Q,Q2
MSFT,PaymentsToAcquirePropertyPlantAndEquipment,2017-10-01,2017-12-31,2586000000,2018-01-31,10-Q,Q2
MSFT,PaymentsToAcquirePropertyPlantAndEquipment,2017-10-01,2017-12-31,2586000000,2019-01-30,10-Q,Q2
MSFT,PaymentsToAcquirePropertyPlantAndEquipment,2017-07-01,2018-03-31,7652000000,2018-04-26,10-Q,Q3
MSFT,PaymentsToAcquirePropertyPlantAndEquipment,2017-07-01,2018-03-31,7652000000,2019-04-24,10-Q,Q3
MSFT,PaymentsToAcquirePropertyPlantAndEquipment,2018-01-01,2018-03-31,2934000000,2018-04-26,10-Q,Q3
MSFT,PaymentsToAcquirePropertyPlantAndEquipment,2018-01-01,2018-03-31,2934000000,2019-04-24,10-Q,Q3
MSFT,PaymentsToAcquirePropertyPlantAndEquipment,2017-07-01,2018-06-30,11632000000,2018-08-03,10-K,FY
MSFT,PaymentsToAcquirePropertyPlantAndEquipment,2017-07-01,2018-06-30,11632000000,2019-08-01,10-K,FY
MSFT,PaymentsToAcquirePropertyPlantAndEquipment,2017-07-01,2018-06-30,11632000000,2020-07-30,10-K,FY
MSFT,PaymentsToAcquirePropertyPlantAndEquipment,2018-07-01,2018-09-30,3602000000,2018-10-24,10-Q,Q1
MSFT,PaymentsToAcquirePropertyPlantAndEquipment,2018-07-01,2018-09-30,3602000000,2019-10-23,10-Q,Q1
MSFT,PaymentsToAcquirePropertyPlantAndEquipment,2018-07-01,2018-12-31,7309000000,2019-01-30,10-Q,Q2
MSFT,PaymentsToAcquirePropertyPlantAndEquipment,2018-07-01,2018-12-31,7309000000,2020-01-29,10-Q,Q2
MSFT,PaymentsToAcquirePropertyPlantAndEquipment,2018-10-01,2018-12-31,3707000000,2019-01-30,10-Q,Q2
MSFT,PaymentsToAcquirePropertyPlantAndEquipment,2018-10-01,2018-12-31,3707000000,2020-01-29,10-Q,Q2
MSFT,PaymentsToAcquirePropertyPlantAndEquipment,2018-07-01,2019-03-31,9874000000,2019-04-24,10-Q,Q3
MSFT,PaymentsToAcquirePropertyPlantAndEquipment,2018-07-01,2019-03-31,9874000000,2020-04-29,10-Q,Q3
MSFT,PaymentsToAcquirePropertyPlantAndEquipment,2019-01-01,2019-03-31,2565000000,2019-04-24,10-Q,Q3
MSFT,PaymentsToAcquirePropertyPlantAndEquipment,2019-01-01,2019-03-31,2565000000,2020-04-29,10-Q,Q3
MSFT,PaymentsToAcquirePropertyPlantAndEquipment,2018-07-01,2019-06-30,13925000000,2019-08-01,10-K,FY
MSFT,PaymentsToAcquirePropertyPlantAndEquipment,2018-07-01,2019-06-30,13925000000,2020-07-30,10-K,FY
MSFT,PaymentsToAcquirePropertyPlantAndEquipment,2018-07-01,2019-06-30,13925000000,2021-07-29,10-K,FY
MSFT,PaymentsToAcquirePropertyPlantAndEquipment,2019-07-01,2019-09-30,3385000000,2019-10-23,10-Q,Q1
MSFT,PaymentsToAcquirePropertyPlantAndEquipment,2019-07-01,2019-09-30,3385000000,2020-10-27,10-Q,Q1
MSFT,PaymentsToAcquirePropertyPlantAndEquipment,2019-07-01,2019-12-31,6930000000,2020-01-29,10-Q,Q2
MSFT,PaymentsToAcquirePropertyPlantAndEquipment,2019-07-01,2019-12-31,6930000000,2021-01-26,10-Q,Q2
MSFT,PaymentsToAcquirePropertyPlantAndEquipment,2019-10-01,2019-12-31,3545000000,2020-01-29,10-Q,Q2
MSFT,PaymentsToAcquirePropertyPlantAndEquipment,2019-10-01,2019-12-31,3545000000,2021-01-26,10-Q,Q2
MSFT,PaymentsToAcquirePropertyPlantAndEquipment,2019-07-01,2020-03-31,10697000000,2020-04-29,10-Q,Q3
MSFT,PaymentsToAcquirePropertyPlantAndEquipment,2019-07-01,2020-03-31,10697000000,2021-04-27,10-Q,Q3
MSFT,PaymentsToAcquirePropertyPlantAndEquipment,2020-01-01,2020-03-31,3767000000,2020-04-29,10-Q,Q3
MSFT,PaymentsToAcquirePropertyPlantAndEquipment,2020-01-01,2020-03-31,3767000000,2021-04-27,10-Q,Q3
MSFT,PaymentsToAcquirePropertyPlantAndEquipment,2019-07-01,2020-06-30,15441000000,2020-07-30,10-K,FY
MSFT,PaymentsToAcquirePropertyPlantAndEquipment,2019-07-01,2020-06-30,15441000000,2021-07-29,10-K,FY
MSFT,PaymentsToAcquirePropertyPlantAndEquipment,2019-07-01,2020-06-30,15441000000,2022-07-28,10-K,FY
MSFT,PaymentsToAcquirePropertyPlantAndEquipment,2020-07-01,2020-09-30,4907000000,2020-10-27,10-Q,Q1
MSFT,PaymentsToAcquirePropertyPlantAndEquipment,2020-07-01,2020-09-30,4907000000,2021-10-26,10-Q,Q1
MSFT,PaymentsToAcquirePropertyPlantAndEquipment,2020-07-01,2020-12-31,9081000000,2021-01-26,10-Q,Q2
MSFT,PaymentsToAcquirePropertyPlantAndEquipment,2020-07-01,2020-12-31,9081000000,2022-01-25,10-Q,Q2
MSFT,PaymentsToAcquirePropertyPlantAndEquipment,2020-10-01,2020-12-31,4174000000,2021-01-26,10-Q,Q2
MSFT,PaymentsToAcquirePropertyPlantAndEquipment,2020-10-01,2020-12-31,4174000000,2022-01-25,10-Q,Q2
MSFT,PaymentsToAcquirePropertyPlantAndEquipment,2020-07-01,2021-03-31,14170000000,2021-04-27,10-Q,Q3
MSFT,PaymentsToAcquirePropertyPlantAndEquipment,2020-07-01,2021-03-31,14170000000,2022-04-26,10-Q,Q3
MSFT,PaymentsToAcquirePropertyPlantAndEquipment,2021-01-01,2021-03-31,5089000000,2021-04-27,10-Q,Q3
MSFT,PaymentsToAcquirePropertyPlantAndEquipment,2021-01-01,2021-03-31,5089000000,2022-04-26,10-Q,Q3
MSFT,PaymentsToAcquirePropertyPlantAndEquipment,2020-07-01,2021-06-30,20622000000,2021-07-29,10-K,FY
MSFT,PaymentsToAcquirePropertyPlantAndEquipment,2020-07-01,2021-06-30,20622000000,2022-07-28,10-K,FY
MSFT,PaymentsToAcquirePropertyPlantAndEquipment,2020-07-01,2021-06-30,20622000000,2023-07-27,10-K,FY
MSFT,PaymentsToAcquirePropertyPlantAndEquipment,2021-07-01,2021-09-30,5810000000,2021-10-26,10-Q,Q1
MSFT,PaymentsToAcquirePropertyPlantAndEquipment,2021-07-01,2021-09-30,5810000000,2022-10-25,10-Q,Q1
MSFT,PaymentsToAcquirePropertyPlantAndEquipment,2021-07-01,2021-12-31,11675000000,2022-01-25,10-Q,Q2
MSFT,PaymentsToAcquirePropertyPlantAndEquipment,2021-07-01,2021-12-31,11675000000,2023-01-24,10-Q,Q2
MSFT,PaymentsToAcquirePropertyPlantAndEquipment,2021-10-01,2021-12-31,5865000000,2022-01-25,10-Q,Q2
MSFT,PaymentsToAcquirePropertyPlantAndEquipment,2021-10-01,2021-12-31,5865000000,2023-01-24,10-Q,Q2
MSFT,PaymentsToAcquirePropertyPlantAndEquipment,2021-07-01,2022-03-31,17015000000,2022-04-26,10-Q,Q3
MSFT,PaymentsToAcquirePropertyPlantAndEquipment,2021-07-01,2022-03-31,17015000000,2023-04-25,10-Q,Q3
MSFT,PaymentsToAcquirePropertyPlantAndEquipment,2022-01-01,2022-03-31,5340000000,2022-04-26,10-Q,Q3
MSFT,PaymentsToAcquirePropertyPlantAndEquipment,2022-01-01,2022-03-31,5340000000,2023-04-25,10-Q,Q3
MSFT,PaymentsToAcquirePropertyPlantAndEquipment,2021-07-01,2022-06-30,23886000000,2022-07-28,10-K,FY
MSFT,PaymentsToAcquirePropertyPlantAndEquipment,2021-07-01,2022-06-30,23886000000,2023-07-27,10-K,FY
MSFT,PaymentsToAcquirePropertyPlantAndEquipment,2021-07-01,2022-06-30,23886000000,2024-07-30,10-K,FY
MSFT,PaymentsToAcquirePropertyPlantAndEquipment,2021-07-01,2022-06-30,23886000000,2024-12-03,8-K,
MSFT,PaymentsToAcquirePropertyPlantAndEquipment,2022-07-01,2022-09-30,6283000000,2022-10-25,10-Q,Q1
MSFT,PaymentsToAcquirePropertyPlantAndEquipment,2022-07-01,2022-09-30,6283000000,2023-10-24,10-Q,Q1
MSFT,PaymentsToAcquirePropertyPlantAndEquipment,2022-07-01,2022-12-31,12557000000,2023-01-24,10-Q,Q2
MSFT,PaymentsToAcquirePropertyPlantAndEquipment,2022-07-01,2022-12-31,12557000000,2024-01-30,10-Q,Q2
MSFT,PaymentsToAcquirePropertyPlantAndEquipment,2022-10-01,2022-12-31,6274000000,2023-01-24,10-Q,Q2
MSFT,PaymentsToAcquirePropertyPlantAndEquipment,2022-10-01,2022-12-31,6274000000,2024-01-30,10-Q,Q2
MSFT,PaymentsToAcquirePropertyPlantAndEquipment,2022-07-01,2023-03-31,19164000000,2023-04-25,10-Q,Q3
MSFT,PaymentsToAcquirePropertyPlantAndEquipment,2022-07-01,2023-03-31,19164000000,2024-04-25,10-Q,Q3
MSFT,PaymentsToAcquirePropertyPlantAndEquipment,2023-01-01,2023-03-31,6607000000,2023-04-25,10-Q,Q3
MSFT,PaymentsToAcquirePropertyPlantAndEquipment,2023-01-01,2023-03-31,6607000000,2024-04-25,10-Q,Q3
MSFT,PaymentsToAcquirePropertyPlantAndEquipment,2022-07-01,2023-06-30,28107000000,2023-07-27,10-K,FY
MSFT,PaymentsToAcquirePropertyPlantAndEquipment,2022-07-01,2023-06-30,28107000000,2024-07-30,10-K,FY
MSFT,PaymentsToAcquirePropertyPlantAndEquipment,2022-07-01,2023-06-30,28107000000,2024-12-03,8-K,
MSFT,PaymentsToAcquirePropertyPlantAndEquipment,2022-07-01,2023-06-30,28107000000,2025-07-30,10-K,FY
MSFT,PaymentsToAcquirePropertyPlantAndEquipment,2023-07-01,2023-09-30,9917000000,2023-10-24,10-Q,Q1
MSFT,PaymentsToAcquirePropertyPlantAndEquipment,2023-07-01,2023-09-30,9917000000,2024-10-30,10-Q,Q1
MSFT,PaymentsToAcquirePropertyPlantAndEquipment,2023-07-01,2023-12-31,19652000000,2024-01-30,10-Q,Q2
MSFT,PaymentsToAcquirePropertyPlantAndEquipment,2023-07-01,2023-12-31,19652000000,2025-01-29,10-Q,Q2
MSFT,PaymentsToAcquirePropertyPlantAndEquipment,2023-10-01,2023-12-31,9735000000,2024-01-30,10-Q,Q2
MSFT,PaymentsToAcquirePropertyPlantAndEquipment,2023-10-01,2023-12-31,9735000000,2025-01-29,10-Q,Q2
MSFT,PaymentsToAcquirePropertyPlantAndEquipment,2023-07-01,2024-03-31,30604000000,2024-04-25,10-Q,Q3
MSFT,PaymentsToAcquirePropertyPlantAndEquipment,2023-07-01,2024-03-31,30604000000,2025-04-30,10-Q,Q3
MSFT,PaymentsToAcquirePropertyPlantAndEquipment,2024-01-01,2024-03-31,10952000000,2024-04-25,10-Q,Q3
MSFT,PaymentsToAcquirePropertyPlantAndEquipment,2024-01-01,2024-03-31,10952000000,2025-04-30,10-Q,Q3
MSFT,PaymentsToAcquirePropertyPlantAndEquipment,2023-07-01,2024-06-30,44477000000,2024-07-30,10-K,FY
MSFT,PaymentsToAcquirePropertyPlantAndEquipment,2023-07-01,2024-06-30,44477000000,2024-12-03,8-K,
MSFT,PaymentsToAcquirePropertyPlantAndEquipment,2023-07-01,2024-06-30,44477000000,2025-07-30,10-K,FY
MSFT,PaymentsToAcquirePropertyPlantAndEquipment,2023-07-01,2024-06-30,44477000000,2026-07-29,10-K,FY
MSFT,PaymentsToAcquirePropertyPlantAndEquipment,2024-07-01,2024-09-30,14923000000,2024-10-30,10-Q,Q1
MSFT,PaymentsToAcquirePropertyPlantAndEquipment,2024-07-01,2024-09-30,14923000000,2025-10-29,10-Q,Q1
MSFT,PaymentsToAcquirePropertyPlantAndEquipment,2024-07-01,2024-12-31,30727000000,2025-01-29,10-Q,Q2
MSFT,PaymentsToAcquirePropertyPlantAndEquipment,2024-07-01,2024-12-31,30727000000,2026-01-28,10-Q,Q2
MSFT,PaymentsToAcquirePropertyPlantAndEquipment,2024-10-01,2024-12-31,15804000000,2025-01-29,10-Q,Q2
MSFT,PaymentsToAcquirePropertyPlantAndEquipment,2024-10-01,2024-12-31,15804000000,2026-01-28,10-Q,Q2
MSFT,PaymentsToAcquirePropertyPlantAndEquipment,2024-07-01,2025-03-31,47472000000,2025-04-30,10-Q,Q3
MSFT,PaymentsToAcquirePropertyPlantAndEquipment,2024-07-01,2025-03-31,47472000000,2026-04-29,10-Q,Q3
MSFT,PaymentsToAcquirePropertyPlantAndEquipment,2025-01-01,2025-03-31,16745000000,2025-04-30,10-Q,Q3
MSFT,PaymentsToAcquirePropertyPlantAndEquipment,2025-01-01,2025-03-31,16745000000,2026-04-29,10-Q,Q3
MSFT,PaymentsToAcquirePropertyPlantAndEquipment,2024-07-01,2025-06-30,64551000000,2025-07-30,10-K,FY
MSFT,PaymentsToAcquirePropertyPlantAndEquipment,2024-07-01,2025-06-30,64551000000,2026-07-29,10-K,FY
MSFT,PaymentsToAcquirePropertyPlantAndEquipment,2025-07-01,2025-09-30,19394000000,2025-10-29,10-Q,Q1
MSFT,PaymentsToAcquirePropertyPlantAndEquipment,2025-07-01,2025-12-31,49270000000,2026-01-28,10-Q,Q2
MSFT,PaymentsToAcquirePropertyPlantAndEquipment,2025-10-01,2025-12-31,29876000000,2026-01-28,10-Q,Q2
MSFT,PaymentsToAcquirePropertyPlantAndEquipment,2025-07-01,2026-03-31,80146000000,2026-04-29,10-Q,Q3
MSFT,PaymentsToAcquirePropertyPlantAndEquipment,2026-01-01,2026-03-31,30876000000,2026-04-29,10-Q,Q3
MSFT,PaymentsToAcquirePropertyPlantAndEquipment,2025-07-01,2026-06-30,115948000000,2026-07-29,10-K,FY
MSFT,InventoryNet,,2009-06-30,717000000,2009-10-23,10-Q,Q1
MSFT,InventoryNet,,2009-06-30,717000000,2010-01-28,10-Q,Q2
MSFT,InventoryNet,,2009-06-30,717000000,2010-04-22,10-Q,Q3
MSFT,InventoryNet,,2009-06-30,717000000,2010-07-30,10-K,FY
MSFT,InventoryNet,,2009-09-30,1150000000,2009-10-23,10-Q,Q1
MSFT,InventoryNet,,2009-12-31,589000000,2010-01-28,10-Q,Q2
MSFT,InventoryNet,,2010-03-31,501000000,2010-04-22,10-Q,Q3
MSFT,InventoryNet,,2010-06-30,740000000,2010-07-30,10-K,FY
MSFT,InventoryNet,,2010-06-30,740000000,2010-10-28,10-Q,Q1
MSFT,InventoryNet,,2010-06-30,740000000,2011-01-27,10-Q,Q2
MSFT,InventoryNet,,2010-06-30,740000000,2011-04-28,10-Q,Q3
MSFT,InventoryNet,,2010-06-30,740000000,2011-07-28,10-K,FY
MSFT,InventoryNet,,2010-09-30,1242000000,2010-10-28,10-Q,Q1
MSFT,InventoryNet,,2010-12-31,861000000,2011-01-27,10-Q,Q2
MSFT,InventoryNet,,2011-03-31,1056000000,2011-04-28,10-Q,Q3
MSFT,InventoryNet,,2011-06-30,1372000000,2011-07-28,10-K,FY
MSFT,InventoryNet,,2011-06-30,1372000000,2011-10-20,10-Q,Q1
MSFT,InventoryNet,,2011-06-30,1372000000,2012-01-27,10-Q/A,Q2
MSFT,InventoryNet,,2011-06-30,1372000000,2012-04-19,10-Q,Q3
MSFT,InventoryNet,,2011-06-30,1372000000,2012-07-26,10-K,FY
MSFT,InventoryNet,,2011-09-30,2270000000,2011-10-20,10-Q,Q1
MSFT,InventoryNet,,2011-12-31,1351000000,2012-01-27,10-Q/A,Q2
MSFT,InventoryNet,,2012-03-31,1412000000,2012-04-19,10-Q,Q3
MSFT,InventoryNet,,2012-06-30,1137000000,2012-07-26,10-K,FY
MSFT,InventoryNet,,2012-06-30,1137000000,2012-10-18,10-Q,Q1
MSFT,InventoryNet,,2012-06-30,1137000000,2013-01-24,10-Q,Q2
MSFT,InventoryNet,,2012-06-30,1137000000,2013-04-18,10-Q,Q3
MSFT,InventoryNet,,2012-06-30,1137000000,2013-07-30,10-K,FY
MSFT,InventoryNet,,2012-06-30,1137000000,2013-11-26,8-K,FY
MSFT,InventoryNet,,2012-09-30,1624000000,2012-10-18,10-Q,Q1
MSFT,InventoryNet,,2012-12-31,1661000000,2013-01-24,10-Q,Q2
MSFT,InventoryNet,,2013-03-31,2133000000,2013-04-18,10-Q,Q3
MSFT,InventoryNet,,2013-06-30,1938000000,2013-07-30,10-K,FY
MSFT,InventoryNet,,2013-06-30,1938000000,2013-10-24,10-Q,Q1
MSFT,InventoryNet,,2013-06-30,1938000000,2013-11-26,8-K,FY
MSFT,InventoryNet,,2013-06-30,1938000000,2014-01-23,10-Q,Q2
MSFT,InventoryNet,,2013-06-30,1938000000,2014-04-24,10-Q,Q3
MSFT,InventoryNet,,2013-06-30,1938000000,2014-07-31,10-K,FY
MSFT,InventoryNet,,2013-09-30,2613000000,2013-10-24,10-Q,Q1
MSFT,InventoryNet,,2013-12-31,1594000000,2014-01-23,10-Q,Q2
MSFT,InventoryNet,,2014-03-31,1920000000,2014-04-24,10-Q,Q3
MSFT,InventoryNet,,2014-06-30,2660000000,2014-07-31,10-K,FY
MSFT,InventoryNet,,2014-06-30,2660000000,2014-10-23,10-Q,Q1
MSFT,InventoryNet,,2014-06-30,2660000000,2015-01-26,10-Q,Q2
MSFT,InventoryNet,,2014-06-30,2660000000,2015-04-23,10-Q,Q3
MSFT,InventoryNet,,2014-06-30,2660000000,2015-07-31,10-K,FY
MSFT,InventoryNet,,2014-06-30,2660000000,2015-10-27,8-K,
MSFT,InventoryNet,,2014-09-30,3141000000,2014-10-23,10-Q,Q1
MSFT,InventoryNet,,2014-12-31,2053000000,2015-01-26,10-Q,Q2
MSFT,InventoryNet,,2015-03-31,2469000000,2015-04-23,10-Q,Q3
MSFT,InventoryNet,,2015-06-30,2902000000,2015-07-31,10-K,FY
MSFT,InventoryNet,,2015-06-30,2902000000,2015-10-22,10-Q,Q1
MSFT,InventoryNet,,2015-06-30,2902000000,2015-10-27,8-K,
MSFT,InventoryNet,,2015-06-30,2902000000,2016-01-28,10-Q,Q2
MSFT,InventoryNet,,2015-06-30,2902000000,2016-04-21,10-Q,Q3
MSFT,InventoryNet,,2015-06-30,2902000000,2016-07-28,10-K,FY
MSFT,InventoryNet,,2015-09-30,3816000000,2015-10-22,10-Q,Q1
MSFT,InventoryNet,,2015-12-31,2702000000,2016-01-28,10-Q,Q2
MSFT,InventoryNet,,2016-03-31,2450000000,2016-04-21,10-Q,Q3
MSFT,InventoryNet,,2016-06-30,2251000000,2016-07-28,10-K,FY
MSFT,InventoryNet,,2016-06-30,2251000000,2016-10-20,10-Q,Q1
MSFT,InventoryNet,,2016-06-30,2251000000,2017-01-26,10-Q,Q2
MSFT,InventoryNet,,2016-06-30,2251000000,2017-04-27,10-Q,Q3
MSFT,InventoryNet,,2016-06-30,2251000000,2017-08-02,10-K,FY
MSFT,InventoryNet,,2016-09-30,3122000000,2016-10-20,10-Q,Q1
MSFT,InventoryNet,,2016-12-31,1961000000,2017-01-26,10-Q,Q2
MSFT,InventoryNet,,2017-03-31,1979000000,2017-04-27,10-Q,Q3
MSFT,InventoryNet,,2017-06-30,2181000000,2017-08-02,10-K,FY
MSFT,InventoryNet,,2017-06-30,2181000000,2017-10-26,10-Q,Q1
MSFT,InventoryNet,,2017-06-30,2181000000,2018-01-31,10-Q,Q2
MSFT,InventoryNet,,2017-06-30,2181000000,2018-04-26,10-Q,Q3
MSFT,InventoryNet,,2017-06-30,2181000000,2018-08-03,10-K,FY
MSFT,InventoryNet,,2017-09-30,3211000000,2017-10-26,10-Q,Q1
MSFT,InventoryNet,,2017-12-31,2003000000,2018-01-31,10-Q,Q2
MSFT,InventoryNet,,2018-03-31,2084000000,2018-04-26,10-Q,Q3
MSFT,InventoryNet,,2018-06-30,2662000000,2018-08-03,10-K,FY
MSFT,InventoryNet,,2018-06-30,2662000000,2018-10-24,10-Q,Q1
MSFT,InventoryNet,,2018-06-30,2662000000,2019-01-30,10-Q,Q2
MSFT,InventoryNet,,2018-06-30,2662000000,2019-04-24,10-Q,Q3
MSFT,InventoryNet,,2018-06-30,2662000000,2019-08-01,10-K,FY
MSFT,InventoryNet,,2018-09-30,3614000000,2018-10-24,10-Q,Q1
MSFT,InventoryNet,,2018-12-31,1961000000,2019-01-30,10-Q,Q2
MSFT,InventoryNet,,2019-03-31,1951000000,2019-04-24,10-Q,Q3
MSFT,InventoryNet,,2019-06-30,2063000000,2019-08-01,10-K,FY
MSFT,InventoryNet,,2019-06-30,2063000000,2019-10-23,10-Q,Q1
MSFT,InventoryNet,,2019-06-30,2063000000,2020-01-29,10-Q,Q2
MSFT,InventoryNet,,2019-06-30,2063000000,2020-04-29,10-Q,Q3
MSFT,InventoryNet,,2019-06-30,2063000000,2020-07-30,10-K,FY
MSFT,InventoryNet,,2019-09-30,2622000000,2019-10-23,10-Q,Q1
MSFT,InventoryNet,,2019-12-31,1823000000,2020-01-29,10-Q,Q2
MSFT,InventoryNet,,2020-03-31,1644000000,2020-04-29,10-Q,Q3
MSFT,InventoryNet,,2020-06-30,1895000000,2020-07-30,10-K,FY
MSFT,InventoryNet,,2020-06-30,1895000000,2020-10-27,10-Q,Q1
MSFT,InventoryNet,,2020-06-30,1895000000,2021-01-26,10-Q,Q2
MSFT,InventoryNet,,2020-06-30,1895000000,2021-04-27,10-Q,Q3
MSFT,InventoryNet,,2020-06-30,1895000000,2021-07-29,10-K,FY
MSFT,InventoryNet,,2020-09-30,2705000000,2020-10-27,10-Q,Q1
MSFT,InventoryNet,,2020-12-31,1924000000,2021-01-26,10-Q,Q2
MSFT,InventoryNet,,2021-03-31,2245000000,2021-04-27,10-Q,Q3
MSFT,InventoryNet,,2021-06-30,2636000000,2021-07-29,10-K,FY
MSFT,InventoryNet,,2021-06-30,2636000000,2021-10-26,10-Q,Q1
MSFT,InventoryNet,,2021-06-30,2636000000,2022-01-25,10-Q,Q2
MSFT,InventoryNet,,2021-06-30,2636000000,2022-04-26,10-Q,Q3
MSFT,InventoryNet,,2021-06-30,2636000000,2022-07-28,10-K,FY
MSFT,InventoryNet,,2021-09-30,3411000000,2021-10-26,10-Q,Q1
MSFT,InventoryNet,,2021-12-31,3019000000,2022-01-25,10-Q,Q2
MSFT,InventoryNet,,2022-03-31,3296000000,2022-04-26,10-Q,Q3
MSFT,InventoryNet,,2022-06-30,3742000000,2022-07-28,10-K,FY
MSFT,InventoryNet,,2022-06-30,3742000000,2022-10-25,10-Q,Q1
MSFT,InventoryNet,,2022-06-30,3742000000,2023-01-24,10-Q,Q2
MSFT,InventoryNet,,2022-06-30,3742000000,2023-04-25,10-Q,Q3
MSFT,InventoryNet,,2022-06-30,3742000000,2023-07-27,10-K,FY
MSFT,InventoryNet,,2022-09-30,4268000000,2022-10-25,10-Q,Q1
MSFT,InventoryNet,,2022-12-31,2980000000,2023-01-24,10-Q,Q2
MSFT,InventoryNet,,2023-03-31,2877000000,2023-04-25,10-Q,Q3
MSFT,InventoryNet,,2023-06-30,2500000000,2023-07-27,10-K,FY
MSFT,InventoryNet,,2023-06-30,2500000000,2023-10-24,10-Q,Q1
MSFT,InventoryNet,,2023-06-30,2500000000,2024-01-30,10-Q,Q2
MSFT,InventoryNet,,2023-06-30,2500000000,2024-04-25,10-Q,Q3
MSFT,InventoryNet,,2023-06-30,2500000000,2024-07-30,10-K,FY
MSFT,InventoryNet,,2023-06-30,2500000000,2024-12-03,8-K,
MSFT,InventoryNet,,2023-09-30,3000000000,2023-10-24,10-Q,Q1
MSFT,InventoryNet,,2023-12-31,1615000000,2024-01-30,10-Q,Q2
MSFT,InventoryNet,,2024-03-31,1304000000,2024-04-25,10-Q,Q3
MSFT,InventoryNet,,2024-06-30,1246000000,2024-07-30,10-K,FY
MSFT,InventoryNet,,2024-06-30,1246000000,2024-10-30,10-Q,Q1
MSFT,InventoryNet,,2024-06-30,1246000000,2024-12-03,8-K,
MSFT,InventoryNet,,2024-06-30,1246000000,2025-01-29,10-Q,Q2
MSFT,InventoryNet,,2024-06-30,1246000000,2025-04-30,10-Q,Q3
MSFT,InventoryNet,,2024-06-30,1246000000,2025-07-30,10-K,FY
MSFT,InventoryNet,,2024-09-30,1626000000,2024-10-30,10-Q,Q1
MSFT,InventoryNet,,2024-12-31,909000000,2025-01-29,10-Q,Q2
MSFT,InventoryNet,,2025-03-31,848000000,2025-04-30,10-Q,Q3
MSFT,InventoryNet,,2025-06-30,938000000,2025-07-30,10-K,FY
MSFT,InventoryNet,,2025-06-30,938000000,2025-10-29,10-Q,Q1
MSFT,InventoryNet,,2025-06-30,938000000,2026-01-28,10-Q,Q2
MSFT,InventoryNet,,2025-06-30,938000000,2026-04-29,10-Q,Q3
MSFT,InventoryNet,,2025-06-30,938000000,2026-07-29,10-K,FY
MSFT,InventoryNet,,2025-09-30,1130000000,2025-10-29,10-Q,Q1
MSFT,InventoryNet,,2025-12-31,1059000000,2026-01-28,10-Q,Q2
MSFT,InventoryNet,,2026-03-31,1219000000,2026-04-29,10-Q,Q3
MSFT,InventoryNet,,2026-06-30,1397000000,2026-07-29,10-K,FY
MSFT,CostOfRevenue,2007-07-01,2008-06-30,11598000000,2010-07-30,10-K,FY
MSFT,CostOfRevenue,2008-07-01,2008-09-30,2848000000,2009-10-23,10-Q,Q1
MSFT,CostOfRevenue,2008-07-01,2008-12-31,6755000000,2010-01-28,10-Q,Q2
MSFT,CostOfRevenue,2008-10-01,2008-12-31,3907000000,2010-01-28,10-Q,Q2
MSFT,CostOfRevenue,2008-07-01,2009-03-31,9569000000,2010-04-22,10-Q,Q3
MSFT,CostOfRevenue,2009-01-01,2009-03-31,2814000000,2010-04-22,10-Q,Q3
MSFT,CostOfRevenue,2008-07-01,2009-06-30,12155000000,2010-07-30,10-K,FY
MSFT,CostOfRevenue,2008-07-01,2009-06-30,12155000000,2011-07-28,10-K,FY
MSFT,CostOfRevenue,2009-07-01,2009-09-30,2842000000,2009-10-23,10-Q,Q1
MSFT,CostOfRevenue,2009-07-01,2009-09-30,2842000000,2010-10-28,10-Q,Q1
MSFT,CostOfRevenue,2009-07-01,2009-12-31,6470000000,2010-01-28,10-Q,Q2
MSFT,CostOfRevenue,2009-07-01,2009-12-31,6470000000,2011-01-27,10-Q,Q2
MSFT,CostOfRevenue,2009-10-01,2009-12-31,3628000000,2010-01-28,10-Q,Q2
MSFT,CostOfRevenue,2009-10-01,2009-12-31,3628000000,2011-01-27,10-Q,Q2
MSFT,CostOfRevenue,2009-07-01,2010-03-31,9225000000,2010-04-22,10-Q,Q3
MSFT,CostOfRevenue,2009-07-01,2010-03-31,9225000000,2011-04-28,10-Q,Q3
MSFT,CostOfRevenue,2010-01-01,2010-03-31,2755000000,2010-04-22,10-Q,Q3
MSFT,CostOfRevenue,2010-01-01,2010-03-31,2755000000,2011-04-28,10-Q,Q3
MSFT,CostOfRevenue,2009-07-01,2010-06-30,12395000000,2010-07-30,10-K,FY
MSFT,CostOfRevenue,2009-07-01,2010-06-30,12395000000,2011-07-28,10-K,FY
MSFT,CostOfRevenue,2009-07-01,2010-06-30,12395000000,2012-07-26,10-K,FY
MSFT,CostOfRevenue,2010-07-01,2010-09-30,3139000000,2010-10-28,10-Q,Q1
MSFT,CostOfRevenue,2010-07-01,2010-09-30,3139000000,2011-10-20,10-Q,Q1
MSFT,CostOfRevenue,2010-07-01,2010-12-31,7972000000,2011-01-27,10-Q,Q2
MSFT,CostOfRevenue,2010-07-01,2010-12-31,7972000000,2012-01-27,10-Q/A,Q2
MSFT,CostOfRevenue,2010-10-01,2010-12-31,4833000000,2011-01-27,10-Q,Q2
MSFT,CostOfRevenue,2010-10-01,2010-12-31,4833000000,2012-01-27,10-Q/A,Q2
MSFT,CostOfRevenue,2010-07-01,2011-03-31,11869000000,2011-04-28,10-Q,Q3
MSFT,CostOfRevenue,2010-07-01,2011-03-31,11869000000,2012-04-19,10-Q,Q3
MSFT,CostOfRevenue,2011-01-01,2011-03-31,3897000000,2011-04-28,10-Q,Q3
MSFT,CostOfRevenue,2011-01-01,2011-03-31,3897000000,2012-04-19,10-Q,Q3
MSFT,CostOfRevenue,2010-07-01,2011-06-30,15577000000,2011-07-28,10-K,FY
MSFT,CostOfRevenue,2010-07-01,2011-06-30,15577000000,2012-07-26,10-K,FY
MSFT,CostOfRevenue,2010-07-01,2011-06-30,15577000000,2013-07-30,10-K,FY
MSFT,CostOfRevenue,2010-07-01,2011-06-30,15577000000,2013-11-26,8-K,FY
MSFT,CostOfRevenue,2011-07-01,2011-09-30,3777000000,2011-10-20,10-Q,Q1
MSFT,CostOfRevenue,2011-07-01,2011-09-30,3777000000,2012-10-18,10-Q,Q1
MSFT,CostOfRevenue,2011-07-01,2011-12-31,9415000000,2012-01-27,10-Q/A,Q2
MSFT,CostOfRevenue,2011-07-01,2011-12-31,9415000000,2013-01-24,10-Q,Q2
MSFT,CostOfRevenue,2011-10-01,2011-12-31,5638000000,2012-01-27,10-Q/A,Q2
MSFT,CostOfRevenue,2011-10-01,2011-12-31,5638000000,2013-01-24,10-Q,Q2
MSFT,CostOfRevenue,2011-07-01,2012-03-31,13367000000,2012-04-19,10-Q,Q3
MSFT,CostOfRevenue,2011-07-01,2012-03-31,13367000000,2013-04-18,10-Q,Q3
MSFT,CostOfRevenue,2012-01-01,2012-03-31,3952000000,2012-04-19,10-Q,Q3
MSFT,CostOfRevenue,2012-01-01,2012-03-31,3952000000,2013-04-18,10-Q,Q3
MSFT,CostOfRevenue,2011-07-01,2012-06-30,17530000000,2012-07-26,10-K,FY
MSFT,CostOfRevenue,2011-07-01,2012-06-30,17530000000,2013-07-30,10-K,FY
MSFT,CostOfRevenue,2011-07-01,2012-06-30,17530000000,2013-11-26,8-K,FY
MSFT,CostOfRevenue,2011-07-01,2012-06-30,17530000000,2014-07-31,10-K,FY
MSFT,CostOfRevenue,2012-07-01,2012-09-30,4168000000,2012-10-18,10-Q,Q1
MSFT,CostOfRevenue,2012-07-01,2012-09-30,4168000000,2013-10-24,10-Q,Q1
MSFT,CostOfRevenue,2012-07-01,2012-12-31,9860000000,2013-01-24,10-Q,Q2
MSFT,CostOfRevenue,2012-07-01,2012-12-31,9860000000,2014-01-23,10-Q,Q2
MSFT,CostOfRevenue,2012-10-01,2012-12-31,5692000000,2013-01-24,10-Q,Q2
MSFT,CostOfRevenue,2012-10-01,2012-12-31,5692000000,2014-01-23,10-Q,Q2
MSFT,CostOfRevenue,2012-07-01,2013-03-31,14647000000,2013-04-18,10-Q,Q3
MSFT,CostOfRevenue,2012-07-01,2013-03-31,14647000000,2014-04-24,10-Q,Q3
MSFT,CostOfRevenue,2013-01-01,2013-03-31,4787000000,2013-04-18,10-Q,Q3
MSFT,CostOfRevenue,2013-01-01,2013-03-31,4787000000,2014-04-24,10-Q,Q3
MSFT,CostOfRevenue,2012-07-01,2013-06-30,20249000000,2013-07-30,10-K,FY
MSFT,CostOfRevenue,2012-07-01,2013-06-30,20249000000,2013-11-26,8-K,FY
MSFT,CostOfRevenue,2012-07-01,2013-06-30,20249000000,2014-07-31,10-K,FY
MSFT,CostOfRevenue,2012-07-01,2013-06-30,20385000000,2015-07-31,10-K,FY
MSFT,CostOfRevenue,2012-07-01,2013-06-30,20385000000,2015-10-27,8-K,
MSFT,CostOfRevenue,2013-07-01,2013-09-30,5114000000,2013-10-24,10-Q,Q1
MSFT,CostOfRevenue,2013-07-01,2013-09-30,5145000000,2014-10-23,10-Q,Q1
MSFT,CostOfRevenue,2013-07-01,2013-12-31,13398000000,2014-01-23,10-Q,Q2
MSFT,CostOfRevenue,2013-07-01,2013-12-31,13467000000,2015-01-26,10-Q,Q2
MSFT,CostOfRevenue,2013-10-01,2013-12-31,8284000000,2014-01-23,10-Q,Q2
MSFT,CostOfRevenue,2013-10-01,2013-12-31,8322000000,2015-01-26,10-Q,Q2
MSFT,CostOfRevenue,2013-07-01,2014-03-31,19339000000,2014-04-24,10-Q,Q3
MSFT,CostOfRevenue,2013-07-01,2014-03-31,19445000000,2015-04-23,10-Q,Q3
MSFT,CostOfRevenue,2014-01-01,2014-03-31,5941000000,2014-04-24,10-Q,Q3
MSFT,CostOfRevenue,2014-01-01,2014-03-31,5978000000,2015-04-23,10-Q,Q3
MSFT,CostOfRevenue,2013-07-01,2014-06-30,26934000000,2014-07-31,10-K,FY
MSFT,CostOfRevenue,2013-07-01,2014-06-30,27078000000,2015-07-31,10-K,FY
MSFT,CostOfRevenue,2013-07-01,2014-06-30,27078000000,2015-10-27,8-K,
MSFT,CostOfRevenue,2013-07-01,2014-06-30,27078000000,2016-07-28,10-K,FY
MSFT,CostOfRevenue,2014-07-01,2014-09-30,8273000000,2014-10-23,10-Q,Q1
MSFT,CostOfRevenue,2014-07-01,2014-09-30,8273000000,2015-10-22,10-Q,Q1
MSFT,CostOfRevenue,2014-07-01,2014-12-31,18409000000,2015-01-26,10-Q,Q2
MSFT,CostOfRevenue,2014-07-01,2014-12-31,18409000000,2016-01-28,10-Q,Q2
MSFT,CostOfRevenue,2014-10-01,2014-12-31,10136000000,2015-01-26,10-Q,Q2
MSFT,CostOfRevenue,2014-10-01,2014-12-31,10136000000,2016-01-28,10-Q,Q2
MSFT,CostOfRevenue,2014-07-01,2015-03-31,25570000000,2015-04-23,10-Q,Q3
MSFT,CostOfRevenue,2014-07-01,2015-03-31,25570000000,2016-04-21,10-Q,Q3
MSFT,CostOfRevenue,2015-01-01,2015-03-31,7161000000,2015-04-23,10-Q,Q3
MSFT,CostOfRevenue,2015-01-01,2015-03-31,7161000000,2016-04-21,10-Q,Q3
MSFT,CostOfRevenue,2014-07-01,2015-06-30,33038000000,2015-07-31,10-K,FY
MSFT,CostOfRevenue,2014-07-01,2015-06-30,33038000000,2015-10-27,8-K,
MSFT,CostOfRevenue,2014-07-01,2015-06-30,33038000000,2016-07-28,10-K,FY
MSFT,CostOfRevenue,2014-07-01,2015-06-30,33038000000,2017-08-02,10-K,FY
MSFT,CostOfRevenue,2015-07-01,2015-09-30,7207000000,2015-10-22,10-Q,Q1
MSFT,CostOfRevenue,2015-07-01,2015-09-30,7207000000,2016-10-20,10-Q,Q1
MSFT,CostOfRevenue,2015-07-01,2015-12-31,17079000000,2016-01-28,10-Q,Q2
MSFT,CostOfRevenue,2015-07-01,2015-12-31,17079000000,2017-01-26,10-Q,Q2
MSFT,CostOfRevenue,2015-10-01,2015-12-31,9872000000,2016-01-28,10-Q,Q2
MSFT,CostOfRevenue,2015-10-01,2015-12-31,9872000000,2017-01-26,10-Q,Q2
MSFT,CostOfRevenue,2015-07-01,2016-03-31,24801000000,2016-04-21,10-Q,Q3
MSFT,CostOfRevenue,2015-07-01,2016-03-31,24801000000,2017-04-27,10-Q,Q3
MSFT,CostOfRevenue,2016-01-01,2016-03-31,7722000000,2016-04-21,10-Q,Q3
MSFT,CostOfRevenue,2016-01-01,2016-03-31,7722000000,2017-04-27,10-Q,Q3
MSFT,CostOfRevenue,2015-07-01,2016-06-30,32780000000,2016-07-28,10-K,FY
MSFT,CostOfRevenue,2015-07-01,2016-06-30,32780000000,2017-08-02,10-K,FY
MSFT,CostOfRevenue,2016-07-01,2016-09-30,7844000000,2016-10-20,10-Q,Q1
MSFT,CostOfRevenue,2016-07-01,2016-09-30,7844000000,2017-10-26,10-Q,Q1
MSFT,CostOfRevenue,2016-07-01,2016-12-31,17745000000,2017-01-26,10-Q,Q2
MSFT,CostOfRevenue,2016-07-01,2016-12-31,17745000000,2018-01-31,10-Q,Q2
MSFT,CostOfRevenue,2016-10-01,2016-12-31,9901000000,2017-01-26,10-Q,Q2
MSFT,CostOfRevenue,2016-10-01,2016-12-31,9901000000,2018-01-31,10-Q,Q2
MSFT,CostOfRevenue,2016-07-01,2017-03-31,25805000000,2017-04-27,10-Q,Q3
MSFT,CostOfRevenue,2016-07-01,2017-03-31,25805000000,2018-04-26,10-Q,Q3
MSFT,CostOfRevenue,2017-01-01,2017-03-31,8060000000,2017-04-27,10-Q,Q3
MSFT,CostOfRevenue,2017-01-01,2017-03-31,8060000000,2018-04-26,10-Q,Q3
MSFT,CostOfRevenue,2016-07-01,2017-06-30,34261000000,2017-08-02,10-K,FY
MSFT,CostOfRevenue,2017-07-01,2017-09-30,8278000000,2017-10-26,10-Q,Q1
MSFT,CostOfRevenue,2017-07-01,2017-12-31,19342000000,2018-01-31,10-Q,Q2
MSFT,CostOfRevenue,2017-10-01,2017-12-31,11064000000,2018-01-31,10-Q,Q2
MSFT,CostOfRevenue,2017-07-01,2018-03-31,28611000000,2018-04-26,10-Q,Q3
MSFT,CostOfRevenue,2018-01-01,2018-03-31,9269000000,2018-04-26,10-Q,Q3
MSFT,CostOfGoodsAndServicesSold,2015-07-01,2016-06-30,32780000000,2018-08-03,10-K,FY
MSFT,CostOfGoodsAndServicesSold,2016-07-01,2017-06-30,34261000000,2018-08-03,10-K,FY
MSFT,CostOfGoodsAndServicesSold,2016-07-01,2017-06-30,34261000000,2019-08-01,10-K,FY
MSFT,CostOfGoodsAndServicesSold,2017-07-01,2017-09-30,8278000000,2018-10-24,10-Q,Q1
MSFT,CostOfGoodsAndServicesSold,2017-07-01,2017-12-31,19342000000,2019-01-30,10-Q,Q2
MSFT,CostOfGoodsAndServicesSold,2017-10-01,2017-12-31,11064000000,2019-01-30,10-Q,Q2
MSFT,CostOfGoodsAndServicesSold,2017-07-01,2018-03-31,28611000000,2019-04-24,10-Q,Q3
MSFT,CostOfGoodsAndServicesSold,2018-01-01,2018-03-31,9269000000,2019-04-24,10-Q,Q3
MSFT,CostOfGoodsAndServicesSold,2017-07-01,2018-06-30,38353000000,2018-08-03,10-K,FY
MSFT,CostOfGoodsAndServicesSold,2017-07-01,2018-06-30,38353000000,2019-08-01,10-K,FY
MSFT,CostOfGoodsAndServicesSold,2017-07-01,2018-06-30,38353000000,2020-07-30,10-K,FY
MSFT,CostOfGoodsAndServicesSold,2018-07-01,2018-09-30,9905000000,2018-10-24,10-Q,Q1
MSFT,CostOfGoodsAndServicesSold,2018-07-01,2018-09-30,9905000000,2019-10-23,10-Q,Q1
MSFT,CostOfGoodsAndServicesSold,2018-07-01,2018-12-31,22328000000,2019-01-30,10-Q,Q2
MSFT,CostOfGoodsAndServicesSold,2018-07-01,2018-12-31,22328000000,2020-01-29,10-Q,Q2
MSFT,CostOfGoodsAndServicesSold,2018-10-01,2018-12-31,12423000000,2019-01-30,10-Q,Q2
MSFT,CostOfGoodsAndServicesSold,2018-10-01,2018-12-31,12423000000,2020-01-29,10-Q,Q2
MSFT,CostOfGoodsAndServicesSold,2018-07-01,2019-03-31,32498000000,2019-04-24,10-Q,Q3
MSFT,CostOfGoodsAndServicesSold,2018-07-01,2019-03-31,32498000000,2020-04-29,10-Q,Q3
MSFT,CostOfGoodsAndServicesSold,2019-01-01,2019-03-31,10170000000,2019-04-24,10-Q,Q3
MSFT,CostOfGoodsAndServicesSold,2019-01-01,2019-03-31,10170000000,2020-04-29,10-Q,Q3
MSFT,CostOfGoodsAndServicesSold,2018-07-01,2019-06-30,42910000000,2019-08-01,10-K,FY
MSFT,CostOfGoodsAndServicesSold,2018-07-01,2019-06-30,42910000000,2020-07-30,10-K,FY
MSFT,CostOfGoodsAndServicesSold,2018-07-01,2019-06-30,42910000000,2021-07-29,10-K,FY
MSFT,CostOfGoodsAndServicesSold,2019-07-01,2019-09-30,10406000000,2019-10-23,10-Q,Q1
MSFT,CostOfGoodsAndServicesSold,2019-07-01,2019-09-30,10406000000,2020-10-27,10-Q,Q1
MSFT,CostOfGoodsAndServicesSold,2019-07-01,2019-12-31,22764000000,2020-01-29,10-Q,Q2
MSFT,CostOfGoodsAndServicesSold,2019-07-01,2019-12-31,22764000000,2021-01-26,10-Q,Q2
MSFT,CostOfGoodsAndServicesSold,2019-10-01,2019-12-31,12358000000,2020-01-29,10-Q,Q2
MSFT,CostOfGoodsAndServicesSold,2019-10-01,2019-12-31,12358000000,2021-01-26,10-Q,Q2
MSFT,CostOfGoodsAndServicesSold,2019-07-01,2020-03-31,33739000000,2020-04-29,10-Q,Q3
MSFT,CostOfGoodsAndServicesSold,2019-07-01,2020-03-31,33739000000,2021-04-27,10-Q,Q3
MSFT,CostOfGoodsAndServicesSold,2020-01-01,2020-03-31,10975000000,2020-04-29,10-Q,Q3
MSFT,CostOfGoodsAndServicesSold,2020-01-01,2020-03-31,10975000000,2021-04-27,10-Q,Q3
MSFT,CostOfGoodsAndServicesSold,2019-07-01,2020-06-30,46078000000,2020-07-30,10-K,FY
MSFT,CostOfGoodsAndServicesSold,2019-07-01,2020-06-30,46078000000,2021-07-29,10-K,FY
MSFT,CostOfGoodsAndServicesSold,2019-07-01,2020-06-30,46078000000,2022-07-28,10-K,FY
MSFT,CostOfGoodsAndServicesSold,2020-07-01,2020-09-30,11002000000,2020-10-27,10-Q,Q1
MSFT,CostOfGoodsAndServicesSold,2020-07-01,2020-09-30,11002000000,2021-10-26,10-Q,Q1
MSFT,CostOfGoodsAndServicesSold,2020-07-01,2020-12-31,25196000000,2021-01-26,10-Q,Q2
MSFT,CostOfGoodsAndServicesSold,2020-07-01,2020-12-31,25196000000,2022-01-25,10-Q,Q2
MSFT,CostOfGoodsAndServicesSold,2020-10-01,2020-12-31,14194000000,2021-01-26,10-Q,Q2
MSFT,CostOfGoodsAndServicesSold,2020-10-01,2020-12-31,14194000000,2022-01-25,10-Q,Q2
MSFT,CostOfGoodsAndServicesSold,2020-07-01,2021-03-31,38241000000,2021-04-27,10-Q,Q3
MSFT,CostOfGoodsAndServicesSold,2020-07-01,2021-03-31,38241000000,2022-04-26,10-Q,Q3
MSFT,CostOfGoodsAndServicesSold,2021-01-01,2021-03-31,13045000000,2021-04-27,10-Q,Q3
MSFT,CostOfGoodsAndServicesSold,2021-01-01,2021-03-31,13045000000,2022-04-26,10-Q,Q3
MSFT,CostOfGoodsAndServicesSold,2020-07-01,2021-06-30,52232000000,2021-07-29,10-K,FY
MSFT,CostOfGoodsAndServicesSold,2020-07-01,2021-06-30,52232000000,2022-07-28,10-K,FY
MSFT,CostOfGoodsAndServicesSold,2020-07-01,2021-06-30,52232000000,2023-07-27,10-K,FY
MSFT,CostOfGoodsAndServicesSold,2021-07-01,2021-09-30,13646000000,2021-10-26,10-Q,Q1
MSFT,CostOfGoodsAndServicesSold,2021-07-01,2021-09-30,13646000000,2022-10-25,10-Q,Q1
MSFT,CostOfGoodsAndServicesSold,2021-07-01,2021-12-31,30606000000,2022-01-25,10-Q,Q2
MSFT,CostOfGoodsAndServicesSold,2021-07-01,2021-12-31,30606000000,2023-01-24,10-Q,Q2
MSFT,CostOfGoodsAndServicesSold,2021-10-01,2021-12-31,16960000000,2022-01-25,10-Q,Q2
MSFT,CostOfGoodsAndServicesSold,2021-10-01,2021-12-31,16960000000,2023-01-24,10-Q,Q2
MSFT,CostOfGoodsAndServicesSold,2021-07-01,2022-03-31,46221000000,2022-04-26,10-Q,Q3
MSFT,CostOfGoodsAndServicesSold,2021-07-01,2022-03-31,46221000000,2023-04-25,10-Q,Q3
MSFT,CostOfGoodsAndServicesSold,2022-01-01,2022-03-31,15615000000,2022-04-26,10-Q,Q3
MSFT,CostOfGoodsAndServicesSold,2022-01-01,2022-03-31,15615000000,2023-04-25,10-Q,Q3
MSFT,CostOfGoodsAndServicesSold,2021-07-01,2022-06-30,62650000000,2022-07-28,10-K,FY
MSFT,CostOfGoodsAndServicesSold,2021-07-01,2022-06-30,62650000000,2023-07-27,10-K,FY
MSFT,CostOfGoodsAndServicesSold,2021-07-01,2022-06-30,62650000000,2024-07-30,10-K,FY
MSFT,CostOfGoodsAndServicesSold,2021-07-01,2022-06-30,62650000000,2024-12-03,8-K,
MSFT,CostOfGoodsAndServicesSold,2022-07-01,2022-09-30,15452000000,2022-10-25,10-Q,Q1
MSFT,CostOfGoodsAndServicesSold,2022-07-01,2022-09-30,15452000000,2023-10-24,10-Q,Q1
MSFT,CostOfGoodsAndServicesSold,2022-07-01,2022-12-31,32940000000,2023-01-24,10-Q,Q2
MSFT,CostOfGoodsAndServicesSold,2022-07-01,2022-12-31,32940000000,2024-01-30,10-Q,Q2
MSFT,CostOfGoodsAndServicesSold,2022-10-01,2022-12-31,17488000000,2023-01-24,10-Q,Q2
MSFT,CostOfGoodsAndServicesSold,2022-10-01,2022-12-31,17488000000,2024-01-30,10-Q,Q2
MSFT,CostOfGoodsAndServicesSold,2022-07-01,2023-03-31,49068000000,2023-04-25,10-Q,Q3
MSFT,CostOfGoodsAndServicesSold,2022-07-01,2023-03-31,49068000000,2024-04-25,10-Q,Q3
MSFT,CostOfGoodsAndServicesSold,2023-01-01,2023-03-31,16128000000,2023-04-25,10-Q,Q3
MSFT,CostOfGoodsAndServicesSold,2023-01-01,2023-03-31,16128000000,2024-04-25,10-Q,Q3
MSFT,CostOfGoodsAndServicesSold,2022-07-01,2023-06-30,65863000000,2023-07-27,10-K,FY
MSFT,CostOfGoodsAndServicesSold,2022-07-01,2023-06-30,65863000000,2024-07-30,10-K,FY
MSFT,CostOfGoodsAndServicesSold,2022-07-01,2023-06-30,65863000000,2024-12-03,8-K,
MSFT,CostOfGoodsAndServicesSold,2022-07-01,2023-06-30,65863000000,2025-07-30,10-K,FY
MSFT,CostOfGoodsAndServicesSold,2023-07-01,2023-09-30,16302000000,2023-10-24,10-Q,Q1
MSFT,CostOfGoodsAndServicesSold,2023-07-01,2023-09-30,16302000000,2024-10-30,10-Q,Q1
MSFT,CostOfGoodsAndServicesSold,2023-07-01,2023-12-31,35925000000,2024-01-30,10-Q,Q2
MSFT,CostOfGoodsAndServicesSold,2023-07-01,2023-12-31,35925000000,2025-01-29,10-Q,Q2
MSFT,CostOfGoodsAndServicesSold,2023-10-01,2023-12-31,19623000000,2024-01-30,10-Q,Q2
MSFT,CostOfGoodsAndServicesSold,2023-10-01,2023-12-31,19623000000,2025-01-29,10-Q,Q2
MSFT,CostOfGoodsAndServicesSold,2023-07-01,2024-03-31,54430000000,2024-04-25,10-Q,Q3
MSFT,CostOfGoodsAndServicesSold,2023-07-01,2024-03-31,54430000000,2025-04-30,10-Q,Q3
MSFT,CostOfGoodsAndServicesSold,2024-01-01,2024-03-31,18505000000,2024-04-25,10-Q,Q3
MSFT,CostOfGoodsAndServicesSold,2024-01-01,2024-03-31,18505000000,2025-04-30,10-Q,Q3
MSFT,CostOfGoodsAndServicesSold,2023-07-01,2024-06-30,74114000000,2024-07-30,10-K,FY
MSFT,CostOfGoodsAndServicesSold,2023-07-01,2024-06-30,74114000000,2024-12-03,8-K,
MSFT,CostOfGoodsAndServicesSold,2023-07-01,2024-06-30,74114000000,2025-07-30,10-K,FY
MSFT,CostOfGoodsAndServicesSold,2023-07-01,2024-06-30,74114000000,2026-07-29,10-K,FY
MSFT,CostOfGoodsAndServicesSold,2024-07-01,2024-09-30,20099000000,2024-10-30,10-Q,Q1
MSFT,CostOfGoodsAndServicesSold,2024-07-01,2024-09-30,20099000000,2025-10-29,10-Q,Q1
MSFT,CostOfGoodsAndServicesSold,2024-07-01,2024-12-31,41898000000,2025-01-29,10-Q,Q2
MSFT,CostOfGoodsAndServicesSold,2024-07-01,2024-12-31,41898000000,2026-01-28,10-Q,Q2
MSFT,CostOfGoodsAndServicesSold,2024-10-01,2024-12-31,21799000000,2025-01-29,10-Q,Q2
MSFT,CostOfGoodsAndServicesSold,2024-10-01,2024-12-31,21799000000,2026-01-28,10-Q,Q2
MSFT,CostOfGoodsAndServicesSold,2024-07-01,2025-03-31,63817000000,2025-04-30,10-Q,Q3
MSFT,CostOfGoodsAndServicesSold,2024-07-01,2025-03-31,63817000000,2026-04-29,10-Q,Q3
MSFT,CostOfGoodsAndServicesSold,2025-01-01,2025-03-31,21919000000,2025-04-30,10-Q,Q3
MSFT,CostOfGoodsAndServicesSold,2025-01-01,2025-03-31,21919000000,2026-04-29,10-Q,Q3
MSFT,CostOfGoodsAndServicesSold,2024-07-01,2025-06-30,87831000000,2025-07-30,10-K,FY
MSFT,CostOfGoodsAndServicesSold,2024-07-01,2025-06-30,87831000000,2026-07-29,10-K,FY
MSFT,CostOfGoodsAndServicesSold,2025-07-01,2025-09-30,24043000000,2025-10-29,10-Q,Q1
MSFT,CostOfGoodsAndServicesSold,2025-07-01,2025-12-31,50021000000,2026-01-28,10-Q,Q2
MSFT,CostOfGoodsAndServicesSold,2025-10-01,2025-12-31,25978000000,2026-01-28,10-Q,Q2
MSFT,CostOfGoodsAndServicesSold,2025-07-01,2026-03-31,76849000000,2026-04-29,10-Q,Q3
MSFT,CostOfGoodsAndServicesSold,2026-01-01,2026-03-31,26828000000,2026-04-29,10-Q,Q3
MSFT,CostOfGoodsAndServicesSold,2025-07-01,2026-06-30,106374000000,2026-07-29,10-K,FY
MSFT,Revenues,2007-07-01,2007-09-30,13762000000,2010-07-30,10-K,FY
MSFT,Revenues,2007-10-01,2007-12-31,16367000000,2010-07-30,10-K,FY
MSFT,Revenues,2008-01-01,2008-03-31,14454000000,2010-07-30,10-K,FY
MSFT,Revenues,2007-07-01,2008-06-30,60420000000,2010-07-30,10-K,FY
MSFT,Revenues,2008-04-01,2008-06-30,15837000000,2010-07-30,10-K,FY
MSFT,Revenues,2008-07-01,2008-09-30,15061000000,2010-07-30,10-K,FY
MSFT,Revenues,2008-07-01,2008-09-30,15061000000,2009-10-23,10-Q,Q1
MSFT,Revenues,2008-07-01,2008-12-31,31690000000,2010-01-28,10-Q,Q2
MSFT,Revenues,2008-10-01,2008-12-31,16629000000,2010-07-30,10-K,FY
MSFT,Revenues,2008-10-01,2008-12-31,16629000000,2010-01-28,10-Q,Q2
MSFT,Revenues,2008-07-01,2009-03-31,45338000000,2010-04-22,10-Q,Q3
MSFT,Revenues,2009-01-01,2009-03-31,13648000000,2010-07-30,10-K,FY
MSFT,Revenues,2009-01-01,2009-03-31,13648000000,2010-04-22,10-Q,Q3
MSFT,Revenues,2008-07-01,2009-06-30,58437000000,2010-07-30,10-K,FY
MSFT,Revenues,2009-04-01,2009-06-30,13099000000,2010-07-30,10-K,FY
MSFT,Revenues,2009-07-01,2009-09-30,12920000000,2010-10-28,10-Q,Q1
MSFT,Revenues,2009-07-01,2009-09-30,12920000000,2010-07-30,10-K,FY
MSFT,Revenues,2009-07-01,2009-09-30,12920000000,2009-10-23,10-Q,Q1
MSFT,Revenues,2009-07-01,2009-12-31,31942000000,2011-01-27,10-Q,Q2
MSFT,Revenues,2009-07-01,2009-12-31,31942000000,2010-01-28,10-Q,Q2
MSFT,Revenues,2009-10-01,2009-12-31,19022000000,2011-01-27,10-Q,Q2
MSFT,Revenues,2009-10-01,2009-12-31,19022000000,2010-07-30,10-K,FY
MSFT,Revenues,2009-10-01,2009-12-31,19022000000,2010-01-28,10-Q,Q2
MSFT,Revenues,2009-07-01,2010-03-31,46445000000,2010-04-22,10-Q,Q3
MSFT,Revenues,2010-01-01,2010-03-31,14503000000,2010-07-30,10-K,FY
MSFT,Revenues,2010-01-01,2010-03-31,14503000000,2010-04-22,10-Q,Q3
MSFT,Revenues,2009-07-01,2010-06-30,62484000000,2010-07-30,10-K,FY
MSFT,Revenues,2010-04-01,2010-06-30,16039000000,2010-07-30,10-K,FY
MSFT,Revenues,2010-07-01,2010-09-30,16195000000,2010-10-28,10-Q,Q1
MSFT,Revenues,2010-07-01,2010-12-31,36148000000,2011-01-27,10-Q,Q2
MSFT,Revenues,2010-10-01,2010-12-31,19953000000,2011-01-27,10-Q,Q2
MSFT,RevenueFromContractWithCustomerExcludingAssessedTax,2015-07-01,2016-06-30,91154000000,2018-08-03,10-K,FY
MSFT,RevenueFromContractWithCustomerExcludingAssessedTax,2016-07-02,2016-09-30,21928000000,2018-08-03,10-K,FY
MSFT,RevenueFromContractWithCustomerExcludingAssessedTax,2016-10-01,2016-12-31,25826000000,2018-08-03,10-K,FY
MSFT,RevenueFromContractWithCustomerExcludingAssessedTax,2017-01-01,2017-03-31,23212000000,2018-08-03,10-K,FY
MSFT,RevenueFromContractWithCustomerExcludingAssessedTax,2016-07-01,2017-06-30,96571000000,2018-08-03,10-K,FY
MSFT,RevenueFromContractWithCustomerExcludingAssessedTax,2016-07-01,2017-06-30,96571000000,2019-08-01,10-K,FY
MSFT,RevenueFromContractWithCustomerExcludingAssessedTax,2017-04-01,2017-06-30,25605000000,2018-08-03,10-K,FY
MSFT,RevenueFromContractWithCustomerExcludingAssessedTax,2017-07-01,2017-09-30,24538000000,2018-08-03,10-K,FY
MSFT,RevenueFromContractWithCustomerExcludingAssessedTax,2017-07-01,2017-09-30,24538000000,2018-10-24,10-Q,Q1
MSFT,RevenueFromContractWithCustomerExcludingAssessedTax,2017-07-01,2017-09-30,24538000000,2019-08-01,10-K,FY
MSFT,RevenueFromContractWithCustomerExcludingAssessedTax,2017-07-01,2017-12-31,53456000000,2019-01-30,10-Q,Q2
MSFT,RevenueFromContractWithCustomerExcludingAssessedTax,2017-10-01,2017-12-31,28918000000,2018-08-03,10-K,FY
MSFT,RevenueFromContractWithCustomerExcludingAssessedTax,2017-10-01,2017-12-31,28918000000,2019-01-30,10-Q,Q2
MSFT,RevenueFromContractWithCustomerExcludingAssessedTax,2017-10-01,2017-12-31,28918000000,2019-08-01,10-K,FY
MSFT,RevenueFromContractWithCustomerExcludingAssessedTax,2017-07-01,2018-03-31,80275000000,2019-04-24,10-Q,Q3
MSFT,RevenueFromContractWithCustomerExcludingAssessedTax,2018-01-01,2018-03-31,26819000000,2018-08-03,10-K,FY
MSFT,RevenueFromContractWithCustomerExcludingAssessedTax,2018-01-01,2018-03-31,26819000000,2019-04-24,10-Q,Q3
MSFT,RevenueFromContractWithCustomerExcludingAssessedTax,2018-01-01,2018-03-31,26819000000,2019-08-01,10-K,FY
MSFT,RevenueFromContractWithCustomerExcludingAssessedTax,2017-07-01,2018-06-30,110360000000,2018-08-03,10-K,FY
MSFT,RevenueFromContractWithCustomerExcludingAssessedTax,2017-07-01,2018-06-30,110360000000,2019-08-01,10-K,FY
MSFT,RevenueFromContractWithCustomerExcludingAssessedTax,2017-07-01,2018-06-30,110360000000,2020-07-30,10-K,FY
MSFT,RevenueFromContractWithCustomerExcludingAssessedTax,2018-04-01,2018-06-30,30085000000,2018-08-03,10-K,FY
MSFT,RevenueFromContractWithCustomerExcludingAssessedTax,2018-04-01,2018-06-30,30085000000,2019-08-01,10-K,FY
MSFT,RevenueFromContractWithCustomerExcludingAssessedTax,2018-07-01,2018-09-30,29084000000,2018-10-24,10-Q,Q1
MSFT,RevenueFromContractWithCustomerExcludingAssessedTax,2018-07-01,2018-09-30,29084000000,2019-08-01,10-K,FY
MSFT,RevenueFromContractWithCustomerExcludingAssessedTax,2018-07-01,2018-09-30,29084000000,2019-10-23,10-Q,Q1
MSFT,RevenueFromContractWithCustomerExcludingAssessedTax,2018-07-01,2018-09-30,29084000000,2020-07-30,10-K,FY
MSFT,RevenueFromContractWithCustomerExcludingAssessedTax,2018-07-01,2018-12-31,61555000000,2019-01-30,10-Q,Q2
MSFT,RevenueFromContractWithCustomerExcludingAssessedTax,2018-07-01,2018-12-31,61555000000,2020-01-29,10-Q,Q2
MSFT,RevenueFromContractWithCustomerExcludingAssessedTax,2018-10-01,2018-12-31,32471000000,2019-01-30,10-Q,Q2
MSFT,RevenueFromContractWithCustomerExcludingAssessedTax,2018-10-01,2018-12-31,32471000000,2019-08-01,10-K,FY
MSFT,RevenueFromContractWithCustomerExcludingAssessedTax,2018-10-01,2018-12-31,32471000000,2020-01-29,10-Q,Q2
MSFT,RevenueFromContractWithCustomerExcludingAssessedTax,2018-10-01,2018-12-31,32471000000,2020-07-30,10-K,FY
MSFT,RevenueFromContractWithCustomerExcludingAssessedTax,2018-07-01,2019-03-31,92126000000,2019-04-24,10-Q,Q3
MSFT,RevenueFromContractWithCustomerExcludingAssessedTax,2018-07-01,2019-03-31,92126000000,2020-04-29,10-Q,Q3
MSFT,RevenueFromContractWithCustomerExcludingAssessedTax,2019-01-01,2019-03-31,30571000000,2019-04-24,10-Q,Q3
MSFT,RevenueFromContractWithCustomerExcludingAssessedTax,2019-01-01,2019-03-31,30571000000,2019-08-01,10-K,FY
MSFT,RevenueFromContractWithCustomerExcludingAssessedTax,2019-01-01,2019-03-31,30571000000,2020-04-29,10-Q,Q3
MSFT,RevenueFromContractWithCustomerExcludingAssessedTax,2019-01-01,2019-03-31,30571000000,2020-07-30,10-K,FY
MSFT,RevenueFromContractWithCustomerExcludingAssessedTax,2018-07-01,2019-06-30,125843000000,2019-08-01,10-K,FY
MSFT,RevenueFromContractWithCustomerExcludingAssessedTax,2018-07-01,2019-06-30,125843000000,2020-07-30,10-K,FY
MSFT,RevenueFromContractWithCustomerExcludingAssessedTax,2018-07-01,2019-06-30,125843000000,2021-07-29,10-K,FY
MSFT,RevenueFromContractWithCustomerExcludingAssessedTax,2019-04-01,2019-06-30,33717000000,2019-08-01,10-K,FY
MSFT,RevenueFromContractWithCustomerExcludingAssessedTax,2019-04-01,2019-06-30,33717000000,2020-07-30,10-K,FY
MSFT,RevenueFromContractWithCustomerExcludingAssessedTax,2019-07-01,2019-09-30,33055000000,2019-10-23,10-Q,Q1
MSFT,RevenueFromContractWithCustomerExcludingAssessedTax,2019-07-01,2019-09-30,33055000000,2020-07-30,10-K,FY
MSFT,RevenueFromContractWithCustomerExcludingAssessedTax,2019-07-01,2019-09-30,33055000000,2020-10-27,10-Q,Q1
MSFT,RevenueFromContractWithCustomerExcludingAssessedTax,2019-07-01,2019-12-31,69961000000,2020-01-29,10-Q,Q2
MSFT,RevenueFromContractWithCustomerExcludingAssessedTax,2019-07-01,2019-12-31,69961000000,2021-01-26,10-Q,Q2
MSFT,RevenueFromContractWithCustomerExcludingAssessedTax,2019-10-01,2019-12-31,36906000000,2020-01-29,10-Q,Q2
MSFT,RevenueFromContractWithCustomerExcludingAssessedTax,2019-10-01,2019-12-31,36906000000,2020-07-30,10-K,FY
MSFT,RevenueFromContractWithCustomerExcludingAssessedTax,2019-10-01,2019-12-31,36906000000,2021-01-26,10-Q,Q2
MSFT,RevenueFromContractWithCustomerExcludingAssessedTax,2019-07-01,2020-03-31,104982000000,2020-04-29,10-Q,Q3
MSFT,RevenueFromContractWithCustomerExcludingAssessedTax,2019-07-01,2020-03-31,104982000000,2021-04-27,10-Q,Q3
MSFT,RevenueFromContractWithCustomerExcludingAssessedTax,2020-01-01,2020-03-31,35021000000,2020-04-29,10-Q,Q3
MSFT,RevenueFromContractWithCustomerExcludingAssessedTax,2020-01-01,2020-03-31,35021000000,2020-07-30,10-K,FY
MSFT,RevenueFromContractWithCustomerExcludingAssessedTax,2020-01-01,2020-03-31,35021000000,2021-04-27,10-Q,Q3
MSFT,RevenueFromContractWithCustomerExcludingAssessedTax,2019-07-01,2020-06-30,143015000000,2020-07-30,10-K,FY
MSFT,RevenueFromContractWithCustomerExcludingAssessedTax,2019-07-01,2020-06-30,143015000000,2021-07-29,10-K,FY
MSFT,RevenueFromContractWithCustomerExcludingAssessedTax,2019-07-01,2020-06-30,143015000000,2022-07-28,10-K,FY
MSFT,RevenueFromContractWithCustomerExcludingAssessedTax,2020-04-01,2020-06-30,38033000000,2020-07-30,10-K,FY
MSFT,RevenueFromContractWithCustomerExcludingAssessedTax,2020-07-01,2020-09-30,37154000000,2020-10-27,10-Q,Q1
MSFT,RevenueFromContractWithCustomerExcludingAssessedTax,2020-07-01,2020-09-30,37154000000,2021-10-26,10-Q,Q1
MSFT,RevenueFromContractWithCustomerExcludingAssessedTax,2020-07-01,2020-12-31,80230000000,2021-01-26,10-Q,Q2
MSFT,RevenueFromContractWithCustomerExcludingAssessedTax,2020-07-01,2020-12-31,80230000000,2022-01-25,10-Q,Q2
MSFT,RevenueFromContractWithCustomerExcludingAssessedTax,2020-10-01,2020-12-31,43076000000,2021-01-26,10-Q,Q2
MSFT,RevenueFromContractWithCustomerExcludingAssessedTax,2020-10-01,2020-12-31,43076000000,2022-01-25,10-Q,Q2
MSFT,RevenueFromContractWithCustomerExcludingAssessedTax,2020-07-01,2021-03-31,121936000000,2021-04-27,10-Q,Q3
MSFT,RevenueFromContractWithCustomerExcludingAssessedTax,2020-07-01,2021-03-31,121936000000,2022-04-26,10-Q,Q3
MSFT,RevenueFromContractWithCustomerExcludingAssessedTax,2021-01-01,2021-03-31,41706000000,2021-04-27,10-Q,Q3
MSFT,RevenueFromContractWithCustomerExcludingAssessedTax,2021-01-01,2021-03-31,41706000000,2022-04-26,10-Q,Q3
MSFT,RevenueFromContractWithCustomerExcludingAssessedTax,2020-07-01,2021-06-30,168088000000,2021-07-29,10-K,FY
MSFT,RevenueFromContractWithCustomerExcludingAssessedTax,2020-07-01,2021-06-30,168088000000,2022-07-28,10-K,FY
MSFT,RevenueFromContractWithCustomerExcludingAssessedTax,2020-07-01,2021-06-30,168088000000,2023-07-27,10-K,FY
MSFT,RevenueFromContractWithCustomerExcludingAssessedTax,2021-07-01,2021-09-30,45317000000,2021-10-26,10-Q,Q1
MSFT,RevenueFromContractWithCustomerExcludingAssessedTax,2021-07-01,2021-09-30,45317000000,2022-10-25,10-Q,Q1
MSFT,RevenueFromContractWithCustomerExcludingAssessedTax,2021-07-01,2021-12-31,97045000000,2022-01-25,10-Q,Q2
MSFT,RevenueFromContractWithCustomerExcludingAssessedTax,2021-07-01,2021-12-31,97045000000,2023-01-24,10-Q,Q2
MSFT,RevenueFromContractWithCustomerExcludingAssessedTax,2021-10-01,2021-12-31,51728000000,2022-01-25,10-Q,Q2
MSFT,RevenueFromContractWithCustomerExcludingAssessedTax,2021-10-01,2021-12-31,51728000000,2023-01-24,10-Q,Q2
MSFT,RevenueFromContractWithCustomerExcludingAssessedTax,2021-07-01,2022-03-31,146405000000,2022-04-26,10-Q,Q3
MSFT,RevenueFromContractWithCustomerExcludingAssessedTax,2021-07-01,2022-03-31,146405000000,2023-04-25,10-Q,Q3
MSFT,RevenueFromContractWithCustomerExcludingAssessedTax,2022-01-01,2022-03-31,49360000000,2022-04-26,10-Q,Q3
MSFT,RevenueFromContractWithCustomerExcludingAssessedTax,2022-01-01,2022-03-31,49360000000,2023-04-25,10-Q,Q3
MSFT,RevenueFromContractWithCustomerExcludingAssessedTax,2021-07-01,2022-06-30,198270000000,2022-07-28,10-K,FY
MSFT,RevenueFromContractWithCustomerExcludingAssessedTax,2021-07-01,2022-06-30,198270000000,2023-07-27,10-K,FY
MSFT,RevenueFromContractWithCustomerExcludingAssessedTax,2021-07-01,2022-06-30,198270000000,2024-07-30,10-K,FY
MSFT,RevenueFromContractWithCustomerExcludingAssessedTax,2021-07-01,2022-06-30,198270000000,2024-12-03,8-K,
MSFT,RevenueFromContractWithCustomerExcludingAssessedTax,2022-07-01,2022-09-30,50122000000,2022-10-25,10-Q,Q1
MSFT,RevenueFromContractWithCustomerExcludingAssessedTax,2022-07-01,2022-09-30,50122000000,2023-10-24,10-Q,Q1
MSFT,RevenueFromContractWithCustomerExcludingAssessedTax,2022-07-01,2022-12-31,102869000000,2023-01-24,10-Q,Q2
MSFT,RevenueFromContractWithCustomerExcludingAssessedTax,2022-07-01,2022-12-31,102869000000,2024-01-30,10-Q,Q2
MSFT,RevenueFromContractWithCustomerExcludingAssessedTax,2022-10-01,2022-12-31,52747000000,2023-01-24,10-Q,Q2
MSFT,RevenueFromContractWithCustomerExcludingAssessedTax,2022-10-01,2022-12-31,52747000000,2024-01-30,10-Q,Q2
MSFT,RevenueFromContractWithCustomerExcludingAssessedTax,2022-07-01,2023-03-31,155726000000,2023-04-25,10-Q,Q3
MSFT,RevenueFromContractWithCustomerExcludingAssessedTax,2022-07-01,2023-03-31,155726000000,2024-04-25,10-Q,Q3
MSFT,RevenueFromContractWithCustomerExcludingAssessedTax,2023-01-01,2023-03-31,52857000000,2023-04-25,10-Q,Q3
MSFT,RevenueFromContractWithCustomerExcludingAssessedTax,2023-01-01,2023-03-31,52857000000,2024-04-25,10-Q,Q3
MSFT,RevenueFromContractWithCustomerExcludingAssessedTax,2022-07-01,2023-06-30,211915000000,2023-07-27,10-K,FY
MSFT,RevenueFromContractWithCustomerExcludingAssessedTax,2022-07-01,2023-06-30,211915000000,2024-07-30,10-K,FY
MSFT,RevenueFromContractWithCustomerExcludingAssessedTax,2022-07-01,2023-06-30,211915000000,2024-12-03,8-K,
MSFT,RevenueFromContractWithCustomerExcludingAssessedTax,2022-07-01,2023-06-30,211915000000,2025-07-30,10-K,FY
MSFT,RevenueFromContractWithCustomerExcludingAssessedTax,2023-07-01,2023-09-30,56517000000,2023-10-24,10-Q,Q1
MSFT,RevenueFromContractWithCustomerExcludingAssessedTax,2023-07-01,2023-09-30,56517000000,2024-10-30,10-Q,Q1
MSFT,RevenueFromContractWithCustomerExcludingAssessedTax,2023-07-01,2023-12-31,118537000000,2024-01-30,10-Q,Q2
MSFT,RevenueFromContractWithCustomerExcludingAssessedTax,2023-07-01,2023-12-31,118537000000,2025-01-29,10-Q,Q2
MSFT,RevenueFromContractWithCustomerExcludingAssessedTax,2023-10-01,2023-12-31,62020000000,2024-01-30,10-Q,Q2
MSFT,RevenueFromContractWithCustomerExcludingAssessedTax,2023-10-01,2023-12-31,62020000000,2025-01-29,10-Q,Q2
MSFT,RevenueFromContractWithCustomerExcludingAssessedTax,2023-07-01,2024-03-31,180395000000,2024-04-25,10-Q,Q3
MSFT,RevenueFromContractWithCustomerExcludingAssessedTax,2023-07-01,2024-03-31,180395000000,2025-04-30,10-Q,Q3
MSFT,RevenueFromContractWithCustomerExcludingAssessedTax,2024-01-01,2024-03-31,61858000000,2024-04-25,10-Q,Q3
MSFT,RevenueFromContractWithCustomerExcludingAssessedTax,2024-01-01,2024-03-31,61858000000,2025-04-30,10-Q,Q3
MSFT,RevenueFromContractWithCustomerExcludingAssessedTax,2023-07-01,2024-06-30,245122000000,2024-07-30,10-K,FY
MSFT,RevenueFromContractWithCustomerExcludingAssessedTax,2023-07-01,2024-06-30,245122000000,2024-12-03,8-K,
MSFT,RevenueFromContractWithCustomerExcludingAssessedTax,2023-07-01,2024-06-30,245122000000,2025-07-30,10-K,FY
MSFT,RevenueFromContractWithCustomerExcludingAssessedTax,2023-07-01,2024-06-30,245122000000,2026-07-29,10-K,FY
MSFT,RevenueFromContractWithCustomerExcludingAssessedTax,2024-07-01,2024-09-30,65585000000,2024-10-30,10-Q,Q1
MSFT,RevenueFromContractWithCustomerExcludingAssessedTax,2024-07-01,2024-09-30,65585000000,2025-10-29,10-Q,Q1
MSFT,RevenueFromContractWithCustomerExcludingAssessedTax,2024-07-01,2024-12-31,135217000000,2025-01-29,10-Q,Q2
MSFT,RevenueFromContractWithCustomerExcludingAssessedTax,2024-07-01,2024-12-31,135217000000,2026-01-28,10-Q,Q2
MSFT,RevenueFromContractWithCustomerExcludingAssessedTax,2024-10-01,2024-12-31,69632000000,2025-01-29,10-Q,Q2
MSFT,RevenueFromContractWithCustomerExcludingAssessedTax,2024-10-01,2024-12-31,69632000000,2026-01-28,10-Q,Q2
MSFT,RevenueFromContractWithCustomerExcludingAssessedTax,2024-07-01,2025-03-31,205283000000,2025-04-30,10-Q,Q3
MSFT,RevenueFromContractWithCustomerExcludingAssessedTax,2024-07-01,2025-03-31,205283000000,2026-04-29,10-Q,Q3
MSFT,RevenueFromContractWithCustomerExcludingAssessedTax,2025-01-01,2025-03-31,70066000000,2025-04-30,10-Q,Q3
MSFT,RevenueFromContractWithCustomerExcludingAssessedTax,2025-01-01,2025-03-31,70066000000,2026-04-29,10-Q,Q3
MSFT,RevenueFromContractWithCustomerExcludingAssessedTax,2024-07-01,2025-06-30,281724000000,2025-07-30,10-K,FY
MSFT,RevenueFromContractWithCustomerExcludingAssessedTax,2024-07-01,2025-06-30,281724000000,2026-07-29,10-K,FY
MSFT,RevenueFromContractWithCustomerExcludingAssessedTax,2025-07-01,2025-09-30,77673000000,2025-10-29,10-Q,Q1
MSFT,RevenueFromContractWithCustomerExcludingAssessedTax,2025-07-01,2025-12-31,158946000000,2026-01-28,10-Q,Q2
MSFT,RevenueFromContractWithCustomerExcludingAssessedTax,2025-10-01,2025-12-31,81273000000,2026-01-28,10-Q,Q2
MSFT,RevenueFromContractWithCustomerExcludingAssessedTax,2025-07-01,2026-03-31,241832000000,2026-04-29,10-Q,Q3
MSFT,RevenueFromContractWithCustomerExcludingAssessedTax,2026-01-01,2026-03-31,82886000000,2026-04-29,10-Q,Q3
MSFT,RevenueFromContractWithCustomerExcludingAssessedTax,2025-07-01,2026-06-30,331839000000,2026-07-29,10-K,FY
MSFT,RevenueRemainingPerformanceObligation,,2017-09-30,59000000000,2017-10-26,10-Q,Q1
MSFT,RevenueRemainingPerformanceObligation,,2017-12-31,61000000000,2018-01-31,10-Q,Q2
MSFT,RevenueRemainingPerformanceObligation,,2018-03-31,61000000000,2018-04-26,10-Q,Q3
MSFT,RevenueRemainingPerformanceObligation,,2018-06-30,73000000000,2018-08-03,10-K,FY
MSFT,RevenueRemainingPerformanceObligation,,2018-09-30,71000000000,2018-10-24,10-Q,Q1
MSFT,RevenueRemainingPerformanceObligation,,2018-12-31,72000000000,2019-01-30,10-Q,Q2
MSFT,RevenueRemainingPerformanceObligation,,2019-03-31,75000000000,2019-04-24,10-Q,Q3
MSFT,RevenueRemainingPerformanceObligation,,2019-06-30,91000000000,2019-08-01,10-K,FY
MSFT,RevenueRemainingPerformanceObligation,,2019-09-30,89000000000,2019-10-23,10-Q,Q1
MSFT,RevenueRemainingPerformanceObligation,,2019-12-31,93000000000,2020-01-29,10-Q,Q2
MSFT,RevenueRemainingPerformanceObligation,,2020-03-31,93000000000,2020-04-29,10-Q,Q3
MSFT,RevenueRemainingPerformanceObligation,,2020-06-30,111000000000,2020-07-30,10-K,FY
MSFT,RevenueRemainingPerformanceObligation,,2020-09-30,111000000000,2020-10-27,10-Q,Q1
MSFT,RevenueRemainingPerformanceObligation,,2020-12-31,117000000000,2021-01-26,10-Q,Q2
MSFT,RevenueRemainingPerformanceObligation,,2021-03-31,121000000000,2021-04-27,10-Q,Q3
MSFT,RevenueRemainingPerformanceObligation,,2021-06-30,146000000000,2021-07-29,10-K,FY
MSFT,RevenueRemainingPerformanceObligation,,2021-09-30,142000000000,2021-10-26,10-Q,Q1
MSFT,RevenueRemainingPerformanceObligation,,2021-12-31,152000000000,2022-01-25,10-Q,Q2
MSFT,RevenueRemainingPerformanceObligation,,2022-03-31,160000000000,2022-04-26,10-Q,Q3
MSFT,RevenueRemainingPerformanceObligation,,2022-06-30,193000000000,2022-07-28,10-K,FY
MSFT,RevenueRemainingPerformanceObligation,,2022-09-30,183000000000,2022-10-25,10-Q,Q1
MSFT,RevenueRemainingPerformanceObligation,,2022-12-31,193000000000,2023-01-24,10-Q,Q2
MSFT,RevenueRemainingPerformanceObligation,,2023-03-31,201000000000,2023-04-25,10-Q,Q3
MSFT,RevenueRemainingPerformanceObligation,,2023-06-30,229000000000,2023-07-27,10-K,FY
MSFT,RevenueRemainingPerformanceObligation,,2023-09-30,216000000000,2023-10-24,10-Q,Q1
MSFT,RevenueRemainingPerformanceObligation,,2023-12-31,229000000000,2024-01-30,10-Q,Q2
MSFT,RevenueRemainingPerformanceObligation,,2024-03-31,242000000000,2024-04-25,10-Q,Q3
MSFT,RevenueRemainingPerformanceObligation,,2024-06-30,275000000000,2024-07-30,10-K,FY
MSFT,RevenueRemainingPerformanceObligation,,2024-06-30,275000000000,2024-12-03,8-K,
MSFT,RevenueRemainingPerformanceObligation,,2024-09-30,266000000000,2024-10-30,10-Q,Q1
MSFT,RevenueRemainingPerformanceObligation,,2024-12-31,304000000000,2025-01-29,10-Q,Q2
MSFT,RevenueRemainingPerformanceObligation,,2025-03-31,321000000000,2025-04-30,10-Q,Q3
MSFT,RevenueRemainingPerformanceObligation,,2025-06-30,375000000000,2025-07-30,10-K,FY
MSFT,RevenueRemainingPerformanceObligation,,2025-09-30,398000000000,2025-10-29,10-Q,Q1
MSFT,RevenueRemainingPerformanceObligation,,2025-12-31,631000000000,2026-01-28,10-Q,Q2
MSFT,RevenueRemainingPerformanceObligation,,2026-03-31,633000000000,2026-04-29,10-Q,Q3
MSFT,RevenueRemainingPerformanceObligation,,2026-06-30,684000000000,2026-07-29,10-K,FY
GOOGL,PaymentsToAcquirePropertyPlantAndEquipment,2013-01-01,2013-12-31,7358000000,2016-02-11,10-K,FY
GOOGL,PaymentsToAcquirePropertyPlantAndEquipment,2013-01-01,2013-12-31,7358000000,2016-05-03,8-K,FY
GOOGL,PaymentsToAcquirePropertyPlantAndEquipment,2014-01-01,2014-09-30,7408000000,2015-10-29,10-Q,Q3
GOOGL,PaymentsToAcquirePropertyPlantAndEquipment,2014-01-01,2014-12-31,10959000000,2016-02-11,10-K,FY
GOOGL,PaymentsToAcquirePropertyPlantAndEquipment,2014-01-01,2014-12-31,10959000000,2016-05-03,8-K,FY
GOOGL,PaymentsToAcquirePropertyPlantAndEquipment,2014-01-01,2014-12-31,11014000000,2017-02-03,10-K,FY
GOOGL,PaymentsToAcquirePropertyPlantAndEquipment,2015-01-01,2015-03-31,2927000000,2016-05-03,10-Q,Q1
GOOGL,PaymentsToAcquirePropertyPlantAndEquipment,2015-01-01,2015-06-30,5442000000,2016-08-04,10-Q,Q2
GOOGL,PaymentsToAcquirePropertyPlantAndEquipment,2015-04-01,2015-06-30,2515000000,2016-08-04,10-Q,Q2
GOOGL,PaymentsToAcquirePropertyPlantAndEquipment,2015-01-01,2015-09-30,7815000000,2015-10-29,10-Q,Q3
GOOGL,PaymentsToAcquirePropertyPlantAndEquipment,2015-01-01,2015-09-30,7848000000,2016-11-03,10-Q,Q3
GOOGL,PaymentsToAcquirePropertyPlantAndEquipment,2015-07-01,2015-09-30,2383000000,2016-11-03,10-Q,Q3
GOOGL,PaymentsToAcquirePropertyPlantAndEquipment,2015-01-01,2015-12-31,9915000000,2016-02-11,10-K,FY
GOOGL,PaymentsToAcquirePropertyPlantAndEquipment,2015-01-01,2015-12-31,9915000000,2016-05-03,8-K,FY
GOOGL,PaymentsToAcquirePropertyPlantAndEquipment,2015-01-01,2015-12-31,9950000000,2017-02-03,10-K,FY
GOOGL,PaymentsToAcquirePropertyPlantAndEquipment,2015-01-01,2015-12-31,9950000000,2018-02-06,10-K,FY
GOOGL,PaymentsToAcquirePropertyPlantAndEquipment,2016-01-01,2016-03-31,2428000000,2016-05-03,10-Q,Q1
GOOGL,PaymentsToAcquirePropertyPlantAndEquipment,2016-01-01,2016-03-31,2444000000,2017-05-02,10-Q,Q1
GOOGL,PaymentsToAcquirePropertyPlantAndEquipment,2016-01-01,2016-06-30,4551000000,2016-08-04,10-Q,Q2
GOOGL,PaymentsToAcquirePropertyPlantAndEquipment,2016-01-01,2016-06-30,4580000000,2017-07-25,10-Q,Q2
GOOGL,PaymentsToAcquirePropertyPlantAndEquipment,2016-04-01,2016-06-30,2123000000,2016-08-04,10-Q,Q2
GOOGL,PaymentsToAcquirePropertyPlantAndEquipment,2016-04-01,2016-06-30,2136000000,2017-07-25,10-Q,Q2
GOOGL,PaymentsToAcquirePropertyPlantAndEquipment,2016-01-01,2016-09-30,7134000000,2016-11-03,10-Q,Q3
GOOGL,PaymentsToAcquirePropertyPlantAndEquipment,2016-01-01,2016-09-30,7134000000,2017-10-27,10-Q,Q3
GOOGL,PaymentsToAcquirePropertyPlantAndEquipment,2016-07-01,2016-09-30,2554000000,2016-11-03,10-Q,Q3
GOOGL,PaymentsToAcquirePropertyPlantAndEquipment,2016-07-01,2016-09-30,2554000000,2017-10-27,10-Q,Q3
GOOGL,PaymentsToAcquirePropertyPlantAndEquipment,2016-01-01,2016-12-31,10212000000,2017-02-03,10-K,FY
GOOGL,PaymentsToAcquirePropertyPlantAndEquipment,2016-01-01,2016-12-31,10212000000,2018-02-06,10-K,FY
GOOGL,PaymentsToAcquirePropertyPlantAndEquipment,2016-01-01,2016-12-31,10212000000,2019-02-05,10-K,FY
GOOGL,PaymentsToAcquirePropertyPlantAndEquipment,2017-01-01,2017-03-31,2508000000,2017-05-02,10-Q,Q1
GOOGL,PaymentsToAcquirePropertyPlantAndEquipment,2017-01-01,2017-03-31,2508000000,2018-04-24,10-Q,Q1
GOOGL,PaymentsToAcquirePropertyPlantAndEquipment,2017-01-01,2017-06-30,5339000000,2017-07-25,10-Q,Q2
GOOGL,PaymentsToAcquirePropertyPlantAndEquipment,2017-01-01,2017-06-30,5339000000,2018-07-24,10-Q,Q2
GOOGL,PaymentsToAcquirePropertyPlantAndEquipment,2017-04-01,2017-06-30,2831000000,2017-07-25,10-Q,Q2
GOOGL,PaymentsToAcquirePropertyPlantAndEquipment,2017-04-01,2017-06-30,2831000000,2018-07-24,10-Q,Q2
GOOGL,PaymentsToAcquirePropertyPlantAndEquipment,2017-01-01,2017-09-30,8877000000,2017-10-27,10-Q,Q3
GOOGL,PaymentsToAcquirePropertyPlantAndEquipment,2017-01-01,2017-09-30,8877000000,2018-10-26,10-Q,Q3
GOOGL,PaymentsToAcquirePropertyPlantAndEquipment,2017-07-01,2017-09-30,3538000000,2017-10-27,10-Q,Q3
GOOGL,PaymentsToAcquirePropertyPlantAndEquipment,2017-07-01,2017-09-30,3538000000,2018-10-26,10-Q,Q3
GOOGL,PaymentsToAcquirePropertyPlantAndEquipment,2017-01-01,2017-12-31,13184000000,2018-02-06,10-K,FY
GOOGL,PaymentsToAcquirePropertyPlantAndEquipment,2017-01-01,2017-12-31,13184000000,2019-02-05,10-K,FY
GOOGL,PaymentsToAcquirePropertyPlantAndEquipment,2017-01-01,2017-12-31,13184000000,2020-02-04,10-K,FY
GOOGL,PaymentsToAcquirePropertyPlantAndEquipment,2018-01-01,2018-03-31,7299000000,2018-04-24,10-Q,Q1
GOOGL,PaymentsToAcquirePropertyPlantAndEquipment,2018-01-01,2018-03-31,7299000000,2019-04-30,10-Q,Q1
GOOGL,PaymentsToAcquirePropertyPlantAndEquipment,2018-01-01,2018-06-30,12776000000,2018-07-24,10-Q,Q2
GOOGL,PaymentsToAcquirePropertyPlantAndEquipment,2018-01-01,2018-06-30,12776000000,2019-07-26,10-Q,Q2
GOOGL,PaymentsToAcquirePropertyPlantAndEquipment,2018-04-01,2018-06-30,5477000000,2018-07-24,10-Q,Q2
GOOGL,PaymentsToAcquirePropertyPlantAndEquipment,2018-04-01,2018-06-30,5477000000,2019-07-26,10-Q,Q2
GOOGL,PaymentsToAcquirePropertyPlantAndEquipment,2018-01-01,2018-09-30,18058000000,2018-10-26,10-Q,Q3
GOOGL,PaymentsToAcquirePropertyPlantAndEquipment,2018-01-01,2018-09-30,18058000000,2019-10-29,10-Q,Q3
GOOGL,PaymentsToAcquirePropertyPlantAndEquipment,2018-07-01,2018-09-30,5282000000,2018-10-26,10-Q,Q3
GOOGL,PaymentsToAcquirePropertyPlantAndEquipment,2018-07-01,2018-09-30,5282000000,2019-10-29,10-Q,Q3
GOOGL,PaymentsToAcquirePropertyPlantAndEquipment,2018-01-01,2018-12-31,25139000000,2019-02-05,10-K,FY
GOOGL,PaymentsToAcquirePropertyPlantAndEquipment,2018-01-01,2018-12-31,25139000000,2020-02-04,10-K,FY
GOOGL,PaymentsToAcquirePropertyPlantAndEquipment,2018-01-01,2018-12-31,25139000000,2021-02-03,10-K,FY
GOOGL,PaymentsToAcquirePropertyPlantAndEquipment,2019-01-01,2019-03-31,4638000000,2019-04-30,10-Q,Q1
GOOGL,PaymentsToAcquirePropertyPlantAndEquipment,2019-01-01,2019-03-31,4638000000,2020-04-29,10-Q,Q1
GOOGL,PaymentsToAcquirePropertyPlantAndEquipment,2019-01-01,2019-06-30,10764000000,2019-07-26,10-Q,Q2
GOOGL,PaymentsToAcquirePropertyPlantAndEquipment,2019-01-01,2019-06-30,10764000000,2020-07-31,10-Q,Q2
GOOGL,PaymentsToAcquirePropertyPlantAndEquipment,2019-04-01,2019-06-30,6126000000,2019-07-26,10-Q,Q2
GOOGL,PaymentsToAcquirePropertyPlantAndEquipment,2019-04-01,2019-06-30,6126000000,2020-07-31,10-Q,Q2
GOOGL,PaymentsToAcquirePropertyPlantAndEquipment,2019-01-01,2019-09-30,17496000000,2019-10-29,10-Q,Q3
GOOGL,PaymentsToAcquirePropertyPlantAndEquipment,2019-01-01,2019-09-30,17496000000,2020-10-30,10-Q,Q3
GOOGL,PaymentsToAcquirePropertyPlantAndEquipment,2019-07-01,2019-09-30,6732000000,2019-10-29,10-Q,Q3
GOOGL,PaymentsToAcquirePropertyPlantAndEquipment,2019-07-01,2019-09-30,6732000000,2020-10-30,10-Q,Q3
GOOGL,PaymentsToAcquirePropertyPlantAndEquipment,2019-01-01,2019-12-31,23548000000,2020-02-04,10-K,FY
GOOGL,PaymentsToAcquirePropertyPlantAndEquipment,2019-01-01,2019-12-31,23548000000,2021-02-03,10-K,FY
GOOGL,PaymentsToAcquirePropertyPlantAndEquipment,2019-01-01,2019-12-31,23548000000,2022-02-02,10-K,FY
GOOGL,PaymentsToAcquirePropertyPlantAndEquipment,2020-01-01,2020-03-31,6005000000,2020-04-29,10-Q,Q1
GOOGL,PaymentsToAcquirePropertyPlantAndEquipment,2020-01-01,2020-03-31,6005000000,2021-04-28,10-Q,Q1
GOOGL,PaymentsToAcquirePropertyPlantAndEquipment,2020-01-01,2020-06-30,11396000000,2020-07-31,10-Q,Q2
GOOGL,PaymentsToAcquirePropertyPlantAndEquipment,2020-01-01,2020-06-30,11396000000,2021-07-28,10-Q,Q2
GOOGL,PaymentsToAcquirePropertyPlantAndEquipment,2020-04-01,2020-06-30,5391000000,2020-07-31,10-Q,Q2
GOOGL,PaymentsToAcquirePropertyPlantAndEquipment,2020-01-01,2020-09-30,16802000000,2020-10-30,10-Q,Q3
GOOGL,PaymentsToAcquirePropertyPlantAndEquipment,2020-01-01,2020-09-30,16802000000,2021-10-27,10-Q,Q3
GOOGL,PaymentsToAcquirePropertyPlantAndEquipment,2020-07-01,2020-09-30,5406000000,2020-10-30,10-Q,Q3
GOOGL,PaymentsToAcquirePropertyPlantAndEquipment,2020-01-01,2020-12-31,22281000000,2021-02-03,10-K,FY
GOOGL,PaymentsToAcquirePropertyPlantAndEquipment,2020-01-01,2020-12-31,22281000000,2022-02-02,10-K,FY
GOOGL,PaymentsToAcquirePropertyPlantAndEquipment,2020-01-01,2020-12-31,22281000000,2023-02-03,10-K,FY
GOOGL,PaymentsToAcquirePropertyPlantAndEquipment,2021-01-01,2021-03-31,5942000000,2021-04-28,10-Q,Q1
GOOGL,PaymentsToAcquirePropertyPlantAndEquipment,2021-01-01,2021-03-31,5942000000,2022-04-27,10-Q,Q1
GOOGL,PaymentsToAcquirePropertyPlantAndEquipment,2021-01-01,2021-06-30,11438000000,2021-07-28,10-Q,Q2
GOOGL,PaymentsToAcquirePropertyPlantAndEquipment,2021-01-01,2021-06-30,11438000000,2022-07-27,10-Q,Q2
GOOGL,PaymentsToAcquirePropertyPlantAndEquipment,2021-01-01,2021-09-30,18257000000,2021-10-27,10-Q,Q3
GOOGL,PaymentsToAcquirePropertyPlantAndEquipment,2021-01-01,2021-09-30,18257000000,2022-10-26,10-Q,Q3
GOOGL,PaymentsToAcquirePropertyPlantAndEquipment,2021-01-01,2021-12-31,24640000000,2022-02-02,10-K,FY
GOOGL,PaymentsToAcquirePropertyPlantAndEquipment,2021-01-01,2021-12-31,24640000000,2023-02-03,10-K,FY
GOOGL,PaymentsToAcquirePropertyPlantAndEquipment,2021-01-01,2021-12-31,24640000000,2024-01-31,10-K,FY
GOOGL,PaymentsToAcquirePropertyPlantAndEquipment,2022-01-01,2022-03-31,9786000000,2022-04-27,10-Q,Q1
GOOGL,PaymentsToAcquirePropertyPlantAndEquipment,2022-01-01,2022-03-31,9786000000,2023-04-26,10-Q,Q1
GOOGL,PaymentsToAcquirePropertyPlantAndEquipment,2022-01-01,2022-06-30,16614000000,2022-07-27,10-Q,Q2
GOOGL,PaymentsToAcquirePropertyPlantAndEquipment,2022-01-01,2022-06-30,16614000000,2023-07-26,10-Q,Q2
GOOGL,PaymentsToAcquirePropertyPlantAndEquipment,2022-01-01,2022-09-30,23890000000,2022-10-26,10-Q,Q3
GOOGL,PaymentsToAcquirePropertyPlantAndEquipment,2022-01-01,2022-09-30,23890000000,2023-10-25,10-Q,Q3
GOOGL,PaymentsToAcquirePropertyPlantAndEquipment,2022-01-01,2022-12-31,31485000000,2023-02-03,10-K,FY
GOOGL,PaymentsToAcquirePropertyPlantAndEquipment,2022-01-01,2022-12-31,31485000000,2024-01-31,10-K,FY
GOOGL,PaymentsToAcquirePropertyPlantAndEquipment,2022-01-01,2022-12-31,31485000000,2025-02-05,10-K,FY
GOOGL,PaymentsToAcquirePropertyPlantAndEquipment,2023-01-01,2023-03-31,6289000000,2023-04-26,10-Q,Q1
GOOGL,PaymentsToAcquirePropertyPlantAndEquipment,2023-01-01,2023-03-31,6289000000,2024-04-26,10-Q,Q1
GOOGL,PaymentsToAcquirePropertyPlantAndEquipment,2023-01-01,2023-06-30,13177000000,2023-07-26,10-Q,Q2
GOOGL,PaymentsToAcquirePropertyPlantAndEquipment,2023-01-01,2023-06-30,13177000000,2024-07-24,10-Q,Q2
GOOGL,PaymentsToAcquirePropertyPlantAndEquipment,2023-01-01,2023-09-30,21232000000,2023-10-25,10-Q,Q3
GOOGL,PaymentsToAcquirePropertyPlantAndEquipment,2023-01-01,2023-09-30,21232000000,2024-10-30,10-Q,Q3
GOOGL,PaymentsToAcquirePropertyPlantAndEquipment,2023-01-01,2023-12-31,32251000000,2024-01-31,10-K,FY
GOOGL,PaymentsToAcquirePropertyPlantAndEquipment,2023-01-01,2023-12-31,32251000000,2025-02-05,10-K,FY
GOOGL,PaymentsToAcquirePropertyPlantAndEquipment,2023-01-01,2023-12-31,32251000000,2026-02-05,10-K,FY
GOOGL,PaymentsToAcquirePropertyPlantAndEquipment,2024-01-01,2024-03-31,12012000000,2024-04-26,10-Q,Q1
GOOGL,PaymentsToAcquirePropertyPlantAndEquipment,2024-01-01,2024-03-31,12012000000,2025-04-25,10-Q,Q1
GOOGL,PaymentsToAcquirePropertyPlantAndEquipment,2024-01-01,2024-06-30,25198000000,2024-07-24,10-Q,Q2
GOOGL,PaymentsToAcquirePropertyPlantAndEquipment,2024-01-01,2024-06-30,25198000000,2025-07-24,10-Q,Q2
GOOGL,PaymentsToAcquirePropertyPlantAndEquipment,2024-01-01,2024-09-30,38259000000,2024-10-30,10-Q,Q3
GOOGL,PaymentsToAcquirePropertyPlantAndEquipment,2024-01-01,2024-09-30,38259000000,2025-10-30,10-Q,Q3
GOOGL,PaymentsToAcquirePropertyPlantAndEquipment,2024-01-01,2024-12-31,52535000000,2025-02-05,10-K,FY
GOOGL,PaymentsToAcquirePropertyPlantAndEquipment,2024-01-01,2024-12-31,52535000000,2026-02-05,10-K,FY
GOOGL,PaymentsToAcquirePropertyPlantAndEquipment,2025-01-01,2025-03-31,17197000000,2025-04-25,10-Q,Q1
GOOGL,PaymentsToAcquirePropertyPlantAndEquipment,2025-01-01,2025-03-31,17197000000,2026-04-30,10-Q,Q1
GOOGL,PaymentsToAcquirePropertyPlantAndEquipment,2025-01-01,2025-06-30,39643000000,2025-07-24,10-Q,Q2
GOOGL,PaymentsToAcquirePropertyPlantAndEquipment,2025-01-01,2025-06-30,39643000000,2026-07-23,10-Q,Q2
GOOGL,PaymentsToAcquirePropertyPlantAndEquipment,2025-01-01,2025-09-30,63596000000,2025-10-30,10-Q,Q3
GOOGL,PaymentsToAcquirePropertyPlantAndEquipment,2025-01-01,2025-12-31,91447000000,2026-02-05,10-K,FY
GOOGL,PaymentsToAcquirePropertyPlantAndEquipment,2026-01-01,2026-03-31,35674000000,2026-04-30,10-Q,Q1
GOOGL,PaymentsToAcquirePropertyPlantAndEquipment,2026-01-01,2026-06-30,80598000000,2026-07-23,10-Q,Q2
GOOGL,InventoryNet,,2015-12-31,491000000,2016-11-03,10-Q,Q3
GOOGL,InventoryNet,,2015-12-31,491000000,2017-02-03,10-K,FY
GOOGL,InventoryNet,,2016-09-30,559000000,2016-11-03,10-Q,Q3
GOOGL,InventoryNet,,2016-12-31,268000000,2017-02-03,10-K,FY
GOOGL,InventoryNet,,2016-12-31,268000000,2017-05-02,10-Q,Q1
GOOGL,InventoryNet,,2016-12-31,268000000,2017-07-25,10-Q,Q2
GOOGL,InventoryNet,,2016-12-31,268000000,2017-10-27,10-Q,Q3
GOOGL,InventoryNet,,2016-12-31,268000000,2018-02-06,10-K,FY
GOOGL,InventoryNet,,2017-03-31,280000000,2017-05-02,10-Q,Q1
GOOGL,InventoryNet,,2017-06-30,398000000,2017-07-25,10-Q,Q2
GOOGL,InventoryNet,,2017-09-30,765000000,2017-10-27,10-Q,Q3
GOOGL,InventoryNet,,2017-12-31,749000000,2018-02-06,10-K,FY
GOOGL,InventoryNet,,2017-12-31,749000000,2018-04-24,10-Q,Q1
GOOGL,InventoryNet,,2017-12-31,749000000,2018-07-24,10-Q,Q2
GOOGL,InventoryNet,,2017-12-31,749000000,2018-10-26,10-Q,Q3
GOOGL,InventoryNet,,2017-12-31,749000000,2019-02-05,10-K,FY
GOOGL,InventoryNet,,2018-03-31,636000000,2018-04-24,10-Q,Q1
GOOGL,InventoryNet,,2018-06-30,698000000,2018-07-24,10-Q,Q2
GOOGL,InventoryNet,,2018-09-30,1212000000,2018-10-26,10-Q,Q3
GOOGL,InventoryNet,,2018-12-31,1107000000,2019-02-05,10-K,FY
GOOGL,InventoryNet,,2018-12-31,1107000000,2019-04-30,10-Q,Q1
GOOGL,InventoryNet,,2018-12-31,1107000000,2019-07-26,10-Q,Q2
GOOGL,InventoryNet,,2018-12-31,1107000000,2019-10-29,10-Q,Q3
GOOGL,InventoryNet,,2018-12-31,1107000000,2020-02-04,10-K,FY
GOOGL,InventoryNet,,2019-03-31,1053000000,2019-04-30,10-Q,Q1
GOOGL,InventoryNet,,2019-06-30,964000000,2019-07-26,10-Q,Q2
GOOGL,InventoryNet,,2019-09-30,1401000000,2019-10-29,10-Q,Q3
GOOGL,InventoryNet,,2019-12-31,999000000,2020-02-04,10-K,FY
GOOGL,InventoryNet,,2019-12-31,999000000,2020-04-29,10-Q,Q1
GOOGL,InventoryNet,,2019-12-31,999000000,2020-07-31,10-Q,Q2
GOOGL,InventoryNet,,2019-12-31,999000000,2020-10-30,10-Q,Q3
GOOGL,InventoryNet,,2019-12-31,999000000,2021-02-03,10-K,FY
GOOGL,InventoryNet,,2020-03-31,889000000,2020-04-29,10-Q,Q1
GOOGL,InventoryNet,,2020-06-30,815000000,2020-07-31,10-Q,Q2
GOOGL,InventoryNet,,2020-09-30,835000000,2020-10-30,10-Q,Q3
GOOGL,InventoryNet,,2020-12-31,728000000,2021-02-03,10-K,FY
GOOGL,InventoryNet,,2020-12-31,728000000,2021-04-28,10-Q,Q1
GOOGL,InventoryNet,,2020-12-31,728000000,2021-07-28,10-Q,Q2
GOOGL,InventoryNet,,2020-12-31,728000000,2021-10-27,10-Q,Q3
GOOGL,InventoryNet,,2020-12-31,728000000,2022-02-02,10-K,FY
GOOGL,InventoryNet,,2021-03-31,888000000,2021-04-28,10-Q,Q1
GOOGL,InventoryNet,,2021-06-30,907000000,2021-07-28,10-Q,Q2
GOOGL,InventoryNet,,2021-09-30,1278000000,2021-10-27,10-Q,Q3
GOOGL,InventoryNet,,2021-12-31,1170000000,2022-02-02,10-K,FY
GOOGL,InventoryNet,,2021-12-31,1170000000,2022-04-27,10-Q,Q1
GOOGL,InventoryNet,,2021-12-31,1170000000,2022-07-27,10-Q,Q2
GOOGL,InventoryNet,,2021-12-31,1170000000,2022-10-26,10-Q,Q3
GOOGL,InventoryNet,,2021-12-31,1170000000,2023-02-03,10-K,FY
GOOGL,InventoryNet,,2022-03-31,1369000000,2022-04-27,10-Q,Q1
GOOGL,InventoryNet,,2022-06-30,1980000000,2022-07-27,10-Q,Q2
GOOGL,InventoryNet,,2022-09-30,3156000000,2022-10-26,10-Q,Q3
GOOGL,InventoryNet,,2022-12-31,2670000000,2023-02-03,10-K,FY
GOOGL,InventoryNet,,2022-12-31,2670000000,2023-04-26,10-Q,Q1
GOOGL,InventoryNet,,2022-12-31,2670000000,2023-07-26,10-Q,Q2
GOOGL,InventoryNet,,2022-12-31,2670000000,2023-10-25,10-Q,Q3
GOOGL,InventoryNet,,2023-03-31,2315000000,2023-04-26,10-Q,Q1
GOOGL,InventoryNet,,2023-06-30,2231000000,2023-07-26,10-Q,Q2
GOOGL,InventoryNet,,2023-09-30,2957000000,2023-10-25,10-Q,Q3
GOOGL,InventoryNet,,2025-12-31,2439000000,2026-07-23,10-Q,Q2
GOOGL,InventoryNet,,2026-06-30,9991000000,2026-07-23,10-Q,Q2
GOOGL,CostOfRevenue,2013-01-01,2013-12-31,21993000000,2016-02-11,10-K,FY
GOOGL,CostOfRevenue,2013-01-01,2013-12-31,21993000000,2016-05-03,8-K,FY
GOOGL,CostOfRevenue,2014-01-01,2014-09-30,18770000000,2015-10-29,10-Q,Q3
GOOGL,CostOfRevenue,2014-07-01,2014-09-30,6695000000,2015-10-29,10-Q,Q3
GOOGL,CostOfRevenue,2014-01-01,2014-12-31,25691000000,2016-02-11,10-K,FY
GOOGL,CostOfRevenue,2014-01-01,2014-12-31,25691000000,2016-05-03,8-K,FY
GOOGL,CostOfRevenue,2014-01-01,2014-12-31,25691000000,2017-02-03,10-K,FY
GOOGL,CostOfRevenue,2015-01-01,2015-03-31,6356000000,2016-05-03,10-Q,Q1
GOOGL,CostOfRevenue,2015-01-01,2015-06-30,12939000000,2016-08-04,10-Q,Q2
GOOGL,CostOfRevenue,2015-04-01,2015-06-30,6583000000,2016-08-04,10-Q,Q2
GOOGL,CostOfRevenue,2015-01-01,2015-09-30,19976000000,2015-10-29,10-Q,Q3
GOOGL,CostOfRevenue,2015-01-01,2015-09-30,19976000000,2016-11-03,10-Q,Q3
GOOGL,CostOfRevenue,2015-07-01,2015-09-30,7037000000,2015-10-29,10-Q,Q3
GOOGL,CostOfRevenue,2015-07-01,2015-09-30,7037000000,2016-11-03,10-Q,Q3
GOOGL,CostOfRevenue,2015-01-01,2015-12-31,28164000000,2016-02-11,10-K,FY
GOOGL,CostOfRevenue,2015-01-01,2015-12-31,28164000000,2016-05-03,8-K,FY
GOOGL,CostOfRevenue,2015-01-01,2015-12-31,28164000000,2017-02-03,10-K,FY
GOOGL,CostOfRevenue,2015-01-01,2015-12-31,28164000000,2018-02-06,10-K,FY
GOOGL,CostOfRevenue,2016-01-01,2016-03-31,7648000000,2016-05-03,10-Q,Q1
GOOGL,CostOfRevenue,2016-01-01,2016-03-31,7648000000,2017-05-02,10-Q,Q1
GOOGL,CostOfRevenue,2016-01-01,2016-06-30,15778000000,2016-08-04,10-Q,Q2
GOOGL,CostOfRevenue,2016-01-01,2016-06-30,15778000000,2017-07-25,10-Q,Q2
GOOGL,CostOfRevenue,2016-04-01,2016-06-30,8130000000,2016-08-04,10-Q,Q2
GOOGL,CostOfRevenue,2016-04-01,2016-06-30,8130000000,2017-07-25,10-Q,Q2
GOOGL,CostOfRevenue,2016-01-01,2016-09-30,24477000000,2016-11-03,10-Q,Q3
GOOGL,CostOfRevenue,2016-01-01,2016-09-30,24477000000,2017-10-27,10-Q,Q3
GOOGL,CostOfRevenue,2016-07-01,2016-09-30,8699000000,2016-11-03,10-Q,Q3
GOOGL,CostOfRevenue,2016-07-01,2016-09-30,8699000000,2017-10-27,10-Q,Q3
GOOGL,CostOfRevenue,2016-01-01,2016-12-31,35138000000,2017-02-03,10-K,FY
GOOGL,CostOfRevenue,2016-01-01,2016-12-31,35138000000,2018-02-06,10-K,FY
GOOGL,CostOfRevenue,2016-01-01,2016-12-31,35138000000,2019-02-05,10-K,FY
GOOGL,CostOfRevenue,2017-01-01,2017-03-31,9795000000,2017-05-02,10-Q,Q1
GOOGL,CostOfRevenue,2017-01-01,2017-03-31,9795000000,2018-04-24,10-Q,Q1
GOOGL,CostOfRevenue,2017-01-01,2017-06-30,20168000000,2017-07-25,10-Q,Q2
GOOGL,CostOfRevenue,2017-01-01,2017-06-30,20168000000,2018-07-24,10-Q,Q2
GOOGL,CostOfRevenue,2017-04-01,2017-06-30,10373000000,2017-07-25,10-Q,Q2
GOOGL,CostOfRevenue,2017-04-01,2017-06-30,10373000000,2018-07-24,10-Q,Q2
GOOGL,CostOfRevenue,2017-01-01,2017-09-30,31316000000,2017-10-27,10-Q,Q3
GOOGL,CostOfRevenue,2017-01-01,2017-09-30,31316000000,2018-10-26,10-Q,Q3
GOOGL,CostOfRevenue,2017-07-01,2017-09-30,11148000000,2017-10-27,10-Q,Q3
GOOGL,CostOfRevenue,2017-07-01,2017-09-30,11148000000,2018-10-26,10-Q,Q3
GOOGL,CostOfRevenue,2017-01-01,2017-12-31,45583000000,2018-02-06,10-K,FY
GOOGL,CostOfRevenue,2017-01-01,2017-12-31,45583000000,2019-02-05,10-K,FY
GOOGL,CostOfRevenue,2017-01-01,2017-12-31,45583000000,2020-02-04,10-K,FY
GOOGL,CostOfRevenue,2018-01-01,2018-03-31,13467000000,2018-04-24,10-Q,Q1
GOOGL,CostOfRevenue,2018-01-01,2018-03-31,13467000000,2019-04-30,10-Q,Q1
GOOGL,CostOfRevenue,2018-01-01,2018-06-30,27350000000,2018-07-24,10-Q,Q2
GOOGL,CostOfRevenue,2018-01-01,2018-06-30,27350000000,2019-07-26,10-Q,Q2
GOOGL,CostOfRevenue,2018-04-01,2018-06-30,13883000000,2018-07-24,10-Q,Q2
GOOGL,CostOfRevenue,2018-04-01,2018-06-30,13883000000,2019-07-26,10-Q,Q2
GOOGL,CostOfRevenue,2018-01-01,2018-09-30,41631000000,2018-10-26,10-Q,Q3
GOOGL,CostOfRevenue,2018-01-01,2018-09-30,41631000000,2019-10-29,10-Q,Q3
GOOGL,CostOfRevenue,2018-07-01,2018-09-30,14281000000,2018-10-26,10-Q,Q3
GOOGL,CostOfRevenue,2018-07-01,2018-09-30,14281000000,2019-10-29,10-Q,Q3
GOOGL,CostOfRevenue,2018-01-01,2018-12-31,59549000000,2019-02-05,10-K,FY
GOOGL,CostOfRevenue,2018-01-01,2018-12-31,59549000000,2020-02-04,10-K,FY
GOOGL,CostOfRevenue,2018-01-01,2018-12-31,59549000000,2021-02-03,10-K,FY
GOOGL,CostOfRevenue,2019-01-01,2019-03-31,16012000000,2019-04-30,10-Q,Q1
GOOGL,CostOfRevenue,2019-01-01,2019-03-31,16012000000,2020-04-29,10-Q,Q1
GOOGL,CostOfRevenue,2019-01-01,2019-06-30,33308000000,2019-07-26,10-Q,Q2
GOOGL,CostOfRevenue,2019-01-01,2019-06-30,33308000000,2020-07-31,10-Q,Q2
GOOGL,CostOfRevenue,2019-04-01,2019-06-30,17296000000,2019-07-26,10-Q,Q2
GOOGL,CostOfRevenue,2019-04-01,2019-06-30,17296000000,2020-07-31,10-Q,Q2
GOOGL,CostOfRevenue,2019-01-01,2019-09-30,50876000000,2019-10-29,10-Q,Q3
GOOGL,CostOfRevenue,2019-01-01,2019-09-30,50876000000,2020-10-30,10-Q,Q3
GOOGL,CostOfRevenue,2019-07-01,2019-09-30,17568000000,2019-10-29,10-Q,Q3
GOOGL,CostOfRevenue,2019-07-01,2019-09-30,17568000000,2020-10-30,10-Q,Q3
GOOGL,CostOfRevenue,2019-01-01,2019-12-31,71896000000,2020-02-04,10-K,FY
GOOGL,CostOfRevenue,2019-01-01,2019-12-31,71896000000,2021-02-03,10-K,FY
GOOGL,CostOfRevenue,2019-01-01,2019-12-31,71896000000,2022-02-02,10-K,FY
GOOGL,CostOfRevenue,2020-01-01,2020-03-31,18982000000,2020-04-29,10-Q,Q1
GOOGL,CostOfRevenue,2020-01-01,2020-03-31,18982000000,2021-04-28,10-Q,Q1
GOOGL,CostOfRevenue,2020-01-01,2020-06-30,37535000000,2020-07-31,10-Q,Q2
GOOGL,CostOfRevenue,2020-01-01,2020-06-30,37535000000,2021-07-28,10-Q,Q2
GOOGL,CostOfRevenue,2020-04-01,2020-06-30,18553000000,2020-07-31,10-Q,Q2
GOOGL,CostOfRevenue,2020-04-01,2020-06-30,18553000000,2021-07-28,10-Q,Q2
GOOGL,CostOfRevenue,2020-01-01,2020-09-30,58652000000,2020-10-30,10-Q,Q3
GOOGL,CostOfRevenue,2020-01-01,2020-09-30,58652000000,2021-10-27,10-Q,Q3
GOOGL,CostOfRevenue,2020-07-01,2020-09-30,21117000000,2020-10-30,10-Q,Q3
GOOGL,CostOfRevenue,2020-07-01,2020-09-30,21117000000,2021-10-27,10-Q,Q3
GOOGL,CostOfRevenue,2020-01-01,2020-12-31,84732000000,2021-02-03,10-K,FY
GOOGL,CostOfRevenue,2020-01-01,2020-12-31,84732000000,2022-02-02,10-K,FY
GOOGL,CostOfRevenue,2020-01-01,2020-12-31,84732000000,2023-02-03,10-K,FY
GOOGL,CostOfRevenue,2021-01-01,2021-03-31,24103000000,2021-04-28,10-Q,Q1
GOOGL,CostOfRevenue,2021-01-01,2021-03-31,24103000000,2022-04-27,10-Q,Q1
GOOGL,CostOfRevenue,2021-01-01,2021-06-30,50330000000,2021-07-28,10-Q,Q2
GOOGL,CostOfRevenue,2021-01-01,2021-06-30,50330000000,2022-07-27,10-Q,Q2
GOOGL,CostOfRevenue,2021-04-01,2021-06-30,26227000000,2021-07-28,10-Q,Q2
GOOGL,CostOfRevenue,2021-04-01,2021-06-30,26227000000,2022-07-27,10-Q,Q2
GOOGL,CostOfRevenue,2021-01-01,2021-09-30,77951000000,2021-10-27,10-Q,Q3
GOOGL,CostOfRevenue,2021-01-01,2021-09-30,77951000000,2022-10-26,10-Q,Q3
GOOGL,CostOfRevenue,2021-07-01,2021-09-30,27621000000,2021-10-27,10-Q,Q3
GOOGL,CostOfRevenue,2021-07-01,2021-09-30,27621000000,2022-10-26,10-Q,Q3
GOOGL,CostOfRevenue,2021-01-01,2021-12-31,110939000000,2022-02-02,10-K,FY
GOOGL,CostOfRevenue,2021-01-01,2021-12-31,110939000000,2023-02-03,10-K,FY
GOOGL,CostOfRevenue,2021-01-01,2021-12-31,110939000000,2024-01-31,10-K,FY
GOOGL,CostOfRevenue,2022-01-01,2022-03-31,29599000000,2022-04-27,10-Q,Q1
GOOGL,CostOfRevenue,2022-01-01,2022-03-31,29599000000,2023-04-26,10-Q,Q1
GOOGL,CostOfRevenue,2022-01-01,2022-06-30,59703000000,2022-07-27,10-Q,Q2
GOOGL,CostOfRevenue,2022-01-01,2022-06-30,59703000000,2023-07-26,10-Q,Q2
GOOGL,CostOfRevenue,2022-04-01,2022-06-30,30104000000,2022-07-27,10-Q,Q2
GOOGL,CostOfRevenue,2022-04-01,2022-06-30,30104000000,2023-07-26,10-Q,Q2
GOOGL,CostOfRevenue,2022-01-01,2022-09-30,90861000000,2022-10-26,10-Q,Q3
GOOGL,CostOfRevenue,2022-01-01,2022-09-30,90861000000,2023-10-25,10-Q,Q3
GOOGL,CostOfRevenue,2022-07-01,2022-09-30,31158000000,2022-10-26,10-Q,Q3
GOOGL,CostOfRevenue,2022-07-01,2022-09-30,31158000000,2023-10-25,10-Q,Q3
GOOGL,CostOfRevenue,2022-01-01,2022-12-31,126203000000,2023-02-03,10-K,FY
GOOGL,CostOfRevenue,2022-01-01,2022-12-31,126203000000,2024-01-31,10-K,FY
GOOGL,CostOfRevenue,2022-01-01,2022-12-31,126203000000,2025-02-05,10-K,FY
GOOGL,CostOfRevenue,2023-01-01,2023-03-31,30612000000,2023-04-26,10-Q,Q1
GOOGL,CostOfRevenue,2023-01-01,2023-03-31,30612000000,2024-04-26,10-Q,Q1
GOOGL,CostOfRevenue,2023-01-01,2023-06-30,62528000000,2023-07-26,10-Q,Q2
GOOGL,CostOfRevenue,2023-01-01,2023-06-30,62528000000,2024-07-24,10-Q,Q2
GOOGL,CostOfRevenue,2023-04-01,2023-06-30,31916000000,2023-07-26,10-Q,Q2
GOOGL,CostOfRevenue,2023-04-01,2023-06-30,31916000000,2024-07-24,10-Q,Q2
GOOGL,CostOfRevenue,2023-01-01,2023-09-30,95757000000,2023-10-25,10-Q,Q3
GOOGL,CostOfRevenue,2023-01-01,2023-09-30,95757000000,2024-10-30,10-Q,Q3
GOOGL,CostOfRevenue,2023-07-01,2023-09-30,33229000000,2023-10-25,10-Q,Q3
GOOGL,CostOfRevenue,2023-07-01,2023-09-30,33229000000,2024-10-30,10-Q,Q3
GOOGL,CostOfRevenue,2023-01-01,2023-12-31,133332000000,2024-01-31,10-K,FY
GOOGL,CostOfRevenue,2023-01-01,2023-12-31,133332000000,2025-02-05,10-K,FY
GOOGL,CostOfRevenue,2023-01-01,2023-12-31,133332000000,2026-02-05,10-K,FY
GOOGL,CostOfRevenue,2024-01-01,2024-03-31,33712000000,2024-04-26,10-Q,Q1
GOOGL,CostOfRevenue,2024-01-01,2024-03-31,33712000000,2025-04-25,10-Q,Q1
GOOGL,CostOfRevenue,2024-01-01,2024-06-30,69219000000,2024-07-24,10-Q,Q2
GOOGL,CostOfRevenue,2024-01-01,2024-06-30,69219000000,2025-07-24,10-Q,Q2
GOOGL,CostOfRevenue,2024-04-01,2024-06-30,35507000000,2024-07-24,10-Q,Q2
GOOGL,CostOfRevenue,2024-04-01,2024-06-30,35507000000,2025-07-24,10-Q,Q2
GOOGL,CostOfRevenue,2024-01-01,2024-09-30,105693000000,2024-10-30,10-Q,Q3
GOOGL,CostOfRevenue,2024-01-01,2024-09-30,105693000000,2025-10-30,10-Q,Q3
GOOGL,CostOfRevenue,2024-07-01,2024-09-30,36474000000,2024-10-30,10-Q,Q3
GOOGL,CostOfRevenue,2024-07-01,2024-09-30,36474000000,2025-10-30,10-Q,Q3
GOOGL,CostOfRevenue,2024-01-01,2024-12-31,146306000000,2025-02-05,10-K,FY
GOOGL,CostOfRevenue,2024-01-01,2024-12-31,146306000000,2026-02-05,10-K,FY
GOOGL,CostOfRevenue,2025-01-01,2025-03-31,36361000000,2025-04-25,10-Q,Q1
GOOGL,CostOfRevenue,2025-01-01,2025-03-31,36361000000,2026-04-30,10-Q,Q1
GOOGL,CostOfRevenue,2025-01-01,2025-06-30,75400000000,2025-07-24,10-Q,Q2
GOOGL,CostOfRevenue,2025-01-01,2025-06-30,75400000000,2026-07-23,10-Q,Q2
GOOGL,CostOfRevenue,2025-04-01,2025-06-30,39039000000,2025-07-24,10-Q,Q2
GOOGL,CostOfRevenue,2025-04-01,2025-06-30,39039000000,2026-07-23,10-Q,Q2
GOOGL,CostOfRevenue,2025-01-01,2025-09-30,116768000000,2025-10-30,10-Q,Q3
GOOGL,CostOfRevenue,2025-07-01,2025-09-30,41369000000,2025-10-30,10-Q,Q3
GOOGL,CostOfRevenue,2025-01-01,2025-12-31,162535000000,2026-02-05,10-K,FY
GOOGL,CostOfRevenue,2026-01-01,2026-03-31,41271000000,2026-04-30,10-Q,Q1
GOOGL,CostOfRevenue,2026-01-01,2026-06-30,87214000000,2026-07-23,10-Q,Q2
GOOGL,CostOfRevenue,2026-04-01,2026-06-30,45943000000,2026-07-23,10-Q,Q2
GOOGL,Revenues,2013-01-01,2013-12-31,55519000000,2016-02-11,10-K,FY
GOOGL,Revenues,2013-01-01,2013-12-31,55519000000,2016-05-03,8-K,FY
GOOGL,Revenues,2014-01-01,2014-09-30,47898000000,2015-10-29,10-Q,Q3
GOOGL,Revenues,2014-07-01,2014-09-30,16523000000,2015-10-29,10-Q,Q3
GOOGL,Revenues,2014-01-01,2014-12-31,66001000000,2016-02-11,10-K,FY
GOOGL,Revenues,2014-01-01,2014-12-31,66001000000,2016-05-03,8-K,FY
GOOGL,Revenues,2014-01-01,2014-12-31,66001000000,2017-02-03,10-K,FY
GOOGL,Revenues,2015-01-01,2015-03-31,17258000000,2016-05-03,10-Q,Q1
GOOGL,Revenues,2015-01-01,2015-06-30,34985000000,2016-08-04,10-Q,Q2
GOOGL,Revenues,2015-04-01,2015-06-30,17727000000,2016-08-04,10-Q,Q2
GOOGL,Revenues,2015-01-01,2015-09-30,53660000000,2015-10-29,10-Q,Q3
GOOGL,Revenues,2015-01-01,2015-09-30,53660000000,2016-11-03,10-Q,Q3
GOOGL,Revenues,2015-07-01,2015-09-30,18675000000,2015-10-29,10-Q,Q3
GOOGL,Revenues,2015-07-01,2015-09-30,18675000000,2016-11-03,10-Q,Q3
GOOGL,Revenues,2015-01-01,2015-12-31,74989000000,2016-02-11,10-K,FY
GOOGL,Revenues,2015-01-01,2015-12-31,74989000000,2016-05-03,8-K,FY
GOOGL,Revenues,2015-01-01,2015-12-31,74989000000,2017-02-03,10-K,FY
GOOGL,Revenues,2015-01-01,2015-12-31,74989000000,2018-02-06,10-K,FY
GOOGL,Revenues,2016-01-01,2016-03-31,20257000000,2016-05-03,10-Q,Q1
GOOGL,Revenues,2016-01-01,2016-03-31,20257000000,2017-05-02,10-Q,Q1
GOOGL,Revenues,2016-01-01,2016-06-30,41757000000,2016-08-04,10-Q,Q2
GOOGL,Revenues,2016-01-01,2016-06-30,41757000000,2017-07-25,10-Q,Q2
GOOGL,Revenues,2016-04-01,2016-06-30,21500000000,2016-08-04,10-Q,Q2
GOOGL,Revenues,2016-04-01,2016-06-30,21500000000,2017-07-25,10-Q,Q2
GOOGL,Revenues,2016-01-01,2016-09-30,64208000000,2016-11-03,10-Q,Q3
GOOGL,Revenues,2016-01-01,2016-09-30,64208000000,2017-10-27,10-Q,Q3
GOOGL,Revenues,2016-07-01,2016-09-30,22451000000,2016-11-03,10-Q,Q3
GOOGL,Revenues,2016-07-01,2016-09-30,22451000000,2017-10-27,10-Q,Q3
GOOGL,Revenues,2016-01-01,2016-12-31,90272000000,2017-02-03,10-K,FY
GOOGL,Revenues,2016-01-01,2016-12-31,90272000000,2018-02-06,10-K,FY
GOOGL,Revenues,2017-01-01,2017-03-31,24750000000,2017-05-02,10-Q,Q1
GOOGL,Revenues,2017-01-01,2017-03-31,24750000000,2018-04-24,10-Q,Q1
GOOGL,Revenues,2017-01-01,2017-06-30,50760000000,2017-07-25,10-Q,Q2
GOOGL,Revenues,2017-01-01,2017-06-30,50760000000,2018-07-24,10-Q,Q2
GOOGL,Revenues,2017-04-01,2017-06-30,26010000000,2017-07-25,10-Q,Q2
GOOGL,Revenues,2017-04-01,2017-06-30,26010000000,2018-07-24,10-Q,Q2
GOOGL,Revenues,2017-01-01,2017-09-30,78532000000,2017-10-27,10-Q,Q3
GOOGL,Revenues,2017-01-01,2017-09-30,78532000000,2018-10-26,10-Q,Q3
GOOGL,Revenues,2017-07-01,2017-09-30,27772000000,2017-10-27,10-Q,Q3
GOOGL,Revenues,2017-07-01,2017-09-30,27772000000,2018-10-26,10-Q,Q3
GOOGL,Revenues,2017-01-01,2017-12-31,110855000000,2018-02-06,10-K,FY
GOOGL,Revenues,2018-01-01,2018-03-31,31146000000,2018-04-24,10-Q,Q1
GOOGL,Revenues,2018-01-01,2018-03-31,31146000000,2019-04-30,10-Q,Q1
GOOGL,Revenues,2018-01-01,2018-06-30,63803000000,2018-07-24,10-Q,Q2
GOOGL,Revenues,2018-04-01,2018-06-30,32657000000,2018-07-24,10-Q,Q2
GOOGL,Revenues,2018-01-01,2018-09-30,97543000000,2018-10-26,10-Q,Q3
GOOGL,Revenues,2018-07-01,2018-09-30,33740000000,2018-10-26,10-Q,Q3
GOOGL,Revenues,2018-01-01,2018-12-31,136819000000,2021-02-03,10-K,FY
GOOGL,Revenues,2019-01-01,2019-03-31,36339000000,2019-04-30,10-Q,Q1
GOOGL,Revenues,2019-01-01,2019-12-31,161857000000,2021-02-03,10-K,FY
GOOGL,Revenues,2019-01-01,2019-12-31,161857000000,2022-02-02,10-K,FY
GOOGL,Revenues,2020-01-01,2020-03-31,41159000000,2021-04-28,10-Q,Q1
GOOGL,Revenues,2020-01-01,2020-06-30,79456000000,2021-07-28,10-Q,Q2
GOOGL,Revenues,2020-04-01,2020-06-30,38297000000,2021-07-28,10-Q,Q2
GOOGL,Revenues,2020-01-01,2020-12-31,182527000000,2021-02-03,10-K,FY
GOOGL,Revenues,2020-01-01,2020-12-31,182527000000,2022-02-02,10-K,FY
GOOGL,Revenues,2021-01-01,2021-03-31,55314000000,2021-04-28,10-Q,Q1
GOOGL,Revenues,2021-01-01,2021-06-30,117194000000,2021-07-28,10-Q,Q2
GOOGL,Revenues,2021-04-01,2021-06-30,61880000000,2021-07-28,10-Q,Q2
GOOGL,Revenues,2021-01-01,2021-12-31,257637000000,2022-02-02,10-K,FY
GOOGL,Revenues,2023-01-01,2023-12-31,307394000000,2026-02-05,10-K,FY
GOOGL,Revenues,2024-01-01,2024-06-30,165281000000,2025-07-24,10-Q,Q2
GOOGL,Revenues,2024-04-01,2024-06-30,84742000000,2025-07-24,10-Q,Q2
GOOGL,Revenues,2024-01-01,2024-09-30,253549000000,2025-10-30,10-Q,Q3
GOOGL,Revenues,2024-07-01,2024-09-30,88268000000,2025-10-30,10-Q,Q3
GOOGL,Revenues,2024-01-01,2024-12-31,350018000000,2026-02-05,10-K,FY
GOOGL,Revenues,2025-01-01,2025-03-31,90234000000,2026-04-30,10-Q,Q1
GOOGL,Revenues,2025-01-01,2025-06-30,186662000000,2025-07-24,10-Q,Q2
GOOGL,Revenues,2025-01-01,2025-06-30,186662000000,2026-07-23,10-Q,Q2
GOOGL,Revenues,2025-04-01,2025-06-30,96428000000,2025-07-24,10-Q,Q2
GOOGL,Revenues,2025-04-01,2025-06-30,96428000000,2026-07-23,10-Q,Q2
GOOGL,Revenues,2025-01-01,2025-09-30,289007000000,2025-10-30,10-Q,Q3
GOOGL,Revenues,2025-07-01,2025-09-30,102346000000,2025-10-30,10-Q,Q3
GOOGL,Revenues,2025-01-01,2025-12-31,402836000000,2026-02-05,10-K,FY
GOOGL,Revenues,2026-01-01,2026-03-31,109896000000,2026-04-30,10-Q,Q1
GOOGL,Revenues,2026-01-01,2026-06-30,229692000000,2026-07-23,10-Q,Q2
GOOGL,Revenues,2026-04-01,2026-06-30,119796000000,2026-07-23,10-Q,Q2
GOOGL,RevenueFromContractWithCustomerExcludingAssessedTax,2016-01-01,2016-12-31,90272000000,2019-02-05,10-K,FY
GOOGL,RevenueFromContractWithCustomerExcludingAssessedTax,2017-01-01,2017-03-31,24750000000,2018-04-24,10-Q,Q1
GOOGL,RevenueFromContractWithCustomerExcludingAssessedTax,2017-01-01,2017-06-30,50760000000,2018-07-24,10-Q,Q2
GOOGL,RevenueFromContractWithCustomerExcludingAssessedTax,2017-04-01,2017-06-30,26010000000,2018-07-24,10-Q,Q2
GOOGL,RevenueFromContractWithCustomerExcludingAssessedTax,2017-01-01,2017-09-30,78532000000,2018-10-26,10-Q,Q3
GOOGL,RevenueFromContractWithCustomerExcludingAssessedTax,2017-07-01,2017-09-30,27772000000,2018-10-26,10-Q,Q3
GOOGL,RevenueFromContractWithCustomerExcludingAssessedTax,2017-01-01,2017-12-31,110855000000,2019-02-05,10-K,FY
GOOGL,RevenueFromContractWithCustomerExcludingAssessedTax,2017-01-01,2017-12-31,110855000000,2020-02-04,10-K,FY
GOOGL,RevenueFromContractWithCustomerExcludingAssessedTax,2018-01-01,2018-03-31,31146000000,2018-04-24,10-Q,Q1
GOOGL,RevenueFromContractWithCustomerExcludingAssessedTax,2018-01-01,2018-03-31,31146000000,2019-04-30,10-Q,Q1
GOOGL,RevenueFromContractWithCustomerExcludingAssessedTax,2018-01-01,2018-06-30,63803000000,2018-07-24,10-Q,Q2
GOOGL,RevenueFromContractWithCustomerExcludingAssessedTax,2018-01-01,2018-06-30,63803000000,2019-07-26,10-Q,Q2
GOOGL,RevenueFromContractWithCustomerExcludingAssessedTax,2018-04-01,2018-06-30,32657000000,2018-07-24,10-Q,Q2
GOOGL,RevenueFromContractWithCustomerExcludingAssessedTax,2018-04-01,2018-06-30,32657000000,2019-07-26,10-Q,Q2
GOOGL,RevenueFromContractWithCustomerExcludingAssessedTax,2018-01-01,2018-09-30,97543000000,2018-10-26,10-Q,Q3
GOOGL,RevenueFromContractWithCustomerExcludingAssessedTax,2018-01-01,2018-09-30,97543000000,2019-10-29,10-Q,Q3
GOOGL,RevenueFromContractWithCustomerExcludingAssessedTax,2018-07-01,2018-09-30,33740000000,2018-10-26,10-Q,Q3
GOOGL,RevenueFromContractWithCustomerExcludingAssessedTax,2018-07-01,2018-09-30,33740000000,2019-10-29,10-Q,Q3
GOOGL,RevenueFromContractWithCustomerExcludingAssessedTax,2018-01-01,2018-12-31,136819000000,2019-02-05,10-K,FY
GOOGL,RevenueFromContractWithCustomerExcludingAssessedTax,2018-01-01,2018-12-31,136819000000,2020-02-04,10-K,FY
GOOGL,RevenueFromContractWithCustomerExcludingAssessedTax,2019-01-01,2019-03-31,36339000000,2019-04-30,10-Q,Q1
GOOGL,RevenueFromContractWithCustomerExcludingAssessedTax,2019-01-01,2019-03-31,36339000000,2020-04-29,10-Q,Q1
GOOGL,RevenueFromContractWithCustomerExcludingAssessedTax,2019-01-01,2019-06-30,75283000000,2019-07-26,10-Q,Q2
GOOGL,RevenueFromContractWithCustomerExcludingAssessedTax,2019-01-01,2019-06-30,75283000000,2020-07-31,10-Q,Q2
GOOGL,RevenueFromContractWithCustomerExcludingAssessedTax,2019-04-01,2019-06-30,38944000000,2019-07-26,10-Q,Q2
GOOGL,RevenueFromContractWithCustomerExcludingAssessedTax,2019-04-01,2019-06-30,38944000000,2020-07-31,10-Q,Q2
GOOGL,RevenueFromContractWithCustomerExcludingAssessedTax,2019-01-01,2019-09-30,115782000000,2019-10-29,10-Q,Q3
GOOGL,RevenueFromContractWithCustomerExcludingAssessedTax,2019-01-01,2019-09-30,115782000000,2020-10-30,10-Q,Q3
GOOGL,RevenueFromContractWithCustomerExcludingAssessedTax,2019-07-01,2019-09-30,40499000000,2019-10-29,10-Q,Q3
GOOGL,RevenueFromContractWithCustomerExcludingAssessedTax,2019-07-01,2019-09-30,40499000000,2020-10-30,10-Q,Q3
GOOGL,RevenueFromContractWithCustomerExcludingAssessedTax,2019-01-01,2019-12-31,161857000000,2020-02-04,10-K,FY
GOOGL,RevenueFromContractWithCustomerExcludingAssessedTax,2020-01-01,2020-03-31,41159000000,2020-04-29,10-Q,Q1
GOOGL,RevenueFromContractWithCustomerExcludingAssessedTax,2020-01-01,2020-03-31,41159000000,2021-04-28,10-Q,Q1
GOOGL,RevenueFromContractWithCustomerExcludingAssessedTax,2020-01-01,2020-06-30,79456000000,2020-07-31,10-Q,Q2
GOOGL,RevenueFromContractWithCustomerExcludingAssessedTax,2020-01-01,2020-06-30,79456000000,2021-07-28,10-Q,Q2
GOOGL,RevenueFromContractWithCustomerExcludingAssessedTax,2020-04-01,2020-06-30,38297000000,2020-07-31,10-Q,Q2
GOOGL,RevenueFromContractWithCustomerExcludingAssessedTax,2020-04-01,2020-06-30,38297000000,2021-07-28,10-Q,Q2
GOOGL,RevenueFromContractWithCustomerExcludingAssessedTax,2020-01-01,2020-09-30,125629000000,2020-10-30,10-Q,Q3
GOOGL,RevenueFromContractWithCustomerExcludingAssessedTax,2020-01-01,2020-09-30,125629000000,2021-10-27,10-Q,Q3
GOOGL,RevenueFromContractWithCustomerExcludingAssessedTax,2020-07-01,2020-09-30,46173000000,2020-10-30,10-Q,Q3
GOOGL,RevenueFromContractWithCustomerExcludingAssessedTax,2020-07-01,2020-09-30,46173000000,2021-10-27,10-Q,Q3
GOOGL,RevenueFromContractWithCustomerExcludingAssessedTax,2020-01-01,2020-12-31,182527000000,2023-02-03,10-K,FY
GOOGL,RevenueFromContractWithCustomerExcludingAssessedTax,2021-01-01,2021-03-31,55314000000,2021-04-28,10-Q,Q1
GOOGL,RevenueFromContractWithCustomerExcludingAssessedTax,2021-01-01,2021-03-31,55314000000,2022-04-27,10-Q,Q1
GOOGL,RevenueFromContractWithCustomerExcludingAssessedTax,2021-01-01,2021-06-30,117194000000,2021-07-28,10-Q,Q2
GOOGL,RevenueFromContractWithCustomerExcludingAssessedTax,2021-01-01,2021-06-30,117194000000,2022-07-27,10-Q,Q2
GOOGL,RevenueFromContractWithCustomerExcludingAssessedTax,2021-04-01,2021-06-30,61880000000,2021-07-28,10-Q,Q2
GOOGL,RevenueFromContractWithCustomerExcludingAssessedTax,2021-04-01,2021-06-30,61880000000,2022-07-27,10-Q,Q2
GOOGL,RevenueFromContractWithCustomerExcludingAssessedTax,2021-01-01,2021-09-30,182312000000,2021-10-27,10-Q,Q3
GOOGL,RevenueFromContractWithCustomerExcludingAssessedTax,2021-01-01,2021-09-30,182312000000,2022-10-26,10-Q,Q3
GOOGL,RevenueFromContractWithCustomerExcludingAssessedTax,2021-07-01,2021-09-30,65118000000,2021-10-27,10-Q,Q3
GOOGL,RevenueFromContractWithCustomerExcludingAssessedTax,2021-07-01,2021-09-30,65118000000,2022-10-26,10-Q,Q3
GOOGL,RevenueFromContractWithCustomerExcludingAssessedTax,2021-01-01,2021-12-31,257637000000,2023-02-03,10-K,FY
GOOGL,RevenueFromContractWithCustomerExcludingAssessedTax,2021-01-01,2021-12-31,257637000000,2024-01-31,10-K,FY
GOOGL,RevenueFromContractWithCustomerExcludingAssessedTax,2022-01-01,2022-03-31,68011000000,2022-04-27,10-Q,Q1
GOOGL,RevenueFromContractWithCustomerExcludingAssessedTax,2022-01-01,2022-03-31,68011000000,2023-04-26,10-Q,Q1
GOOGL,RevenueFromContractWithCustomerExcludingAssessedTax,2022-01-01,2022-06-30,137696000000,2022-07-27,10-Q,Q2
GOOGL,RevenueFromContractWithCustomerExcludingAssessedTax,2022-01-01,2022-06-30,137696000000,2023-07-26,10-Q,Q2
GOOGL,RevenueFromContractWithCustomerExcludingAssessedTax,2022-04-01,2022-06-30,69685000000,2022-07-27,10-Q,Q2
GOOGL,RevenueFromContractWithCustomerExcludingAssessedTax,2022-04-01,2022-06-30,69685000000,2023-07-26,10-Q,Q2
GOOGL,RevenueFromContractWithCustomerExcludingAssessedTax,2022-01-01,2022-09-30,206788000000,2022-10-26,10-Q,Q3
GOOGL,RevenueFromContractWithCustomerExcludingAssessedTax,2022-01-01,2022-09-30,206788000000,2023-10-25,10-Q,Q3
GOOGL,RevenueFromContractWithCustomerExcludingAssessedTax,2022-07-01,2022-09-30,69092000000,2022-10-26,10-Q,Q3
GOOGL,RevenueFromContractWithCustomerExcludingAssessedTax,2022-07-01,2022-09-30,69092000000,2023-10-25,10-Q,Q3
GOOGL,RevenueFromContractWithCustomerExcludingAssessedTax,2022-01-01,2022-12-31,282836000000,2023-02-03,10-K,FY
GOOGL,RevenueFromContractWithCustomerExcludingAssessedTax,2022-01-01,2022-12-31,282836000000,2024-01-31,10-K,FY
GOOGL,RevenueFromContractWithCustomerExcludingAssessedTax,2022-01-01,2022-12-31,282836000000,2025-02-05,10-K,FY
GOOGL,RevenueFromContractWithCustomerExcludingAssessedTax,2023-01-01,2023-03-31,69787000000,2023-04-26,10-Q,Q1
GOOGL,RevenueFromContractWithCustomerExcludingAssessedTax,2023-01-01,2023-03-31,69787000000,2024-04-26,10-Q,Q1
GOOGL,RevenueFromContractWithCustomerExcludingAssessedTax,2023-01-01,2023-06-30,144391000000,2023-07-26,10-Q,Q2
GOOGL,RevenueFromContractWithCustomerExcludingAssessedTax,2023-01-01,2023-06-30,144391000000,2024-07-24,10-Q,Q2
GOOGL,RevenueFromContractWithCustomerExcludingAssessedTax,2023-04-01,2023-06-30,74604000000,2023-07-26,10-Q,Q2
GOOGL,RevenueFromContractWithCustomerExcludingAssessedTax,2023-04-01,2023-06-30,74604000000,2024-07-24,10-Q,Q2
GOOGL,RevenueFromContractWithCustomerExcludingAssessedTax,2023-01-01,2023-09-30,221084000000,2023-10-25,10-Q,Q3
GOOGL,RevenueFromContractWithCustomerExcludingAssessedTax,2023-01-01,2023-09-30,221084000000,2024-10-30,10-Q,Q3
GOOGL,RevenueFromContractWithCustomerExcludingAssessedTax,2023-07-01,2023-09-30,76693000000,2023-10-25,10-Q,Q3
GOOGL,RevenueFromContractWithCustomerExcludingAssessedTax,2023-07-01,2023-09-30,76693000000,2024-10-30,10-Q,Q3
GOOGL,RevenueFromContractWithCustomerExcludingAssessedTax,2023-01-01,2023-12-31,307394000000,2024-01-31,10-K,FY
GOOGL,RevenueFromContractWithCustomerExcludingAssessedTax,2023-01-01,2023-12-31,307394000000,2025-02-05,10-K,FY
GOOGL,RevenueFromContractWithCustomerExcludingAssessedTax,2024-01-01,2024-03-31,80539000000,2024-04-26,10-Q,Q1
GOOGL,RevenueFromContractWithCustomerExcludingAssessedTax,2024-01-01,2024-03-31,80539000000,2025-04-25,10-Q,Q1
GOOGL,RevenueFromContractWithCustomerExcludingAssessedTax,2024-01-01,2024-06-30,165281000000,2024-07-24,10-Q,Q2
GOOGL,RevenueFromContractWithCustomerExcludingAssessedTax,2024-04-01,2024-06-30,84742000000,2024-07-24,10-Q,Q2
GOOGL,RevenueFromContractWithCustomerExcludingAssessedTax,2024-01-01,2024-09-30,253549000000,2024-10-30,10-Q,Q3
GOOGL,RevenueFromContractWithCustomerExcludingAssessedTax,2024-07-01,2024-09-30,88268000000,2024-10-30,10-Q,Q3
GOOGL,RevenueFromContractWithCustomerExcludingAssessedTax,2024-01-01,2024-12-31,350018000000,2025-02-05,10-K,FY
GOOGL,RevenueFromContractWithCustomerExcludingAssessedTax,2025-01-01,2025-03-31,90234000000,2025-04-25,10-Q,Q1
GOOGL,RevenueRemainingPerformanceObligation,,2019-12-31,11400000000,2020-02-04,10-K,FY
GOOGL,RevenueRemainingPerformanceObligation,,2020-03-31,12800000000,2020-04-29,10-Q,Q1
GOOGL,RevenueRemainingPerformanceObligation,,2020-06-30,14800000000,2020-07-31,10-Q,Q2
GOOGL,RevenueRemainingPerformanceObligation,,2020-09-30,19000000000,2020-10-30,10-Q,Q3
GOOGL,RevenueRemainingPerformanceObligation,,2020-12-31,29800000000,2021-02-03,10-K,FY
GOOGL,RevenueRemainingPerformanceObligation,,2021-03-31,30700000000,2021-04-28,10-Q,Q1
GOOGL,RevenueRemainingPerformanceObligation,,2021-06-30,35300000000,2021-07-28,10-Q,Q2
GOOGL,RevenueRemainingPerformanceObligation,,2021-09-30,37100000000,2021-10-27,10-Q,Q3
GOOGL,RevenueRemainingPerformanceObligation,,2021-12-31,51000000000,2022-02-02,10-K,FY
GOOGL,RevenueRemainingPerformanceObligation,,2022-03-31,50500000000,2022-04-27,10-Q,Q1
GOOGL,RevenueRemainingPerformanceObligation,,2022-06-30,51200000000,2022-07-27,10-Q,Q2
GOOGL,RevenueRemainingPerformanceObligation,,2022-09-30,52400000000,2022-10-26,10-Q,Q3
GOOGL,RevenueRemainingPerformanceObligation,,2022-12-31,64300000000,2023-02-03,10-K,FY
GOOGL,RevenueRemainingPerformanceObligation,,2023-03-31,61700000000,2023-04-26,10-Q,Q1
GOOGL,RevenueRemainingPerformanceObligation,,2023-06-30,60600000000,2023-07-26,10-Q,Q2
GOOGL,RevenueRemainingPerformanceObligation,,2023-09-30,64900000000,2023-10-25,10-Q,Q3
GOOGL,RevenueRemainingPerformanceObligation,,2023-12-31,74100000000,2024-01-31,10-K,FY
GOOGL,RevenueRemainingPerformanceObligation,,2024-03-31,72500000000,2024-04-26,10-Q,Q1
GOOGL,RevenueRemainingPerformanceObligation,,2024-06-30,78800000000,2024-07-24,10-Q,Q2
GOOGL,RevenueRemainingPerformanceObligation,,2024-09-30,86800000000,2024-10-30,10-Q,Q3
GOOGL,RevenueRemainingPerformanceObligation,,2024-12-31,93200000000,2025-02-05,10-K,FY
GOOGL,RevenueRemainingPerformanceObligation,,2025-03-31,92400000000,2025-04-25,10-Q,Q1
GOOGL,RevenueRemainingPerformanceObligation,,2025-06-30,108200000000,2025-07-24,10-Q,Q2
GOOGL,RevenueRemainingPerformanceObligation,,2025-09-30,157700000000,2025-10-30,10-Q,Q3
GOOGL,RevenueRemainingPerformanceObligation,,2025-12-31,242800000000,2026-02-05,10-K,FY
GOOGL,RevenueRemainingPerformanceObligation,,2026-03-31,467600000000,2026-04-30,10-Q,Q1
GOOGL,RevenueRemainingPerformanceObligation,,2026-06-30,519500000000,2026-07-23,10-Q,Q2
AMZN,PaymentsToAcquirePropertyPlantAndEquipment,2007-01-01,2007-12-31,224000000,2010-01-29,10-K,FY
AMZN,PaymentsToAcquirePropertyPlantAndEquipment,2007-07-01,2008-06-30,272000000,2009-07-24,10-Q,Q2
AMZN,PaymentsToAcquirePropertyPlantAndEquipment,2008-01-01,2008-06-30,130000000,2009-07-24,10-Q,Q2
AMZN,PaymentsToAcquirePropertyPlantAndEquipment,2008-04-01,2008-06-30,69000000,2009-07-24,10-Q,Q2
AMZN,PaymentsToAcquirePropertyPlantAndEquipment,2007-10-01,2008-09-30,305000000,2009-10-23,10-Q,Q3
AMZN,PaymentsToAcquirePropertyPlantAndEquipment,2008-01-01,2008-09-30,231000000,2009-10-23,10-Q,Q3
AMZN,PaymentsToAcquirePropertyPlantAndEquipment,2008-07-01,2008-09-30,102000000,2009-10-23,10-Q,Q3
AMZN,PaymentsToAcquirePropertyPlantAndEquipment,2008-01-01,2008-12-31,333000000,2010-01-29,10-K,FY
AMZN,PaymentsToAcquirePropertyPlantAndEquipment,2008-01-01,2008-12-31,333000000,2011-01-28,10-K,FY
AMZN,PaymentsToAcquirePropertyPlantAndEquipment,2008-04-01,2009-03-31,326000000,2010-04-23,10-Q,Q1
AMZN,PaymentsToAcquirePropertyPlantAndEquipment,2009-01-01,2009-03-31,55000000,2010-04-23,10-Q,Q1
AMZN,PaymentsToAcquirePropertyPlantAndEquipment,2008-07-01,2009-06-30,336000000,2009-07-24,10-Q,Q2
AMZN,PaymentsToAcquirePropertyPlantAndEquipment,2008-07-01,2009-06-30,336000000,2010-07-23,10-Q,Q2
AMZN,PaymentsToAcquirePropertyPlantAndEquipment,2009-01-01,2009-06-30,133000000,2009-07-24,10-Q,Q2
AMZN,PaymentsToAcquirePropertyPlantAndEquipment,2009-01-01,2009-06-30,133000000,2010-07-23,10-Q,Q2
AMZN,PaymentsToAcquirePropertyPlantAndEquipment,2009-04-01,2009-06-30,78000000,2009-07-24,10-Q,Q2
AMZN,PaymentsToAcquirePropertyPlantAndEquipment,2009-04-01,2009-06-30,78000000,2010-07-23,10-Q,Q2
AMZN,PaymentsToAcquirePropertyPlantAndEquipment,2008-10-01,2009-09-30,337000000,2009-10-23,10-Q,Q3
AMZN,PaymentsToAcquirePropertyPlantAndEquipment,2008-10-01,2009-09-30,337000000,2010-10-22,10-Q,Q3
AMZN,PaymentsToAcquirePropertyPlantAndEquipment,2009-01-01,2009-09-30,236000000,2009-10-23,10-Q,Q3
AMZN,PaymentsToAcquirePropertyPlantAndEquipment,2009-01-01,2009-09-30,236000000,2010-10-22,10-Q,Q3
AMZN,PaymentsToAcquirePropertyPlantAndEquipment,2009-07-01,2009-09-30,103000000,2009-10-23,10-Q,Q3
AMZN,PaymentsToAcquirePropertyPlantAndEquipment,2009-07-01,2009-09-30,103000000,2010-10-22,10-Q,Q3
AMZN,PaymentsToAcquirePropertyPlantAndEquipment,2009-01-01,2009-12-31,373000000,2010-01-29,10-K,FY
AMZN,PaymentsToAcquirePropertyPlantAndEquipment,2009-01-01,2009-12-31,373000000,2011-01-28,10-K,FY
AMZN,PaymentsToAcquirePropertyPlantAndEquipment,2009-01-01,2009-12-31,373000000,2012-02-01,10-K,FY
AMZN,PaymentsToAcquirePropertyPlantAndEquipment,2009-04-01,2010-03-31,458000000,2010-04-23,10-Q,Q1
AMZN,PaymentsToAcquirePropertyPlantAndEquipment,2009-04-01,2010-03-31,458000000,2011-04-27,10-Q,Q1
AMZN,PaymentsToAcquirePropertyPlantAndEquipment,2010-01-01,2010-03-31,140000000,2010-04-23,10-Q,Q1
AMZN,PaymentsToAcquirePropertyPlantAndEquipment,2010-01-01,2010-03-31,140000000,2011-04-27,10-Q,Q1
AMZN,PaymentsToAcquirePropertyPlantAndEquipment,2009-07-01,2010-06-30,575000000,2010-07-23,10-Q,Q2
AMZN,PaymentsToAcquirePropertyPlantAndEquipment,2009-07-01,2010-06-30,575000000,2011-07-27,10-Q,Q2
AMZN,PaymentsToAcquirePropertyPlantAndEquipment,2010-01-01,2010-06-30,336000000,2010-07-23,10-Q,Q2
AMZN,PaymentsToAcquirePropertyPlantAndEquipment,2010-01-01,2010-06-30,336000000,2011-07-27,10-Q,Q2
AMZN,PaymentsToAcquirePropertyPlantAndEquipment,2010-04-01,2010-06-30,196000000,2010-07-23,10-Q,Q2
AMZN,PaymentsToAcquirePropertyPlantAndEquipment,2010-04-01,2010-06-30,196000000,2011-07-27,10-Q,Q2
AMZN,PaymentsToAcquirePropertyPlantAndEquipment,2009-10-01,2010-09-30,788000000,2010-10-22,10-Q,Q3
AMZN,PaymentsToAcquirePropertyPlantAndEquipment,2009-10-01,2010-09-30,788000000,2011-10-26,10-Q,Q3
AMZN,PaymentsToAcquirePropertyPlantAndEquipment,2010-01-01,2010-09-30,651000000,2010-10-22,10-Q,Q3
AMZN,PaymentsToAcquirePropertyPlantAndEquipment,2010-01-01,2010-09-30,651000000,2011-10-26,10-Q,Q3
AMZN,PaymentsToAcquirePropertyPlantAndEquipment,2010-07-01,2010-09-30,315000000,2010-10-22,10-Q,Q3
AMZN,PaymentsToAcquirePropertyPlantAndEquipment,2010-07-01,2010-09-30,315000000,2011-10-26,10-Q,Q3
AMZN,PaymentsToAcquirePropertyPlantAndEquipment,2010-01-01,2010-12-31,979000000,2011-01-28,10-K,FY
AMZN,PaymentsToAcquirePropertyPlantAndEquipment,2010-01-01,2010-12-31,979000000,2012-02-01,10-K,FY
AMZN,PaymentsToAcquirePropertyPlantAndEquipment,2010-01-01,2010-12-31,979000000,2013-01-30,10-K,FY
AMZN,PaymentsToAcquirePropertyPlantAndEquipment,2010-04-01,2011-03-31,1138000000,2011-04-27,10-Q,Q1
AMZN,PaymentsToAcquirePropertyPlantAndEquipment,2010-04-01,2011-03-31,1138000000,2012-04-27,10-Q,Q1
AMZN,PaymentsToAcquirePropertyPlantAndEquipment,2011-01-01,2011-03-31,298000000,2011-04-27,10-Q,Q1
AMZN,PaymentsToAcquirePropertyPlantAndEquipment,2011-01-01,2011-03-31,298000000,2012-04-27,10-Q,Q1
AMZN,PaymentsToAcquirePropertyPlantAndEquipment,2010-07-01,2011-06-30,1374000000,2011-07-27,10-Q,Q2
AMZN,PaymentsToAcquirePropertyPlantAndEquipment,2010-07-01,2011-06-30,1374000000,2012-07-27,10-Q,Q2
AMZN,PaymentsToAcquirePropertyPlantAndEquipment,2011-01-01,2011-06-30,731000000,2011-07-27,10-Q,Q2
AMZN,PaymentsToAcquirePropertyPlantAndEquipment,2011-01-01,2011-06-30,731000000,2012-07-27,10-Q,Q2
AMZN,PaymentsToAcquirePropertyPlantAndEquipment,2011-04-01,2011-06-30,433000000,2011-07-27,10-Q,Q2
AMZN,PaymentsToAcquirePropertyPlantAndEquipment,2011-04-01,2011-06-30,433000000,2012-07-27,10-Q,Q2
AMZN,PaymentsToAcquirePropertyPlantAndEquipment,2010-10-01,2011-09-30,1589000000,2011-10-26,10-Q,Q3
AMZN,PaymentsToAcquirePropertyPlantAndEquipment,2010-10-01,2011-09-30,1589000000,2012-10-26,10-Q,Q3
AMZN,PaymentsToAcquirePropertyPlantAndEquipment,2011-01-01,2011-09-30,1261000000,2011-10-26,10-Q,Q3
AMZN,PaymentsToAcquirePropertyPlantAndEquipment,2011-01-01,2011-09-30,1261000000,2012-10-26,10-Q,Q3
AMZN,PaymentsToAcquirePropertyPlantAndEquipment,2011-07-01,2011-09-30,529000000,2011-10-26,10-Q,Q3
AMZN,PaymentsToAcquirePropertyPlantAndEquipment,2011-07-01,2011-09-30,529000000,2012-10-26,10-Q,Q3
AMZN,PaymentsToAcquirePropertyPlantAndEquipment,2011-01-01,2011-12-31,1811000000,2012-02-01,10-K,FY
AMZN,PaymentsToAcquirePropertyPlantAndEquipment,2011-01-01,2011-12-31,1811000000,2013-01-30,10-K,FY
AMZN,PaymentsToAcquirePropertyPlantAndEquipment,2011-01-01,2011-12-31,1811000000,2014-01-31,10-K,FY
AMZN,PaymentsToAcquirePropertyPlantAndEquipment,2011-04-01,2012-03-31,1899000000,2012-04-27,10-Q,Q1
AMZN,PaymentsToAcquirePropertyPlantAndEquipment,2011-04-01,2012-03-31,1899000000,2013-04-26,10-Q,Q1
AMZN,PaymentsToAcquirePropertyPlantAndEquipment,2012-01-01,2012-03-31,386000000,2012-04-27,10-Q,Q1
AMZN,PaymentsToAcquirePropertyPlantAndEquipment,2012-01-01,2012-03-31,386000000,2013-04-26,10-Q,Q1
AMZN,PaymentsToAcquirePropertyPlantAndEquipment,2011-07-01,2012-06-30,2123000000,2012-07-27,10-Q,Q2
AMZN,PaymentsToAcquirePropertyPlantAndEquipment,2011-07-01,2012-06-30,2123000000,2013-07-26,10-Q,Q2
AMZN,PaymentsToAcquirePropertyPlantAndEquipment,2012-01-01,2012-06-30,1043000000,2012-07-27,10-Q,Q2
AMZN,PaymentsToAcquirePropertyPlantAndEquipment,2012-01-01,2012-06-30,1043000000,2013-07-26,10-Q,Q2
AMZN,PaymentsToAcquirePropertyPlantAndEquipment,2012-04-01,2012-06-30,657000000,2012-07-27,10-Q,Q2
AMZN,PaymentsToAcquirePropertyPlantAndEquipment,2012-04-01,2012-06-30,657000000,2013-07-26,10-Q,Q2
AMZN,PaymentsToAcquirePropertyPlantAndEquipment,2011-10-01,2012-09-30,2310000000,2012-10-26,10-Q,Q3
AMZN,PaymentsToAcquirePropertyPlantAndEquipment,2011-10-01,2012-09-30,2310000000,2013-10-25,10-Q,Q3
AMZN,PaymentsToAcquirePropertyPlantAndEquipment,2012-01-01,2012-09-30,1759000000,2012-10-26,10-Q,Q3
AMZN,PaymentsToAcquirePropertyPlantAndEquipment,2012-01-01,2012-09-30,1759000000,2013-10-25,10-Q,Q3
AMZN,PaymentsToAcquirePropertyPlantAndEquipment,2012-07-01,2012-09-30,716000000,2012-10-26,10-Q,Q3
AMZN,PaymentsToAcquirePropertyPlantAndEquipment,2012-07-01,2012-09-30,716000000,2013-10-25,10-Q,Q3
AMZN,PaymentsToAcquirePropertyPlantAndEquipment,2012-01-01,2012-12-31,3785000000,2013-01-30,10-K,FY
AMZN,PaymentsToAcquirePropertyPlantAndEquipment,2012-01-01,2012-12-31,3785000000,2014-01-31,10-K,FY
AMZN,PaymentsToAcquirePropertyPlantAndEquipment,2012-01-01,2012-12-31,3785000000,2015-01-30,10-K,FY
AMZN,PaymentsToAcquirePropertyPlantAndEquipment,2012-04-01,2013-03-31,4068000000,2013-04-26,10-Q,Q1
AMZN,PaymentsToAcquirePropertyPlantAndEquipment,2012-04-01,2013-03-31,4068000000,2014-04-25,10-Q,Q1
AMZN,PaymentsToAcquirePropertyPlantAndEquipment,2013-01-01,2013-03-31,670000000,2013-04-26,10-Q,Q1
AMZN,PaymentsToAcquirePropertyPlantAndEquipment,2013-01-01,2013-03-31,670000000,2014-04-25,10-Q,Q1
AMZN,PaymentsToAcquirePropertyPlantAndEquipment,2012-07-01,2013-06-30,4267000000,2013-07-26,10-Q,Q2
AMZN,PaymentsToAcquirePropertyPlantAndEquipment,2012-07-01,2013-06-30,4267000000,2014-07-25,10-Q,Q2
AMZN,PaymentsToAcquirePropertyPlantAndEquipment,2013-01-01,2013-06-30,1526000000,2013-07-26,10-Q,Q2
AMZN,PaymentsToAcquirePropertyPlantAndEquipment,2013-01-01,2013-06-30,1526000000,2014-07-25,10-Q,Q2
AMZN,PaymentsToAcquirePropertyPlantAndEquipment,2013-04-01,2013-06-30,855000000,2013-07-26,10-Q,Q2
AMZN,PaymentsToAcquirePropertyPlantAndEquipment,2013-04-01,2013-06-30,855000000,2014-07-25,10-Q,Q2
AMZN,PaymentsToAcquirePropertyPlantAndEquipment,2012-10-01,2013-09-30,4589000000,2013-10-25,10-Q,Q3
AMZN,PaymentsToAcquirePropertyPlantAndEquipment,2012-10-01,2013-09-30,4589000000,2014-10-24,10-Q,Q3
AMZN,PaymentsToAcquirePropertyPlantAndEquipment,2013-01-01,2013-09-30,2565000000,2013-10-25,10-Q,Q3
AMZN,PaymentsToAcquirePropertyPlantAndEquipment,2013-01-01,2013-09-30,2565000000,2014-10-24,10-Q,Q3
AMZN,PaymentsToAcquirePropertyPlantAndEquipment,2013-07-01,2013-09-30,1038000000,2013-10-25,10-Q,Q3
AMZN,PaymentsToAcquirePropertyPlantAndEquipment,2013-07-01,2013-09-30,1038000000,2014-10-24,10-Q,Q3
AMZN,PaymentsToAcquirePropertyPlantAndEquipment,2013-01-01,2013-12-31,3444000000,2014-01-31,10-K,FY
AMZN,PaymentsToAcquirePropertyPlantAndEquipment,2013-01-01,2013-12-31,3444000000,2015-01-30,10-K,FY
AMZN,PaymentsToAcquirePropertyPlantAndEquipment,2013-01-01,2013-12-31,3444000000,2016-01-29,10-K,FY
AMZN,PaymentsToAcquirePropertyPlantAndEquipment,2013-04-01,2014-03-31,3854000000,2014-04-25,10-Q,Q1
AMZN,PaymentsToAcquirePropertyPlantAndEquipment,2013-04-01,2014-03-31,3854000000,2015-04-24,10-Q,Q1
AMZN,PaymentsToAcquirePropertyPlantAndEquipment,2014-01-01,2014-03-31,1080000000,2014-04-25,10-Q,Q1
AMZN,PaymentsToAcquirePropertyPlantAndEquipment,2014-01-01,2014-03-31,1080000000,2015-04-24,10-Q,Q1
AMZN,PaymentsToAcquirePropertyPlantAndEquipment,2013-07-01,2014-06-30,4288000000,2014-07-25,10-Q,Q2
AMZN,PaymentsToAcquirePropertyPlantAndEquipment,2013-07-01,2014-06-30,4288000000,2015-07-24,10-Q,Q2
AMZN,PaymentsToAcquirePropertyPlantAndEquipment,2014-01-01,2014-06-30,2370000000,2014-07-25,10-Q,Q2
AMZN,PaymentsToAcquirePropertyPlantAndEquipment,2014-01-01,2014-06-30,2370000000,2015-07-24,10-Q,Q2
AMZN,PaymentsToAcquirePropertyPlantAndEquipment,2014-04-01,2014-06-30,1290000000,2014-07-25,10-Q,Q2
AMZN,PaymentsToAcquirePropertyPlantAndEquipment,2014-04-01,2014-06-30,1290000000,2015-07-24,10-Q,Q2
AMZN,PaymentsToAcquirePropertyPlantAndEquipment,2013-10-01,2014-09-30,4628000000,2014-10-24,10-Q,Q3
AMZN,PaymentsToAcquirePropertyPlantAndEquipment,2013-10-01,2014-09-30,4628000000,2015-10-23,10-Q,Q3
AMZN,PaymentsToAcquirePropertyPlantAndEquipment,2014-01-01,2014-09-30,3748000000,2014-10-24,10-Q,Q3
AMZN,PaymentsToAcquirePropertyPlantAndEquipment,2014-01-01,2014-09-30,3748000000,2015-10-23,10-Q,Q3
AMZN,PaymentsToAcquirePropertyPlantAndEquipment,2014-07-01,2014-09-30,1378000000,2014-10-24,10-Q,Q3
AMZN,PaymentsToAcquirePropertyPlantAndEquipment,2014-07-01,2014-09-30,1378000000,2015-10-23,10-Q,Q3
AMZN,PaymentsToAcquirePropertyPlantAndEquipment,2014-01-01,2014-12-31,4893000000,2015-01-30,10-K,FY
AMZN,PaymentsToAcquirePropertyPlantAndEquipment,2014-01-01,2014-12-31,4893000000,2016-01-29,10-K,FY
AMZN,PaymentsToAcquirePropertyPlantAndEquipment,2014-01-01,2014-12-31,4893000000,2017-02-10,10-K,FY
AMZN,PaymentsToAcquirePropertyPlantAndEquipment,2014-04-01,2015-03-31,4684000000,2015-04-24,10-Q,Q1
AMZN,PaymentsToAcquirePropertyPlantAndEquipment,2014-04-01,2015-03-31,4684000000,2016-04-29,10-Q,Q1
AMZN,PaymentsToAcquirePropertyPlantAndEquipment,2015-01-01,2015-03-31,871000000,2015-04-24,10-Q,Q1
AMZN,PaymentsToAcquirePropertyPlantAndEquipment,2015-01-01,2015-03-31,871000000,2016-04-29,10-Q,Q1
AMZN,PaymentsToAcquirePropertyPlantAndEquipment,2014-07-01,2015-06-30,4607000000,2015-07-24,10-Q,Q2
AMZN,PaymentsToAcquirePropertyPlantAndEquipment,2014-07-01,2015-06-30,4607000000,2016-07-29,10-Q,Q2
AMZN,PaymentsToAcquirePropertyPlantAndEquipment,2015-01-01,2015-06-30,2084000000,2015-07-24,10-Q,Q2
AMZN,PaymentsToAcquirePropertyPlantAndEquipment,2015-01-01,2015-06-30,2084000000,2016-07-29,10-Q,Q2
AMZN,PaymentsToAcquirePropertyPlantAndEquipment,2015-04-01,2015-06-30,1213000000,2015-07-24,10-Q,Q2
AMZN,PaymentsToAcquirePropertyPlantAndEquipment,2015-04-01,2015-06-30,1213000000,2016-07-29,10-Q,Q2
AMZN,PaymentsToAcquirePropertyPlantAndEquipment,2014-10-01,2015-09-30,4424000000,2015-10-23,10-Q,Q3
AMZN,PaymentsToAcquirePropertyPlantAndEquipment,2014-10-01,2015-09-30,4424000000,2016-10-28,10-Q,Q3
AMZN,PaymentsToAcquirePropertyPlantAndEquipment,2015-01-01,2015-09-30,3280000000,2015-10-23,10-Q,Q3
AMZN,PaymentsToAcquirePropertyPlantAndEquipment,2015-01-01,2015-09-30,3280000000,2016-10-28,10-Q,Q3
AMZN,PaymentsToAcquirePropertyPlantAndEquipment,2015-07-01,2015-09-30,1195000000,2015-10-23,10-Q,Q3
AMZN,PaymentsToAcquirePropertyPlantAndEquipment,2015-07-01,2015-09-30,1195000000,2016-10-28,10-Q,Q3
AMZN,PaymentsToAcquirePropertyPlantAndEquipment,2015-01-01,2015-12-31,4589000000,2016-01-29,10-K,FY
AMZN,PaymentsToAcquirePropertyPlantAndEquipment,2015-01-01,2015-12-31,4589000000,2017-02-10,10-K,FY
AMZN,PaymentsToAcquirePropertyPlantAndEquipment,2015-04-01,2016-03-31,4897000000,2016-04-29,10-Q,Q1
AMZN,PaymentsToAcquirePropertyPlantAndEquipment,2015-04-01,2016-03-31,4897000000,2017-04-28,10-Q,Q1
AMZN,PaymentsToAcquirePropertyPlantAndEquipment,2016-01-01,2016-03-31,1179000000,2016-04-29,10-Q,Q1
AMZN,PaymentsToAcquirePropertyPlantAndEquipment,2016-01-01,2016-03-31,1179000000,2017-04-28,10-Q,Q1
AMZN,PaymentsToAcquirePropertyPlantAndEquipment,2015-07-01,2016-06-30,5395000000,2016-07-29,10-Q,Q2
AMZN,PaymentsToAcquirePropertyPlantAndEquipment,2016-01-01,2016-06-30,2890000000,2016-07-29,10-Q,Q2
AMZN,PaymentsToAcquirePropertyPlantAndEquipment,2016-04-01,2016-06-30,1711000000,2016-07-29,10-Q,Q2
AMZN,PaymentsToAcquirePropertyPlantAndEquipment,2015-10-01,2016-09-30,6040000000,2016-10-28,10-Q,Q3
AMZN,PaymentsToAcquirePropertyPlantAndEquipment,2016-01-01,2016-09-30,4731000000,2016-10-28,10-Q,Q3
AMZN,PaymentsToAcquirePropertyPlantAndEquipment,2016-07-01,2016-09-30,1841000000,2016-10-28,10-Q,Q3
AMZN,PaymentsToAcquirePropertyPlantAndEquipment,2016-01-01,2016-12-31,6737000000,2017-02-10,10-K,FY
AMZN,PaymentsToAcquirePropertyPlantAndEquipment,2016-04-01,2017-03-31,7417000000,2017-04-28,10-Q,Q1
AMZN,PaymentsToAcquirePropertyPlantAndEquipment,2017-01-01,2017-03-31,1861000000,2017-04-28,10-Q,Q1
AMZN,PaymentsToAcquireProductiveAssets,2016-01-01,2016-12-31,7804000000,2019-02-01,10-K,FY
AMZN,PaymentsToAcquireProductiveAssets,2016-10-01,2017-09-30,10750000000,2018-10-26,10-Q,Q3
AMZN,PaymentsToAcquireProductiveAssets,2017-01-01,2017-09-30,8336000000,2018-10-26,10-Q,Q3
AMZN,PaymentsToAcquireProductiveAssets,2017-07-01,2017-09-30,3074000000,2018-10-26,10-Q,Q3
AMZN,PaymentsToAcquireProductiveAssets,2017-01-01,2017-12-31,11955000000,2019-02-01,10-K,FY
AMZN,PaymentsToAcquireProductiveAssets,2017-01-01,2017-12-31,11955000000,2020-01-31,10-K,FY
AMZN,PaymentsToAcquireProductiveAssets,2017-04-01,2018-03-31,12905000000,2019-04-26,10-Q,Q1
AMZN,PaymentsToAcquireProductiveAssets,2018-01-01,2018-03-31,3098000000,2019-04-26,10-Q,Q1
AMZN,PaymentsToAcquireProductiveAssets,2017-07-01,2018-06-30,13035000000,2019-07-26,10-Q,Q2
AMZN,PaymentsToAcquireProductiveAssets,2018-01-01,2018-06-30,6341000000,2019-07-26,10-Q,Q2
AMZN,PaymentsToAcquireProductiveAssets,2018-04-01,2018-06-30,3243000000,2019-07-26,10-Q,Q2
AMZN,PaymentsToAcquireProductiveAssets,2017-10-01,2018-09-30,13312000000,2018-10-26,10-Q,Q3
AMZN,PaymentsToAcquireProductiveAssets,2017-10-01,2018-09-30,13312000000,2019-10-25,10-Q,Q3
AMZN,PaymentsToAcquireProductiveAssets,2018-01-01,2018-09-30,9693000000,2018-10-26,10-Q,Q3
AMZN,PaymentsToAcquireProductiveAssets,2018-01-01,2018-09-30,9693000000,2019-10-25,10-Q,Q3
AMZN,PaymentsToAcquireProductiveAssets,2018-07-01,2018-09-30,3352000000,2018-10-26,10-Q,Q3
AMZN,PaymentsToAcquireProductiveAssets,2018-07-01,2018-09-30,3352000000,2019-10-25,10-Q,Q3
AMZN,PaymentsToAcquireProductiveAssets,2018-01-01,2018-12-31,13427000000,2019-02-01,10-K,FY
AMZN,PaymentsToAcquireProductiveAssets,2018-01-01,2018-12-31,13427000000,2020-01-31,10-K,FY
AMZN,PaymentsToAcquireProductiveAssets,2018-01-01,2018-12-31,13427000000,2021-02-03,10-K,FY
AMZN,PaymentsToAcquireProductiveAssets,2018-04-01,2019-03-31,13619000000,2019-04-26,10-Q,Q1
AMZN,PaymentsToAcquireProductiveAssets,2018-04-01,2019-03-31,13619000000,2020-05-01,10-Q,Q1
AMZN,PaymentsToAcquireProductiveAssets,2019-01-01,2019-03-31,3290000000,2019-04-26,10-Q,Q1
AMZN,PaymentsToAcquireProductiveAssets,2019-01-01,2019-03-31,3290000000,2020-05-01,10-Q,Q1
AMZN,PaymentsToAcquireProductiveAssets,2018-07-01,2019-06-30,13938000000,2019-07-26,10-Q,Q2
AMZN,PaymentsToAcquireProductiveAssets,2018-07-01,2019-06-30,13938000000,2020-07-31,10-Q,Q2
AMZN,PaymentsToAcquireProductiveAssets,2019-01-01,2019-06-30,6852000000,2019-07-26,10-Q,Q2
AMZN,PaymentsToAcquireProductiveAssets,2019-01-01,2019-06-30,6852000000,2020-07-31,10-Q,Q2
AMZN,PaymentsToAcquireProductiveAssets,2019-04-01,2019-06-30,3562000000,2019-07-26,10-Q,Q2
AMZN,PaymentsToAcquireProductiveAssets,2019-04-01,2019-06-30,3562000000,2020-07-31,10-Q,Q2
AMZN,PaymentsToAcquireProductiveAssets,2018-10-01,2019-09-30,15282000000,2019-10-25,10-Q,Q3
AMZN,PaymentsToAcquireProductiveAssets,2018-10-01,2019-09-30,15282000000,2020-10-30,10-Q,Q3
AMZN,PaymentsToAcquireProductiveAssets,2019-01-01,2019-09-30,11549000000,2019-10-25,10-Q,Q3
AMZN,PaymentsToAcquireProductiveAssets,2019-01-01,2019-09-30,11549000000,2020-10-30,10-Q,Q3
AMZN,PaymentsToAcquireProductiveAssets,2019-07-01,2019-09-30,4697000000,2019-10-25,10-Q,Q3
AMZN,PaymentsToAcquireProductiveAssets,2019-07-01,2019-09-30,4697000000,2020-10-30,10-Q,Q3
AMZN,PaymentsToAcquireProductiveAssets,2019-01-01,2019-12-31,16861000000,2020-01-31,10-K,FY
AMZN,PaymentsToAcquireProductiveAssets,2019-01-01,2019-12-31,16861000000,2021-02-03,10-K,FY
AMZN,PaymentsToAcquireProductiveAssets,2019-01-01,2019-12-31,16861000000,2022-02-04,10-K,FY
AMZN,PaymentsToAcquireProductiveAssets,2019-04-01,2020-03-31,20365000000,2020-05-01,10-Q,Q1
AMZN,PaymentsToAcquireProductiveAssets,2019-04-01,2020-03-31,20365000000,2021-04-30,10-Q,Q1
AMZN,PaymentsToAcquireProductiveAssets,2020-01-01,2020-03-31,6795000000,2020-05-01,10-Q,Q1
AMZN,PaymentsToAcquireProductiveAssets,2020-01-01,2020-03-31,6795000000,2021-04-30,10-Q,Q1
AMZN,PaymentsToAcquireProductiveAssets,2019-07-01,2020-06-30,24263000000,2020-07-31,10-Q,Q2
AMZN,PaymentsToAcquireProductiveAssets,2019-07-01,2020-06-30,24263000000,2021-07-30,10-Q,Q2
AMZN,PaymentsToAcquireProductiveAssets,2020-01-01,2020-06-30,14254000000,2020-07-31,10-Q,Q2
AMZN,PaymentsToAcquireProductiveAssets,2020-01-01,2020-06-30,14254000000,2021-07-30,10-Q,Q2
AMZN,PaymentsToAcquireProductiveAssets,2020-04-01,2020-06-30,7459000000,2020-07-31,10-Q,Q2
AMZN,PaymentsToAcquireProductiveAssets,2020-04-01,2020-06-30,7459000000,2021-07-30,10-Q,Q2
AMZN,PaymentsToAcquireProductiveAssets,2019-10-01,2020-09-30,30629000000,2020-10-30,10-Q,Q3
AMZN,PaymentsToAcquireProductiveAssets,2019-10-01,2020-09-30,30629000000,2021-10-29,10-Q,Q3
AMZN,PaymentsToAcquireProductiveAssets,2020-01-01,2020-09-30,25317000000,2020-10-30,10-Q,Q3
AMZN,PaymentsToAcquireProductiveAssets,2020-01-01,2020-09-30,25317000000,2021-10-29,10-Q,Q3
AMZN,PaymentsToAcquireProductiveAssets,2020-07-01,2020-09-30,11063000000,2020-10-30,10-Q,Q3
AMZN,PaymentsToAcquireProductiveAssets,2020-07-01,2020-09-30,11063000000,2021-10-29,10-Q,Q3
AMZN,PaymentsToAcquireProductiveAssets,2020-01-01,2020-12-31,40140000000,2021-02-03,10-K,FY
AMZN,PaymentsToAcquireProductiveAssets,2020-01-01,2020-12-31,40140000000,2022-02-04,10-K,FY
AMZN,PaymentsToAcquireProductiveAssets,2020-01-01,2020-12-31,40140000000,2023-02-03,10-K,FY
AMZN,PaymentsToAcquireProductiveAssets,2020-04-01,2021-03-31,45427000000,2021-04-30,10-Q,Q1
AMZN,PaymentsToAcquireProductiveAssets,2020-04-01,2021-03-31,45427000000,2022-04-29,10-Q,Q1
AMZN,PaymentsToAcquireProductiveAssets,2021-01-01,2021-03-31,12082000000,2021-04-30,10-Q,Q1
AMZN,PaymentsToAcquireProductiveAssets,2021-01-01,2021-03-31,12082000000,2022-04-29,10-Q,Q1
AMZN,PaymentsToAcquireProductiveAssets,2020-07-01,2021-06-30,52256000000,2021-07-30,10-Q,Q2
AMZN,PaymentsToAcquireProductiveAssets,2020-07-01,2021-06-30,52256000000,2022-07-29,10-Q,Q2
AMZN,PaymentsToAcquireProductiveAssets,2021-01-01,2021-06-30,26370000000,2021-07-30,10-Q,Q2
AMZN,PaymentsToAcquireProductiveAssets,2021-01-01,2021-06-30,26370000000,2022-07-29,10-Q,Q2
AMZN,PaymentsToAcquireProductiveAssets,2021-04-01,2021-06-30,14288000000,2021-07-30,10-Q,Q2
AMZN,PaymentsToAcquireProductiveAssets,2021-04-01,2021-06-30,14288000000,2022-07-29,10-Q,Q2
AMZN,PaymentsToAcquireProductiveAssets,2020-10-01,2021-09-30,56941000000,2021-10-29,10-Q,Q3
AMZN,PaymentsToAcquireProductiveAssets,2020-10-01,2021-09-30,56941000000,2022-10-28,10-Q,Q3
AMZN,PaymentsToAcquireProductiveAssets,2021-01-01,2021-09-30,42118000000,2021-10-29,10-Q,Q3
AMZN,PaymentsToAcquireProductiveAssets,2021-01-01,2021-09-30,42118000000,2022-10-28,10-Q,Q3
AMZN,PaymentsToAcquireProductiveAssets,2021-07-01,2021-09-30,15748000000,2021-10-29,10-Q,Q3
AMZN,PaymentsToAcquireProductiveAssets,2021-07-01,2021-09-30,15748000000,2022-10-28,10-Q,Q3
AMZN,PaymentsToAcquireProductiveAssets,2021-01-01,2021-12-31,61053000000,2022-02-04,10-K,FY
AMZN,PaymentsToAcquireProductiveAssets,2021-01-01,2021-12-31,61053000000,2023-02-03,10-K,FY
AMZN,PaymentsToAcquireProductiveAssets,2021-01-01,2021-12-31,61053000000,2024-02-02,10-K,FY
AMZN,PaymentsToAcquireProductiveAssets,2021-04-01,2022-03-31,63922000000,2022-04-29,10-Q,Q1
AMZN,PaymentsToAcquireProductiveAssets,2021-04-01,2022-03-31,63922000000,2023-04-28,10-Q,Q1
AMZN,PaymentsToAcquireProductiveAssets,2022-01-01,2022-03-31,14951000000,2022-04-29,10-Q,Q1
AMZN,PaymentsToAcquireProductiveAssets,2022-01-01,2022-03-31,14951000000,2023-04-28,10-Q,Q1
AMZN,PaymentsToAcquireProductiveAssets,2021-07-01,2022-06-30,65358000000,2022-07-29,10-Q,Q2
AMZN,PaymentsToAcquireProductiveAssets,2021-07-01,2022-06-30,65358000000,2023-08-04,10-Q,Q2
AMZN,PaymentsToAcquireProductiveAssets,2022-01-01,2022-06-30,30675000000,2022-07-29,10-Q,Q2
AMZN,PaymentsToAcquireProductiveAssets,2022-01-01,2022-06-30,30675000000,2023-08-04,10-Q,Q2
AMZN,PaymentsToAcquireProductiveAssets,2022-04-01,2022-06-30,15724000000,2022-07-29,10-Q,Q2
AMZN,PaymentsToAcquireProductiveAssets,2022-04-01,2022-06-30,15724000000,2023-08-04,10-Q,Q2
AMZN,PaymentsToAcquireProductiveAssets,2021-10-01,2022-09-30,65988000000,2022-10-28,10-Q,Q3
AMZN,PaymentsToAcquireProductiveAssets,2021-10-01,2022-09-30,65988000000,2023-10-27,10-Q,Q3
AMZN,PaymentsToAcquireProductiveAssets,2022-01-01,2022-09-30,47053000000,2022-10-28,10-Q,Q3
AMZN,PaymentsToAcquireProductiveAssets,2022-01-01,2022-09-30,47053000000,2023-10-27,10-Q,Q3
AMZN,PaymentsToAcquireProductiveAssets,2022-07-01,2022-09-30,16378000000,2022-10-28,10-Q,Q3
AMZN,PaymentsToAcquireProductiveAssets,2022-07-01,2022-09-30,16378000000,2023-10-27,10-Q,Q3
AMZN,PaymentsToAcquireProductiveAssets,2022-01-01,2022-12-31,63645000000,2023-02-03,10-K,FY
AMZN,PaymentsToAcquireProductiveAssets,2022-01-01,2022-12-31,63645000000,2024-02-02,10-K,FY
AMZN,PaymentsToAcquireProductiveAssets,2022-01-01,2022-12-31,63645000000,2025-02-07,10-K,FY
AMZN,PaymentsToAcquireProductiveAssets,2022-04-01,2023-03-31,62901000000,2023-04-28,10-Q,Q1
AMZN,PaymentsToAcquireProductiveAssets,2022-04-01,2023-03-31,62901000000,2024-05-01,10-Q,Q1
AMZN,PaymentsToAcquireProductiveAssets,2023-01-01,2023-03-31,14207000000,2023-04-28,10-Q,Q1
AMZN,PaymentsToAcquireProductiveAssets,2023-01-01,2023-03-31,14207000000,2024-05-01,10-Q,Q1
AMZN,PaymentsToAcquireProductiveAssets,2022-07-01,2023-06-30,58632000000,2023-08-04,10-Q,Q2
AMZN,PaymentsToAcquireProductiveAssets,2022-07-01,2023-06-30,58632000000,2024-08-02,10-Q,Q2
AMZN,PaymentsToAcquireProductiveAssets,2023-01-01,2023-06-30,25662000000,2023-08-04,10-Q,Q2
AMZN,PaymentsToAcquireProductiveAssets,2023-01-01,2023-06-30,25662000000,2024-08-02,10-Q,Q2
AMZN,PaymentsToAcquireProductiveAssets,2023-04-01,2023-06-30,11455000000,2023-08-04,10-Q,Q2
AMZN,PaymentsToAcquireProductiveAssets,2023-04-01,2023-06-30,11455000000,2024-08-02,10-Q,Q2
AMZN,PaymentsToAcquireProductiveAssets,2022-10-01,2023-09-30,54733000000,2023-10-27,10-Q,Q3
AMZN,PaymentsToAcquireProductiveAssets,2022-10-01,2023-09-30,54733000000,2024-11-01,10-Q,Q3
AMZN,PaymentsToAcquireProductiveAssets,2023-01-01,2023-09-30,38141000000,2023-10-27,10-Q,Q3
AMZN,PaymentsToAcquireProductiveAssets,2023-01-01,2023-09-30,38141000000,2024-11-01,10-Q,Q3
AMZN,PaymentsToAcquireProductiveAssets,2023-07-01,2023-09-30,12479000000,2023-10-27,10-Q,Q3
AMZN,PaymentsToAcquireProductiveAssets,2023-07-01,2023-09-30,12479000000,2024-11-01,10-Q,Q3
AMZN,PaymentsToAcquireProductiveAssets,2023-01-01,2023-12-31,52729000000,2024-02-02,10-K,FY
AMZN,PaymentsToAcquireProductiveAssets,2023-01-01,2023-12-31,52729000000,2025-02-07,10-K,FY
AMZN,PaymentsToAcquireProductiveAssets,2023-01-01,2023-12-31,52729000000,2026-02-06,10-K,FY
AMZN,PaymentsToAcquireProductiveAssets,2023-04-01,2024-03-31,53447000000,2024-05-01,10-Q,Q1
AMZN,PaymentsToAcquireProductiveAssets,2023-04-01,2024-03-31,53447000000,2025-05-02,10-Q,Q1
AMZN,PaymentsToAcquireProductiveAssets,2024-01-01,2024-03-31,14925000000,2024-05-01,10-Q,Q1
AMZN,PaymentsToAcquireProductiveAssets,2024-01-01,2024-03-31,14925000000,2025-05-02,10-Q,Q1
AMZN,PaymentsToAcquireProductiveAssets,2023-07-01,2024-06-30,59612000000,2024-08-02,10-Q,Q2
AMZN,PaymentsToAcquireProductiveAssets,2023-07-01,2024-06-30,59612000000,2025-08-01,10-Q,Q2
AMZN,PaymentsToAcquireProductiveAssets,2024-01-01,2024-06-30,32545000000,2024-08-02,10-Q,Q2
AMZN,PaymentsToAcquireProductiveAssets,2024-01-01,2024-06-30,32545000000,2025-08-01,10-Q,Q2
AMZN,PaymentsToAcquireProductiveAssets,2024-04-01,2024-06-30,17620000000,2024-08-02,10-Q,Q2
AMZN,PaymentsToAcquireProductiveAssets,2024-04-01,2024-06-30,17620000000,2025-08-01,10-Q,Q2
AMZN,PaymentsToAcquireProductiveAssets,2023-10-01,2024-09-30,69753000000,2024-11-01,10-Q,Q3
AMZN,PaymentsToAcquireProductiveAssets,2023-10-01,2024-09-30,69753000000,2025-10-31,10-Q,Q3
AMZN,PaymentsToAcquireProductiveAssets,2024-01-01,2024-09-30,55165000000,2024-11-01,10-Q,Q3
AMZN,PaymentsToAcquireProductiveAssets,2024-01-01,2024-09-30,55165000000,2025-10-31,10-Q,Q3
AMZN,PaymentsToAcquireProductiveAssets,2024-07-01,2024-09-30,22620000000,2024-11-01,10-Q,Q3
AMZN,PaymentsToAcquireProductiveAssets,2024-07-01,2024-09-30,22620000000,2025-10-31,10-Q,Q3
AMZN,PaymentsToAcquireProductiveAssets,2024-01-01,2024-12-31,82999000000,2025-02-07,10-K,FY
AMZN,PaymentsToAcquireProductiveAssets,2024-01-01,2024-12-31,82999000000,2026-02-06,10-K,FY
AMZN,PaymentsToAcquireProductiveAssets,2024-04-01,2025-03-31,93093000000,2025-05-02,10-Q,Q1
AMZN,PaymentsToAcquireProductiveAssets,2024-04-01,2025-03-31,93093000000,2026-04-30,10-Q,Q1
AMZN,PaymentsToAcquireProductiveAssets,2025-01-01,2025-03-31,25019000000,2025-05-02,10-Q,Q1
AMZN,PaymentsToAcquireProductiveAssets,2025-01-01,2025-03-31,25019000000,2026-04-30,10-Q,Q1
AMZN,PaymentsToAcquireProductiveAssets,2024-07-01,2025-06-30,107656000000,2025-08-01,10-Q,Q2
AMZN,PaymentsToAcquireProductiveAssets,2024-07-01,2025-06-30,107656000000,2026-07-31,10-Q,Q2
AMZN,PaymentsToAcquireProductiveAssets,2025-01-01,2025-06-30,57202000000,2025-08-01,10-Q,Q2
AMZN,PaymentsToAcquireProductiveAssets,2025-01-01,2025-06-30,57202000000,2026-07-31,10-Q,Q2
AMZN,PaymentsToAcquireProductiveAssets,2025-04-01,2025-06-30,32183000000,2025-08-01,10-Q,Q2
AMZN,PaymentsToAcquireProductiveAssets,2025-04-01,2025-06-30,32183000000,2026-07-31,10-Q,Q2
AMZN,PaymentsToAcquireProductiveAssets,2024-10-01,2025-09-30,120131000000,2025-10-31,10-Q,Q3
AMZN,PaymentsToAcquireProductiveAssets,2025-01-01,2025-09-30,92297000000,2025-10-31,10-Q,Q3
AMZN,PaymentsToAcquireProductiveAssets,2025-07-01,2025-09-30,35095000000,2025-10-31,10-Q,Q3
AMZN,PaymentsToAcquireProductiveAssets,2025-01-01,2025-12-31,131819000000,2026-02-06,10-K,FY
AMZN,PaymentsToAcquireProductiveAssets,2025-04-01,2026-03-31,151003000000,2026-04-30,10-Q,Q1
AMZN,PaymentsToAcquireProductiveAssets,2026-01-01,2026-03-31,44203000000,2026-04-30,10-Q,Q1
AMZN,PaymentsToAcquireProductiveAssets,2025-07-01,2026-06-30,173028000000,2026-07-31,10-Q,Q2
AMZN,PaymentsToAcquireProductiveAssets,2026-01-01,2026-06-30,98411000000,2026-07-31,10-Q,Q2
AMZN,PaymentsToAcquireProductiveAssets,2026-04-01,2026-06-30,54208000000,2026-07-31,10-Q,Q2
AMZN,InventoryNet,,2008-12-31,1399000000,2009-07-24,10-Q,Q2
AMZN,InventoryNet,,2008-12-31,1399000000,2009-10-23,10-Q,Q3
AMZN,InventoryNet,,2008-12-31,1399000000,2010-01-29,10-K,FY
AMZN,InventoryNet,,2009-06-30,1325000000,2009-07-24,10-Q,Q2
AMZN,InventoryNet,,2009-09-30,1617000000,2009-10-23,10-Q,Q3
AMZN,InventoryNet,,2009-12-31,2171000000,2010-01-29,10-K,FY
AMZN,InventoryNet,,2009-12-31,2171000000,2010-04-23,10-Q,Q1
AMZN,InventoryNet,,2009-12-31,2171000000,2010-07-23,10-Q,Q2
AMZN,InventoryNet,,2009-12-31,2171000000,2010-10-22,10-Q,Q3
AMZN,InventoryNet,,2009-12-31,2171000000,2011-01-28,10-K,FY
AMZN,InventoryNet,,2010-03-31,1820000000,2010-04-23,10-Q,Q1
AMZN,InventoryNet,,2010-06-30,1940000000,2010-07-23,10-Q,Q2
AMZN,InventoryNet,,2010-09-30,2515000000,2010-10-22,10-Q,Q3
AMZN,InventoryNet,,2010-12-31,3202000000,2011-01-28,10-K,FY
AMZN,InventoryNet,,2010-12-31,3202000000,2011-04-27,10-Q,Q1
AMZN,InventoryNet,,2010-12-31,3202000000,2011-07-27,10-Q,Q2
AMZN,InventoryNet,,2010-12-31,3202000000,2011-10-26,10-Q,Q3
AMZN,InventoryNet,,2010-12-31,3202000000,2012-02-01,10-K,FY
AMZN,InventoryNet,,2011-03-31,2888000000,2011-04-27,10-Q,Q1
AMZN,InventoryNet,,2011-06-30,3229000000,2011-07-27,10-Q,Q2
AMZN,InventoryNet,,2011-09-30,3770000000,2011-10-26,10-Q,Q3
AMZN,InventoryNet,,2011-12-31,4992000000,2012-02-01,10-K,FY
AMZN,InventoryNet,,2011-12-31,4992000000,2012-04-27,10-Q,Q1
AMZN,InventoryNet,,2011-12-31,4992000000,2012-07-27,10-Q,Q2
AMZN,InventoryNet,,2011-12-31,4992000000,2012-10-26,10-Q,Q3
AMZN,InventoryNet,,2011-12-31,4992000000,2013-01-30,10-K,FY
AMZN,InventoryNet,,2012-03-31,4255000000,2012-04-27,10-Q,Q1
AMZN,InventoryNet,,2012-06-30,4380000000,2012-07-27,10-Q,Q2
AMZN,InventoryNet,,2012-09-30,5065000000,2012-10-26,10-Q,Q3
AMZN,InventoryNet,,2012-12-31,6031000000,2013-01-30,10-K,FY
AMZN,InventoryNet,,2012-12-31,6031000000,2013-04-26,10-Q,Q1
AMZN,InventoryNet,,2012-12-31,6031000000,2013-07-26,10-Q,Q2
AMZN,InventoryNet,,2012-12-31,6031000000,2013-10-25,10-Q,Q3
AMZN,InventoryNet,,2012-12-31,6031000000,2014-01-31,10-K,FY
AMZN,InventoryNet,,2013-03-31,5395000000,2013-04-26,10-Q,Q1
AMZN,InventoryNet,,2013-06-30,5420000000,2013-07-26,10-Q,Q2
AMZN,InventoryNet,,2013-09-30,6068000000,2013-10-25,10-Q,Q3
AMZN,InventoryNet,,2013-12-31,7411000000,2014-01-31,10-K,FY
AMZN,InventoryNet,,2013-12-31,7411000000,2014-04-25,10-Q,Q1
AMZN,InventoryNet,,2013-12-31,7411000000,2014-07-25,10-Q,Q2
AMZN,InventoryNet,,2013-12-31,7411000000,2014-10-24,10-Q,Q3
AMZN,InventoryNet,,2013-12-31,7411000000,2015-01-30,10-K,FY
AMZN,InventoryNet,,2014-03-31,6716000000,2014-04-25,10-Q,Q1
AMZN,InventoryNet,,2014-06-30,6644000000,2014-07-25,10-Q,Q2
AMZN,InventoryNet,,2014-09-30,7316000000,2014-10-24,10-Q,Q3
AMZN,InventoryNet,,2014-12-31,8299000000,2015-01-30,10-K,FY
AMZN,InventoryNet,,2014-12-31,8299000000,2015-04-24,10-Q,Q1
AMZN,InventoryNet,,2014-12-31,8299000000,2015-07-24,10-Q,Q2
AMZN,InventoryNet,,2014-12-31,8299000000,2015-10-23,10-Q,Q3
AMZN,InventoryNet,,2014-12-31,8299000000,2016-01-29,10-K,FY
AMZN,InventoryNet,,2015-03-31,7369000000,2015-04-24,10-Q,Q1
AMZN,InventoryNet,,2015-06-30,7470000000,2015-07-24,10-Q,Q2
AMZN,InventoryNet,,2015-09-30,8981000000,2015-10-23,10-Q,Q3
AMZN,InventoryNet,,2015-12-31,10243000000,2016-01-29,10-K,FY
AMZN,InventoryNet,,2015-12-31,10243000000,2016-04-29,10-Q,Q1
AMZN,InventoryNet,,2015-12-31,10243000000,2016-07-29,10-Q,Q2
AMZN,InventoryNet,,2015-12-31,10243000000,2016-10-28,10-Q,Q3
AMZN,InventoryNet,,2015-12-31,10243000000,2017-02-10,10-K,FY
AMZN,InventoryNet,,2016-03-31,9582000000,2016-04-29,10-Q,Q1
AMZN,InventoryNet,,2016-06-30,9588000000,2016-07-29,10-Q,Q2
AMZN,InventoryNet,,2016-09-30,10696000000,2016-10-28,10-Q,Q3
AMZN,InventoryNet,,2016-12-31,11461000000,2017-02-10,10-K,FY
AMZN,InventoryNet,,2016-12-31,11461000000,2017-04-28,10-Q,Q1
AMZN,InventoryNet,,2016-12-31,11461000000,2017-07-28,10-Q,Q2
AMZN,InventoryNet,,2016-12-31,11461000000,2017-10-27,10-Q,Q3
AMZN,InventoryNet,,2016-12-31,11461000000,2018-02-02,10-K,FY
AMZN,InventoryNet,,2017-03-31,10600000000,2017-04-28,10-Q,Q1
AMZN,InventoryNet,,2017-06-30,11510000000,2017-07-28,10-Q,Q2
AMZN,InventoryNet,,2017-09-30,13711000000,2017-10-27,10-Q,Q3
AMZN,InventoryNet,,2017-12-31,16047000000,2018-02-02,10-K,FY
AMZN,InventoryNet,,2017-12-31,16047000000,2018-04-27,10-Q,Q1
AMZN,InventoryNet,,2017-12-31,16047000000,2018-07-27,10-Q,Q2
AMZN,InventoryNet,,2017-12-31,16047000000,2018-10-26,10-Q,Q3
AMZN,InventoryNet,,2017-12-31,16047000000,2019-02-01,10-K,FY
AMZN,InventoryNet,,2018-03-31,13840000000,2018-04-27,10-Q,Q1
AMZN,InventoryNet,,2018-06-30,14824000000,2018-07-27,10-Q,Q2
AMZN,InventoryNet,,2018-09-30,15862000000,2018-10-26,10-Q,Q3
AMZN,InventoryNet,,2018-12-31,17174000000,2019-02-01,10-K,FY
AMZN,InventoryNet,,2018-12-31,17174000000,2019-04-26,10-Q,Q1
AMZN,InventoryNet,,2018-12-31,17174000000,2019-07-26,10-Q,Q2
AMZN,InventoryNet,,2018-12-31,17174000000,2019-10-25,10-Q,Q3
AMZN,InventoryNet,,2018-12-31,17174000000,2020-01-31,10-K,FY
AMZN,InventoryNet,,2019-03-31,16432000000,2019-04-26,10-Q,Q1
AMZN,InventoryNet,,2019-06-30,18580000000,2019-07-26,10-Q,Q2
AMZN,InventoryNet,,2019-09-30,18766000000,2019-10-25,10-Q,Q3
AMZN,InventoryNet,,2019-12-31,20497000000,2020-01-31,10-K,FY
AMZN,InventoryNet,,2019-12-31,20497000000,2020-05-01,10-Q,Q1
AMZN,InventoryNet,,2019-12-31,20497000000,2020-07-31,10-Q,Q2
AMZN,InventoryNet,,2019-12-31,20497000000,2020-10-30,10-Q,Q3
AMZN,InventoryNet,,2019-12-31,20497000000,2021-02-03,10-K,FY
AMZN,InventoryNet,,2020-03-31,18857000000,2020-05-01,10-Q,Q1
AMZN,InventoryNet,,2020-06-30,19599000000,2020-07-31,10-Q,Q2
AMZN,InventoryNet,,2020-09-30,23735000000,2020-10-30,10-Q,Q3
AMZN,InventoryNet,,2020-12-31,23795000000,2021-02-03,10-K,FY
AMZN,InventoryNet,,2020-12-31,23795000000,2021-04-30,10-Q,Q1
AMZN,InventoryNet,,2020-12-31,23795000000,2021-07-30,10-Q,Q2
AMZN,InventoryNet,,2020-12-31,23795000000,2021-10-29,10-Q,Q3
AMZN,InventoryNet,,2020-12-31,23795000000,2022-02-04,10-K,FY
AMZN,InventoryNet,,2021-03-31,23849000000,2021-04-30,10-Q,Q1
AMZN,InventoryNet,,2021-06-30,24119000000,2021-07-30,10-Q,Q2
AMZN,InventoryNet,,2021-09-30,30933000000,2021-10-29,10-Q,Q3
AMZN,InventoryNet,,2021-12-31,32640000000,2022-02-04,10-K,FY
AMZN,InventoryNet,,2021-12-31,32640000000,2022-04-29,10-Q,Q1
AMZN,InventoryNet,,2021-12-31,32640000000,2022-07-29,10-Q,Q2
AMZN,InventoryNet,,2021-12-31,32640000000,2022-10-28,10-Q,Q3
AMZN,InventoryNet,,2021-12-31,32640000000,2023-02-03,10-K,FY
AMZN,InventoryNet,,2022-03-31,34987000000,2022-04-29,10-Q,Q1
AMZN,InventoryNet,,2022-06-30,38153000000,2022-07-29,10-Q,Q2
AMZN,InventoryNet,,2022-09-30,36647000000,2022-10-28,10-Q,Q3
AMZN,InventoryNet,,2022-12-31,34405000000,2023-02-03,10-K,FY
AMZN,InventoryNet,,2022-12-31,34405000000,2023-04-28,10-Q,Q1
AMZN,InventoryNet,,2022-12-31,34405000000,2023-08-04,10-Q,Q2
AMZN,InventoryNet,,2022-12-31,34405000000,2023-10-27,10-Q,Q3
AMZN,InventoryNet,,2022-12-31,34405000000,2024-02-02,10-K,FY
AMZN,InventoryNet,,2023-03-31,34170000000,2023-04-28,10-Q,Q1
AMZN,InventoryNet,,2023-06-30,36587000000,2023-08-04,10-Q,Q2
AMZN,InventoryNet,,2023-09-30,35406000000,2023-10-27,10-Q,Q3
AMZN,InventoryNet,,2023-12-31,33318000000,2024-02-02,10-K,FY
AMZN,InventoryNet,,2023-12-31,33318000000,2024-05-01,10-Q,Q1
AMZN,InventoryNet,,2023-12-31,33318000000,2024-08-02,10-Q,Q2
AMZN,InventoryNet,,2023-12-31,33318000000,2024-11-01,10-Q,Q3
AMZN,InventoryNet,,2023-12-31,33318000000,2025-02-07,10-K,FY
AMZN,InventoryNet,,2024-03-31,31147000000,2024-05-01,10-Q,Q1
AMZN,InventoryNet,,2024-06-30,34109000000,2024-08-02,10-Q,Q2
AMZN,InventoryNet,,2024-09-30,36103000000,2024-11-01,10-Q,Q3
AMZN,InventoryNet,,2024-12-31,34214000000,2025-02-07,10-K,FY
AMZN,InventoryNet,,2024-12-31,34214000000,2025-05-02,10-Q,Q1
AMZN,InventoryNet,,2024-12-31,34214000000,2025-08-01,10-Q,Q2
AMZN,InventoryNet,,2024-12-31,34214000000,2025-10-31,10-Q,Q3
AMZN,InventoryNet,,2024-12-31,34214000000,2026-02-06,10-K,FY
AMZN,InventoryNet,,2025-03-31,35864000000,2025-05-02,10-Q,Q1
AMZN,InventoryNet,,2025-06-30,40825000000,2025-08-01,10-Q,Q2
AMZN,InventoryNet,,2025-09-30,41494000000,2025-10-31,10-Q,Q3
AMZN,InventoryNet,,2025-12-31,38325000000,2026-02-06,10-K,FY
AMZN,InventoryNet,,2025-12-31,38325000000,2026-04-30,10-Q,Q1
AMZN,InventoryNet,,2025-12-31,38325000000,2026-07-31,10-Q,Q2
AMZN,InventoryNet,,2026-03-31,36534000000,2026-04-30,10-Q,Q1
AMZN,InventoryNet,,2026-06-30,38184000000,2026-07-31,10-Q,Q2
AMZN,CostOfGoodsAndServicesSold,2007-01-01,2007-12-31,11482000000,2010-01-29,10-K,FY
AMZN,CostOfGoodsAndServicesSold,2008-01-01,2008-06-30,6275000000,2009-07-24,10-Q,Q2
AMZN,CostOfGoodsAndServicesSold,2008-04-01,2008-06-30,3096000000,2009-07-24,10-Q,Q2
AMZN,CostOfGoodsAndServicesSold,2008-01-01,2008-09-30,9541000000,2009-10-23,10-Q,Q3
AMZN,CostOfGoodsAndServicesSold,2008-07-01,2008-09-30,3265000000,2009-10-23,10-Q,Q3
AMZN,CostOfGoodsAndServicesSold,2008-01-01,2008-12-31,14896000000,2010-01-29,10-K,FY
AMZN,CostOfGoodsAndServicesSold,2008-01-01,2008-12-31,14896000000,2011-01-28,10-K,FY
AMZN,CostOfGoodsAndServicesSold,2009-01-01,2009-03-31,3741000000,2010-04-23,10-Q,Q1
AMZN,CostOfGoodsAndServicesSold,2009-01-01,2009-06-30,7260000000,2009-07-24,10-Q,Q2
AMZN,CostOfGoodsAndServicesSold,2009-01-01,2009-06-30,7260000000,2010-07-23,10-Q,Q2
AMZN,CostOfGoodsAndServicesSold,2009-04-01,2009-06-30,3518000000,2009-07-24,10-Q,Q2
AMZN,CostOfGoodsAndServicesSold,2009-04-01,2009-06-30,3518000000,2010-07-23,10-Q,Q2
AMZN,CostOfGoodsAndServicesSold,2009-01-01,2009-09-30,11435000000,2009-10-23,10-Q,Q3
AMZN,CostOfGoodsAndServicesSold,2009-01-01,2009-09-30,11435000000,2010-10-22,10-Q,Q3
AMZN,CostOfGoodsAndServicesSold,2009-07-01,2009-09-30,4176000000,2009-10-23,10-Q,Q3
AMZN,CostOfGoodsAndServicesSold,2009-07-01,2009-09-30,4176000000,2010-10-22,10-Q,Q3
AMZN,CostOfGoodsAndServicesSold,2009-01-01,2009-12-31,18978000000,2010-01-29,10-K,FY
AMZN,CostOfGoodsAndServicesSold,2009-01-01,2009-12-31,18978000000,2011-01-28,10-K,FY
AMZN,CostOfGoodsAndServicesSold,2009-01-01,2009-12-31,18978000000,2012-02-01,10-K,FY
AMZN,CostOfGoodsAndServicesSold,2010-01-01,2010-03-31,5501000000,2010-04-23,10-Q,Q1
AMZN,CostOfGoodsAndServicesSold,2010-01-01,2010-03-31,5501000000,2011-04-27,10-Q,Q1
AMZN,CostOfGoodsAndServicesSold,2010-01-01,2010-06-30,10458000000,2010-07-23,10-Q,Q2
AMZN,CostOfGoodsAndServicesSold,2010-01-01,2010-06-30,10458000000,2011-07-27,10-Q,Q2
AMZN,CostOfGoodsAndServicesSold,2010-04-01,2010-06-30,4957000000,2010-07-23,10-Q,Q2
AMZN,CostOfGoodsAndServicesSold,2010-04-01,2010-06-30,4957000000,2011-07-27,10-Q,Q2
AMZN,CostOfGoodsAndServicesSold,2010-01-01,2010-09-30,16244000000,2010-10-22,10-Q,Q3
AMZN,CostOfGoodsAndServicesSold,2010-01-01,2010-09-30,16244000000,2011-10-26,10-Q,Q3
AMZN,CostOfGoodsAndServicesSold,2010-07-01,2010-09-30,5786000000,2010-10-22,10-Q,Q3
AMZN,CostOfGoodsAndServicesSold,2010-07-01,2010-09-30,5786000000,2011-10-26,10-Q,Q3
AMZN,CostOfGoodsAndServicesSold,2010-01-01,2010-12-31,26561000000,2011-01-28,10-K,FY
AMZN,CostOfGoodsAndServicesSold,2010-01-01,2010-12-31,26561000000,2012-02-01,10-K,FY
AMZN,CostOfGoodsAndServicesSold,2010-01-01,2010-12-31,26561000000,2013-01-30,10-K,FY
AMZN,CostOfGoodsAndServicesSold,2011-01-01,2011-03-31,7608000000,2011-04-27,10-Q,Q1
AMZN,CostOfGoodsAndServicesSold,2011-01-01,2011-03-31,7608000000,2012-04-27,10-Q,Q1
AMZN,CostOfGoodsAndServicesSold,2011-01-01,2011-06-30,15133000000,2011-07-27,10-Q,Q2
AMZN,CostOfGoodsAndServicesSold,2011-01-01,2011-06-30,15133000000,2012-07-27,10-Q,Q2
AMZN,CostOfGoodsAndServicesSold,2011-04-01,2011-06-30,7525000000,2011-07-27,10-Q,Q2
AMZN,CostOfGoodsAndServicesSold,2011-04-01,2011-06-30,7525000000,2012-07-27,10-Q,Q2
AMZN,CostOfGoodsAndServicesSold,2011-01-01,2011-09-30,23457000000,2011-10-26,10-Q,Q3
AMZN,CostOfGoodsAndServicesSold,2011-01-01,2011-09-30,23457000000,2012-10-26,10-Q,Q3
AMZN,CostOfGoodsAndServicesSold,2011-07-01,2011-09-30,8325000000,2011-10-26,10-Q,Q3
AMZN,CostOfGoodsAndServicesSold,2011-07-01,2011-09-30,8325000000,2012-10-26,10-Q,Q3
AMZN,CostOfGoodsAndServicesSold,2011-01-01,2011-12-31,37288000000,2012-02-01,10-K,FY
AMZN,CostOfGoodsAndServicesSold,2011-01-01,2011-12-31,37288000000,2013-01-30,10-K,FY
AMZN,CostOfGoodsAndServicesSold,2011-01-01,2011-12-31,37288000000,2014-01-31,10-K,FY
AMZN,CostOfGoodsAndServicesSold,2012-01-01,2012-03-31,10027000000,2012-04-27,10-Q,Q1
AMZN,CostOfGoodsAndServicesSold,2012-01-01,2012-03-31,10027000000,2013-04-26,10-Q,Q1
AMZN,CostOfGoodsAndServicesSold,2012-01-01,2012-06-30,19515000000,2012-07-27,10-Q,Q2
AMZN,CostOfGoodsAndServicesSold,2012-01-01,2012-06-30,19515000000,2013-07-26,10-Q,Q2
AMZN,CostOfGoodsAndServicesSold,2012-04-01,2012-06-30,9488000000,2012-07-27,10-Q,Q2
AMZN,CostOfGoodsAndServicesSold,2012-04-01,2012-06-30,9488000000,2013-07-26,10-Q,Q2
AMZN,CostOfGoodsAndServicesSold,2012-01-01,2012-09-30,29834000000,2012-10-26,10-Q,Q3
AMZN,CostOfGoodsAndServicesSold,2012-01-01,2012-09-30,29834000000,2013-10-25,10-Q,Q3
AMZN,CostOfGoodsAndServicesSold,2012-07-01,2012-09-30,10319000000,2012-10-26,10-Q,Q3
AMZN,CostOfGoodsAndServicesSold,2012-07-01,2012-09-30,10319000000,2013-10-25,10-Q,Q3
AMZN,CostOfGoodsAndServicesSold,2012-01-01,2012-12-31,45971000000,2013-01-30,10-K,FY
AMZN,CostOfGoodsAndServicesSold,2012-01-01,2012-12-31,45971000000,2014-01-31,10-K,FY
AMZN,CostOfGoodsAndServicesSold,2012-01-01,2012-12-31,45971000000,2015-01-30,10-K,FY
AMZN,CostOfGoodsAndServicesSold,2013-01-01,2013-03-31,11801000000,2013-04-26,10-Q,Q1
AMZN,CostOfGoodsAndServicesSold,2013-01-01,2013-03-31,11801000000,2014-04-25,10-Q,Q1
AMZN,CostOfGoodsAndServicesSold,2013-01-01,2013-06-30,23010000000,2013-07-26,10-Q,Q2
AMZN,CostOfGoodsAndServicesSold,2013-01-01,2013-06-30,23010000000,2014-07-25,10-Q,Q2
AMZN,CostOfGoodsAndServicesSold,2013-04-01,2013-06-30,11209000000,2013-07-26,10-Q,Q2
AMZN,CostOfGoodsAndServicesSold,2013-04-01,2013-06-30,11209000000,2014-07-25,10-Q,Q2
AMZN,CostOfGoodsAndServicesSold,2013-01-01,2013-09-30,35375000000,2013-10-25,10-Q,Q3
AMZN,CostOfGoodsAndServicesSold,2013-01-01,2013-09-30,35375000000,2014-10-24,10-Q,Q3
AMZN,CostOfGoodsAndServicesSold,2013-07-01,2013-09-30,12366000000,2013-10-25,10-Q,Q3
AMZN,CostOfGoodsAndServicesSold,2013-07-01,2013-09-30,12366000000,2014-10-24,10-Q,Q3
AMZN,CostOfGoodsAndServicesSold,2013-01-01,2013-12-31,54181000000,2014-01-31,10-K,FY
AMZN,CostOfGoodsAndServicesSold,2013-01-01,2013-12-31,54181000000,2015-01-30,10-K,FY
AMZN,CostOfGoodsAndServicesSold,2013-01-01,2013-12-31,54181000000,2016-01-29,10-K,FY
AMZN,CostOfGoodsAndServicesSold,2014-01-01,2014-03-31,14055000000,2014-04-25,10-Q,Q1
AMZN,CostOfGoodsAndServicesSold,2014-01-01,2014-03-31,14055000000,2015-04-24,10-Q,Q1
AMZN,CostOfGoodsAndServicesSold,2014-01-01,2014-06-30,27453000000,2014-07-25,10-Q,Q2
AMZN,CostOfGoodsAndServicesSold,2014-01-01,2014-06-30,27453000000,2015-07-24,10-Q,Q2
AMZN,CostOfGoodsAndServicesSold,2014-04-01,2014-06-30,13399000000,2014-07-25,10-Q,Q2
AMZN,CostOfGoodsAndServicesSold,2014-04-01,2014-06-30,13399000000,2015-07-24,10-Q,Q2
AMZN,CostOfGoodsAndServicesSold,2014-01-01,2014-09-30,42080000000,2014-10-24,10-Q,Q3
AMZN,CostOfGoodsAndServicesSold,2014-01-01,2014-09-30,42080000000,2015-10-23,10-Q,Q3
AMZN,CostOfGoodsAndServicesSold,2014-07-01,2014-09-30,14627000000,2014-10-24,10-Q,Q3
AMZN,CostOfGoodsAndServicesSold,2014-07-01,2014-09-30,14627000000,2015-10-23,10-Q,Q3
AMZN,CostOfGoodsAndServicesSold,2014-01-01,2014-12-31,62752000000,2015-01-30,10-K,FY
AMZN,CostOfGoodsAndServicesSold,2014-01-01,2014-12-31,62752000000,2016-01-29,10-K,FY
AMZN,CostOfGoodsAndServicesSold,2014-01-01,2014-12-31,62752000000,2017-02-10,10-K,FY
AMZN,CostOfGoodsAndServicesSold,2015-01-01,2015-03-31,15395000000,2015-04-24,10-Q,Q1
AMZN,CostOfGoodsAndServicesSold,2015-01-01,2015-03-31,15395000000,2016-04-29,10-Q,Q1
AMZN,CostOfGoodsAndServicesSold,2015-01-01,2015-06-30,30555000000,2015-07-24,10-Q,Q2
AMZN,CostOfGoodsAndServicesSold,2015-01-01,2015-06-30,30555000000,2016-07-29,10-Q,Q2
AMZN,CostOfGoodsAndServicesSold,2015-04-01,2015-06-30,15160000000,2015-07-24,10-Q,Q2
AMZN,CostOfGoodsAndServicesSold,2015-04-01,2015-06-30,15160000000,2016-07-29,10-Q,Q2
AMZN,CostOfGoodsAndServicesSold,2015-01-01,2015-09-30,47310000000,2015-10-23,10-Q,Q3
AMZN,CostOfGoodsAndServicesSold,2015-01-01,2015-09-30,47310000000,2016-10-28,10-Q,Q3
AMZN,CostOfGoodsAndServicesSold,2015-07-01,2015-09-30,16755000000,2015-10-23,10-Q,Q3
AMZN,CostOfGoodsAndServicesSold,2015-07-01,2015-09-30,16755000000,2016-10-28,10-Q,Q3
AMZN,CostOfGoodsAndServicesSold,2015-01-01,2015-12-31,71651000000,2016-01-29,10-K,FY
AMZN,CostOfGoodsAndServicesSold,2015-01-01,2015-12-31,71651000000,2017-02-10,10-K,FY
AMZN,CostOfGoodsAndServicesSold,2015-01-01,2015-12-31,71651000000,2018-02-02,10-K,FY
AMZN,CostOfGoodsAndServicesSold,2016-01-01,2016-03-31,18866000000,2016-04-29,10-Q,Q1
AMZN,CostOfGoodsAndServicesSold,2016-01-01,2016-03-31,18866000000,2017-04-28,10-Q,Q1
AMZN,CostOfGoodsAndServicesSold,2016-01-01,2016-06-30,38047000000,2016-07-29,10-Q,Q2
AMZN,CostOfGoodsAndServicesSold,2016-01-01,2016-06-30,38047000000,2017-07-28,10-Q,Q2
AMZN,CostOfGoodsAndServicesSold,2016-04-01,2016-06-30,19180000000,2016-07-29,10-Q,Q2
AMZN,CostOfGoodsAndServicesSold,2016-04-01,2016-06-30,19180000000,2017-07-28,10-Q,Q2
AMZN,CostOfGoodsAndServicesSold,2016-01-01,2016-09-30,59306000000,2016-10-28,10-Q,Q3
AMZN,CostOfGoodsAndServicesSold,2016-01-01,2016-09-30,59306000000,2017-10-27,10-Q,Q3
AMZN,CostOfGoodsAndServicesSold,2016-07-01,2016-09-30,21260000000,2016-10-28,10-Q,Q3
AMZN,CostOfGoodsAndServicesSold,2016-07-01,2016-09-30,21260000000,2017-10-27,10-Q,Q3
AMZN,CostOfGoodsAndServicesSold,2016-01-01,2016-12-31,88265000000,2017-02-10,10-K,FY
AMZN,CostOfGoodsAndServicesSold,2016-01-01,2016-12-31,88265000000,2018-02-02,10-K,FY
AMZN,CostOfGoodsAndServicesSold,2016-01-01,2016-12-31,88265000000,2019-02-01,10-K,FY
AMZN,CostOfGoodsAndServicesSold,2017-01-01,2017-03-31,22440000000,2017-04-28,10-Q,Q1
AMZN,CostOfGoodsAndServicesSold,2017-01-01,2017-03-31,22440000000,2018-04-27,10-Q,Q1
AMZN,CostOfGoodsAndServicesSold,2017-01-01,2017-06-30,45891000000,2017-07-28,10-Q,Q2
AMZN,CostOfGoodsAndServicesSold,2017-01-01,2017-06-30,45891000000,2018-07-27,10-Q,Q2
AMZN,CostOfGoodsAndServicesSold,2017-04-01,2017-06-30,23451000000,2017-07-28,10-Q,Q2
AMZN,CostOfGoodsAndServicesSold,2017-04-01,2017-06-30,23451000000,2018-07-27,10-Q,Q2
AMZN,CostOfGoodsAndServicesSold,2017-01-01,2017-09-30,73439000000,2017-10-27,10-Q,Q3
AMZN,CostOfGoodsAndServicesSold,2017-01-01,2017-09-30,73439000000,2018-10-26,10-Q,Q3
AMZN,CostOfGoodsAndServicesSold,2017-07-01,2017-09-30,27549000000,2017-10-27,10-Q,Q3
AMZN,CostOfGoodsAndServicesSold,2017-07-01,2017-09-30,27549000000,2018-10-26,10-Q,Q3
AMZN,CostOfGoodsAndServicesSold,2017-01-01,2017-12-31,111934000000,2018-02-02,10-K,FY
AMZN,CostOfGoodsAndServicesSold,2017-01-01,2017-12-31,111934000000,2019-02-01,10-K,FY
AMZN,CostOfGoodsAndServicesSold,2017-01-01,2017-12-31,111934000000,2020-01-31,10-K,FY
AMZN,CostOfGoodsAndServicesSold,2018-01-01,2018-03-31,30735000000,2018-04-27,10-Q,Q1
AMZN,CostOfGoodsAndServicesSold,2018-01-01,2018-03-31,30735000000,2019-04-26,10-Q,Q1
AMZN,CostOfGoodsAndServicesSold,2018-01-01,2018-06-30,61367000000,2018-07-27,10-Q,Q2
AMZN,CostOfGoodsAndServicesSold,2018-01-01,2018-06-30,61367000000,2019-07-26,10-Q,Q2
AMZN,CostOfGoodsAndServicesSold,2018-04-01,2018-06-30,30632000000,2018-07-27,10-Q,Q2
AMZN,CostOfGoodsAndServicesSold,2018-04-01,2018-06-30,30632000000,2019-07-26,10-Q,Q2
AMZN,CostOfGoodsAndServicesSold,2018-01-01,2018-09-30,94370000000,2018-10-26,10-Q,Q3
AMZN,CostOfGoodsAndServicesSold,2018-01-01,2018-09-30,94370000000,2019-10-25,10-Q,Q3
AMZN,CostOfGoodsAndServicesSold,2018-07-01,2018-09-30,33003000000,2018-10-26,10-Q,Q3
AMZN,CostOfGoodsAndServicesSold,2018-07-01,2018-09-30,33003000000,2019-10-25,10-Q,Q3
AMZN,CostOfGoodsAndServicesSold,2018-01-01,2018-12-31,139156000000,2019-02-01,10-K,FY
AMZN,CostOfGoodsAndServicesSold,2018-01-01,2018-12-31,139156000000,2020-01-31,10-K,FY
AMZN,CostOfGoodsAndServicesSold,2018-01-01,2018-12-31,139156000000,2021-02-03,10-K,FY
AMZN,CostOfGoodsAndServicesSold,2019-01-01,2019-03-31,33920000000,2019-04-26,10-Q,Q1
AMZN,CostOfGoodsAndServicesSold,2019-01-01,2019-03-31,33920000000,2020-05-01,10-Q,Q1
AMZN,CostOfGoodsAndServicesSold,2019-01-01,2019-06-30,70257000000,2019-07-26,10-Q,Q2
AMZN,CostOfGoodsAndServicesSold,2019-01-01,2019-06-30,70257000000,2020-07-31,10-Q,Q2
AMZN,CostOfGoodsAndServicesSold,2019-04-01,2019-06-30,36337000000,2019-07-26,10-Q,Q2
AMZN,CostOfGoodsAndServicesSold,2019-04-01,2019-06-30,36337000000,2020-07-31,10-Q,Q2
AMZN,CostOfGoodsAndServicesSold,2019-01-01,2019-09-30,111559000000,2019-10-25,10-Q,Q3
AMZN,CostOfGoodsAndServicesSold,2019-01-01,2019-09-30,111559000000,2020-10-30,10-Q,Q3
AMZN,CostOfGoodsAndServicesSold,2019-07-01,2019-09-30,41302000000,2019-10-25,10-Q,Q3
AMZN,CostOfGoodsAndServicesSold,2019-07-01,2019-09-30,41302000000,2020-10-30,10-Q,Q3
AMZN,CostOfGoodsAndServicesSold,2019-01-01,2019-12-31,165536000000,2020-01-31,10-K,FY
AMZN,CostOfGoodsAndServicesSold,2019-01-01,2019-12-31,165536000000,2021-02-03,10-K,FY
AMZN,CostOfGoodsAndServicesSold,2019-01-01,2019-12-31,165536000000,2022-02-04,10-K,FY
AMZN,CostOfGoodsAndServicesSold,2020-01-01,2020-03-31,44257000000,2020-05-01,10-Q,Q1
AMZN,CostOfGoodsAndServicesSold,2020-01-01,2020-03-31,44257000000,2021-04-30,10-Q,Q1
AMZN,CostOfGoodsAndServicesSold,2020-01-01,2020-06-30,96917000000,2020-07-31,10-Q,Q2
AMZN,CostOfGoodsAndServicesSold,2020-01-01,2020-06-30,96917000000,2021-07-30,10-Q,Q2
AMZN,CostOfGoodsAndServicesSold,2020-04-01,2020-06-30,52660000000,2020-07-31,10-Q,Q2
AMZN,CostOfGoodsAndServicesSold,2020-04-01,2020-06-30,52660000000,2021-07-30,10-Q,Q2
AMZN,CostOfGoodsAndServicesSold,2020-01-01,2020-09-30,154023000000,2020-10-30,10-Q,Q3
AMZN,CostOfGoodsAndServicesSold,2020-01-01,2020-09-30,154023000000,2021-10-29,10-Q,Q3
AMZN,CostOfGoodsAndServicesSold,2020-07-01,2020-09-30,57106000000,2020-10-30,10-Q,Q3
AMZN,CostOfGoodsAndServicesSold,2020-07-01,2020-09-30,57106000000,2021-10-29,10-Q,Q3
AMZN,CostOfGoodsAndServicesSold,2020-01-01,2020-12-31,233307000000,2021-02-03,10-K,FY
AMZN,CostOfGoodsAndServicesSold,2020-01-01,2020-12-31,233307000000,2022-02-04,10-K,FY
AMZN,CostOfGoodsAndServicesSold,2020-01-01,2020-12-31,233307000000,2023-02-03,10-K,FY
AMZN,CostOfGoodsAndServicesSold,2021-01-01,2021-03-31,62403000000,2021-04-30,10-Q,Q1
AMZN,CostOfGoodsAndServicesSold,2021-01-01,2021-03-31,62403000000,2022-04-29,10-Q,Q1
AMZN,CostOfGoodsAndServicesSold,2021-01-01,2021-06-30,126579000000,2021-07-30,10-Q,Q2
AMZN,CostOfGoodsAndServicesSold,2021-01-01,2021-06-30,126579000000,2022-07-29,10-Q,Q2
AMZN,CostOfGoodsAndServicesSold,2021-04-01,2021-06-30,64176000000,2021-07-30,10-Q,Q2
AMZN,CostOfGoodsAndServicesSold,2021-04-01,2021-06-30,64176000000,2022-07-29,10-Q,Q2
AMZN,CostOfGoodsAndServicesSold,2021-01-01,2021-09-30,189509000000,2021-10-29,10-Q,Q3
AMZN,CostOfGoodsAndServicesSold,2021-01-01,2021-09-30,189509000000,2022-10-28,10-Q,Q3
AMZN,CostOfGoodsAndServicesSold,2021-07-01,2021-09-30,62930000000,2021-10-29,10-Q,Q3
AMZN,CostOfGoodsAndServicesSold,2021-07-01,2021-09-30,62930000000,2022-10-28,10-Q,Q3
AMZN,CostOfGoodsAndServicesSold,2021-01-01,2021-12-31,272344000000,2022-02-04,10-K,FY
AMZN,CostOfGoodsAndServicesSold,2021-01-01,2021-12-31,272344000000,2023-02-03,10-K,FY
AMZN,CostOfGoodsAndServicesSold,2021-01-01,2021-12-31,272344000000,2024-02-02,10-K,FY
AMZN,CostOfGoodsAndServicesSold,2022-01-01,2022-03-31,66499000000,2022-04-29,10-Q,Q1
AMZN,CostOfGoodsAndServicesSold,2022-01-01,2022-03-31,66499000000,2023-04-28,10-Q,Q1
AMZN,CostOfGoodsAndServicesSold,2022-01-01,2022-06-30,132923000000,2022-07-29,10-Q,Q2
AMZN,CostOfGoodsAndServicesSold,2022-01-01,2022-06-30,132923000000,2023-08-04,10-Q,Q2
AMZN,CostOfGoodsAndServicesSold,2022-04-01,2022-06-30,66424000000,2022-07-29,10-Q,Q2
AMZN,CostOfGoodsAndServicesSold,2022-04-01,2022-06-30,66424000000,2023-08-04,10-Q,Q2
AMZN,CostOfGoodsAndServicesSold,2022-01-01,2022-09-30,203191000000,2022-10-28,10-Q,Q3
AMZN,CostOfGoodsAndServicesSold,2022-01-01,2022-09-30,203191000000,2023-10-27,10-Q,Q3
AMZN,CostOfGoodsAndServicesSold,2022-07-01,2022-09-30,70268000000,2022-10-28,10-Q,Q3
AMZN,CostOfGoodsAndServicesSold,2022-07-01,2022-09-30,70268000000,2023-10-27,10-Q,Q3
AMZN,CostOfGoodsAndServicesSold,2022-01-01,2022-12-31,288831000000,2023-02-03,10-K,FY
AMZN,CostOfGoodsAndServicesSold,2022-01-01,2022-12-31,288831000000,2024-02-02,10-K,FY
AMZN,CostOfGoodsAndServicesSold,2022-01-01,2022-12-31,288831000000,2025-02-07,10-K,FY
AMZN,CostOfGoodsAndServicesSold,2023-01-01,2023-03-31,67791000000,2023-04-28,10-Q,Q1
AMZN,CostOfGoodsAndServicesSold,2023-01-01,2023-03-31,67791000000,2024-05-01,10-Q,Q1
AMZN,CostOfGoodsAndServicesSold,2023-01-01,2023-06-30,137164000000,2023-08-04,10-Q,Q2
AMZN,CostOfGoodsAndServicesSold,2023-01-01,2023-06-30,137164000000,2024-08-02,10-Q,Q2
AMZN,CostOfGoodsAndServicesSold,2023-04-01,2023-06-30,69373000000,2023-08-04,10-Q,Q2
AMZN,CostOfGoodsAndServicesSold,2023-04-01,2023-06-30,69373000000,2024-08-02,10-Q,Q2
AMZN,CostOfGoodsAndServicesSold,2023-01-01,2023-09-30,212186000000,2023-10-27,10-Q,Q3
AMZN,CostOfGoodsAndServicesSold,2023-01-01,2023-09-30,212186000000,2024-11-01,10-Q,Q3
AMZN,CostOfGoodsAndServicesSold,2023-07-01,2023-09-30,75022000000,2023-10-27,10-Q,Q3
AMZN,CostOfGoodsAndServicesSold,2023-07-01,2023-09-30,75022000000,2024-11-01,10-Q,Q3
AMZN,CostOfGoodsAndServicesSold,2023-01-01,2023-12-31,304739000000,2024-02-02,10-K,FY
AMZN,CostOfGoodsAndServicesSold,2023-01-01,2023-12-31,304739000000,2025-02-07,10-K,FY
AMZN,CostOfGoodsAndServicesSold,2023-01-01,2023-12-31,304739000000,2026-02-06,10-K,FY
AMZN,CostOfGoodsAndServicesSold,2024-01-01,2024-03-31,72633000000,2024-05-01,10-Q,Q1
AMZN,CostOfGoodsAndServicesSold,2024-01-01,2024-03-31,72633000000,2025-05-02,10-Q,Q1
AMZN,CostOfGoodsAndServicesSold,2024-01-01,2024-06-30,146418000000,2024-08-02,10-Q,Q2
AMZN,CostOfGoodsAndServicesSold,2024-01-01,2024-06-30,146418000000,2025-08-01,10-Q,Q2
AMZN,CostOfGoodsAndServicesSold,2024-04-01,2024-06-30,73785000000,2024-08-02,10-Q,Q2
AMZN,CostOfGoodsAndServicesSold,2024-04-01,2024-06-30,73785000000,2025-08-01,10-Q,Q2
AMZN,CostOfGoodsAndServicesSold,2024-01-01,2024-09-30,227395000000,2024-11-01,10-Q,Q3
AMZN,CostOfGoodsAndServicesSold,2024-01-01,2024-09-30,227395000000,2025-10-31,10-Q,Q3
AMZN,CostOfGoodsAndServicesSold,2024-07-01,2024-09-30,80977000000,2024-11-01,10-Q,Q3
AMZN,CostOfGoodsAndServicesSold,2024-07-01,2024-09-30,80977000000,2025-10-31,10-Q,Q3
AMZN,CostOfGoodsAndServicesSold,2024-01-01,2024-12-31,326288000000,2025-02-07,10-K,FY
AMZN,CostOfGoodsAndServicesSold,2024-01-01,2024-12-31,326288000000,2026-02-06,10-K,FY
AMZN,CostOfGoodsAndServicesSold,2025-01-01,2025-03-31,76976000000,2025-05-02,10-Q,Q1
AMZN,CostOfGoodsAndServicesSold,2025-01-01,2025-03-31,76976000000,2026-04-30,10-Q,Q1
AMZN,CostOfGoodsAndServicesSold,2025-01-01,2025-06-30,157785000000,2025-08-01,10-Q,Q2
AMZN,CostOfGoodsAndServicesSold,2025-01-01,2025-06-30,157785000000,2026-07-31,10-Q,Q2
AMZN,CostOfGoodsAndServicesSold,2025-04-01,2025-06-30,80809000000,2025-08-01,10-Q,Q2
AMZN,CostOfGoodsAndServicesSold,2025-04-01,2025-06-30,80809000000,2026-07-31,10-Q,Q2
AMZN,CostOfGoodsAndServicesSold,2025-01-01,2025-09-30,246455000000,2025-10-31,10-Q,Q3
AMZN,CostOfGoodsAndServicesSold,2025-07-01,2025-09-30,88670000000,2025-10-31,10-Q,Q3
AMZN,CostOfGoodsAndServicesSold,2025-01-01,2025-12-31,356414000000,2026-02-06,10-K,FY
AMZN,CostOfGoodsAndServicesSold,2026-01-01,2026-03-31,87463000000,2026-04-30,10-Q,Q1
AMZN,CostOfGoodsAndServicesSold,2026-01-01,2026-06-30,183241000000,2026-07-31,10-Q,Q2
AMZN,CostOfGoodsAndServicesSold,2026-04-01,2026-06-30,95778000000,2026-07-31,10-Q,Q2
AMZN,RevenueFromContractWithCustomerExcludingAssessedTax,2016-01-01,2016-12-31,135987000000,2019-02-01,10-K,FY
AMZN,RevenueFromContractWithCustomerExcludingAssessedTax,2017-01-01,2017-03-31,35714000000,2019-02-01,10-K,FY
AMZN,RevenueFromContractWithCustomerExcludingAssessedTax,2017-04-01,2017-06-30,37955000000,2019-02-01,10-K,FY
AMZN,RevenueFromContractWithCustomerExcludingAssessedTax,2017-01-01,2017-09-30,117413000000,2018-10-26,10-Q,Q3
AMZN,RevenueFromContractWithCustomerExcludingAssessedTax,2017-07-01,2017-09-30,43744000000,2018-10-26,10-Q,Q3
AMZN,RevenueFromContractWithCustomerExcludingAssessedTax,2017-07-01,2017-09-30,43744000000,2019-02-01,10-K,FY
AMZN,RevenueFromContractWithCustomerExcludingAssessedTax,2017-01-01,2017-12-31,177866000000,2019-02-01,10-K,FY
AMZN,RevenueFromContractWithCustomerExcludingAssessedTax,2017-01-01,2017-12-31,177866000000,2020-01-31,10-K,FY
AMZN,RevenueFromContractWithCustomerExcludingAssessedTax,2017-10-01,2017-12-31,60453000000,2019-02-01,10-K,FY
AMZN,RevenueFromContractWithCustomerExcludingAssessedTax,2018-01-01,2018-03-31,51042000000,2019-02-01,10-K,FY
AMZN,RevenueFromContractWithCustomerExcludingAssessedTax,2018-01-01,2018-03-31,51042000000,2019-04-26,10-Q,Q1
AMZN,RevenueFromContractWithCustomerExcludingAssessedTax,2018-01-01,2018-03-31,51042000000,2020-01-31,10-K,FY
AMZN,RevenueFromContractWithCustomerExcludingAssessedTax,2018-01-01,2018-06-30,103928000000,2019-07-26,10-Q,Q2
AMZN,RevenueFromContractWithCustomerExcludingAssessedTax,2018-04-01,2018-06-30,52886000000,2019-02-01,10-K,FY
AMZN,RevenueFromContractWithCustomerExcludingAssessedTax,2018-04-01,2018-06-30,52886000000,2019-07-26,10-Q,Q2
AMZN,RevenueFromContractWithCustomerExcludingAssessedTax,2018-04-01,2018-06-30,52886000000,2020-01-31,10-K,FY
AMZN,RevenueFromContractWithCustomerExcludingAssessedTax,2018-01-01,2018-09-30,160504000000,2018-10-26,10-Q,Q3
AMZN,RevenueFromContractWithCustomerExcludingAssessedTax,2018-01-01,2018-09-30,160504000000,2019-10-25,10-Q,Q3
AMZN,RevenueFromContractWithCustomerExcludingAssessedTax,2018-07-01,2018-09-30,56576000000,2018-10-26,10-Q,Q3
AMZN,RevenueFromContractWithCustomerExcludingAssessedTax,2018-07-01,2018-09-30,56576000000,2019-02-01,10-K,FY
AMZN,RevenueFromContractWithCustomerExcludingAssessedTax,2018-07-01,2018-09-30,56576000000,2019-10-25,10-Q,Q3
AMZN,RevenueFromContractWithCustomerExcludingAssessedTax,2018-07-01,2018-09-30,56576000000,2020-01-31,10-K,FY
AMZN,RevenueFromContractWithCustomerExcludingAssessedTax,2018-01-01,2018-12-31,232887000000,2019-02-01,10-K,FY
AMZN,RevenueFromContractWithCustomerExcludingAssessedTax,2018-01-01,2018-12-31,232887000000,2020-01-31,10-K,FY
AMZN,RevenueFromContractWithCustomerExcludingAssessedTax,2018-01-01,2018-12-31,232887000000,2021-02-03,10-K,FY
AMZN,RevenueFromContractWithCustomerExcludingAssessedTax,2018-10-01,2018-12-31,72383000000,2019-02-01,10-K,FY
AMZN,RevenueFromContractWithCustomerExcludingAssessedTax,2018-10-01,2018-12-31,72383000000,2020-01-31,10-K,FY
AMZN,RevenueFromContractWithCustomerExcludingAssessedTax,2019-01-01,2019-03-31,59700000000,2019-04-26,10-Q,Q1
AMZN,RevenueFromContractWithCustomerExcludingAssessedTax,2019-01-01,2019-03-31,59700000000,2020-01-31,10-K,FY
AMZN,RevenueFromContractWithCustomerExcludingAssessedTax,2019-01-01,2019-03-31,59700000000,2020-05-01,10-Q,Q1
AMZN,RevenueFromContractWithCustomerExcludingAssessedTax,2019-01-01,2019-03-31,59700000000,2021-02-03,10-K,FY
AMZN,RevenueFromContractWithCustomerExcludingAssessedTax,2019-01-01,2019-06-30,123104000000,2019-07-26,10-Q,Q2
AMZN,RevenueFromContractWithCustomerExcludingAssessedTax,2019-01-01,2019-06-30,123104000000,2020-07-31,10-Q,Q2
AMZN,RevenueFromContractWithCustomerExcludingAssessedTax,2019-04-01,2019-06-30,63404000000,2019-07-26,10-Q,Q2
AMZN,RevenueFromContractWithCustomerExcludingAssessedTax,2019-04-01,2019-06-30,63404000000,2020-01-31,10-K,FY
AMZN,RevenueFromContractWithCustomerExcludingAssessedTax,2019-04-01,2019-06-30,63404000000,2020-07-31,10-Q,Q2
AMZN,RevenueFromContractWithCustomerExcludingAssessedTax,2019-04-01,2019-06-30,63404000000,2021-02-03,10-K,FY
AMZN,RevenueFromContractWithCustomerExcludingAssessedTax,2019-01-01,2019-09-30,193086000000,2019-10-25,10-Q,Q3
AMZN,RevenueFromContractWithCustomerExcludingAssessedTax,2019-01-01,2019-09-30,193086000000,2020-10-30,10-Q,Q3
AMZN,RevenueFromContractWithCustomerExcludingAssessedTax,2019-07-01,2019-09-30,69981000000,2019-10-25,10-Q,Q3
AMZN,RevenueFromContractWithCustomerExcludingAssessedTax,2019-07-01,2019-09-30,69981000000,2020-01-31,10-K,FY
AMZN,RevenueFromContractWithCustomerExcludingAssessedTax,2019-07-01,2019-09-30,69981000000,2020-10-30,10-Q,Q3
AMZN,RevenueFromContractWithCustomerExcludingAssessedTax,2019-07-01,2019-09-30,69981000000,2021-02-03,10-K,FY
AMZN,RevenueFromContractWithCustomerExcludingAssessedTax,2019-01-01,2019-12-31,280522000000,2020-01-31,10-K,FY
AMZN,RevenueFromContractWithCustomerExcludingAssessedTax,2019-01-01,2019-12-31,280522000000,2021-02-03,10-K,FY
AMZN,RevenueFromContractWithCustomerExcludingAssessedTax,2019-01-01,2019-12-31,280522000000,2022-02-04,10-K,FY
AMZN,RevenueFromContractWithCustomerExcludingAssessedTax,2019-10-01,2019-12-31,87437000000,2020-01-31,10-K,FY
AMZN,RevenueFromContractWithCustomerExcludingAssessedTax,2019-10-01,2019-12-31,87437000000,2021-02-03,10-K,FY
AMZN,RevenueFromContractWithCustomerExcludingAssessedTax,2020-01-01,2020-03-31,75452000000,2020-05-01,10-Q,Q1
AMZN,RevenueFromContractWithCustomerExcludingAssessedTax,2020-01-01,2020-03-31,75452000000,2021-02-03,10-K,FY
AMZN,RevenueFromContractWithCustomerExcludingAssessedTax,2020-01-01,2020-03-31,75452000000,2021-04-30,10-Q,Q1
AMZN,RevenueFromContractWithCustomerExcludingAssessedTax,2020-01-01,2020-06-30,164364000000,2020-07-31,10-Q,Q2
AMZN,RevenueFromContractWithCustomerExcludingAssessedTax,2020-01-01,2020-06-30,164364000000,2021-07-30,10-Q,Q2
AMZN,RevenueFromContractWithCustomerExcludingAssessedTax,2020-04-01,2020-06-30,88912000000,2020-07-31,10-Q,Q2
AMZN,RevenueFromContractWithCustomerExcludingAssessedTax,2020-04-01,2020-06-30,88912000000,2021-02-03,10-K,FY
AMZN,RevenueFromContractWithCustomerExcludingAssessedTax,2020-04-01,2020-06-30,88912000000,2021-07-30,10-Q,Q2
AMZN,RevenueFromContractWithCustomerExcludingAssessedTax,2020-01-01,2020-09-30,260509000000,2020-10-30,10-Q,Q3
AMZN,RevenueFromContractWithCustomerExcludingAssessedTax,2020-01-01,2020-09-30,260509000000,2021-10-29,10-Q,Q3
AMZN,RevenueFromContractWithCustomerExcludingAssessedTax,2020-07-01,2020-09-30,96145000000,2020-10-30,10-Q,Q3
AMZN,RevenueFromContractWithCustomerExcludingAssessedTax,2020-07-01,2020-09-30,96145000000,2021-02-03,10-K,FY
AMZN,RevenueFromContractWithCustomerExcludingAssessedTax,2020-07-01,2020-09-30,96145000000,2021-10-29,10-Q,Q3
AMZN,RevenueFromContractWithCustomerExcludingAssessedTax,2020-01-01,2020-12-31,386064000000,2021-02-03,10-K,FY
AMZN,RevenueFromContractWithCustomerExcludingAssessedTax,2020-01-01,2020-12-31,386064000000,2022-02-04,10-K,FY
AMZN,RevenueFromContractWithCustomerExcludingAssessedTax,2020-01-01,2020-12-31,386064000000,2023-02-03,10-K,FY
AMZN,RevenueFromContractWithCustomerExcludingAssessedTax,2020-10-01,2020-12-31,125555000000,2021-02-03,10-K,FY
AMZN,RevenueFromContractWithCustomerExcludingAssessedTax,2021-01-01,2021-03-31,108518000000,2021-04-30,10-Q,Q1
AMZN,RevenueFromContractWithCustomerExcludingAssessedTax,2021-01-01,2021-03-31,108518000000,2022-04-29,10-Q,Q1
AMZN,RevenueFromContractWithCustomerExcludingAssessedTax,2021-01-01,2021-06-30,221598000000,2021-07-30,10-Q,Q2
AMZN,RevenueFromContractWithCustomerExcludingAssessedTax,2021-01-01,2021-06-30,221598000000,2022-07-29,10-Q,Q2
AMZN,RevenueFromContractWithCustomerExcludingAssessedTax,2021-04-01,2021-06-30,113080000000,2021-07-30,10-Q,Q2
AMZN,RevenueFromContractWithCustomerExcludingAssessedTax,2021-04-01,2021-06-30,113080000000,2022-07-29,10-Q,Q2
AMZN,RevenueFromContractWithCustomerExcludingAssessedTax,2021-01-01,2021-09-30,332410000000,2021-10-29,10-Q,Q3
AMZN,RevenueFromContractWithCustomerExcludingAssessedTax,2021-01-01,2021-09-30,332410000000,2022-10-28,10-Q,Q3
AMZN,RevenueFromContractWithCustomerExcludingAssessedTax,2021-07-01,2021-09-30,110812000000,2021-10-29,10-Q,Q3
AMZN,RevenueFromContractWithCustomerExcludingAssessedTax,2021-07-01,2021-09-30,110812000000,2022-10-28,10-Q,Q3
AMZN,RevenueFromContractWithCustomerExcludingAssessedTax,2021-01-01,2021-12-31,469822000000,2022-02-04,10-K,FY
AMZN,RevenueFromContractWithCustomerExcludingAssessedTax,2021-01-01,2021-12-31,469822000000,2023-02-03,10-K,FY
AMZN,RevenueFromContractWithCustomerExcludingAssessedTax,2021-01-01,2021-12-31,469822000000,2024-02-02,10-K,FY
AMZN,RevenueFromContractWithCustomerExcludingAssessedTax,2022-01-01,2022-03-31,116444000000,2022-04-29,10-Q,Q1
AMZN,RevenueFromContractWithCustomerExcludingAssessedTax,2022-01-01,2022-03-31,116444000000,2023-04-28,10-Q,Q1
AMZN,RevenueFromContractWithCustomerExcludingAssessedTax,2022-01-01,2022-06-30,237678000000,2022-07-29,10-Q,Q2
AMZN,RevenueFromContractWithCustomerExcludingAssessedTax,2022-01-01,2022-06-30,237678000000,2023-08-04,10-Q,Q2
AMZN,RevenueFromContractWithCustomerExcludingAssessedTax,2022-04-01,2022-06-30,121234000000,2022-07-29,10-Q,Q2
AMZN,RevenueFromContractWithCustomerExcludingAssessedTax,2022-04-01,2022-06-30,121234000000,2023-08-04,10-Q,Q2
AMZN,RevenueFromContractWithCustomerExcludingAssessedTax,2022-01-01,2022-09-30,364779000000,2022-10-28,10-Q,Q3
AMZN,RevenueFromContractWithCustomerExcludingAssessedTax,2022-01-01,2022-09-30,364779000000,2023-10-27,10-Q,Q3
AMZN,RevenueFromContractWithCustomerExcludingAssessedTax,2022-07-01,2022-09-30,127101000000,2022-10-28,10-Q,Q3
AMZN,RevenueFromContractWithCustomerExcludingAssessedTax,2022-07-01,2022-09-30,127101000000,2023-10-27,10-Q,Q3
AMZN,RevenueFromContractWithCustomerExcludingAssessedTax,2022-01-01,2022-12-31,513983000000,2023-02-03,10-K,FY
AMZN,RevenueFromContractWithCustomerExcludingAssessedTax,2022-01-01,2022-12-31,513983000000,2024-02-02,10-K,FY
AMZN,RevenueFromContractWithCustomerExcludingAssessedTax,2022-01-01,2022-12-31,513983000000,2025-02-07,10-K,FY
AMZN,RevenueFromContractWithCustomerExcludingAssessedTax,2023-01-01,2023-03-31,127358000000,2023-04-28,10-Q,Q1
AMZN,RevenueFromContractWithCustomerExcludingAssessedTax,2023-01-01,2023-03-31,127358000000,2024-05-01,10-Q,Q1
AMZN,RevenueFromContractWithCustomerExcludingAssessedTax,2023-01-01,2023-06-30,261741000000,2023-08-04,10-Q,Q2
AMZN,RevenueFromContractWithCustomerExcludingAssessedTax,2023-01-01,2023-06-30,261741000000,2024-08-02,10-Q,Q2
AMZN,RevenueFromContractWithCustomerExcludingAssessedTax,2023-04-01,2023-06-30,134383000000,2023-08-04,10-Q,Q2
AMZN,RevenueFromContractWithCustomerExcludingAssessedTax,2023-04-01,2023-06-30,134383000000,2024-08-02,10-Q,Q2
AMZN,RevenueFromContractWithCustomerExcludingAssessedTax,2023-01-01,2023-09-30,404824000000,2023-10-27,10-Q,Q3
AMZN,RevenueFromContractWithCustomerExcludingAssessedTax,2023-01-01,2023-09-30,404824000000,2024-11-01,10-Q,Q3
AMZN,RevenueFromContractWithCustomerExcludingAssessedTax,2023-07-01,2023-09-30,143083000000,2023-10-27,10-Q,Q3
AMZN,RevenueFromContractWithCustomerExcludingAssessedTax,2023-07-01,2023-09-30,143083000000,2024-11-01,10-Q,Q3
AMZN,RevenueFromContractWithCustomerExcludingAssessedTax,2023-01-01,2023-12-31,574785000000,2024-02-02,10-K,FY
AMZN,RevenueFromContractWithCustomerExcludingAssessedTax,2023-01-01,2023-12-31,574785000000,2025-02-07,10-K,FY
AMZN,RevenueFromContractWithCustomerExcludingAssessedTax,2023-01-01,2023-12-31,574785000000,2026-02-06,10-K,FY
AMZN,RevenueFromContractWithCustomerExcludingAssessedTax,2024-01-01,2024-03-31,143313000000,2024-05-01,10-Q,Q1
AMZN,RevenueFromContractWithCustomerExcludingAssessedTax,2024-01-01,2024-03-31,143313000000,2025-05-02,10-Q,Q1
AMZN,RevenueFromContractWithCustomerExcludingAssessedTax,2024-01-01,2024-06-30,291290000000,2024-08-02,10-Q,Q2
AMZN,RevenueFromContractWithCustomerExcludingAssessedTax,2024-01-01,2024-06-30,291290000000,2025-08-01,10-Q,Q2
AMZN,RevenueFromContractWithCustomerExcludingAssessedTax,2024-04-01,2024-06-30,147977000000,2024-08-02,10-Q,Q2
AMZN,RevenueFromContractWithCustomerExcludingAssessedTax,2024-04-01,2024-06-30,147977000000,2025-08-01,10-Q,Q2
AMZN,RevenueFromContractWithCustomerExcludingAssessedTax,2024-01-01,2024-09-30,450167000000,2024-11-01,10-Q,Q3
AMZN,RevenueFromContractWithCustomerExcludingAssessedTax,2024-01-01,2024-09-30,450167000000,2025-10-31,10-Q,Q3
AMZN,RevenueFromContractWithCustomerExcludingAssessedTax,2024-07-01,2024-09-30,158877000000,2024-11-01,10-Q,Q3
AMZN,RevenueFromContractWithCustomerExcludingAssessedTax,2024-07-01,2024-09-30,158877000000,2025-10-31,10-Q,Q3
AMZN,RevenueFromContractWithCustomerExcludingAssessedTax,2024-01-01,2024-12-31,637959000000,2025-02-07,10-K,FY
AMZN,RevenueFromContractWithCustomerExcludingAssessedTax,2024-01-01,2024-12-31,637959000000,2026-02-06,10-K,FY
AMZN,RevenueFromContractWithCustomerExcludingAssessedTax,2025-01-01,2025-03-31,155667000000,2025-05-02,10-Q,Q1
AMZN,RevenueFromContractWithCustomerExcludingAssessedTax,2025-01-01,2025-03-31,155667000000,2026-04-30,10-Q,Q1
AMZN,RevenueFromContractWithCustomerExcludingAssessedTax,2025-01-01,2025-06-30,323369000000,2025-08-01,10-Q,Q2
AMZN,RevenueFromContractWithCustomerExcludingAssessedTax,2025-01-01,2025-06-30,323369000000,2026-07-31,10-Q,Q2
AMZN,RevenueFromContractWithCustomerExcludingAssessedTax,2025-04-01,2025-06-30,167702000000,2025-08-01,10-Q,Q2
AMZN,RevenueFromContractWithCustomerExcludingAssessedTax,2025-04-01,2025-06-30,167702000000,2026-07-31,10-Q,Q2
AMZN,RevenueFromContractWithCustomerExcludingAssessedTax,2025-01-01,2025-09-30,503538000000,2025-10-31,10-Q,Q3
AMZN,RevenueFromContractWithCustomerExcludingAssessedTax,2025-07-01,2025-09-30,180169000000,2025-10-31,10-Q,Q3
AMZN,RevenueFromContractWithCustomerExcludingAssessedTax,2025-01-01,2025-12-31,716924000000,2026-02-06,10-K,FY
AMZN,RevenueFromContractWithCustomerExcludingAssessedTax,2026-01-01,2026-03-31,181519000000,2026-04-30,10-Q,Q1
AMZN,RevenueFromContractWithCustomerExcludingAssessedTax,2026-01-01,2026-06-30,382125000000,2026-07-31,10-Q,Q2
AMZN,RevenueFromContractWithCustomerExcludingAssessedTax,2026-04-01,2026-06-30,200606000000,2026-07-31,10-Q,Q2
AMZN,RevenueRemainingPerformanceObligation,,2018-03-31,12400000000,2018-04-27,10-Q,Q1
AMZN,RevenueRemainingPerformanceObligation,,2018-06-30,16000000000,2018-07-27,10-Q,Q2
AMZN,RevenueRemainingPerformanceObligation,,2018-09-30,17800000000,2018-10-26,10-Q,Q3
AMZN,RevenueRemainingPerformanceObligation,,2018-12-31,19300000000,2019-02-01,10-K,FY
AMZN,RevenueRemainingPerformanceObligation,,2019-03-31,21600000000,2019-04-26,10-Q,Q1
AMZN,RevenueRemainingPerformanceObligation,,2019-06-30,25100000000,2019-07-26,10-Q,Q2
AMZN,RevenueRemainingPerformanceObligation,,2019-09-30,27400000000,2019-10-25,10-Q,Q3
AMZN,RevenueRemainingPerformanceObligation,,2019-12-31,29800000000,2020-01-31,10-K,FY
AMZN,RevenueRemainingPerformanceObligation,,2020-03-31,34100000000,2020-05-01,10-Q,Q1
AMZN,RevenueRemainingPerformanceObligation,,2020-06-30,41000000000,2020-07-31,10-Q,Q2
META,PaymentsToAcquirePropertyPlantAndEquipment,2010-01-01,2010-12-31,293000000,2013-02-01,10-K,FY
META,PaymentsToAcquirePropertyPlantAndEquipment,2011-01-01,2011-06-30,285000000,2012-07-31,10-Q,Q2
META,PaymentsToAcquirePropertyPlantAndEquipment,2011-01-01,2011-09-30,421000000,2012-10-24,10-Q,Q3
META,PaymentsToAcquirePropertyPlantAndEquipment,2011-01-01,2011-12-31,606000000,2013-02-01,10-K,FY
META,PaymentsToAcquirePropertyPlantAndEquipment,2011-01-01,2011-12-31,606000000,2014-01-31,10-K,FY
META,PaymentsToAcquirePropertyPlantAndEquipment,2012-01-01,2012-03-31,453000000,2013-05-02,10-Q,Q1
META,PaymentsToAcquirePropertyPlantAndEquipment,2012-01-01,2012-06-30,866000000,2012-07-31,10-Q,Q2
META,PaymentsToAcquirePropertyPlantAndEquipment,2012-01-01,2012-06-30,866000000,2013-07-25,10-Q,Q2
META,PaymentsToAcquirePropertyPlantAndEquipment,2012-01-01,2012-09-30,1037000000,2012-10-24,10-Q,Q3
META,PaymentsToAcquirePropertyPlantAndEquipment,2012-01-01,2012-09-30,1037000000,2013-11-01,10-Q,Q3
META,PaymentsToAcquirePropertyPlantAndEquipment,2012-01-01,2012-12-31,1235000000,2013-02-01,10-K,FY
META,PaymentsToAcquirePropertyPlantAndEquipment,2012-01-01,2012-12-31,1235000000,2014-01-31,10-K,FY
META,PaymentsToAcquirePropertyPlantAndEquipment,2012-01-01,2012-12-31,1235000000,2015-01-29,10-K,FY
META,PaymentsToAcquirePropertyPlantAndEquipment,2013-01-01,2013-03-31,327000000,2013-05-02,10-Q,Q1
META,PaymentsToAcquirePropertyPlantAndEquipment,2013-01-01,2013-03-31,327000000,2014-04-25,10-Q,Q1
META,PaymentsToAcquirePropertyPlantAndEquipment,2013-01-01,2013-06-30,595000000,2013-07-25,10-Q,Q2
META,PaymentsToAcquirePropertyPlantAndEquipment,2013-01-01,2013-06-30,595000000,2014-07-24,10-Q,Q2
META,PaymentsToAcquirePropertyPlantAndEquipment,2013-01-01,2013-09-30,879000000,2013-11-01,10-Q,Q3
META,PaymentsToAcquirePropertyPlantAndEquipment,2013-01-01,2013-09-30,879000000,2014-10-30,10-Q,Q3
META,PaymentsToAcquirePropertyPlantAndEquipment,2013-01-01,2013-12-31,1362000000,2014-01-31,10-K,FY
META,PaymentsToAcquirePropertyPlantAndEquipment,2013-01-01,2013-12-31,1362000000,2015-01-29,10-K,FY
META,PaymentsToAcquirePropertyPlantAndEquipment,2013-01-01,2013-12-31,1362000000,2016-01-28,10-K,FY
META,PaymentsToAcquirePropertyPlantAndEquipment,2014-01-01,2014-03-31,363000000,2014-04-25,10-Q,Q1
META,PaymentsToAcquirePropertyPlantAndEquipment,2014-01-01,2014-03-31,363000000,2015-04-23,10-Q,Q1
META,PaymentsToAcquirePropertyPlantAndEquipment,2014-01-01,2014-06-30,832000000,2014-07-24,10-Q,Q2
META,PaymentsToAcquirePropertyPlantAndEquipment,2014-01-01,2014-06-30,832000000,2015-07-31,10-Q,Q2
META,PaymentsToAcquirePropertyPlantAndEquipment,2014-01-01,2014-09-30,1314000000,2014-10-30,10-Q,Q3
META,PaymentsToAcquirePropertyPlantAndEquipment,2014-01-01,2014-09-30,1314000000,2015-11-05,10-Q,Q3
META,PaymentsToAcquirePropertyPlantAndEquipment,2014-01-01,2014-12-31,1831000000,2015-01-29,10-K,FY
META,PaymentsToAcquirePropertyPlantAndEquipment,2014-01-01,2014-12-31,1831000000,2016-01-28,10-K,FY
META,PaymentsToAcquirePropertyPlantAndEquipment,2014-01-01,2014-12-31,1831000000,2017-02-03,10-K,FY
META,PaymentsToAcquirePropertyPlantAndEquipment,2015-01-01,2015-03-31,502000000,2015-04-23,10-Q,Q1
META,PaymentsToAcquirePropertyPlantAndEquipment,2015-01-01,2015-03-31,502000000,2016-04-28,10-Q,Q1
META,PaymentsToAcquirePropertyPlantAndEquipment,2015-01-01,2015-06-30,1051000000,2015-07-31,10-Q,Q2
META,PaymentsToAcquirePropertyPlantAndEquipment,2015-01-01,2015-06-30,1051000000,2016-07-28,10-Q,Q2
META,PaymentsToAcquirePropertyPlantAndEquipment,2015-01-01,2015-09-30,1831000000,2015-11-05,10-Q,Q3
META,PaymentsToAcquirePropertyPlantAndEquipment,2015-01-01,2015-09-30,1831000000,2016-11-03,10-Q,Q3
META,PaymentsToAcquirePropertyPlantAndEquipment,2015-01-01,2015-12-31,2523000000,2016-01-28,10-K,FY
META,PaymentsToAcquirePropertyPlantAndEquipment,2015-01-01,2015-12-31,2523000000,2017-02-03,10-K,FY
META,PaymentsToAcquirePropertyPlantAndEquipment,2015-01-01,2015-12-31,2523000000,2018-02-01,10-K,FY
META,PaymentsToAcquirePropertyPlantAndEquipment,2016-01-01,2016-03-31,1132000000,2016-04-28,10-Q,Q1
META,PaymentsToAcquirePropertyPlantAndEquipment,2016-01-01,2016-03-31,1132000000,2017-05-04,10-Q,Q1
META,PaymentsToAcquirePropertyPlantAndEquipment,2016-01-01,2016-06-30,2127000000,2016-07-28,10-Q,Q2
META,PaymentsToAcquirePropertyPlantAndEquipment,2016-01-01,2016-06-30,2127000000,2017-07-27,10-Q,Q2
META,PaymentsToAcquirePropertyPlantAndEquipment,2016-01-01,2016-09-30,3222000000,2016-11-03,10-Q,Q3
META,PaymentsToAcquirePropertyPlantAndEquipment,2016-01-01,2016-09-30,3222000000,2017-11-02,10-Q,Q3
META,PaymentsToAcquirePropertyPlantAndEquipment,2016-01-01,2016-12-31,4491000000,2017-02-03,10-K,FY
META,PaymentsToAcquirePropertyPlantAndEquipment,2016-01-01,2016-12-31,4491000000,2018-02-01,10-K,FY
META,PaymentsToAcquirePropertyPlantAndEquipment,2016-01-01,2016-12-31,4491000000,2019-01-31,10-K,FY
META,PaymentsToAcquirePropertyPlantAndEquipment,2017-01-01,2017-03-31,1271000000,2017-05-04,10-Q,Q1
META,PaymentsToAcquirePropertyPlantAndEquipment,2017-01-01,2017-03-31,1271000000,2018-04-26,10-Q,Q1
META,PaymentsToAcquirePropertyPlantAndEquipment,2017-01-01,2017-06-30,2715000000,2017-07-27,10-Q,Q2
META,PaymentsToAcquirePropertyPlantAndEquipment,2017-01-01,2017-06-30,2715000000,2018-07-26,10-Q,Q2
META,PaymentsToAcquirePropertyPlantAndEquipment,2017-01-01,2017-09-30,4470000000,2017-11-02,10-Q,Q3
META,PaymentsToAcquirePropertyPlantAndEquipment,2017-01-01,2017-09-30,4470000000,2018-10-31,10-Q,Q3
META,PaymentsToAcquirePropertyPlantAndEquipment,2017-01-01,2017-12-31,6733000000,2018-02-01,10-K,FY
META,PaymentsToAcquirePropertyPlantAndEquipment,2017-01-01,2017-12-31,6733000000,2019-01-31,10-K,FY
META,PaymentsToAcquirePropertyPlantAndEquipment,2017-01-01,2017-12-31,6733000000,2020-01-30,10-K,FY
META,PaymentsToAcquirePropertyPlantAndEquipment,2018-01-01,2018-03-31,2812000000,2018-04-26,10-Q,Q1
META,PaymentsToAcquirePropertyPlantAndEquipment,2018-01-01,2018-03-31,2812000000,2019-04-25,10-Q,Q1
META,PaymentsToAcquirePropertyPlantAndEquipment,2018-01-01,2018-06-30,6272000000,2018-07-26,10-Q,Q2
META,PaymentsToAcquirePropertyPlantAndEquipment,2018-01-01,2018-06-30,6272000000,2019-07-25,10-Q,Q2
META,PaymentsToAcquirePropertyPlantAndEquipment,2018-01-01,2018-09-30,9614000000,2018-10-31,10-Q,Q3
META,PaymentsToAcquirePropertyPlantAndEquipment,2018-01-01,2018-09-30,9614000000,2019-10-31,10-Q,Q3
META,PaymentsToAcquirePropertyPlantAndEquipment,2018-01-01,2018-12-31,13915000000,2019-01-31,10-K,FY
META,PaymentsToAcquirePropertyPlantAndEquipment,2018-01-01,2018-12-31,13915000000,2020-01-30,10-K,FY
META,PaymentsToAcquirePropertyPlantAndEquipment,2018-01-01,2018-12-31,13915000000,2021-01-28,10-K,FY
META,PaymentsToAcquirePropertyPlantAndEquipment,2019-01-01,2019-03-31,3837000000,2019-04-25,10-Q,Q1
META,PaymentsToAcquirePropertyPlantAndEquipment,2019-01-01,2019-03-31,3837000000,2020-04-30,10-Q,Q1
META,PaymentsToAcquirePropertyPlantAndEquipment,2019-01-01,2019-06-30,7470000000,2019-07-25,10-Q,Q2
META,PaymentsToAcquirePropertyPlantAndEquipment,2019-01-01,2019-06-30,7470000000,2020-07-31,10-Q,Q2
META,PaymentsToAcquirePropertyPlantAndEquipment,2019-01-01,2019-09-30,11002000000,2019-10-31,10-Q,Q3
META,PaymentsToAcquirePropertyPlantAndEquipment,2019-01-01,2019-09-30,11002000000,2020-10-30,10-Q,Q3
META,PaymentsToAcquirePropertyPlantAndEquipment,2019-01-01,2019-12-31,15102000000,2020-01-30,10-K,FY
META,PaymentsToAcquirePropertyPlantAndEquipment,2019-01-01,2019-12-31,15102000000,2021-01-28,10-K,FY
META,PaymentsToAcquirePropertyPlantAndEquipment,2019-01-01,2019-12-31,15102000000,2022-02-03,10-K,FY
META,PaymentsToAcquirePropertyPlantAndEquipment,2020-01-01,2020-03-31,3558000000,2020-04-30,10-Q,Q1
META,PaymentsToAcquirePropertyPlantAndEquipment,2020-01-01,2020-03-31,3558000000,2021-04-29,10-Q,Q1
META,PaymentsToAcquirePropertyPlantAndEquipment,2020-01-01,2020-06-30,6813000000,2020-07-31,10-Q,Q2
META,PaymentsToAcquirePropertyPlantAndEquipment,2020-01-01,2020-06-30,6813000000,2021-07-29,10-Q,Q2
META,PaymentsToAcquirePropertyPlantAndEquipment,2020-01-01,2020-09-30,10502000000,2020-10-30,10-Q,Q3
META,PaymentsToAcquirePropertyPlantAndEquipment,2020-01-01,2020-09-30,10502000000,2021-10-26,10-Q,Q3
META,PaymentsToAcquirePropertyPlantAndEquipment,2020-01-01,2020-12-31,15115000000,2021-01-28,10-K,FY
META,PaymentsToAcquirePropertyPlantAndEquipment,2020-01-01,2020-12-31,15115000000,2022-02-03,10-K,FY
META,PaymentsToAcquirePropertyPlantAndEquipment,2020-01-01,2020-12-31,15163000000,2023-02-02,10-K,FY
META,PaymentsToAcquirePropertyPlantAndEquipment,2021-01-01,2021-03-31,4272000000,2021-04-29,10-Q,Q1
META,PaymentsToAcquirePropertyPlantAndEquipment,2021-01-01,2021-03-31,4303000000,2022-04-28,10-Q,Q1
META,PaymentsToAcquirePropertyPlantAndEquipment,2021-01-01,2021-06-30,8884000000,2021-07-29,10-Q,Q2
META,PaymentsToAcquirePropertyPlantAndEquipment,2021-01-01,2021-06-30,8944000000,2022-07-28,10-Q,Q2
META,PaymentsToAcquirePropertyPlantAndEquipment,2021-01-01,2021-09-30,13198000000,2021-10-26,10-Q,Q3
META,PaymentsToAcquirePropertyPlantAndEquipment,2021-01-01,2021-09-30,13290000000,2022-10-27,10-Q,Q3
META,PaymentsToAcquirePropertyPlantAndEquipment,2021-01-01,2021-12-31,18567000000,2022-02-03,10-K,FY
META,PaymentsToAcquirePropertyPlantAndEquipment,2021-01-01,2021-12-31,18690000000,2023-02-02,10-K,FY
META,PaymentsToAcquirePropertyPlantAndEquipment,2021-01-01,2021-12-31,18690000000,2024-02-02,10-K,FY
META,PaymentsToAcquirePropertyPlantAndEquipment,2022-01-01,2022-03-31,5441000000,2022-04-28,10-Q,Q1
META,PaymentsToAcquirePropertyPlantAndEquipment,2022-01-01,2022-03-31,5441000000,2023-04-27,10-Q,Q1
META,PaymentsToAcquirePropertyPlantAndEquipment,2022-01-01,2022-06-30,13013000000,2022-07-28,10-Q,Q2
META,PaymentsToAcquirePropertyPlantAndEquipment,2022-01-01,2022-06-30,13013000000,2023-07-27,10-Q,Q2
META,PaymentsToAcquirePropertyPlantAndEquipment,2022-01-01,2022-09-30,22388000000,2022-10-27,10-Q,Q3
META,PaymentsToAcquirePropertyPlantAndEquipment,2022-01-01,2022-09-30,22388000000,2023-10-26,10-Q,Q3
META,PaymentsToAcquirePropertyPlantAndEquipment,2022-01-01,2022-12-31,31431000000,2023-02-02,10-K,FY
META,PaymentsToAcquirePropertyPlantAndEquipment,2022-01-01,2022-12-31,31431000000,2024-02-02,10-K,FY
META,PaymentsToAcquirePropertyPlantAndEquipment,2022-01-01,2022-12-31,31186000000,2025-01-30,10-K,FY
META,PaymentsToAcquirePropertyPlantAndEquipment,2023-01-01,2023-03-31,6842000000,2023-04-27,10-Q,Q1
META,PaymentsToAcquirePropertyPlantAndEquipment,2023-01-01,2023-03-31,6823000000,2024-04-25,10-Q,Q1
META,PaymentsToAcquirePropertyPlantAndEquipment,2023-01-01,2023-06-30,13058000000,2023-07-27,10-Q,Q2
META,PaymentsToAcquirePropertyPlantAndEquipment,2023-01-01,2023-06-30,12957000000,2024-08-01,10-Q,Q2
META,PaymentsToAcquirePropertyPlantAndEquipment,2023-01-01,2023-09-30,19601000000,2023-10-26,10-Q,Q3
META,PaymentsToAcquirePropertyPlantAndEquipment,2023-01-01,2023-09-30,19453000000,2024-10-31,10-Q,Q3
META,PaymentsToAcquirePropertyPlantAndEquipment,2023-01-01,2023-12-31,27266000000,2024-02-02,10-K,FY
META,PaymentsToAcquirePropertyPlantAndEquipment,2023-01-01,2023-12-31,27045000000,2025-01-30,10-K,FY
META,PaymentsToAcquirePropertyPlantAndEquipment,2023-01-01,2023-12-31,27045000000,2026-01-29,10-K,FY
META,PaymentsToAcquirePropertyPlantAndEquipment,2024-01-01,2024-03-31,6400000000,2024-04-25,10-Q,Q1
META,PaymentsToAcquirePropertyPlantAndEquipment,2024-01-01,2024-03-31,6400000000,2025-05-01,10-Q,Q1
META,PaymentsToAcquirePropertyPlantAndEquipment,2024-01-01,2024-06-30,14573000000,2024-08-01,10-Q,Q2
META,PaymentsToAcquirePropertyPlantAndEquipment,2024-01-01,2024-06-30,14573000000,2025-07-31,10-Q,Q2
META,PaymentsToAcquirePropertyPlantAndEquipment,2024-01-01,2024-09-30,22831000000,2024-10-31,10-Q,Q3
META,PaymentsToAcquirePropertyPlantAndEquipment,2024-01-01,2024-09-30,22831000000,2025-10-30,10-Q,Q3
META,PaymentsToAcquirePropertyPlantAndEquipment,2024-01-01,2024-12-31,37256000000,2025-01-30,10-K,FY
META,PaymentsToAcquirePropertyPlantAndEquipment,2024-01-01,2024-12-31,37256000000,2026-01-29,10-K,FY
META,PaymentsToAcquirePropertyPlantAndEquipment,2025-01-01,2025-03-31,12941000000,2025-05-01,10-Q,Q1
META,PaymentsToAcquirePropertyPlantAndEquipment,2025-01-01,2025-03-31,12941000000,2026-04-30,10-Q,Q1
META,PaymentsToAcquirePropertyPlantAndEquipment,2025-01-01,2025-06-30,29479000000,2025-07-31,10-Q,Q2
META,PaymentsToAcquirePropertyPlantAndEquipment,2025-01-01,2025-06-30,29479000000,2026-07-30,10-Q,Q2
META,PaymentsToAcquirePropertyPlantAndEquipment,2025-01-01,2025-09-30,48308000000,2025-10-30,10-Q,Q3
META,PaymentsToAcquirePropertyPlantAndEquipment,2025-01-01,2025-12-31,69691000000,2026-01-29,10-K,FY
META,PaymentsToAcquirePropertyPlantAndEquipment,2026-01-01,2026-03-31,18997000000,2026-04-30,10-Q,Q1
META,PaymentsToAcquirePropertyPlantAndEquipment,2026-01-01,2026-06-30,49113000000,2026-07-30,10-Q,Q2
META,CostOfRevenue,2010-01-01,2010-12-31,493000000,2013-02-01,10-K,FY
META,CostOfRevenue,2011-01-01,2011-06-30,377000000,2012-07-31,10-Q,Q2
META,CostOfRevenue,2011-04-01,2011-06-30,210000000,2012-07-31,10-Q,Q2
META,CostOfRevenue,2011-01-01,2011-09-30,613000000,2012-10-24,10-Q,Q3
META,CostOfRevenue,2011-07-01,2011-09-30,236000000,2012-10-24,10-Q,Q3
META,CostOfRevenue,2011-01-01,2011-12-31,860000000,2013-02-01,10-K,FY
META,CostOfRevenue,2011-01-01,2011-12-31,860000000,2014-01-31,10-K,FY
META,CostOfRevenue,2012-01-01,2012-03-31,277000000,2013-05-02,10-Q,Q1
META,CostOfRevenue,2012-01-01,2012-06-30,644000000,2012-07-31,10-Q,Q2
META,CostOfRevenue,2012-01-01,2012-06-30,644000000,2013-07-25,10-Q,Q2
META,CostOfRevenue,2012-04-01,2012-06-30,367000000,2012-07-31,10-Q,Q2
META,CostOfRevenue,2012-04-01,2012-06-30,367000000,2013-07-25,10-Q,Q2
META,CostOfRevenue,2012-01-01,2012-09-30,967000000,2012-10-24,10-Q,Q3
META,CostOfRevenue,2012-01-01,2012-09-30,967000000,2013-11-01,10-Q,Q3
META,CostOfRevenue,2012-07-01,2012-09-30,322000000,2012-10-24,10-Q,Q3
META,CostOfRevenue,2012-07-01,2012-09-30,322000000,2013-11-01,10-Q,Q3
META,CostOfRevenue,2012-01-01,2012-12-31,1364000000,2013-02-01,10-K,FY
META,CostOfRevenue,2012-01-01,2012-12-31,1364000000,2014-01-31,10-K,FY
META,CostOfRevenue,2012-01-01,2012-12-31,1364000000,2015-01-29,10-K,FY
META,CostOfRevenue,2013-01-01,2013-03-31,413000000,2013-05-02,10-Q,Q1
META,CostOfRevenue,2013-01-01,2013-03-31,413000000,2014-04-25,10-Q,Q1
META,CostOfRevenue,2013-01-01,2013-06-30,878000000,2013-07-25,10-Q,Q2
META,CostOfRevenue,2013-01-01,2013-06-30,878000000,2014-07-24,10-Q,Q2
META,CostOfRevenue,2013-04-01,2013-06-30,465000000,2013-07-25,10-Q,Q2
META,CostOfRevenue,2013-04-01,2013-06-30,465000000,2014-07-24,10-Q,Q2
META,CostOfRevenue,2013-01-01,2013-09-30,1384000000,2013-11-01,10-Q,Q3
META,CostOfRevenue,2013-01-01,2013-09-30,1384000000,2014-10-30,10-Q,Q3
META,CostOfRevenue,2013-07-01,2013-09-30,507000000,2013-11-01,10-Q,Q3
META,CostOfRevenue,2013-07-01,2013-09-30,507000000,2014-10-30,10-Q,Q3
META,CostOfRevenue,2013-01-01,2013-12-31,1875000000,2014-01-31,10-K,FY
META,CostOfRevenue,2013-01-01,2013-12-31,1875000000,2015-01-29,10-K,FY
META,CostOfRevenue,2013-01-01,2013-12-31,1875000000,2016-01-28,10-K,FY
META,CostOfRevenue,2014-01-01,2014-03-31,462000000,2014-04-25,10-Q,Q1
META,CostOfRevenue,2014-01-01,2014-03-31,462000000,2015-04-23,10-Q,Q1
META,CostOfRevenue,2014-01-01,2014-06-30,936000000,2014-07-24,10-Q,Q2
META,CostOfRevenue,2014-01-01,2014-06-30,936000000,2015-07-31,10-Q,Q2
META,CostOfRevenue,2014-04-01,2014-06-30,473000000,2014-07-24,10-Q,Q2
META,CostOfRevenue,2014-04-01,2014-06-30,473000000,2015-07-31,10-Q,Q2
META,CostOfRevenue,2014-01-01,2014-09-30,1501000000,2014-10-30,10-Q,Q3
META,CostOfRevenue,2014-01-01,2014-09-30,1501000000,2015-11-05,10-Q,Q3
META,CostOfRevenue,2014-07-01,2014-09-30,565000000,2014-10-30,10-Q,Q3
META,CostOfRevenue,2014-07-01,2014-09-30,565000000,2015-11-05,10-Q,Q3
META,CostOfRevenue,2014-01-01,2014-12-31,2153000000,2015-01-29,10-K,FY
META,CostOfRevenue,2014-01-01,2014-12-31,2153000000,2016-01-28,10-K,FY
META,CostOfRevenue,2014-01-01,2014-12-31,2153000000,2017-02-03,10-K,FY
META,CostOfRevenue,2015-01-01,2015-03-31,654000000,2015-04-23,10-Q,Q1
META,CostOfRevenue,2015-01-01,2015-03-31,654000000,2016-04-28,10-Q,Q1
META,CostOfRevenue,2015-01-01,2015-06-30,1323000000,2015-07-31,10-Q,Q2
META,CostOfRevenue,2015-01-01,2015-06-30,1323000000,2016-07-28,10-Q,Q2
META,CostOfRevenue,2015-04-01,2015-06-30,668000000,2015-07-31,10-Q,Q2
META,CostOfRevenue,2015-04-01,2015-06-30,668000000,2016-07-28,10-Q,Q2
META,CostOfRevenue,2015-01-01,2015-09-30,2043000000,2015-11-05,10-Q,Q3
META,CostOfRevenue,2015-01-01,2015-09-30,2043000000,2016-11-03,10-Q,Q3
META,CostOfRevenue,2015-07-01,2015-09-30,720000000,2015-11-05,10-Q,Q3
META,CostOfRevenue,2015-07-01,2015-09-30,720000000,2016-11-03,10-Q,Q3
META,CostOfRevenue,2015-01-01,2015-12-31,2867000000,2016-01-28,10-K,FY
META,CostOfRevenue,2015-01-01,2015-12-31,2867000000,2017-02-03,10-K,FY
META,CostOfRevenue,2015-01-01,2015-12-31,2867000000,2018-02-01,10-K,FY
META,CostOfRevenue,2016-01-01,2016-03-31,838000000,2016-04-28,10-Q,Q1
META,CostOfRevenue,2016-01-01,2016-03-31,838000000,2017-05-04,10-Q,Q1
META,CostOfRevenue,2016-01-01,2016-06-30,1754000000,2016-07-28,10-Q,Q2
META,CostOfRevenue,2016-01-01,2016-06-30,1755000000,2017-07-27,10-Q,Q2
META,CostOfRevenue,2016-04-01,2016-06-30,916000000,2016-07-28,10-Q,Q2
META,CostOfRevenue,2016-04-01,2016-06-30,917000000,2017-07-27,10-Q,Q2
META,CostOfRevenue,2016-01-01,2016-09-30,2741000000,2016-11-03,10-Q,Q3
META,CostOfRevenue,2016-01-01,2016-09-30,2742000000,2017-11-02,10-Q,Q3
META,CostOfRevenue,2016-07-01,2016-09-30,987000000,2016-11-03,10-Q,Q3
META,CostOfRevenue,2016-07-01,2016-09-30,987000000,2017-11-02,10-Q,Q3
META,CostOfRevenue,2016-01-01,2016-12-31,3789000000,2017-02-03,10-K,FY
META,CostOfRevenue,2016-01-01,2016-12-31,3789000000,2018-02-01,10-K,FY
META,CostOfRevenue,2016-01-01,2016-12-31,3789000000,2019-01-31,10-K,FY
META,CostOfRevenue,2017-01-01,2017-03-31,1159000000,2017-05-04,10-Q,Q1
META,CostOfRevenue,2017-01-01,2017-03-31,1159000000,2018-04-26,10-Q,Q1
META,CostOfRevenue,2017-01-01,2017-06-30,2395000000,2017-07-27,10-Q,Q2
META,CostOfRevenue,2017-01-01,2017-06-30,2395000000,2018-07-26,10-Q,Q2
META,CostOfRevenue,2017-04-01,2017-06-30,1237000000,2017-07-27,10-Q,Q2
META,CostOfRevenue,2017-04-01,2017-06-30,1237000000,2018-07-26,10-Q,Q2
META,CostOfRevenue,2017-01-01,2017-09-30,3843000000,2017-11-02,10-Q,Q3
META,CostOfRevenue,2017-01-01,2017-09-30,3843000000,2018-10-31,10-Q,Q3
META,CostOfRevenue,2017-07-01,2017-09-30,1448000000,2017-11-02,10-Q,Q3
META,CostOfRevenue,2017-07-01,2017-09-30,1448000000,2018-10-31,10-Q,Q3
META,CostOfRevenue,2017-01-01,2017-12-31,5454000000,2018-02-01,10-K,FY
META,CostOfRevenue,2017-01-01,2017-12-31,5454000000,2019-01-31,10-K,FY
META,CostOfRevenue,2017-01-01,2017-12-31,5454000000,2020-01-30,10-K,FY
META,CostOfRevenue,2018-01-01,2018-03-31,1927000000,2018-04-26,10-Q,Q1
META,CostOfRevenue,2018-01-01,2018-03-31,1927000000,2019-04-25,10-Q,Q1
META,CostOfRevenue,2018-01-01,2018-06-30,4141000000,2018-07-26,10-Q,Q2
META,CostOfRevenue,2018-01-01,2018-06-30,4141000000,2019-07-25,10-Q,Q2
META,CostOfRevenue,2018-04-01,2018-06-30,2214000000,2018-07-26,10-Q,Q2
META,CostOfRevenue,2018-04-01,2018-06-30,2214000000,2019-07-25,10-Q,Q2
META,CostOfRevenue,2018-01-01,2018-09-30,6559000000,2018-10-31,10-Q,Q3
META,CostOfRevenue,2018-01-01,2018-09-30,6559000000,2019-10-31,10-Q,Q3
META,CostOfRevenue,2018-07-01,2018-09-30,2418000000,2018-10-31,10-Q,Q3
META,CostOfRevenue,2018-07-01,2018-09-30,2418000000,2019-10-31,10-Q,Q3
META,CostOfRevenue,2018-01-01,2018-12-31,9355000000,2019-01-31,10-K,FY
META,CostOfRevenue,2018-01-01,2018-12-31,9355000000,2020-01-30,10-K,FY
META,CostOfRevenue,2018-01-01,2018-12-31,9355000000,2021-01-28,10-K,FY
META,CostOfRevenue,2019-01-01,2019-03-31,2816000000,2019-04-25,10-Q,Q1
META,CostOfRevenue,2019-01-01,2019-03-31,2816000000,2020-04-30,10-Q,Q1
META,CostOfRevenue,2019-01-01,2019-06-30,6123000000,2019-07-25,10-Q,Q2
META,CostOfRevenue,2019-01-01,2019-06-30,6123000000,2020-07-31,10-Q,Q2
META,CostOfRevenue,2019-04-01,2019-06-30,3307000000,2019-07-25,10-Q,Q2
META,CostOfRevenue,2019-04-01,2019-06-30,3307000000,2020-07-31,10-Q,Q2
META,CostOfRevenue,2019-01-01,2019-09-30,9279000000,2019-10-31,10-Q,Q3
META,CostOfRevenue,2019-01-01,2019-09-30,9279000000,2020-10-30,10-Q,Q3
META,CostOfRevenue,2019-07-01,2019-09-30,3155000000,2019-10-31,10-Q,Q3
META,CostOfRevenue,2019-07-01,2019-09-30,3155000000,2020-10-30,10-Q,Q3
META,CostOfRevenue,2019-01-01,2019-12-31,12770000000,2020-01-30,10-K,FY
META,CostOfRevenue,2019-01-01,2019-12-31,12770000000,2021-01-28,10-K,FY
META,CostOfRevenue,2019-01-01,2019-12-31,12770000000,2022-02-03,10-K,FY
META,CostOfRevenue,2020-01-01,2020-03-31,3459000000,2020-04-30,10-Q,Q1
META,CostOfRevenue,2020-01-01,2020-03-31,3459000000,2021-04-29,10-Q,Q1
META,CostOfRevenue,2020-01-01,2020-06-30,7288000000,2020-07-31,10-Q,Q2
META,CostOfRevenue,2020-01-01,2020-06-30,7288000000,2021-07-29,10-Q,Q2
META,CostOfRevenue,2020-04-01,2020-06-30,3829000000,2020-07-31,10-Q,Q2
META,CostOfRevenue,2020-04-01,2020-06-30,3829000000,2021-07-29,10-Q,Q2
META,CostOfRevenue,2020-01-01,2020-09-30,11482000000,2020-10-30,10-Q,Q3
META,CostOfRevenue,2020-01-01,2020-09-30,11482000000,2021-10-26,10-Q,Q3
META,CostOfRevenue,2020-07-01,2020-09-30,4194000000,2020-10-30,10-Q,Q3
META,CostOfRevenue,2020-07-01,2020-09-30,4194000000,2021-10-26,10-Q,Q3
META,CostOfRevenue,2020-01-01,2020-12-31,16692000000,2021-01-28,10-K,FY
META,CostOfRevenue,2020-01-01,2020-12-31,16692000000,2022-02-03,10-K,FY
META,CostOfRevenue,2020-01-01,2020-12-31,16692000000,2023-02-02,10-K,FY
META,CostOfRevenue,2021-01-01,2021-03-31,5131000000,2021-04-29,10-Q,Q1
META,CostOfRevenue,2021-01-01,2021-03-31,5131000000,2022-04-28,10-Q,Q1
META,CostOfRevenue,2021-01-01,2021-06-30,10530000000,2021-07-29,10-Q,Q2
META,CostOfRevenue,2021-01-01,2021-06-30,10530000000,2022-07-28,10-Q,Q2
META,CostOfRevenue,2021-04-01,2021-06-30,5399000000,2021-07-29,10-Q,Q2
META,CostOfRevenue,2021-04-01,2021-06-30,5399000000,2022-07-28,10-Q,Q2
META,CostOfRevenue,2021-01-01,2021-09-30,16301000000,2021-10-26,10-Q,Q3
META,CostOfRevenue,2021-01-01,2021-09-30,16301000000,2022-10-27,10-Q,Q3
META,CostOfRevenue,2021-07-01,2021-09-30,5771000000,2021-10-26,10-Q,Q3
META,CostOfRevenue,2021-07-01,2021-09-30,5771000000,2022-10-27,10-Q,Q3
META,CostOfRevenue,2021-01-01,2021-12-31,22649000000,2022-02-03,10-K,FY
META,CostOfRevenue,2021-01-01,2021-12-31,22649000000,2023-02-02,10-K,FY
META,CostOfRevenue,2021-01-01,2021-12-31,22649000000,2024-02-02,10-K,FY
META,CostOfRevenue,2022-01-01,2022-03-31,6005000000,2022-04-28,10-Q,Q1
META,CostOfRevenue,2022-01-01,2022-03-31,6005000000,2023-04-27,10-Q,Q1
META,CostOfRevenue,2022-01-01,2022-06-30,11197000000,2022-07-28,10-Q,Q2
META,CostOfRevenue,2022-01-01,2022-06-30,11197000000,2023-07-27,10-Q,Q2
META,CostOfRevenue,2022-04-01,2022-06-30,5192000000,2022-07-28,10-Q,Q2
META,CostOfRevenue,2022-04-01,2022-06-30,5192000000,2023-07-27,10-Q,Q2
META,CostOfRevenue,2022-01-01,2022-09-30,16913000000,2022-10-27,10-Q,Q3
META,CostOfRevenue,2022-01-01,2022-09-30,16913000000,2023-10-26,10-Q,Q3
META,CostOfRevenue,2022-07-01,2022-09-30,5716000000,2022-10-27,10-Q,Q3
META,CostOfRevenue,2022-07-01,2022-09-30,5716000000,2023-10-26,10-Q,Q3
META,CostOfRevenue,2022-01-01,2022-12-31,25249000000,2023-02-02,10-K,FY
META,CostOfRevenue,2022-01-01,2022-12-31,25249000000,2024-02-02,10-K,FY
META,CostOfRevenue,2022-01-01,2022-12-31,25249000000,2025-01-30,10-K,FY
META,CostOfRevenue,2023-01-01,2023-03-31,6108000000,2023-04-27,10-Q,Q1
META,CostOfRevenue,2023-01-01,2023-03-31,6108000000,2024-04-25,10-Q,Q1
META,CostOfRevenue,2023-01-01,2023-06-30,12054000000,2023-07-27,10-Q,Q2
META,CostOfRevenue,2023-01-01,2023-06-30,12054000000,2024-08-01,10-Q,Q2
META,CostOfRevenue,2023-04-01,2023-06-30,5945000000,2023-07-27,10-Q,Q2
META,CostOfRevenue,2023-04-01,2023-06-30,5945000000,2024-08-01,10-Q,Q2
META,CostOfRevenue,2023-01-01,2023-09-30,18264000000,2023-10-26,10-Q,Q3
META,CostOfRevenue,2023-01-01,2023-09-30,18264000000,2024-10-31,10-Q,Q3
META,CostOfRevenue,2023-07-01,2023-09-30,6210000000,2023-10-26,10-Q,Q3
META,CostOfRevenue,2023-07-01,2023-09-30,6210000000,2024-10-31,10-Q,Q3
META,CostOfRevenue,2023-01-01,2023-12-31,25959000000,2024-02-02,10-K,FY
META,CostOfRevenue,2023-01-01,2023-12-31,25959000000,2025-01-30,10-K,FY
META,CostOfRevenue,2023-01-01,2023-12-31,25959000000,2026-01-29,10-K,FY
META,CostOfRevenue,2024-01-01,2024-03-31,6640000000,2024-04-25,10-Q,Q1
META,CostOfRevenue,2024-01-01,2024-03-31,6640000000,2025-05-01,10-Q,Q1
META,CostOfRevenue,2024-01-01,2024-06-30,13948000000,2024-08-01,10-Q,Q2
META,CostOfRevenue,2024-01-01,2024-06-30,13948000000,2025-07-31,10-Q,Q2
META,CostOfRevenue,2024-04-01,2024-06-30,7308000000,2024-08-01,10-Q,Q2
META,CostOfRevenue,2024-04-01,2024-06-30,7308000000,2025-07-31,10-Q,Q2
META,CostOfRevenue,2024-01-01,2024-09-30,21322000000,2024-10-31,10-Q,Q3
META,CostOfRevenue,2024-01-01,2024-09-30,21322000000,2025-10-30,10-Q,Q3
META,CostOfRevenue,2024-07-01,2024-09-30,7375000000,2024-10-31,10-Q,Q3
META,CostOfRevenue,2024-07-01,2024-09-30,7375000000,2025-10-30,10-Q,Q3
META,CostOfRevenue,2024-01-01,2024-12-31,30161000000,2025-01-30,10-K,FY
META,CostOfRevenue,2024-01-01,2024-12-31,30161000000,2026-01-29,10-K,FY
META,CostOfRevenue,2025-01-01,2025-03-31,7572000000,2025-05-01,10-Q,Q1
META,CostOfRevenue,2025-01-01,2025-03-31,7572000000,2026-04-30,10-Q,Q1
META,CostOfRevenue,2025-01-01,2025-06-30,16063000000,2025-07-31,10-Q,Q2
META,CostOfRevenue,2025-01-01,2025-06-30,16063000000,2026-07-30,10-Q,Q2
META,CostOfRevenue,2025-04-01,2025-06-30,8491000000,2025-07-31,10-Q,Q2
META,CostOfRevenue,2025-04-01,2025-06-30,8491000000,2026-07-30,10-Q,Q2
META,CostOfRevenue,2025-01-01,2025-09-30,25269000000,2025-10-30,10-Q,Q3
META,CostOfRevenue,2025-07-01,2025-09-30,9206000000,2025-10-30,10-Q,Q3
META,CostOfRevenue,2025-01-01,2025-12-31,36175000000,2026-01-29,10-K,FY
META,CostOfRevenue,2026-01-01,2026-03-31,10218000000,2026-04-30,10-Q,Q1
META,CostOfRevenue,2026-01-01,2026-06-30,21549000000,2026-07-30,10-Q,Q2
META,CostOfRevenue,2026-04-01,2026-06-30,11330000000,2026-07-30,10-Q,Q2
META,Revenues,2010-01-01,2010-12-31,1974000000,2013-02-01,10-K,FY
META,Revenues,2011-01-01,2011-06-30,1626000000,2012-07-31,10-Q,Q2
META,Revenues,2011-04-01,2011-06-30,895000000,2012-07-31,10-Q,Q2
META,Revenues,2011-01-01,2011-09-30,2580000000,2012-10-24,10-Q,Q3
META,Revenues,2011-07-01,2011-09-30,954000000,2012-10-24,10-Q,Q3
META,Revenues,2011-01-01,2011-12-31,3711000000,2013-02-01,10-K,FY
META,Revenues,2011-01-01,2011-12-31,3711000000,2014-01-31,10-K,FY
META,Revenues,2012-01-01,2012-03-31,1058000000,2013-05-02,10-Q,Q1
META,Revenues,2012-01-01,2012-06-30,2242000000,2012-07-31,10-Q,Q2
META,Revenues,2012-01-01,2012-06-30,2242000000,2013-07-25,10-Q,Q2
META,Revenues,2012-04-01,2012-06-30,1184000000,2012-07-31,10-Q,Q2
META,Revenues,2012-04-01,2012-06-30,1184000000,2013-07-25,10-Q,Q2
META,Revenues,2012-01-01,2012-09-30,3504000000,2012-10-24,10-Q,Q3
META,Revenues,2012-01-01,2012-09-30,3504000000,2013-11-01,10-Q,Q3
META,Revenues,2012-07-01,2012-09-30,1262000000,2012-10-24,10-Q,Q3
META,Revenues,2012-07-01,2012-09-30,1262000000,2013-11-01,10-Q,Q3
META,Revenues,2012-01-01,2012-12-31,5089000000,2013-02-01,10-K,FY
META,Revenues,2012-01-01,2012-12-31,5089000000,2014-01-31,10-K,FY
META,Revenues,2012-01-01,2012-12-31,5089000000,2015-01-29,10-K,FY
META,Revenues,2013-01-01,2013-03-31,1458000000,2013-05-02,10-Q,Q1
META,Revenues,2013-01-01,2013-03-31,1458000000,2014-04-25,10-Q,Q1
META,Revenues,2013-01-01,2013-06-30,3271000000,2013-07-25,10-Q,Q2
META,Revenues,2013-01-01,2013-06-30,3271000000,2014-07-24,10-Q,Q2
META,Revenues,2013-04-01,2013-06-30,1813000000,2013-07-25,10-Q,Q2
META,Revenues,2013-04-01,2013-06-30,1813000000,2014-07-24,10-Q,Q2
META,Revenues,2013-01-01,2013-09-30,5286000000,2013-11-01,10-Q,Q3
META,Revenues,2013-01-01,2013-09-30,5286000000,2014-10-30,10-Q,Q3
META,Revenues,2013-07-01,2013-09-30,2016000000,2013-11-01,10-Q,Q3
META,Revenues,2013-07-01,2013-09-30,2016000000,2014-10-30,10-Q,Q3
META,Revenues,2013-01-01,2013-12-31,7872000000,2014-01-31,10-K,FY
META,Revenues,2013-01-01,2013-12-31,7872000000,2015-01-29,10-K,FY
META,Revenues,2013-01-01,2013-12-31,7872000000,2016-01-28,10-K,FY
META,Revenues,2014-01-01,2014-03-31,2502000000,2014-04-25,10-Q,Q1
META,Revenues,2014-01-01,2014-03-31,2502000000,2015-04-23,10-Q,Q1
META,Revenues,2014-01-01,2014-06-30,5412000000,2014-07-24,10-Q,Q2
META,Revenues,2014-01-01,2014-06-30,5412000000,2015-07-31,10-Q,Q2
META,Revenues,2014-04-01,2014-06-30,2910000000,2014-07-24,10-Q,Q2
META,Revenues,2014-04-01,2014-06-30,2910000000,2015-07-31,10-Q,Q2
META,Revenues,2014-01-01,2014-09-30,8615000000,2014-10-30,10-Q,Q3
META,Revenues,2014-01-01,2014-09-30,8615000000,2015-11-05,10-Q,Q3
META,Revenues,2014-07-01,2014-09-30,3203000000,2014-10-30,10-Q,Q3
META,Revenues,2014-07-01,2014-09-30,3203000000,2015-11-05,10-Q,Q3
META,Revenues,2014-01-01,2014-12-31,12466000000,2015-01-29,10-K,FY
META,Revenues,2014-01-01,2014-12-31,12466000000,2016-01-28,10-K,FY
META,Revenues,2014-01-01,2014-12-31,12466000000,2017-02-03,10-K,FY
META,Revenues,2015-01-01,2015-03-31,3543000000,2015-04-23,10-Q,Q1
META,Revenues,2015-01-01,2015-03-31,3543000000,2016-04-28,10-Q,Q1
META,Revenues,2015-01-01,2015-06-30,7586000000,2015-07-31,10-Q,Q2
META,Revenues,2015-01-01,2015-06-30,7586000000,2016-07-28,10-Q,Q2
META,Revenues,2015-04-01,2015-06-30,4042000000,2015-07-31,10-Q,Q2
META,Revenues,2015-04-01,2015-06-30,4042000000,2016-07-28,10-Q,Q2
META,Revenues,2015-01-01,2015-09-30,12087000000,2015-11-05,10-Q,Q3
META,Revenues,2015-01-01,2015-09-30,12087000000,2016-11-03,10-Q,Q3
META,Revenues,2015-07-01,2015-09-30,4501000000,2015-11-05,10-Q,Q3
META,Revenues,2015-07-01,2015-09-30,4501000000,2016-11-03,10-Q,Q3
META,Revenues,2015-01-01,2015-12-31,17928000000,2016-01-28,10-K,FY
META,Revenues,2015-01-01,2015-12-31,17928000000,2017-02-03,10-K,FY
META,Revenues,2015-01-01,2015-12-31,17928000000,2018-02-01,10-K,FY
META,Revenues,2016-01-01,2016-03-31,5382000000,2016-04-28,10-Q,Q1
META,Revenues,2016-01-01,2016-03-31,5382000000,2017-05-04,10-Q,Q1
META,Revenues,2016-01-01,2016-06-30,11818000000,2016-07-28,10-Q,Q2
META,Revenues,2016-01-01,2016-06-30,11818000000,2017-07-27,10-Q,Q2
META,Revenues,2016-04-01,2016-06-30,6436000000,2016-07-28,10-Q,Q2
META,Revenues,2016-04-01,2016-06-30,6436000000,2017-07-27,10-Q,Q2
META,Revenues,2016-01-01,2016-09-30,18829000000,2016-11-03,10-Q,Q3
META,Revenues,2016-01-01,2016-09-30,18829000000,2017-11-02,10-Q,Q3
META,Revenues,2016-07-01,2016-09-30,7011000000,2016-11-03,10-Q,Q3
META,Revenues,2016-07-01,2016-09-30,7011000000,2017-11-02,10-Q,Q3
META,Revenues,2016-01-01,2016-12-31,27638000000,2017-02-03,10-K,FY
META,Revenues,2016-01-01,2016-12-31,27638000000,2018-02-01,10-K,FY
META,Revenues,2017-01-01,2017-03-31,8032000000,2017-05-04,10-Q,Q1
META,Revenues,2017-01-01,2017-03-31,8032000000,2018-04-26,10-Q,Q1
META,Revenues,2017-01-01,2017-06-30,17353000000,2017-07-27,10-Q,Q2
META,Revenues,2017-01-01,2017-06-30,17353000000,2018-07-26,10-Q,Q2
META,Revenues,2017-04-01,2017-06-30,9321000000,2017-07-27,10-Q,Q2
META,Revenues,2017-04-01,2017-06-30,9321000000,2018-07-26,10-Q,Q2
META,Revenues,2017-01-01,2017-09-30,27681000000,2017-11-02,10-Q,Q3
META,Revenues,2017-01-01,2017-09-30,27681000000,2018-10-31,10-Q,Q3
META,Revenues,2017-07-01,2017-09-30,10328000000,2017-11-02,10-Q,Q3
META,Revenues,2017-07-01,2017-09-30,10328000000,2018-10-31,10-Q,Q3
META,Revenues,2017-01-01,2017-12-31,40653000000,2018-02-01,10-K,FY
META,Revenues,2018-01-01,2018-03-31,11966000000,2018-04-26,10-Q,Q1
META,Revenues,2018-01-01,2018-06-30,25197000000,2018-07-26,10-Q,Q2
META,Revenues,2018-04-01,2018-06-30,13231000000,2018-07-26,10-Q,Q2
META,Revenues,2018-01-01,2018-09-30,38924000000,2018-10-31,10-Q,Q3
META,Revenues,2018-07-01,2018-09-30,13727000000,2018-10-31,10-Q,Q3
META,RevenueFromContractWithCustomerExcludingAssessedTax,2016-01-01,2016-12-31,27638000000,2019-01-31,10-K,FY
META,RevenueFromContractWithCustomerExcludingAssessedTax,2017-01-01,2017-03-31,8032000000,2018-04-26,10-Q,Q1
META,RevenueFromContractWithCustomerExcludingAssessedTax,2017-01-01,2017-06-30,17353000000,2018-07-26,10-Q,Q2
META,RevenueFromContractWithCustomerExcludingAssessedTax,2017-04-01,2017-06-30,9321000000,2018-07-26,10-Q,Q2
META,RevenueFromContractWithCustomerExcludingAssessedTax,2017-01-01,2017-09-30,27681000000,2018-10-31,10-Q,Q3
META,RevenueFromContractWithCustomerExcludingAssessedTax,2017-07-01,2017-09-30,10328000000,2018-10-31,10-Q,Q3
META,RevenueFromContractWithCustomerExcludingAssessedTax,2017-01-01,2017-12-31,40653000000,2019-01-31,10-K,FY
META,RevenueFromContractWithCustomerExcludingAssessedTax,2017-01-01,2017-12-31,40653000000,2020-01-30,10-K,FY
META,RevenueFromContractWithCustomerExcludingAssessedTax,2018-01-01,2018-03-31,11966000000,2018-04-26,10-Q,Q1
META,RevenueFromContractWithCustomerExcludingAssessedTax,2018-01-01,2018-03-31,11966000000,2019-04-25,10-Q,Q1
META,RevenueFromContractWithCustomerExcludingAssessedTax,2018-01-01,2018-06-30,25197000000,2018-07-26,10-Q,Q2
META,RevenueFromContractWithCustomerExcludingAssessedTax,2018-01-01,2018-06-30,25197000000,2019-07-25,10-Q,Q2
META,RevenueFromContractWithCustomerExcludingAssessedTax,2018-04-01,2018-06-30,13231000000,2018-07-26,10-Q,Q2
META,RevenueFromContractWithCustomerExcludingAssessedTax,2018-04-01,2018-06-30,13231000000,2019-07-25,10-Q,Q2
META,RevenueFromContractWithCustomerExcludingAssessedTax,2018-01-01,2018-09-30,38924000000,2018-10-31,10-Q,Q3
META,RevenueFromContractWithCustomerExcludingAssessedTax,2018-01-01,2018-09-30,38924000000,2019-10-31,10-Q,Q3
META,RevenueFromContractWithCustomerExcludingAssessedTax,2018-07-01,2018-09-30,13727000000,2018-10-31,10-Q,Q3
META,RevenueFromContractWithCustomerExcludingAssessedTax,2018-07-01,2018-09-30,13727000000,2019-10-31,10-Q,Q3
META,RevenueFromContractWithCustomerExcludingAssessedTax,2018-01-01,2018-12-31,55838000000,2019-01-31,10-K,FY
META,RevenueFromContractWithCustomerExcludingAssessedTax,2018-01-01,2018-12-31,55838000000,2020-01-30,10-K,FY
META,RevenueFromContractWithCustomerExcludingAssessedTax,2018-01-01,2018-12-31,55838000000,2021-01-28,10-K,FY
META,RevenueFromContractWithCustomerExcludingAssessedTax,2019-01-01,2019-03-31,15077000000,2019-04-25,10-Q,Q1
META,RevenueFromContractWithCustomerExcludingAssessedTax,2019-01-01,2019-03-31,15077000000,2020-04-30,10-Q,Q1
META,RevenueFromContractWithCustomerExcludingAssessedTax,2019-01-01,2019-06-30,31963000000,2019-07-25,10-Q,Q2
META,RevenueFromContractWithCustomerExcludingAssessedTax,2019-01-01,2019-06-30,31963000000,2020-07-31,10-Q,Q2
META,RevenueFromContractWithCustomerExcludingAssessedTax,2019-04-01,2019-06-30,16886000000,2019-07-25,10-Q,Q2
META,RevenueFromContractWithCustomerExcludingAssessedTax,2019-04-01,2019-06-30,16886000000,2020-07-31,10-Q,Q2
META,RevenueFromContractWithCustomerExcludingAssessedTax,2019-01-01,2019-09-30,49615000000,2019-10-31,10-Q,Q3
META,RevenueFromContractWithCustomerExcludingAssessedTax,2019-01-01,2019-09-30,49615000000,2020-10-30,10-Q,Q3
META,RevenueFromContractWithCustomerExcludingAssessedTax,2019-07-01,2019-09-30,17652000000,2019-10-31,10-Q,Q3
META,RevenueFromContractWithCustomerExcludingAssessedTax,2019-07-01,2019-09-30,17652000000,2020-10-30,10-Q,Q3
META,RevenueFromContractWithCustomerExcludingAssessedTax,2019-01-01,2019-12-31,70697000000,2020-01-30,10-K,FY
META,RevenueFromContractWithCustomerExcludingAssessedTax,2019-01-01,2019-12-31,70697000000,2021-01-28,10-K,FY
META,RevenueFromContractWithCustomerExcludingAssessedTax,2019-01-01,2019-12-31,70697000000,2022-02-03,10-K,FY
META,RevenueFromContractWithCustomerExcludingAssessedTax,2020-01-01,2020-03-31,17737000000,2020-04-30,10-Q,Q1
META,RevenueFromContractWithCustomerExcludingAssessedTax,2020-01-01,2020-03-31,17737000000,2021-04-29,10-Q,Q1
META,RevenueFromContractWithCustomerExcludingAssessedTax,2020-01-01,2020-06-30,36423000000,2020-07-31,10-Q,Q2
META,RevenueFromContractWithCustomerExcludingAssessedTax,2020-01-01,2020-06-30,36423000000,2021-07-29,10-Q,Q2
META,RevenueFromContractWithCustomerExcludingAssessedTax,2020-04-01,2020-06-30,18687000000,2020-07-31,10-Q,Q2
META,RevenueFromContractWithCustomerExcludingAssessedTax,2020-04-01,2020-06-30,18687000000,2021-07-29,10-Q,Q2
META,RevenueFromContractWithCustomerExcludingAssessedTax,2020-01-01,2020-09-30,57893000000,2020-10-30,10-Q,Q3
META,RevenueFromContractWithCustomerExcludingAssessedTax,2020-01-01,2020-09-30,57893000000,2021-10-26,10-Q,Q3
META,RevenueFromContractWithCustomerExcludingAssessedTax,2020-07-01,2020-09-30,21470000000,2020-10-30,10-Q,Q3
META,RevenueFromContractWithCustomerExcludingAssessedTax,2020-07-01,2020-09-30,21470000000,2021-10-26,10-Q,Q3
META,RevenueFromContractWithCustomerExcludingAssessedTax,2020-01-01,2020-12-31,85965000000,2021-01-28,10-K,FY
META,RevenueFromContractWithCustomerExcludingAssessedTax,2020-01-01,2020-12-31,85965000000,2022-02-03,10-K,FY
META,RevenueFromContractWithCustomerExcludingAssessedTax,2020-01-01,2020-12-31,85965000000,2023-02-02,10-K,FY
META,RevenueFromContractWithCustomerExcludingAssessedTax,2021-01-01,2021-03-31,26171000000,2021-04-29,10-Q,Q1
META,RevenueFromContractWithCustomerExcludingAssessedTax,2021-01-01,2021-03-31,26171000000,2022-04-28,10-Q,Q1
META,RevenueFromContractWithCustomerExcludingAssessedTax,2021-01-01,2021-06-30,55248000000,2021-07-29,10-Q,Q2
META,RevenueFromContractWithCustomerExcludingAssessedTax,2021-01-01,2021-06-30,55248000000,2022-07-28,10-Q,Q2
META,RevenueFromContractWithCustomerExcludingAssessedTax,2021-04-01,2021-06-30,29077000000,2021-07-29,10-Q,Q2
META,RevenueFromContractWithCustomerExcludingAssessedTax,2021-04-01,2021-06-30,29077000000,2022-07-28,10-Q,Q2
META,RevenueFromContractWithCustomerExcludingAssessedTax,2021-01-01,2021-09-30,84258000000,2021-10-26,10-Q,Q3
META,RevenueFromContractWithCustomerExcludingAssessedTax,2021-01-01,2021-09-30,84258000000,2022-10-27,10-Q,Q3
META,RevenueFromContractWithCustomerExcludingAssessedTax,2021-07-01,2021-09-30,29010000000,2021-10-26,10-Q,Q3
META,RevenueFromContractWithCustomerExcludingAssessedTax,2021-07-01,2021-09-30,29010000000,2022-10-27,10-Q,Q3
META,RevenueFromContractWithCustomerExcludingAssessedTax,2021-01-01,2021-12-31,117929000000,2022-02-03,10-K,FY
META,RevenueFromContractWithCustomerExcludingAssessedTax,2021-01-01,2021-12-31,117929000000,2023-02-02,10-K,FY
META,RevenueFromContractWithCustomerExcludingAssessedTax,2021-01-01,2021-12-31,117929000000,2024-02-02,10-K,FY
META,RevenueFromContractWithCustomerExcludingAssessedTax,2022-01-01,2022-03-31,27908000000,2022-04-28,10-Q,Q1
META,RevenueFromContractWithCustomerExcludingAssessedTax,2022-01-01,2022-03-31,27908000000,2023-04-27,10-Q,Q1
META,RevenueFromContractWithCustomerExcludingAssessedTax,2022-01-01,2022-06-30,56729000000,2022-07-28,10-Q,Q2
META,RevenueFromContractWithCustomerExcludingAssessedTax,2022-01-01,2022-06-30,56729000000,2023-07-27,10-Q,Q2
META,RevenueFromContractWithCustomerExcludingAssessedTax,2022-04-01,2022-06-30,28822000000,2022-07-28,10-Q,Q2
META,RevenueFromContractWithCustomerExcludingAssessedTax,2022-04-01,2022-06-30,28822000000,2023-07-27,10-Q,Q2
META,RevenueFromContractWithCustomerExcludingAssessedTax,2022-01-01,2022-09-30,84444000000,2022-10-27,10-Q,Q3
META,RevenueFromContractWithCustomerExcludingAssessedTax,2022-01-01,2022-09-30,84444000000,2023-10-26,10-Q,Q3
META,RevenueFromContractWithCustomerExcludingAssessedTax,2022-07-01,2022-09-30,27714000000,2022-10-27,10-Q,Q3
META,RevenueFromContractWithCustomerExcludingAssessedTax,2022-07-01,2022-09-30,27714000000,2023-10-26,10-Q,Q3
META,RevenueFromContractWithCustomerExcludingAssessedTax,2022-01-01,2022-12-31,116609000000,2023-02-02,10-K,FY
META,RevenueFromContractWithCustomerExcludingAssessedTax,2022-01-01,2022-12-31,116609000000,2024-02-02,10-K,FY
META,RevenueFromContractWithCustomerExcludingAssessedTax,2022-01-01,2022-12-31,116609000000,2025-01-30,10-K,FY
META,RevenueFromContractWithCustomerExcludingAssessedTax,2023-01-01,2023-03-31,28645000000,2023-04-27,10-Q,Q1
META,RevenueFromContractWithCustomerExcludingAssessedTax,2023-01-01,2023-03-31,28645000000,2024-04-25,10-Q,Q1
META,RevenueFromContractWithCustomerExcludingAssessedTax,2023-01-01,2023-06-30,60645000000,2023-07-27,10-Q,Q2
META,RevenueFromContractWithCustomerExcludingAssessedTax,2023-01-01,2023-06-30,60645000000,2024-08-01,10-Q,Q2
META,RevenueFromContractWithCustomerExcludingAssessedTax,2023-04-01,2023-06-30,31999000000,2023-07-27,10-Q,Q2
META,RevenueFromContractWithCustomerExcludingAssessedTax,2023-04-01,2023-06-30,31999000000,2024-08-01,10-Q,Q2
META,RevenueFromContractWithCustomerExcludingAssessedTax,2023-01-01,2023-09-30,94791000000,2023-10-26,10-Q,Q3
META,RevenueFromContractWithCustomerExcludingAssessedTax,2023-01-01,2023-09-30,94791000000,2024-10-31,10-Q,Q3
META,RevenueFromContractWithCustomerExcludingAssessedTax,2023-07-01,2023-09-30,34146000000,2023-10-26,10-Q,Q3
META,RevenueFromContractWithCustomerExcludingAssessedTax,2023-07-01,2023-09-30,34146000000,2024-10-31,10-Q,Q3
META,RevenueFromContractWithCustomerExcludingAssessedTax,2023-01-01,2023-12-31,134902000000,2024-02-02,10-K,FY
META,RevenueFromContractWithCustomerExcludingAssessedTax,2023-01-01,2023-12-31,134902000000,2025-01-30,10-K,FY
META,RevenueFromContractWithCustomerExcludingAssessedTax,2023-01-01,2023-12-31,134902000000,2026-01-29,10-K,FY
META,RevenueFromContractWithCustomerExcludingAssessedTax,2024-01-01,2024-03-31,36455000000,2024-04-25,10-Q,Q1
META,RevenueFromContractWithCustomerExcludingAssessedTax,2024-01-01,2024-03-31,36455000000,2025-05-01,10-Q,Q1
META,RevenueFromContractWithCustomerExcludingAssessedTax,2024-01-01,2024-06-30,75527000000,2024-08-01,10-Q,Q2
META,RevenueFromContractWithCustomerExcludingAssessedTax,2024-01-01,2024-06-30,75527000000,2025-07-31,10-Q,Q2
META,RevenueFromContractWithCustomerExcludingAssessedTax,2024-04-01,2024-06-30,39071000000,2024-08-01,10-Q,Q2
META,RevenueFromContractWithCustomerExcludingAssessedTax,2024-04-01,2024-06-30,39071000000,2025-07-31,10-Q,Q2
META,RevenueFromContractWithCustomerExcludingAssessedTax,2024-01-01,2024-09-30,116116000000,2024-10-31,10-Q,Q3
META,RevenueFromContractWithCustomerExcludingAssessedTax,2024-01-01,2024-09-30,116116000000,2025-10-30,10-Q,Q3
META,RevenueFromContractWithCustomerExcludingAssessedTax,2024-07-01,2024-09-30,40589000000,2024-10-31,10-Q,Q3
META,RevenueFromContractWithCustomerExcludingAssessedTax,2024-07-01,2024-09-30,40589000000,2025-10-30,10-Q,Q3
META,RevenueFromContractWithCustomerExcludingAssessedTax,2024-01-01,2024-12-31,164501000000,2025-01-30,10-K,FY
META,RevenueFromContractWithCustomerExcludingAssessedTax,2024-01-01,2024-12-31,164501000000,2026-01-29,10-K,FY
META,RevenueFromContractWithCustomerExcludingAssessedTax,2025-01-01,2025-03-31,42314000000,2025-05-01,10-Q,Q1
META,RevenueFromContractWithCustomerExcludingAssessedTax,2025-01-01,2025-03-31,42314000000,2026-04-30,10-Q,Q1
META,RevenueFromContractWithCustomerExcludingAssessedTax,2025-01-01,2025-06-30,89830000000,2025-07-31,10-Q,Q2
META,RevenueFromContractWithCustomerExcludingAssessedTax,2025-01-01,2025-06-30,89830000000,2026-07-30,10-Q,Q2
META,RevenueFromContractWithCustomerExcludingAssessedTax,2025-04-01,2025-06-30,47516000000,2025-07-31,10-Q,Q2
META,RevenueFromContractWithCustomerExcludingAssessedTax,2025-04-01,2025-06-30,47516000000,2026-07-30,10-Q,Q2
META,RevenueFromContractWithCustomerExcludingAssessedTax,2025-01-01,2025-09-30,141073000000,2025-10-30,10-Q,Q3
META,RevenueFromContractWithCustomerExcludingAssessedTax,2025-07-01,2025-09-30,51242000000,2025-10-30,10-Q,Q3
META,RevenueFromContractWithCustomerExcludingAssessedTax,2025-01-01,2025-12-31,200966000000,2026-01-29,10-K,FY
META,RevenueFromContractWithCustomerExcludingAssessedTax,2026-01-01,2026-03-31,56311000000,2026-04-30,10-Q,Q1
META,RevenueFromContractWithCustomerExcludingAssessedTax,2026-01-01,2026-06-30,117111000000,2026-07-30,10-Q,Q2
META,RevenueFromContractWithCustomerExcludingAssessedTax,2026-04-01,2026-06-30,60801000000,2026-07-30,10-Q,Q2
ORCL,PaymentsToAcquirePropertyPlantAndEquipment,2009-06-01,2010-05-31,230000000,2012-06-26,10-K,FY
ORCL,PaymentsToAcquirePropertyPlantAndEquipment,2010-06-01,2010-08-31,118000000,2011-09-23,10-Q,Q1
ORCL,PaymentsToAcquirePropertyPlantAndEquipment,2010-06-01,2010-11-30,239000000,2011-12-23,10-Q,Q2
ORCL,PaymentsToAcquirePropertyPlantAndEquipment,2010-06-01,2011-02-28,372000000,2012-03-23,10-Q,Q3
ORCL,PaymentsToAcquirePropertyPlantAndEquipment,2010-06-01,2011-05-31,450000000,2012-06-26,10-K,FY
ORCL,PaymentsToAcquirePropertyPlantAndEquipment,2010-06-01,2011-05-31,450000000,2013-06-26,10-K,FY
ORCL,PaymentsToAcquirePropertyPlantAndEquipment,2011-06-01,2011-08-31,160000000,2011-09-23,10-Q,Q1
ORCL,PaymentsToAcquirePropertyPlantAndEquipment,2011-06-01,2011-08-31,160000000,2012-09-24,10-Q,Q1
ORCL,PaymentsToAcquirePropertyPlantAndEquipment,2011-06-01,2011-11-30,289000000,2011-12-23,10-Q,Q2
ORCL,PaymentsToAcquirePropertyPlantAndEquipment,2011-06-01,2011-11-30,289000000,2012-12-21,10-Q,Q2
ORCL,PaymentsToAcquirePropertyPlantAndEquipment,2011-06-01,2012-02-29,431000000,2012-03-23,10-Q,Q3
ORCL,PaymentsToAcquirePropertyPlantAndEquipment,2011-06-01,2012-02-29,431000000,2013-03-22,10-Q,Q3
ORCL,PaymentsToAcquirePropertyPlantAndEquipment,2011-06-01,2012-05-31,648000000,2012-06-26,10-K,FY
ORCL,PaymentsToAcquirePropertyPlantAndEquipment,2011-06-01,2012-05-31,648000000,2013-06-26,10-K,FY
ORCL,PaymentsToAcquirePropertyPlantAndEquipment,2011-06-01,2012-05-31,648000000,2014-06-26,10-K,FY
ORCL,PaymentsToAcquirePropertyPlantAndEquipment,2012-06-01,2012-08-31,139000000,2012-09-24,10-Q,Q1
ORCL,PaymentsToAcquirePropertyPlantAndEquipment,2012-06-01,2012-08-31,139000000,2013-09-20,10-Q,Q1
ORCL,PaymentsToAcquirePropertyPlantAndEquipment,2012-06-01,2012-11-30,351000000,2012-12-21,10-Q,Q2
ORCL,PaymentsToAcquirePropertyPlantAndEquipment,2012-06-01,2012-11-30,351000000,2013-12-20,10-Q,Q2
ORCL,PaymentsToAcquirePropertyPlantAndEquipment,2012-06-01,2013-02-28,467000000,2013-03-22,10-Q,Q3
ORCL,PaymentsToAcquirePropertyPlantAndEquipment,2012-06-01,2013-02-28,467000000,2014-03-20,10-Q,Q3
ORCL,PaymentsToAcquirePropertyPlantAndEquipment,2012-06-01,2013-05-31,650000000,2013-06-26,10-K,FY
ORCL,PaymentsToAcquirePropertyPlantAndEquipment,2012-06-01,2013-05-31,650000000,2014-06-26,10-K,FY
ORCL,PaymentsToAcquirePropertyPlantAndEquipment,2012-06-01,2013-05-31,650000000,2015-06-25,10-K,FY
ORCL,PaymentsToAcquirePropertyPlantAndEquipment,2013-06-01,2013-08-31,153000000,2013-09-20,10-Q,Q1
ORCL,PaymentsToAcquirePropertyPlantAndEquipment,2013-06-01,2013-08-31,153000000,2014-09-23,10-Q,Q1
ORCL,PaymentsToAcquirePropertyPlantAndEquipment,2013-06-01,2013-11-30,279000000,2013-12-20,10-Q,Q2
ORCL,PaymentsToAcquirePropertyPlantAndEquipment,2013-06-01,2013-11-30,279000000,2014-12-19,10-Q,Q2
ORCL,PaymentsToAcquirePropertyPlantAndEquipment,2013-06-01,2014-02-28,426000000,2014-03-20,10-Q,Q3
ORCL,PaymentsToAcquirePropertyPlantAndEquipment,2013-06-01,2014-02-28,426000000,2015-03-19,10-Q,Q3
ORCL,PaymentsToAcquirePropertyPlantAndEquipment,2013-06-01,2014-05-31,580000000,2014-06-26,10-K,FY
ORCL,PaymentsToAcquirePropertyPlantAndEquipment,2013-06-01,2014-05-31,580000000,2015-06-25,10-K,FY
ORCL,PaymentsToAcquirePropertyPlantAndEquipment,2013-06-01,2014-05-31,580000000,2016-06-22,10-K,FY
ORCL,PaymentsToAcquirePropertyPlantAndEquipment,2014-06-01,2014-08-31,201000000,2014-09-23,10-Q,Q1
ORCL,PaymentsToAcquirePropertyPlantAndEquipment,2014-06-01,2014-08-31,201000000,2015-09-18,10-Q,Q1
ORCL,PaymentsToAcquirePropertyPlantAndEquipment,2014-06-01,2014-11-30,426000000,2014-12-19,10-Q,Q2
ORCL,PaymentsToAcquirePropertyPlantAndEquipment,2014-06-01,2014-11-30,426000000,2015-12-18,10-Q,Q2
ORCL,PaymentsToAcquirePropertyPlantAndEquipment,2014-06-01,2015-02-28,794000000,2015-03-19,10-Q,Q3
ORCL,PaymentsToAcquirePropertyPlantAndEquipment,2014-06-01,2015-02-28,794000000,2016-03-18,10-Q,Q3
ORCL,PaymentsToAcquirePropertyPlantAndEquipment,2014-06-01,2015-05-31,1391000000,2015-06-25,10-K,FY
ORCL,PaymentsToAcquirePropertyPlantAndEquipment,2014-06-01,2015-05-31,1391000000,2016-06-22,10-K,FY
ORCL,PaymentsToAcquirePropertyPlantAndEquipment,2014-06-01,2015-05-31,1391000000,2017-06-27,10-K,FY
ORCL,PaymentsToAcquirePropertyPlantAndEquipment,2015-06-01,2015-08-31,446000000,2015-09-18,10-Q,Q1
ORCL,PaymentsToAcquirePropertyPlantAndEquipment,2015-06-01,2015-08-31,446000000,2016-09-19,10-Q,Q1
ORCL,PaymentsToAcquirePropertyPlantAndEquipment,2015-06-01,2015-11-30,641000000,2015-12-18,10-Q,Q2
ORCL,PaymentsToAcquirePropertyPlantAndEquipment,2015-06-01,2015-11-30,641000000,2016-12-19,10-Q,Q2
ORCL,PaymentsToAcquirePropertyPlantAndEquipment,2015-06-01,2016-02-29,1009000000,2016-03-18,10-Q,Q3
ORCL,PaymentsToAcquirePropertyPlantAndEquipment,2015-06-01,2016-02-29,1009000000,2017-03-17,10-Q,Q3
ORCL,PaymentsToAcquirePropertyPlantAndEquipment,2015-06-01,2016-05-31,1189000000,2016-06-22,10-K,FY
ORCL,PaymentsToAcquirePropertyPlantAndEquipment,2015-06-01,2016-05-31,1189000000,2017-06-27,10-K,FY
ORCL,PaymentsToAcquirePropertyPlantAndEquipment,2015-06-01,2016-05-31,1189000000,2018-06-22,10-K,FY
ORCL,PaymentsToAcquirePropertyPlantAndEquipment,2016-06-01,2016-08-31,299000000,2016-09-19,10-Q,Q1
ORCL,PaymentsToAcquirePropertyPlantAndEquipment,2016-06-01,2016-08-31,299000000,2017-09-18,10-Q,Q1
ORCL,PaymentsToAcquirePropertyPlantAndEquipment,2016-06-01,2016-11-30,1056000000,2016-12-19,10-Q,Q2
ORCL,PaymentsToAcquirePropertyPlantAndEquipment,2016-06-01,2016-11-30,1056000000,2017-12-18,10-Q,Q2
ORCL,PaymentsToAcquirePropertyPlantAndEquipment,2016-06-01,2017-02-28,1496000000,2017-03-17,10-Q,Q3
ORCL,PaymentsToAcquirePropertyPlantAndEquipment,2016-06-01,2017-02-28,1496000000,2018-03-21,10-Q,Q3
ORCL,PaymentsToAcquirePropertyPlantAndEquipment,2016-06-01,2017-05-31,2021000000,2017-06-27,10-K,FY
ORCL,PaymentsToAcquirePropertyPlantAndEquipment,2016-06-01,2017-05-31,2021000000,2018-06-22,10-K,FY
ORCL,PaymentsToAcquirePropertyPlantAndEquipment,2016-06-01,2017-05-31,2021000000,2019-06-21,10-K,FY
ORCL,PaymentsToAcquirePropertyPlantAndEquipment,2017-06-01,2017-08-31,473000000,2017-09-18,10-Q,Q1
ORCL,PaymentsToAcquirePropertyPlantAndEquipment,2017-06-01,2017-08-31,473000000,2018-09-19,10-Q,Q1
ORCL,PaymentsToAcquirePropertyPlantAndEquipment,2017-06-01,2017-11-30,1072000000,2017-12-18,10-Q,Q2
ORCL,PaymentsToAcquirePropertyPlantAndEquipment,2017-06-01,2017-11-30,1072000000,2018-12-19,10-Q,Q2
ORCL,PaymentsToAcquirePropertyPlantAndEquipment,2017-06-01,2018-02-28,1358000000,2018-03-21,10-Q,Q3
ORCL,PaymentsToAcquirePropertyPlantAndEquipment,2017-06-01,2018-02-28,1358000000,2019-03-18,10-Q,Q3
ORCL,PaymentsToAcquirePropertyPlantAndEquipment,2017-06-01,2018-05-31,1736000000,2018-06-22,10-K,FY
ORCL,PaymentsToAcquirePropertyPlantAndEquipment,2017-06-01,2018-05-31,1736000000,2019-06-21,10-K,FY
ORCL,PaymentsToAcquirePropertyPlantAndEquipment,2017-06-01,2018-05-31,1736000000,2020-06-22,10-K,FY
ORCL,PaymentsToAcquirePropertyPlantAndEquipment,2018-06-01,2018-08-31,383000000,2018-09-19,10-Q,Q1
ORCL,PaymentsToAcquirePropertyPlantAndEquipment,2018-06-01,2018-08-31,383000000,2019-09-13,10-Q,Q1
ORCL,PaymentsToAcquirePropertyPlantAndEquipment,2018-06-01,2018-11-30,804000000,2018-12-19,10-Q,Q2
ORCL,PaymentsToAcquirePropertyPlantAndEquipment,2018-06-01,2018-11-30,804000000,2019-12-13,10-Q,Q2
ORCL,PaymentsToAcquirePropertyPlantAndEquipment,2018-06-01,2019-02-28,1247000000,2019-03-18,10-Q,Q3
ORCL,PaymentsToAcquirePropertyPlantAndEquipment,2018-06-01,2019-02-28,1247000000,2020-03-13,10-Q,Q3
ORCL,PaymentsToAcquirePropertyPlantAndEquipment,2018-06-01,2019-05-31,1660000000,2019-06-21,10-K,FY
ORCL,PaymentsToAcquirePropertyPlantAndEquipment,2018-06-01,2019-05-31,1660000000,2020-06-22,10-K,FY
ORCL,PaymentsToAcquirePropertyPlantAndEquipment,2018-06-01,2019-05-31,1660000000,2021-06-21,10-K,FY
ORCL,PaymentsToAcquirePropertyPlantAndEquipment,2019-06-01,2019-08-31,386000000,2019-09-13,10-Q,Q1
ORCL,PaymentsToAcquirePropertyPlantAndEquipment,2019-06-01,2019-08-31,386000000,2020-09-15,10-Q,Q1
ORCL,PaymentsToAcquirePropertyPlantAndEquipment,2019-06-01,2019-11-30,735000000,2019-12-13,10-Q,Q2
ORCL,PaymentsToAcquirePropertyPlantAndEquipment,2019-06-01,2019-11-30,735000000,2020-12-11,10-Q,Q2
ORCL,PaymentsToAcquirePropertyPlantAndEquipment,2019-06-01,2020-02-29,1131000000,2020-03-13,10-Q,Q3
ORCL,PaymentsToAcquirePropertyPlantAndEquipment,2019-06-01,2020-02-29,1131000000,2021-03-11,10-Q,Q3
ORCL,PaymentsToAcquirePropertyPlantAndEquipment,2019-06-01,2020-05-31,1564000000,2020-06-22,10-K,FY
ORCL,PaymentsToAcquirePropertyPlantAndEquipment,2019-06-01,2020-05-31,1564000000,2021-06-21,10-K,FY
ORCL,PaymentsToAcquirePropertyPlantAndEquipment,2019-06-01,2020-05-31,1564000000,2022-06-21,10-K,FY
ORCL,PaymentsToAcquirePropertyPlantAndEquipment,2020-06-01,2020-08-31,436000000,2020-09-15,10-Q,Q1
ORCL,PaymentsToAcquirePropertyPlantAndEquipment,2020-06-01,2020-08-31,436000000,2021-09-13,10-Q,Q1
ORCL,PaymentsToAcquirePropertyPlantAndEquipment,2020-06-01,2020-11-30,1004000000,2020-12-11,10-Q,Q2
ORCL,PaymentsToAcquirePropertyPlantAndEquipment,2020-06-01,2020-11-30,1004000000,2021-12-10,10-Q,Q2
ORCL,PaymentsToAcquirePropertyPlantAndEquipment,2020-06-01,2021-02-28,1418000000,2021-03-11,10-Q,Q3
ORCL,PaymentsToAcquirePropertyPlantAndEquipment,2020-06-01,2021-02-28,1418000000,2022-03-11,10-Q,Q3
ORCL,PaymentsToAcquirePropertyPlantAndEquipment,2020-06-01,2021-05-31,2135000000,2021-06-21,10-K,FY
ORCL,PaymentsToAcquirePropertyPlantAndEquipment,2020-06-01,2021-05-31,2135000000,2022-06-21,10-K,FY
ORCL,PaymentsToAcquirePropertyPlantAndEquipment,2020-06-01,2021-05-31,2135000000,2023-06-20,10-K,FY
ORCL,PaymentsToAcquirePropertyPlantAndEquipment,2021-06-01,2021-08-31,1062000000,2021-09-13,10-Q,Q1
ORCL,PaymentsToAcquirePropertyPlantAndEquipment,2021-06-01,2021-08-31,1062000000,2022-09-13,10-Q,Q1
ORCL,PaymentsToAcquirePropertyPlantAndEquipment,2021-06-01,2021-11-30,1987000000,2021-12-10,10-Q,Q2
ORCL,PaymentsToAcquirePropertyPlantAndEquipment,2021-06-01,2021-11-30,1987000000,2022-12-13,10-Q,Q2
ORCL,PaymentsToAcquirePropertyPlantAndEquipment,2021-06-01,2022-02-28,3088000000,2022-03-11,10-Q,Q3
ORCL,PaymentsToAcquirePropertyPlantAndEquipment,2021-06-01,2022-02-28,3088000000,2023-03-10,10-Q,Q3
ORCL,PaymentsToAcquirePropertyPlantAndEquipment,2021-06-01,2022-05-31,4511000000,2022-06-21,10-K,FY
ORCL,PaymentsToAcquirePropertyPlantAndEquipment,2021-06-01,2022-05-31,4511000000,2023-06-20,10-K,FY
ORCL,PaymentsToAcquirePropertyPlantAndEquipment,2021-06-01,2022-05-31,4511000000,2024-06-20,10-K,FY
ORCL,PaymentsToAcquirePropertyPlantAndEquipment,2022-06-01,2022-08-31,1719000000,2022-09-13,10-Q,Q1
ORCL,PaymentsToAcquirePropertyPlantAndEquipment,2022-06-01,2022-08-31,1719000000,2023-09-12,10-Q,Q1
ORCL,PaymentsToAcquirePropertyPlantAndEquipment,2022-06-01,2022-11-30,4154000000,2022-12-13,10-Q,Q2
ORCL,PaymentsToAcquirePropertyPlantAndEquipment,2022-06-01,2022-11-30,4154000000,2023-12-12,10-Q,Q2
ORCL,PaymentsToAcquirePropertyPlantAndEquipment,2022-06-01,2023-02-28,6782000000,2023-03-10,10-Q,Q3
ORCL,PaymentsToAcquirePropertyPlantAndEquipment,2022-06-01,2023-02-28,6782000000,2024-03-12,10-Q,Q3
ORCL,PaymentsToAcquirePropertyPlantAndEquipment,2022-06-01,2023-05-31,8695000000,2023-06-20,10-K,FY
ORCL,PaymentsToAcquirePropertyPlantAndEquipment,2022-06-01,2023-05-31,8695000000,2024-06-20,10-K,FY
ORCL,PaymentsToAcquirePropertyPlantAndEquipment,2022-06-01,2023-05-31,8695000000,2025-06-18,10-K,FY
ORCL,PaymentsToAcquirePropertyPlantAndEquipment,2023-06-01,2023-08-31,1314000000,2023-09-12,10-Q,Q1
ORCL,PaymentsToAcquirePropertyPlantAndEquipment,2023-06-01,2023-08-31,1314000000,2024-09-10,10-Q,Q1
ORCL,PaymentsToAcquirePropertyPlantAndEquipment,2023-06-01,2023-11-30,2394000000,2023-12-12,10-Q,Q2
ORCL,PaymentsToAcquirePropertyPlantAndEquipment,2023-06-01,2023-11-30,2394000000,2024-12-10,10-Q,Q2
ORCL,PaymentsToAcquirePropertyPlantAndEquipment,2023-06-01,2024-02-29,4068000000,2024-03-12,10-Q,Q3
ORCL,PaymentsToAcquirePropertyPlantAndEquipment,2023-06-01,2024-02-29,4068000000,2025-03-11,10-Q,Q3
ORCL,PaymentsToAcquirePropertyPlantAndEquipment,2023-06-01,2024-05-31,6866000000,2024-06-20,10-K,FY
ORCL,PaymentsToAcquirePropertyPlantAndEquipment,2023-06-01,2024-05-31,6866000000,2025-06-18,10-K,FY
ORCL,PaymentsToAcquirePropertyPlantAndEquipment,2023-06-01,2024-05-31,6866000000,2026-06-22,10-K,FY
ORCL,PaymentsToAcquirePropertyPlantAndEquipment,2024-06-01,2024-08-31,2303000000,2024-09-10,10-Q,Q1
ORCL,PaymentsToAcquirePropertyPlantAndEquipment,2024-06-01,2024-08-31,2303000000,2025-09-10,10-Q,Q1
ORCL,PaymentsToAcquirePropertyPlantAndEquipment,2024-06-01,2024-11-30,6273000000,2024-12-10,10-Q,Q2
ORCL,PaymentsToAcquirePropertyPlantAndEquipment,2024-06-01,2024-11-30,6273000000,2025-12-11,10-Q,Q2
ORCL,PaymentsToAcquirePropertyPlantAndEquipment,2024-06-01,2025-02-28,12135000000,2025-03-11,10-Q,Q3
ORCL,PaymentsToAcquirePropertyPlantAndEquipment,2024-06-01,2025-02-28,12135000000,2026-03-11,10-Q,Q3
ORCL,PaymentsToAcquirePropertyPlantAndEquipment,2024-06-01,2025-05-31,21215000000,2025-06-18,10-K,FY
ORCL,PaymentsToAcquirePropertyPlantAndEquipment,2024-06-01,2025-05-31,21215000000,2026-06-22,10-K,FY
ORCL,PaymentsToAcquirePropertyPlantAndEquipment,2025-06-01,2025-08-31,8502000000,2025-09-10,10-Q,Q1
ORCL,PaymentsToAcquirePropertyPlantAndEquipment,2025-06-01,2025-08-31,8502000000,2026-09-11,10-Q,Q1
ORCL,PaymentsToAcquirePropertyPlantAndEquipment,2025-06-01,2025-11-30,20535000000,2025-12-11,10-Q,Q2
ORCL,PaymentsToAcquirePropertyPlantAndEquipment,2025-06-01,2026-02-28,39170000000,2026-03-11,10-Q,Q3
ORCL,PaymentsToAcquirePropertyPlantAndEquipment,2025-06-01,2026-05-31,55663000000,2026-06-22,10-K,FY
ORCL,PaymentsToAcquirePropertyPlantAndEquipment,2026-06-01,2026-08-31,28499000000,2026-09-11,10-Q,Q1
ORCL,InventoryNet,,2009-05-31,0,2010-03-29,10-Q,Q3
ORCL,InventoryNet,,2009-05-31,0,2010-07-01,10-K,FY
ORCL,InventoryNet,,2010-02-28,315000000,2010-03-29,10-Q,Q3
ORCL,InventoryNet,,2010-05-31,259000000,2010-07-01,10-K,FY
ORCL,InventoryNet,,2010-05-31,259000000,2010-09-29,10-Q/A,Q1
ORCL,InventoryNet,,2010-05-31,259000000,2010-12-21,10-Q,Q2
ORCL,InventoryNet,,2010-05-31,259000000,2011-03-29,10-Q,Q3
ORCL,InventoryNet,,2010-05-31,259000000,2011-06-28,10-K,FY
ORCL,InventoryNet,,2010-08-31,235000000,2010-09-29,10-Q/A,Q1
ORCL,InventoryNet,,2010-11-30,236000000,2010-12-21,10-Q,Q2
ORCL,InventoryNet,,2011-02-28,276000000,2011-03-29,10-Q,Q3
ORCL,InventoryNet,,2011-05-31,303000000,2011-06-28,10-K,FY
ORCL,InventoryNet,,2011-05-31,303000000,2011-09-23,10-Q,Q1
ORCL,InventoryNet,,2011-05-31,303000000,2011-12-23,10-Q,Q2
ORCL,InventoryNet,,2011-05-31,303000000,2012-03-23,10-Q,Q3
ORCL,InventoryNet,,2011-05-31,303000000,2012-06-26,10-K,FY
ORCL,InventoryNet,,2011-08-31,259000000,2011-09-23,10-Q,Q1
ORCL,InventoryNet,,2011-11-30,218000000,2011-12-23,10-Q,Q2
ORCL,InventoryNet,,2012-02-29,172000000,2012-03-23,10-Q,Q3
ORCL,InventoryNet,,2012-05-31,158000000,2012-06-26,10-K,FY
ORCL,InventoryNet,,2012-05-31,158000000,2012-09-24,10-Q,Q1
ORCL,InventoryNet,,2012-05-31,158000000,2012-12-21,10-Q,Q2
ORCL,InventoryNet,,2012-05-31,158000000,2013-03-22,10-Q,Q3
ORCL,InventoryNet,,2012-05-31,158000000,2013-06-26,10-K,FY
ORCL,InventoryNet,,2012-08-31,148000000,2012-09-24,10-Q,Q1
ORCL,InventoryNet,,2012-11-30,164000000,2012-12-21,10-Q,Q2
ORCL,InventoryNet,,2013-02-28,211000000,2013-03-22,10-Q,Q3
ORCL,InventoryNet,,2013-05-31,240000000,2013-06-26,10-K,FY
ORCL,InventoryNet,,2013-05-31,240000000,2013-09-20,10-Q,Q1
ORCL,InventoryNet,,2013-05-31,240000000,2013-12-20,10-Q,Q2
ORCL,InventoryNet,,2013-05-31,240000000,2014-03-20,10-Q,Q3
ORCL,InventoryNet,,2013-05-31,240000000,2014-06-26,10-K,FY
ORCL,InventoryNet,,2013-08-31,243000000,2013-09-20,10-Q,Q1
ORCL,InventoryNet,,2013-11-30,234000000,2013-12-20,10-Q,Q2
ORCL,InventoryNet,,2014-02-28,227000000,2014-03-20,10-Q,Q3
ORCL,InventoryNet,,2014-05-31,189000000,2014-06-26,10-K,FY
ORCL,InventoryNet,,2014-05-31,189000000,2014-09-23,10-Q,Q1
ORCL,InventoryNet,,2014-05-31,189000000,2014-12-19,10-Q,Q2
ORCL,InventoryNet,,2014-05-31,189000000,2015-03-19,10-Q,Q3
ORCL,InventoryNet,,2014-05-31,189000000,2015-06-25,10-K,FY
ORCL,InventoryNet,,2014-08-31,179000000,2014-09-23,10-Q,Q1
ORCL,InventoryNet,,2014-11-30,208000000,2014-12-19,10-Q,Q2
ORCL,InventoryNet,,2015-02-28,285000000,2015-03-19,10-Q,Q3
ORCL,InventoryNet,,2015-05-31,314000000,2015-06-25,10-K,FY
ORCL,InventoryNet,,2015-05-31,314000000,2015-09-18,10-Q,Q1
ORCL,InventoryNet,,2015-05-31,314000000,2015-12-18,10-Q,Q2
ORCL,InventoryNet,,2015-05-31,314000000,2016-03-18,10-Q,Q3
ORCL,InventoryNet,,2015-05-31,314000000,2016-06-22,10-K,FY
ORCL,InventoryNet,,2015-08-31,251000000,2015-09-18,10-Q,Q1
ORCL,InventoryNet,,2015-11-30,238000000,2015-12-18,10-Q,Q2
ORCL,InventoryNet,,2016-02-29,212000000,2016-03-18,10-Q,Q3
ORCL,InventoryNet,,2016-05-31,212000000,2016-06-22,10-K,FY
ORCL,InventoryNet,,2016-05-31,212000000,2016-09-19,10-Q,Q1
ORCL,InventoryNet,,2016-05-31,212000000,2016-12-19,10-Q,Q2
ORCL,InventoryNet,,2016-05-31,212000000,2017-03-17,10-Q,Q3
ORCL,InventoryNet,,2016-05-31,212000000,2017-06-27,10-K,FY
ORCL,InventoryNet,,2016-08-31,286000000,2016-09-19,10-Q,Q1
ORCL,InventoryNet,,2016-11-30,327000000,2016-12-19,10-Q,Q2
ORCL,InventoryNet,,2017-02-28,391000000,2017-03-17,10-Q,Q3
ORCL,InventoryNet,,2017-05-31,300000000,2017-06-27,10-K,FY
ORCL,InventoryNet,,2017-05-31,300000000,2017-09-18,10-Q,Q1
ORCL,InventoryNet,,2017-05-31,300000000,2017-12-18,10-Q,Q2
ORCL,InventoryNet,,2017-05-31,300000000,2018-03-21,10-Q,Q3
ORCL,InventoryNet,,2017-05-31,300000000,2018-06-22,10-K,FY
ORCL,InventoryNet,,2017-08-31,312000000,2017-09-18,10-Q,Q1
ORCL,InventoryNet,,2017-11-30,436000000,2017-12-18,10-Q,Q2
ORCL,InventoryNet,,2018-02-28,496000000,2018-03-21,10-Q,Q3
ORCL,InventoryNet,,2018-05-31,398000000,2018-06-22,10-K,FY
ORCL,InventoryNet,,2018-05-31,398000000,2019-06-21,10-K,FY
ORCL,InventoryNet,,2019-05-31,320000000,2019-06-21,10-K,FY
ORCL,InventoryNet,,2019-05-31,320000000,2020-06-22,10-K,FY
ORCL,InventoryNet,,2020-05-31,211000000,2020-06-22,10-K,FY
ORCL,InventoryNet,,2020-05-31,211000000,2021-06-21,10-K,FY
ORCL,InventoryNet,,2021-05-31,142000000,2021-06-21,10-K,FY
ORCL,InventoryNet,,2021-05-31,142000000,2022-06-21,10-K,FY
ORCL,InventoryNet,,2022-05-31,314000000,2022-06-21,10-K,FY
ORCL,InventoryNet,,2022-05-31,314000000,2023-06-20,10-K,FY
ORCL,InventoryNet,,2023-05-31,298000000,2023-06-20,10-K,FY
ORCL,InventoryNet,,2023-05-31,298000000,2024-06-20,10-K,FY
ORCL,InventoryNet,,2024-05-31,334000000,2024-06-20,10-K,FY
ORCL,InventoryNet,,2024-05-31,334000000,2025-06-18,10-K,FY
ORCL,InventoryNet,,2025-05-31,303000000,2025-06-18,10-K,FY
ORCL,CostOfRevenue,2007-06-01,2008-05-31,0,2010-07-01,10-K,FY
ORCL,CostOfRevenue,2008-06-01,2009-02-28,0,2010-03-29,10-Q,Q3
ORCL,CostOfRevenue,2008-12-01,2009-02-28,0,2010-03-29,10-Q,Q3
ORCL,CostOfRevenue,2008-06-01,2009-05-31,0,2010-07-01,10-K,FY
ORCL,CostOfRevenue,2009-06-01,2009-08-31,0,2010-09-29,10-Q/A,Q1
ORCL,CostOfRevenue,2009-06-01,2009-11-30,0,2010-12-21,10-Q,Q2
ORCL,CostOfRevenue,2009-09-01,2009-11-30,0,2010-12-21,10-Q,Q2
ORCL,CostOfRevenue,2009-06-01,2010-02-28,206000000,2011-03-29,10-Q,Q3
ORCL,CostOfRevenue,2009-06-01,2010-02-28,206000000,2010-03-29,10-Q,Q3
ORCL,CostOfRevenue,2009-12-01,2010-02-28,206000000,2011-03-29,10-Q,Q3
ORCL,CostOfRevenue,2009-12-01,2010-02-28,206000000,2010-03-29,10-Q,Q3
ORCL,CostOfRevenue,2009-06-01,2010-05-31,880000000,2011-06-28,10-K,FY
ORCL,CostOfRevenue,2009-06-01,2010-05-31,880000000,2010-07-01,10-K,FY
ORCL,CostOfRevenue,2010-06-01,2010-08-31,557000000,2010-09-29,10-Q/A,Q1
ORCL,CostOfRevenue,2010-06-01,2010-11-30,1082000000,2010-12-21,10-Q,Q2
ORCL,CostOfRevenue,2010-09-01,2010-11-30,525000000,2010-12-21,10-Q,Q2
ORCL,CostOfRevenue,2010-06-01,2011-02-28,1547000000,2011-03-29,10-Q,Q3
ORCL,CostOfRevenue,2010-12-01,2011-02-28,465000000,2011-03-29,10-Q,Q3
ORCL,CostOfRevenue,2010-06-01,2011-05-31,2057000000,2011-06-28,10-K,FY
ORCL,Revenues,2007-06-01,2008-05-31,22430000000,2010-07-01,10-K,FY
ORCL,Revenues,2008-06-01,2008-08-31,5331000000,2009-09-21,10-Q,Q1
ORCL,Revenues,2008-06-01,2008-11-30,10938000000,2009-12-22,10-Q,Q2
ORCL,Revenues,2008-09-01,2008-11-30,5607000000,2009-12-22,10-Q,Q2
ORCL,Revenues,2008-06-01,2009-02-28,16391000000,2010-03-29,10-Q,Q3
ORCL,Revenues,2008-12-01,2009-02-28,5453000000,2010-03-29,10-Q,Q3
ORCL,Revenues,2008-06-01,2009-05-31,23252000000,2010-07-01,10-K,FY
ORCL,Revenues,2008-06-01,2009-05-31,23252000000,2011-06-28,10-K,FY
ORCL,Revenues,2009-06-01,2009-08-31,5054000000,2009-09-21,10-Q,Q1
ORCL,Revenues,2009-06-01,2009-08-31,5054000000,2010-09-29,10-Q/A,Q1
ORCL,Revenues,2009-06-01,2009-11-30,10911000000,2009-12-22,10-Q,Q2
ORCL,Revenues,2009-06-01,2009-11-30,10911000000,2010-12-21,10-Q,Q2
ORCL,Revenues,2009-09-01,2009-11-30,5858000000,2009-12-22,10-Q,Q2
ORCL,Revenues,2009-09-01,2009-11-30,5858000000,2010-12-21,10-Q,Q2
ORCL,Revenues,2009-06-01,2010-02-28,17315000000,2010-03-29,10-Q,Q3
ORCL,Revenues,2009-06-01,2010-02-28,17315000000,2011-03-29,10-Q,Q3
ORCL,Revenues,2009-12-01,2010-02-28,6404000000,2010-03-29,10-Q,Q3
ORCL,Revenues,2009-12-01,2010-02-28,6404000000,2011-03-29,10-Q,Q3
ORCL,Revenues,2009-06-01,2010-05-31,26820000000,2010-07-01,10-K,FY
ORCL,Revenues,2009-06-01,2010-05-31,26820000000,2011-06-28,10-K,FY
ORCL,Revenues,2009-06-01,2010-05-31,26820000000,2012-06-26,10-K,FY
ORCL,Revenues,2010-06-01,2010-08-31,7502000000,2010-09-29,10-Q/A,Q1
ORCL,Revenues,2010-06-01,2010-08-31,7502000000,2011-09-23,10-Q,Q1
ORCL,Revenues,2010-06-01,2010-11-30,16084000000,2010-12-21,10-Q,Q2
ORCL,Revenues,2010-06-01,2010-11-30,16084000000,2011-12-23,10-Q,Q2
ORCL,Revenues,2010-09-01,2010-11-30,8582000000,2010-12-21,10-Q,Q2
ORCL,Revenues,2010-09-01,2010-11-30,8582000000,2011-12-23,10-Q,Q2
ORCL,Revenues,2010-06-01,2011-02-28,24847000000,2011-03-29,10-Q,Q3
ORCL,Revenues,2010-06-01,2011-02-28,24847000000,2012-03-23,10-Q,Q3
ORCL,Revenues,2010-12-01,2011-02-28,8764000000,2011-03-29,10-Q,Q3
ORCL,Revenues,2010-12-01,2011-02-28,8764000000,2012-03-23,10-Q,Q3
ORCL,Revenues,2010-06-01,2011-05-31,35622000000,2011-06-28,10-K,FY
ORCL,Revenues,2010-06-01,2011-05-31,35622000000,2012-06-26,10-K,FY
ORCL,Revenues,2010-06-01,2011-05-31,35622000000,2013-06-26,10-K,FY
ORCL,Revenues,2011-06-01,2011-08-31,8374000000,2011-09-23,10-Q,Q1
ORCL,Revenues,2011-06-01,2011-08-31,8374000000,2012-09-24,10-Q,Q1
ORCL,Revenues,2011-06-01,2011-11-30,17166000000,2011-12-23,10-Q,Q2
ORCL,Revenues,2011-06-01,2011-11-30,17166000000,2012-12-21,10-Q,Q2
ORCL,Revenues,2011-09-01,2011-11-30,8792000000,2011-12-23,10-Q,Q2
ORCL,Revenues,2011-09-01,2011-11-30,8792000000,2012-12-21,10-Q,Q2
ORCL,Revenues,2011-06-01,2012-02-29,26205000000,2012-03-23,10-Q,Q3
ORCL,Revenues,2011-06-01,2012-02-29,26205000000,2013-03-22,10-Q,Q3
ORCL,Revenues,2011-12-01,2012-02-29,9039000000,2012-03-23,10-Q,Q3
ORCL,Revenues,2011-12-01,2012-02-29,9039000000,2013-03-22,10-Q,Q3
ORCL,Revenues,2011-06-01,2012-05-31,37121000000,2012-06-26,10-K,FY
ORCL,Revenues,2011-06-01,2012-05-31,37121000000,2013-06-26,10-K,FY
ORCL,Revenues,2011-06-01,2012-05-31,37121000000,2014-06-26,10-K,FY
ORCL,Revenues,2012-06-01,2012-08-31,8181000000,2012-09-24,10-Q,Q1
ORCL,Revenues,2012-06-01,2012-08-31,8181000000,2013-09-20,10-Q,Q1
ORCL,Revenues,2012-06-01,2012-11-30,17275000000,2012-12-21,10-Q,Q2
ORCL,Revenues,2012-06-01,2012-11-30,17275000000,2013-12-20,10-Q,Q2
ORCL,Revenues,2012-09-01,2012-11-30,9094000000,2012-12-21,10-Q,Q2
ORCL,Revenues,2012-09-01,2012-11-30,9094000000,2013-12-20,10-Q,Q2
ORCL,Revenues,2012-06-01,2013-02-28,26233000000,2013-03-22,10-Q,Q3
ORCL,Revenues,2012-06-01,2013-02-28,26233000000,2014-03-20,10-Q,Q3
ORCL,Revenues,2012-12-01,2013-02-28,8958000000,2013-03-22,10-Q,Q3
ORCL,Revenues,2012-12-01,2013-02-28,8958000000,2014-03-20,10-Q,Q3
ORCL,Revenues,2012-06-01,2013-05-31,37180000000,2013-06-26,10-K,FY
ORCL,Revenues,2012-06-01,2013-05-31,37180000000,2014-06-26,10-K,FY
ORCL,Revenues,2012-06-01,2013-05-31,37180000000,2015-06-25,10-K,FY
ORCL,Revenues,2013-06-01,2013-08-31,8372000000,2013-09-20,10-Q,Q1
ORCL,Revenues,2013-06-01,2013-08-31,8372000000,2014-09-23,10-Q,Q1
ORCL,Revenues,2013-06-01,2013-11-30,17647000000,2013-12-20,10-Q,Q2
ORCL,Revenues,2013-06-01,2013-11-30,17647000000,2014-12-19,10-Q,Q2
ORCL,Revenues,2013-09-01,2013-11-30,9275000000,2013-12-20,10-Q,Q2
ORCL,Revenues,2013-09-01,2013-11-30,9275000000,2014-12-19,10-Q,Q2
ORCL,Revenues,2013-06-01,2014-02-28,26955000000,2014-03-20,10-Q,Q3
ORCL,Revenues,2013-06-01,2014-02-28,26955000000,2015-03-19,10-Q,Q3
ORCL,Revenues,2013-12-01,2014-02-28,9307000000,2014-03-20,10-Q,Q3
ORCL,Revenues,2013-12-01,2014-02-28,9307000000,2015-03-19,10-Q,Q3
ORCL,Revenues,2013-06-01,2014-05-31,38275000000,2014-06-26,10-K,FY
ORCL,Revenues,2013-06-01,2014-05-31,38275000000,2015-06-25,10-K,FY
ORCL,Revenues,2013-06-01,2014-05-31,38275000000,2016-06-22,10-K,FY
ORCL,Revenues,2014-06-01,2014-08-31,8596000000,2014-09-23,10-Q,Q1
ORCL,Revenues,2014-06-01,2014-08-31,8596000000,2015-09-18,10-Q,Q1
ORCL,Revenues,2014-06-01,2014-11-30,18194000000,2014-12-19,10-Q,Q2
ORCL,Revenues,2014-06-01,2014-11-30,18194000000,2015-12-18,10-Q,Q2
ORCL,Revenues,2014-09-01,2014-11-30,9598000000,2014-12-19,10-Q,Q2
ORCL,Revenues,2014-09-01,2014-11-30,9598000000,2015-12-18,10-Q,Q2
ORCL,Revenues,2014-06-01,2015-02-28,27520000000,2015-03-19,10-Q,Q3
ORCL,Revenues,2014-06-01,2015-02-28,27520000000,2016-03-18,10-Q,Q3
ORCL,Revenues,2014-12-01,2015-02-28,9327000000,2015-03-19,10-Q,Q3
ORCL,Revenues,2014-12-01,2015-02-28,9327000000,2016-03-18,10-Q,Q3
ORCL,Revenues,2014-06-01,2015-05-31,38226000000,2015-06-25,10-K,FY
ORCL,Revenues,2014-06-01,2015-05-31,38226000000,2016-06-22,10-K,FY
ORCL,Revenues,2014-06-01,2015-05-31,38226000000,2017-06-27,10-K,FY
ORCL,Revenues,2015-06-01,2015-08-31,8448000000,2015-09-18,10-Q,Q1
ORCL,Revenues,2015-06-01,2015-08-31,8448000000,2016-09-19,10-Q,Q1
ORCL,Revenues,2015-06-01,2015-11-30,17441000000,2015-12-18,10-Q,Q2
ORCL,Revenues,2015-06-01,2015-11-30,17441000000,2016-12-19,10-Q,Q2
ORCL,Revenues,2015-09-01,2015-11-30,8993000000,2015-12-18,10-Q,Q2
ORCL,Revenues,2015-09-01,2015-11-30,8993000000,2016-12-19,10-Q,Q2
ORCL,Revenues,2015-06-01,2016-02-29,26453000000,2016-03-18,10-Q,Q3
ORCL,Revenues,2015-06-01,2016-02-29,26453000000,2017-03-17,10-Q,Q3
ORCL,Revenues,2015-12-01,2016-02-29,9012000000,2016-03-18,10-Q,Q3
ORCL,Revenues,2015-12-01,2016-02-29,9012000000,2017-03-17,10-Q,Q3
ORCL,Revenues,2015-06-01,2016-05-31,37047000000,2016-06-22,10-K,FY
ORCL,Revenues,2015-06-01,2016-05-31,37047000000,2017-06-27,10-K,FY
ORCL,Revenues,2015-06-01,2016-05-31,37047000000,2018-06-22,10-K,FY
ORCL,Revenues,2016-06-01,2016-08-31,8595000000,2016-09-19,10-Q,Q1
ORCL,Revenues,2016-06-01,2016-08-31,8595000000,2017-09-18,10-Q,Q1
ORCL,Revenues,2016-06-01,2016-11-30,17630000000,2016-12-19,10-Q,Q2
ORCL,Revenues,2016-06-01,2016-11-30,17630000000,2017-12-18,10-Q,Q2
ORCL,Revenues,2016-09-01,2016-11-30,9035000000,2016-12-19,10-Q,Q2
ORCL,Revenues,2016-09-01,2016-11-30,9035000000,2017-12-18,10-Q,Q2
ORCL,Revenues,2016-06-01,2017-02-28,26835000000,2017-03-17,10-Q,Q3
ORCL,Revenues,2016-06-01,2017-02-28,26835000000,2018-03-21,10-Q,Q3
ORCL,Revenues,2016-12-01,2017-02-28,9205000000,2017-03-17,10-Q,Q3
ORCL,Revenues,2016-12-01,2017-02-28,9205000000,2018-03-21,10-Q,Q3
ORCL,Revenues,2016-06-01,2017-05-31,37728000000,2017-06-27,10-K,FY
ORCL,Revenues,2016-06-01,2017-05-31,37728000000,2018-06-22,10-K,FY
ORCL,Revenues,2016-06-01,2017-05-31,37792000000,2019-06-21,10-K,FY
ORCL,Revenues,2017-06-01,2017-08-31,9187000000,2017-09-18,10-Q,Q1
ORCL,Revenues,2017-06-01,2017-11-30,18809000000,2017-12-18,10-Q,Q2
ORCL,Revenues,2017-09-01,2017-11-30,9621000000,2017-12-18,10-Q,Q2
ORCL,Revenues,2017-06-01,2018-02-28,28579000000,2018-03-21,10-Q,Q3
ORCL,Revenues,2017-12-01,2018-02-28,9771000000,2018-03-21,10-Q,Q3
ORCL,Revenues,2017-06-01,2018-05-31,39831000000,2018-06-22,10-K,FY
ORCL,Revenues,2017-06-01,2018-05-31,39383000000,2019-06-21,10-K,FY
ORCL,Revenues,2018-03-01,2018-05-31,39383000000,2020-06-22,10-K,FY
ORCL,Revenues,2018-06-01,2019-05-31,39506000000,2019-06-21,10-K,FY
ORCL,Revenues,2019-03-01,2019-05-31,39506000000,2020-06-22,10-K,FY
ORCL,Revenues,2019-03-01,2019-05-31,39506000000,2021-06-21,10-K,FY
ORCL,Revenues,2020-03-01,2020-05-31,39068000000,2020-06-22,10-K,FY
ORCL,Revenues,2020-03-01,2020-05-31,39068000000,2021-06-21,10-K,FY
ORCL,Revenues,2020-03-01,2020-05-31,39068000000,2022-06-21,10-K,FY
ORCL,Revenues,2020-06-01,2021-05-31,40479000000,2023-06-20,10-K,FY
ORCL,Revenues,2021-03-01,2021-05-31,40479000000,2021-06-21,10-K,FY
ORCL,Revenues,2021-03-01,2021-05-31,40479000000,2022-06-21,10-K,FY
ORCL,Revenues,2021-06-01,2022-05-31,42440000000,2023-06-20,10-K,FY
ORCL,Revenues,2021-06-01,2022-05-31,42440000000,2024-06-20,10-K,FY
ORCL,Revenues,2022-03-01,2022-05-31,42440000000,2022-06-21,10-K,FY
ORCL,Revenues,2022-06-01,2023-05-31,49954000000,2023-06-20,10-K,FY
ORCL,Revenues,2022-06-01,2023-05-31,49954000000,2024-06-20,10-K,FY
ORCL,Revenues,2022-06-01,2023-05-31,49954000000,2025-06-18,10-K,FY
ORCL,Revenues,2023-06-01,2024-05-31,52961000000,2024-06-20,10-K,FY
ORCL,Revenues,2023-06-01,2024-05-31,52961000000,2025-06-18,10-K,FY
ORCL,Revenues,2023-06-01,2024-05-31,52961000000,2026-06-22,10-K,FY
ORCL,Revenues,2024-06-01,2025-05-31,57399000000,2025-06-18,10-K,FY
ORCL,Revenues,2024-06-01,2025-05-31,57399000000,2026-06-22,10-K,FY
ORCL,Revenues,2025-06-01,2026-05-31,67357000000,2026-06-22,10-K,FY
ORCL,RevenueFromContractWithCustomerExcludingAssessedTax,2016-06-01,2017-05-31,37792000000,2019-06-21,10-K,FY
ORCL,RevenueFromContractWithCustomerExcludingAssessedTax,2017-06-01,2017-08-31,9104000000,2018-09-19,10-Q,Q1
ORCL,RevenueFromContractWithCustomerExcludingAssessedTax,2017-06-01,2017-11-30,18693000000,2018-12-19,10-Q,Q2
ORCL,RevenueFromContractWithCustomerExcludingAssessedTax,2017-09-01,2017-11-30,9589000000,2018-12-19,10-Q,Q2
ORCL,RevenueFromContractWithCustomerExcludingAssessedTax,2017-06-01,2018-02-28,28369000000,2019-03-18,10-Q,Q3
ORCL,RevenueFromContractWithCustomerExcludingAssessedTax,2017-12-01,2018-02-28,9676000000,2019-03-18,10-Q,Q3
ORCL,RevenueFromContractWithCustomerExcludingAssessedTax,2017-06-01,2018-05-31,39383000000,2019-06-21,10-K,FY
ORCL,RevenueFromContractWithCustomerExcludingAssessedTax,2017-06-01,2018-05-31,39383000000,2020-06-22,10-K,FY
ORCL,RevenueFromContractWithCustomerExcludingAssessedTax,2018-06-01,2018-08-31,9193000000,2018-09-19,10-Q,Q1
ORCL,RevenueFromContractWithCustomerExcludingAssessedTax,2018-06-01,2018-08-31,9193000000,2019-09-13,10-Q,Q1
ORCL,RevenueFromContractWithCustomerExcludingAssessedTax,2018-06-01,2018-11-30,18755000000,2018-12-19,10-Q,Q2
ORCL,RevenueFromContractWithCustomerExcludingAssessedTax,2018-06-01,2018-11-30,18755000000,2019-12-13,10-Q,Q2
ORCL,RevenueFromContractWithCustomerExcludingAssessedTax,2018-09-01,2018-11-30,9562000000,2018-12-19,10-Q,Q2
ORCL,RevenueFromContractWithCustomerExcludingAssessedTax,2018-09-01,2018-11-30,9562000000,2019-12-13,10-Q,Q2
ORCL,RevenueFromContractWithCustomerExcludingAssessedTax,2018-06-01,2019-02-28,28369000000,2019-03-18,10-Q,Q3
ORCL,RevenueFromContractWithCustomerExcludingAssessedTax,2018-06-01,2019-02-28,28369000000,2020-03-13,10-Q,Q3
ORCL,RevenueFromContractWithCustomerExcludingAssessedTax,2018-12-01,2019-02-28,9614000000,2019-03-18,10-Q,Q3
ORCL,RevenueFromContractWithCustomerExcludingAssessedTax,2018-12-01,2019-02-28,9614000000,2020-03-13,10-Q,Q3
ORCL,RevenueFromContractWithCustomerExcludingAssessedTax,2018-06-01,2019-05-31,39506000000,2019-06-21,10-K,FY
ORCL,RevenueFromContractWithCustomerExcludingAssessedTax,2018-06-01,2019-05-31,39506000000,2020-06-22,10-K,FY
ORCL,RevenueFromContractWithCustomerExcludingAssessedTax,2018-06-01,2019-05-31,39506000000,2021-06-21,10-K,FY
ORCL,RevenueFromContractWithCustomerExcludingAssessedTax,2019-06-01,2019-08-31,9218000000,2019-09-13,10-Q,Q1
ORCL,RevenueFromContractWithCustomerExcludingAssessedTax,2019-06-01,2019-08-31,9218000000,2020-09-15,10-Q,Q1
ORCL,RevenueFromContractWithCustomerExcludingAssessedTax,2019-06-01,2019-11-30,18832000000,2019-12-13,10-Q,Q2
ORCL,RevenueFromContractWithCustomerExcludingAssessedTax,2019-06-01,2019-11-30,18832000000,2020-12-11,10-Q,Q2
ORCL,RevenueFromContractWithCustomerExcludingAssessedTax,2019-09-01,2019-11-30,9614000000,2019-12-13,10-Q,Q2
ORCL,RevenueFromContractWithCustomerExcludingAssessedTax,2019-09-01,2019-11-30,9614000000,2020-12-11,10-Q,Q2
ORCL,RevenueFromContractWithCustomerExcludingAssessedTax,2019-06-01,2020-02-29,28629000000,2020-03-13,10-Q,Q3
ORCL,RevenueFromContractWithCustomerExcludingAssessedTax,2019-06-01,2020-02-29,28629000000,2021-03-11,10-Q,Q3
ORCL,RevenueFromContractWithCustomerExcludingAssessedTax,2019-12-01,2020-02-29,9796000000,2020-03-13,10-Q,Q3
ORCL,RevenueFromContractWithCustomerExcludingAssessedTax,2019-12-01,2020-02-29,9796000000,2021-03-11,10-Q,Q3
ORCL,RevenueFromContractWithCustomerExcludingAssessedTax,2019-06-01,2020-05-31,39068000000,2020-06-22,10-K,FY
ORCL,RevenueFromContractWithCustomerExcludingAssessedTax,2019-06-01,2020-05-31,39068000000,2021-06-21,10-K,FY
ORCL,RevenueFromContractWithCustomerExcludingAssessedTax,2019-06-01,2020-05-31,39068000000,2022-06-21,10-K,FY
ORCL,RevenueFromContractWithCustomerExcludingAssessedTax,2020-06-01,2020-08-31,9367000000,2020-09-15,10-Q,Q1
ORCL,RevenueFromContractWithCustomerExcludingAssessedTax,2020-06-01,2020-08-31,9367000000,2021-09-13,10-Q,Q1
ORCL,RevenueFromContractWithCustomerExcludingAssessedTax,2020-06-01,2020-11-30,19167000000,2020-12-11,10-Q,Q2
ORCL,RevenueFromContractWithCustomerExcludingAssessedTax,2020-06-01,2020-11-30,19167000000,2021-12-10,10-Q,Q2
ORCL,RevenueFromContractWithCustomerExcludingAssessedTax,2020-09-01,2020-11-30,9800000000,2020-12-11,10-Q,Q2
ORCL,RevenueFromContractWithCustomerExcludingAssessedTax,2020-09-01,2020-11-30,9800000000,2021-12-10,10-Q,Q2
ORCL,RevenueFromContractWithCustomerExcludingAssessedTax,2020-06-01,2021-02-28,29252000000,2021-03-11,10-Q,Q3
ORCL,RevenueFromContractWithCustomerExcludingAssessedTax,2020-06-01,2021-02-28,29252000000,2022-03-11,10-Q,Q3
ORCL,RevenueFromContractWithCustomerExcludingAssessedTax,2020-12-01,2021-02-28,10085000000,2021-03-11,10-Q,Q3
ORCL,RevenueFromContractWithCustomerExcludingAssessedTax,2020-12-01,2021-02-28,10085000000,2022-03-11,10-Q,Q3
ORCL,RevenueFromContractWithCustomerExcludingAssessedTax,2020-06-01,2021-05-31,40479000000,2021-06-21,10-K,FY
ORCL,RevenueFromContractWithCustomerExcludingAssessedTax,2020-06-01,2021-05-31,40479000000,2022-06-21,10-K,FY
ORCL,RevenueFromContractWithCustomerExcludingAssessedTax,2020-06-01,2021-05-31,40479000000,2023-06-20,10-K,FY
ORCL,RevenueFromContractWithCustomerExcludingAssessedTax,2021-06-01,2021-08-31,9728000000,2021-09-13,10-Q,Q1
ORCL,RevenueFromContractWithCustomerExcludingAssessedTax,2021-06-01,2021-08-31,9728000000,2022-09-13,10-Q,Q1
ORCL,RevenueFromContractWithCustomerExcludingAssessedTax,2021-06-01,2021-11-30,20087000000,2021-12-10,10-Q,Q2
ORCL,RevenueFromContractWithCustomerExcludingAssessedTax,2021-06-01,2021-11-30,20087000000,2022-12-13,10-Q,Q2
ORCL,RevenueFromContractWithCustomerExcludingAssessedTax,2021-09-01,2021-11-30,10360000000,2021-12-10,10-Q,Q2
ORCL,RevenueFromContractWithCustomerExcludingAssessedTax,2021-09-01,2021-11-30,10360000000,2022-12-13,10-Q,Q2
ORCL,RevenueFromContractWithCustomerExcludingAssessedTax,2021-06-01,2022-02-28,30600000000,2022-03-11,10-Q,Q3
ORCL,RevenueFromContractWithCustomerExcludingAssessedTax,2021-06-01,2022-02-28,30600000000,2023-03-10,10-Q,Q3
ORCL,RevenueFromContractWithCustomerExcludingAssessedTax,2021-12-01,2022-02-28,10513000000,2022-03-11,10-Q,Q3
ORCL,RevenueFromContractWithCustomerExcludingAssessedTax,2021-12-01,2022-02-28,10513000000,2023-03-10,10-Q,Q3
ORCL,RevenueFromContractWithCustomerExcludingAssessedTax,2021-06-01,2022-05-31,42440000000,2022-06-21,10-K,FY
ORCL,RevenueFromContractWithCustomerExcludingAssessedTax,2021-06-01,2022-05-31,42440000000,2023-06-20,10-K,FY
ORCL,RevenueFromContractWithCustomerExcludingAssessedTax,2021-06-01,2022-05-31,42440000000,2024-06-20,10-K,FY
ORCL,RevenueFromContractWithCustomerExcludingAssessedTax,2022-06-01,2022-08-31,11445000000,2022-09-13,10-Q,Q1
ORCL,RevenueFromContractWithCustomerExcludingAssessedTax,2022-06-01,2022-08-31,11445000000,2023-09-12,10-Q,Q1
ORCL,RevenueFromContractWithCustomerExcludingAssessedTax,2022-06-01,2022-11-30,23720000000,2022-12-13,10-Q,Q2
ORCL,RevenueFromContractWithCustomerExcludingAssessedTax,2022-06-01,2022-11-30,23720000000,2023-12-12,10-Q,Q2
ORCL,RevenueFromContractWithCustomerExcludingAssessedTax,2022-09-01,2022-11-30,12275000000,2022-12-13,10-Q,Q2
ORCL,RevenueFromContractWithCustomerExcludingAssessedTax,2022-09-01,2022-11-30,12275000000,2023-12-12,10-Q,Q2
ORCL,RevenueFromContractWithCustomerExcludingAssessedTax,2022-06-01,2023-02-28,36118000000,2023-03-10,10-Q,Q3
ORCL,RevenueFromContractWithCustomerExcludingAssessedTax,2022-06-01,2023-02-28,36118000000,2024-03-12,10-Q,Q3
ORCL,RevenueFromContractWithCustomerExcludingAssessedTax,2022-12-01,2023-02-28,12398000000,2023-03-10,10-Q,Q3
ORCL,RevenueFromContractWithCustomerExcludingAssessedTax,2022-12-01,2023-02-28,12398000000,2024-03-12,10-Q,Q3
ORCL,RevenueFromContractWithCustomerExcludingAssessedTax,2022-06-01,2023-05-31,49954000000,2023-06-20,10-K,FY
ORCL,RevenueFromContractWithCustomerExcludingAssessedTax,2022-06-01,2023-05-31,49954000000,2024-06-20,10-K,FY
ORCL,RevenueFromContractWithCustomerExcludingAssessedTax,2022-06-01,2023-05-31,49954000000,2025-06-18,10-K,FY
ORCL,RevenueFromContractWithCustomerExcludingAssessedTax,2023-06-01,2023-08-31,12453000000,2023-09-12,10-Q,Q1
ORCL,RevenueFromContractWithCustomerExcludingAssessedTax,2023-06-01,2023-08-31,12453000000,2024-09-10,10-Q,Q1
ORCL,RevenueFromContractWithCustomerExcludingAssessedTax,2023-06-01,2023-11-30,25394000000,2023-12-12,10-Q,Q2
ORCL,RevenueFromContractWithCustomerExcludingAssessedTax,2023-06-01,2023-11-30,25394000000,2024-12-10,10-Q,Q2
ORCL,RevenueFromContractWithCustomerExcludingAssessedTax,2023-09-01,2023-11-30,12941000000,2023-12-12,10-Q,Q2
ORCL,RevenueFromContractWithCustomerExcludingAssessedTax,2023-09-01,2023-11-30,12941000000,2024-12-10,10-Q,Q2
ORCL,RevenueFromContractWithCustomerExcludingAssessedTax,2023-06-01,2024-02-29,38674000000,2024-03-12,10-Q,Q3
ORCL,RevenueFromContractWithCustomerExcludingAssessedTax,2023-06-01,2024-02-29,38674000000,2025-03-11,10-Q,Q3
ORCL,RevenueFromContractWithCustomerExcludingAssessedTax,2023-12-01,2024-02-29,13280000000,2024-03-12,10-Q,Q3
ORCL,RevenueFromContractWithCustomerExcludingAssessedTax,2023-12-01,2024-02-29,13280000000,2025-03-11,10-Q,Q3
ORCL,RevenueFromContractWithCustomerExcludingAssessedTax,2023-06-01,2024-05-31,52961000000,2024-06-20,10-K,FY
ORCL,RevenueFromContractWithCustomerExcludingAssessedTax,2023-06-01,2024-05-31,52961000000,2025-06-18,10-K,FY
ORCL,RevenueFromContractWithCustomerExcludingAssessedTax,2023-06-01,2024-05-31,52961000000,2026-06-22,10-K,FY
ORCL,RevenueFromContractWithCustomerExcludingAssessedTax,2024-06-01,2024-08-31,13307000000,2024-09-10,10-Q,Q1
ORCL,RevenueFromContractWithCustomerExcludingAssessedTax,2024-06-01,2024-08-31,13307000000,2025-09-10,10-Q,Q1
ORCL,RevenueFromContractWithCustomerExcludingAssessedTax,2024-06-01,2024-11-30,27366000000,2024-12-10,10-Q,Q2
ORCL,RevenueFromContractWithCustomerExcludingAssessedTax,2024-06-01,2024-11-30,27366000000,2025-12-11,10-Q,Q2
ORCL,RevenueFromContractWithCustomerExcludingAssessedTax,2024-09-01,2024-11-30,14059000000,2024-12-10,10-Q,Q2
ORCL,RevenueFromContractWithCustomerExcludingAssessedTax,2024-09-01,2024-11-30,14059000000,2025-12-11,10-Q,Q2
ORCL,RevenueFromContractWithCustomerExcludingAssessedTax,2024-06-01,2025-02-28,41496000000,2025-03-11,10-Q,Q3
ORCL,RevenueFromContractWithCustomerExcludingAssessedTax,2024-06-01,2025-02-28,41496000000,2026-03-11,10-Q,Q3
ORCL,RevenueFromContractWithCustomerExcludingAssessedTax,2024-12-01,2025-02-28,14130000000,2025-03-11,10-Q,Q3
ORCL,RevenueFromContractWithCustomerExcludingAssessedTax,2024-12-01,2025-02-28,14130000000,2026-03-11,10-Q,Q3
ORCL,RevenueFromContractWithCustomerExcludingAssessedTax,2024-06-01,2025-05-31,57399000000,2025-06-18,10-K,FY
ORCL,RevenueFromContractWithCustomerExcludingAssessedTax,2024-06-01,2025-05-31,57399000000,2026-06-22,10-K,FY
ORCL,RevenueFromContractWithCustomerExcludingAssessedTax,2025-06-01,2025-08-31,14926000000,2025-09-10,10-Q,Q1
ORCL,RevenueFromContractWithCustomerExcludingAssessedTax,2025-06-01,2025-08-31,14926000000,2026-09-11,10-Q,Q1
ORCL,RevenueFromContractWithCustomerExcludingAssessedTax,2025-06-01,2025-11-30,30983000000,2025-12-11,10-Q,Q2
ORCL,RevenueFromContractWithCustomerExcludingAssessedTax,2025-09-01,2025-11-30,16058000000,2025-12-11,10-Q,Q2
ORCL,RevenueFromContractWithCustomerExcludingAssessedTax,2025-06-01,2026-02-28,48173000000,2026-03-11,10-Q,Q3
ORCL,RevenueFromContractWithCustomerExcludingAssessedTax,2025-12-01,2026-02-28,17190000000,2026-03-11,10-Q,Q3
ORCL,RevenueFromContractWithCustomerExcludingAssessedTax,2025-06-01,2026-05-31,67357000000,2026-06-22,10-K,FY
ORCL,RevenueFromContractWithCustomerExcludingAssessedTax,2026-06-01,2026-08-31,19345000000,2026-09-11,10-Q,Q1
ORCL,RevenueRemainingPerformanceObligation,,2018-08-31,31300000000,2018-09-19,10-Q,Q1
ORCL,RevenueRemainingPerformanceObligation,,2018-11-30,30100000000,2018-12-19,10-Q,Q2
ORCL,RevenueRemainingPerformanceObligation,,2019-02-28,31500000000,2019-03-18,10-Q,Q3
ORCL,RevenueRemainingPerformanceObligation,,2019-05-31,36200000000,2019-06-21,10-K,FY
ORCL,RevenueRemainingPerformanceObligation,,2019-08-31,33800000000,2019-09-13,10-Q,Q1
ORCL,RevenueRemainingPerformanceObligation,,2019-11-30,32800000000,2019-12-13,10-Q,Q2
ORCL,RevenueRemainingPerformanceObligation,,2020-02-29,33800000000,2020-03-13,10-Q,Q3
ORCL,RevenueRemainingPerformanceObligation,,2020-05-31,37000000000,2020-06-22,10-K,FY
ORCL,RevenueRemainingPerformanceObligation,,2020-08-31,35500000000,2020-09-15,10-Q,Q1
ORCL,RevenueRemainingPerformanceObligation,,2020-11-30,34400000000,2020-12-11,10-Q,Q2
ORCL,RevenueRemainingPerformanceObligation,,2021-02-28,35300000000,2021-03-11,10-Q,Q3
ORCL,RevenueRemainingPerformanceObligation,,2021-05-31,41300000000,2021-06-21,10-K,FY
ORCL,RevenueRemainingPerformanceObligation,,2021-08-31,38700000000,2021-09-13,10-Q,Q1
ORCL,RevenueRemainingPerformanceObligation,,2021-11-30,37200000000,2021-12-10,10-Q,Q2
ORCL,RevenueRemainingPerformanceObligation,,2022-02-28,38500000000,2022-03-11,10-Q,Q3
ORCL,RevenueRemainingPerformanceObligation,,2022-05-31,46600000000,2022-06-21,10-K,FY
ORCL,RevenueRemainingPerformanceObligation,,2022-08-31,60700000000,2022-09-13,10-Q,Q1
ORCL,RevenueRemainingPerformanceObligation,,2022-11-30,61200000000,2022-12-13,10-Q,Q2
ORCL,RevenueRemainingPerformanceObligation,,2023-02-28,62300000000,2023-03-10,10-Q,Q3
ORCL,RevenueRemainingPerformanceObligation,,2023-05-31,67900000000,2023-06-20,10-K,FY
ORCL,RevenueRemainingPerformanceObligation,,2023-08-31,64900000000,2023-09-12,10-Q,Q1
ORCL,RevenueRemainingPerformanceObligation,,2023-11-30,65500000000,2023-12-12,10-Q,Q2
ORCL,RevenueRemainingPerformanceObligation,,2024-02-29,80200000000,2024-03-12,10-Q,Q3
ORCL,RevenueRemainingPerformanceObligation,,2024-05-31,97900000000,2024-06-20,10-K,FY
ORCL,RevenueRemainingPerformanceObligation,,2024-08-31,99100000000,2024-09-10,10-Q,Q1
ORCL,RevenueRemainingPerformanceObligation,,2024-11-30,97300000000,2024-12-10,10-Q,Q2
ORCL,RevenueRemainingPerformanceObligation,,2025-02-28,130200000000,2025-03-11,10-Q,Q3
ORCL,RevenueRemainingPerformanceObligation,,2025-05-31,137800000000,2025-06-18,10-K,FY
ORCL,RevenueRemainingPerformanceObligation,,2025-08-31,455300000000,2025-09-10,10-Q,Q1
ORCL,RevenueRemainingPerformanceObligation,,2025-11-30,523300000000,2025-12-11,10-Q,Q2
ORCL,RevenueRemainingPerformanceObligation,,2026-02-28,552600000000,2026-03-11,10-Q,Q3
ORCL,RevenueRemainingPerformanceObligation,,2026-05-31,638000000000,2026-06-22,10-K,FY
ORCL,RevenueRemainingPerformanceObligation,,2026-08-31,664000000000,2026-09-11,10-Q,Q1
MU,PaymentsToAcquirePropertyPlantAndEquipment,2008-08-29,2008-12-04,270000000,2010-01-12,10-Q,Q1
MU,PaymentsToAcquirePropertyPlantAndEquipment,2008-08-29,2009-09-03,488000000,2011-10-25,10-K,FY
MU,PaymentsToAcquirePropertyPlantAndEquipment,2009-09-04,2009-12-03,62000000,2010-01-12,10-Q,Q1
MU,PaymentsToAcquirePropertyPlantAndEquipment,2009-09-04,2009-12-03,62000000,2011-01-11,10-Q,Q1
MU,PaymentsToAcquirePropertyPlantAndEquipment,2009-09-04,2010-03-04,155000000,2011-04-12,10-Q,Q2
MU,PaymentsToAcquirePropertyPlantAndEquipment,2009-09-04,2010-06-03,269000000,2011-07-12,10-Q,Q3
MU,PaymentsToAcquirePropertyPlantAndEquipment,2009-09-04,2010-09-02,616000000,2011-10-25,10-K,FY
MU,PaymentsToAcquirePropertyPlantAndEquipment,2009-09-04,2010-09-02,616000000,2012-10-29,10-K,FY
MU,PaymentsToAcquirePropertyPlantAndEquipment,2010-09-03,2010-12-02,465000000,2011-01-11,10-Q,Q1
MU,PaymentsToAcquirePropertyPlantAndEquipment,2010-09-03,2010-12-02,465000000,2012-01-10,10-Q,Q1
MU,PaymentsToAcquirePropertyPlantAndEquipment,2010-09-03,2011-03-03,1189000000,2011-04-12,10-Q,Q2
MU,PaymentsToAcquirePropertyPlantAndEquipment,2010-09-03,2011-03-03,1189000000,2012-04-09,10-Q,Q2
MU,PaymentsToAcquirePropertyPlantAndEquipment,2010-09-03,2011-06-02,1682000000,2011-07-12,10-Q,Q3
MU,PaymentsToAcquirePropertyPlantAndEquipment,2010-09-03,2011-06-02,1682000000,2012-07-09,10-Q,Q3
MU,PaymentsToAcquirePropertyPlantAndEquipment,2010-09-03,2011-09-01,2550000000,2011-10-25,10-K,FY
MU,PaymentsToAcquirePropertyPlantAndEquipment,2010-09-03,2011-09-01,2550000000,2012-10-29,10-K,FY
MU,PaymentsToAcquirePropertyPlantAndEquipment,2010-09-03,2011-09-01,2550000000,2013-10-28,10-K,FY
MU,PaymentsToAcquirePropertyPlantAndEquipment,2010-09-03,2011-09-01,2550000000,2014-07-22,8-K,
MU,PaymentsToAcquirePropertyPlantAndEquipment,2011-09-02,2011-12-01,697000000,2012-01-10,10-Q,Q1
MU,PaymentsToAcquirePropertyPlantAndEquipment,2011-09-02,2011-12-01,697000000,2013-01-07,10-Q,Q1
MU,PaymentsToAcquirePropertyPlantAndEquipment,2011-09-02,2012-03-01,1089000000,2012-04-09,10-Q,Q2
MU,PaymentsToAcquirePropertyPlantAndEquipment,2011-09-02,2012-03-01,1089000000,2013-04-08,10-Q,Q2
MU,PaymentsToAcquirePropertyPlantAndEquipment,2011-09-02,2012-05-31,1367000000,2012-07-09,10-Q,Q3
MU,PaymentsToAcquirePropertyPlantAndEquipment,2011-09-02,2012-05-31,1367000000,2013-07-08,10-Q,Q3
MU,PaymentsToAcquirePropertyPlantAndEquipment,2011-09-02,2012-08-30,1699000000,2012-10-29,10-K,FY
MU,PaymentsToAcquirePropertyPlantAndEquipment,2011-09-02,2012-08-30,1699000000,2013-10-28,10-K,FY
MU,PaymentsToAcquirePropertyPlantAndEquipment,2011-09-02,2012-08-30,1699000000,2014-07-22,8-K,
MU,PaymentsToAcquirePropertyPlantAndEquipment,2011-09-02,2012-08-30,1699000000,2014-10-27,10-K,FY
MU,PaymentsToAcquirePropertyPlantAndEquipment,2012-08-31,2012-11-29,434000000,2013-01-07,10-Q,Q1
MU,PaymentsToAcquirePropertyPlantAndEquipment,2012-08-31,2012-11-29,434000000,2014-01-07,10-Q,Q1
MU,PaymentsToAcquirePropertyPlantAndEquipment,2012-08-31,2013-02-28,761000000,2013-04-08,10-Q,Q2
MU,PaymentsToAcquirePropertyPlantAndEquipment,2012-08-31,2013-02-28,761000000,2014-04-07,10-Q,Q2
MU,PaymentsToAcquirePropertyPlantAndEquipment,2012-08-31,2013-05-30,964000000,2013-07-08,10-Q,Q3
MU,PaymentsToAcquirePropertyPlantAndEquipment,2012-08-31,2013-05-30,964000000,2014-07-03,10-Q,Q3
MU,PaymentsToAcquirePropertyPlantAndEquipment,2012-08-31,2013-08-29,1244000000,2013-10-28,10-K,FY
MU,PaymentsToAcquirePropertyPlantAndEquipment,2012-08-31,2013-08-29,1244000000,2014-07-22,8-K,
MU,PaymentsToAcquirePropertyPlantAndEquipment,2012-08-31,2013-08-29,1244000000,2014-10-27,10-K,FY
MU,PaymentsToAcquirePropertyPlantAndEquipment,2012-08-31,2013-08-29,1442000000,2015-10-27,10-K,FY
MU,PaymentsToAcquirePropertyPlantAndEquipment,2013-08-30,2013-11-28,526000000,2014-01-07,10-Q,Q1
MU,PaymentsToAcquirePropertyPlantAndEquipment,2013-08-30,2013-11-28,669000000,2015-01-09,10-Q,Q1
MU,PaymentsToAcquirePropertyPlantAndEquipment,2013-08-30,2014-02-27,1031000000,2014-04-07,10-Q,Q2
MU,PaymentsToAcquirePropertyPlantAndEquipment,2013-08-30,2014-02-27,1234000000,2015-04-10,10-Q,Q2
MU,PaymentsToAcquirePropertyPlantAndEquipment,2013-08-30,2014-05-29,1518000000,2014-07-03,10-Q,Q3
MU,PaymentsToAcquirePropertyPlantAndEquipment,2013-08-30,2014-05-29,1800000000,2015-07-10,10-Q,Q3
MU,PaymentsToAcquirePropertyPlantAndEquipment,2013-08-30,2014-08-28,2658000000,2014-10-27,10-K,FY
MU,PaymentsToAcquirePropertyPlantAndEquipment,2013-08-30,2014-08-28,3107000000,2015-10-27,10-K,FY
MU,PaymentsToAcquirePropertyPlantAndEquipment,2013-08-30,2014-08-28,3107000000,2016-10-28,10-K,FY
MU,PaymentsToAcquirePropertyPlantAndEquipment,2013-08-30,2014-08-28,3107000000,2017-10-10,8-K,
MU,PaymentsToAcquirePropertyPlantAndEquipment,2014-08-29,2014-12-04,669000000,2015-01-09,10-Q,Q1
MU,PaymentsToAcquirePropertyPlantAndEquipment,2014-08-29,2014-12-04,669000000,2016-01-08,10-Q,Q1
MU,PaymentsToAcquirePropertyPlantAndEquipment,2014-08-29,2015-03-05,1522000000,2015-04-10,10-Q,Q2
MU,PaymentsToAcquirePropertyPlantAndEquipment,2014-08-29,2015-03-05,1522000000,2016-04-08,10-Q,Q2
MU,PaymentsToAcquirePropertyPlantAndEquipment,2014-08-29,2015-06-04,2256000000,2015-07-10,10-Q,Q3
MU,PaymentsToAcquirePropertyPlantAndEquipment,2014-08-29,2015-06-04,2256000000,2016-07-06,10-Q,Q3
MU,PaymentsToAcquirePropertyPlantAndEquipment,2014-08-29,2015-09-03,4021000000,2015-10-27,10-K,FY
MU,PaymentsToAcquirePropertyPlantAndEquipment,2014-08-29,2015-09-03,4021000000,2016-10-28,10-K,FY
MU,PaymentsToAcquirePropertyPlantAndEquipment,2014-08-29,2015-09-03,4021000000,2017-10-10,8-K,
MU,PaymentsToAcquirePropertyPlantAndEquipment,2014-08-29,2015-09-03,4021000000,2017-10-26,10-K,FY
MU,PaymentsToAcquirePropertyPlantAndEquipment,2015-09-04,2015-12-03,990000000,2016-01-08,10-Q,Q1
MU,PaymentsToAcquirePropertyPlantAndEquipment,2015-09-04,2015-12-03,990000000,2017-01-09,10-Q,Q1
MU,PaymentsToAcquirePropertyPlantAndEquipment,2015-09-04,2016-03-03,2209000000,2016-04-08,10-Q,Q2
MU,PaymentsToAcquirePropertyPlantAndEquipment,2015-09-04,2016-03-03,2209000000,2017-03-28,10-Q,Q2
MU,PaymentsToAcquirePropertyPlantAndEquipment,2015-09-04,2016-06-02,3894000000,2016-07-06,10-Q,Q3
MU,PaymentsToAcquirePropertyPlantAndEquipment,2015-09-04,2016-06-02,3894000000,2017-06-30,10-Q,Q3
MU,PaymentsToAcquirePropertyPlantAndEquipment,2015-09-04,2016-09-01,5817000000,2016-10-28,10-K,FY
MU,PaymentsToAcquirePropertyPlantAndEquipment,2015-09-04,2016-09-01,5817000000,2017-10-10,8-K,
MU,PaymentsToAcquirePropertyPlantAndEquipment,2015-09-04,2016-09-01,5817000000,2017-10-26,10-K,FY
MU,PaymentsToAcquirePropertyPlantAndEquipment,2015-09-04,2016-09-01,5817000000,2018-10-15,10-K,FY
MU,PaymentsToAcquirePropertyPlantAndEquipment,2016-09-02,2016-12-01,1264000000,2017-01-09,10-Q,Q1
MU,PaymentsToAcquirePropertyPlantAndEquipment,2016-09-02,2016-12-01,1264000000,2017-12-20,10-Q,Q1
MU,PaymentsToAcquirePropertyPlantAndEquipment,2016-09-02,2017-03-02,2428000000,2017-03-28,10-Q,Q2
MU,PaymentsToAcquirePropertyPlantAndEquipment,2016-09-02,2017-03-02,2428000000,2018-03-23,10-Q,Q2
MU,PaymentsToAcquirePropertyPlantAndEquipment,2016-09-02,2017-06-01,3469000000,2017-06-30,10-Q,Q3
MU,PaymentsToAcquirePropertyPlantAndEquipment,2016-09-02,2017-06-01,3469000000,2018-06-22,10-Q,Q3
MU,PaymentsToAcquirePropertyPlantAndEquipment,2016-09-02,2017-08-31,4734000000,2017-10-26,10-K,FY
MU,PaymentsToAcquirePropertyPlantAndEquipment,2016-09-02,2017-08-31,4734000000,2018-10-15,10-K,FY
MU,PaymentsToAcquirePropertyPlantAndEquipment,2016-09-02,2017-08-31,4734000000,2019-10-17,10-K,FY
MU,PaymentsToAcquirePropertyPlantAndEquipment,2017-09-01,2017-11-30,1956000000,2017-12-20,10-Q,Q1
MU,PaymentsToAcquirePropertyPlantAndEquipment,2017-09-01,2017-11-30,1956000000,2018-12-19,10-Q,Q1
MU,PaymentsToAcquirePropertyPlantAndEquipment,2017-09-01,2018-03-01,4217000000,2018-03-23,10-Q,Q2
MU,PaymentsToAcquirePropertyPlantAndEquipment,2017-09-01,2018-03-01,4217000000,2019-03-21,10-Q,Q2
MU,PaymentsToAcquirePropertyPlantAndEquipment,2017-09-01,2018-05-31,6628000000,2018-06-22,10-Q,Q3
MU,PaymentsToAcquirePropertyPlantAndEquipment,2017-09-01,2018-05-31,6628000000,2019-06-26,10-Q,Q3
MU,PaymentsToAcquirePropertyPlantAndEquipment,2017-09-01,2018-08-30,8879000000,2018-10-15,10-K,FY
MU,PaymentsToAcquirePropertyPlantAndEquipment,2017-09-01,2018-08-30,8879000000,2019-10-17,10-K,FY
MU,PaymentsToAcquirePropertyPlantAndEquipment,2017-09-01,2018-08-30,8879000000,2020-10-19,10-K,FY
MU,PaymentsToAcquirePropertyPlantAndEquipment,2018-08-31,2018-11-29,2700000000,2018-12-19,10-Q,Q1
MU,PaymentsToAcquirePropertyPlantAndEquipment,2018-08-31,2018-11-29,2700000000,2019-12-20,10-Q,Q1
MU,PaymentsToAcquirePropertyPlantAndEquipment,2018-08-31,2019-02-28,5349000000,2019-03-21,10-Q,Q2
MU,PaymentsToAcquirePropertyPlantAndEquipment,2018-08-31,2019-02-28,5349000000,2020-03-26,10-Q,Q2
MU,PaymentsToAcquirePropertyPlantAndEquipment,2018-08-31,2019-05-30,7752000000,2019-06-26,10-Q,Q3
MU,PaymentsToAcquirePropertyPlantAndEquipment,2018-08-31,2019-05-30,7752000000,2020-06-29,10-Q,Q3
MU,PaymentsToAcquirePropertyPlantAndEquipment,2018-08-31,2019-08-29,9780000000,2019-10-17,10-K,FY
MU,PaymentsToAcquirePropertyPlantAndEquipment,2018-08-31,2019-08-29,9780000000,2020-10-19,10-K,FY
MU,PaymentsToAcquirePropertyPlantAndEquipment,2018-08-31,2019-08-29,9780000000,2021-10-08,10-K,FY
MU,PaymentsToAcquirePropertyPlantAndEquipment,2019-08-30,2019-11-28,1943000000,2019-12-20,10-Q,Q1
MU,PaymentsToAcquirePropertyPlantAndEquipment,2019-08-30,2019-11-28,1943000000,2021-01-08,10-Q,Q1
MU,PaymentsToAcquirePropertyPlantAndEquipment,2019-08-30,2020-02-27,3999000000,2020-03-26,10-Q,Q2
MU,PaymentsToAcquirePropertyPlantAndEquipment,2019-08-30,2020-02-27,3999000000,2021-04-01,10-Q,Q2
MU,PaymentsToAcquirePropertyPlantAndEquipment,2019-08-30,2020-05-28,5943000000,2020-06-29,10-Q,Q3
MU,PaymentsToAcquirePropertyPlantAndEquipment,2019-08-30,2020-05-28,5943000000,2021-07-01,10-Q,Q3
MU,PaymentsToAcquirePropertyPlantAndEquipment,2019-08-30,2020-09-03,8223000000,2020-10-19,10-K,FY
MU,PaymentsToAcquirePropertyPlantAndEquipment,2019-08-30,2020-09-03,8223000000,2021-10-08,10-K,FY
MU,PaymentsToAcquirePropertyPlantAndEquipment,2019-08-30,2020-09-03,8223000000,2022-10-07,10-K,FY
MU,PaymentsToAcquirePropertyPlantAndEquipment,2020-09-04,2020-12-03,2738000000,2021-01-08,10-Q,Q1
MU,PaymentsToAcquirePropertyPlantAndEquipment,2020-09-04,2020-12-03,2738000000,2022-01-06,10-Q,Q1
MU,PaymentsToAcquirePropertyPlantAndEquipment,2020-09-04,2021-03-04,5756000000,2021-04-01,10-Q,Q2
MU,PaymentsToAcquirePropertyPlantAndEquipment,2020-09-04,2021-03-04,5756000000,2022-03-30,10-Q,Q2
MU,PaymentsToAcquirePropertyPlantAndEquipment,2020-09-04,2021-06-03,8015000000,2021-07-01,10-Q,Q3
MU,PaymentsToAcquirePropertyPlantAndEquipment,2020-09-04,2021-06-03,8015000000,2022-07-01,10-Q,Q3
MU,PaymentsToAcquirePropertyPlantAndEquipment,2020-09-04,2021-09-02,10030000000,2021-10-08,10-K,FY
MU,PaymentsToAcquirePropertyPlantAndEquipment,2020-09-04,2021-09-02,10030000000,2022-10-07,10-K,FY
MU,PaymentsToAcquirePropertyPlantAndEquipment,2020-09-04,2021-09-02,10030000000,2023-10-06,10-K,FY
MU,PaymentsToAcquirePropertyPlantAndEquipment,2021-09-03,2021-12-02,3265000000,2022-01-06,10-Q,Q1
MU,PaymentsToAcquirePropertyPlantAndEquipment,2021-09-03,2021-12-02,3265000000,2022-12-22,10-Q,Q1
MU,PaymentsToAcquirePropertyPlantAndEquipment,2021-09-03,2022-03-03,5876000000,2022-03-30,10-Q,Q2
MU,PaymentsToAcquirePropertyPlantAndEquipment,2021-09-03,2022-03-03,5876000000,2023-03-29,10-Q,Q2
MU,PaymentsToAcquirePropertyPlantAndEquipment,2021-09-03,2022-06-02,8454000000,2022-07-01,10-Q,Q3
MU,PaymentsToAcquirePropertyPlantAndEquipment,2021-09-03,2022-06-02,8454000000,2023-06-29,10-Q,Q3
MU,PaymentsToAcquirePropertyPlantAndEquipment,2021-09-03,2022-09-01,12067000000,2022-10-07,10-K,FY
MU,PaymentsToAcquirePropertyPlantAndEquipment,2021-09-03,2022-09-01,12067000000,2023-10-06,10-K,FY
MU,PaymentsToAcquirePropertyPlantAndEquipment,2021-09-03,2022-09-01,12067000000,2024-10-04,10-K,FY
MU,PaymentsToAcquirePropertyPlantAndEquipment,2022-09-02,2022-12-01,2449000000,2022-12-22,10-Q,Q1
MU,PaymentsToAcquirePropertyPlantAndEquipment,2022-09-02,2022-12-01,2449000000,2023-12-21,10-Q,Q1
MU,PaymentsToAcquirePropertyPlantAndEquipment,2022-09-02,2023-03-02,4654000000,2023-03-29,10-Q,Q2
MU,PaymentsToAcquirePropertyPlantAndEquipment,2022-09-02,2023-03-02,4654000000,2024-03-21,10-Q,Q2
MU,PaymentsToAcquirePropertyPlantAndEquipment,2022-09-02,2023-06-01,6215000000,2023-06-29,10-Q,Q3
MU,PaymentsToAcquirePropertyPlantAndEquipment,2022-09-02,2023-06-01,6215000000,2024-06-27,10-Q,Q3
MU,PaymentsToAcquirePropertyPlantAndEquipment,2022-09-02,2023-08-31,7676000000,2023-10-06,10-K,FY
MU,PaymentsToAcquirePropertyPlantAndEquipment,2022-09-02,2023-08-31,7676000000,2024-10-04,10-K,FY
MU,PaymentsToAcquirePropertyPlantAndEquipment,2022-09-02,2023-08-31,7676000000,2025-10-03,10-K,FY
MU,PaymentsToAcquirePropertyPlantAndEquipment,2023-09-01,2023-11-30,1796000000,2023-12-21,10-Q,Q1
MU,PaymentsToAcquirePropertyPlantAndEquipment,2023-09-01,2023-11-30,1796000000,2024-12-19,10-Q,Q1
MU,PaymentsToAcquirePropertyPlantAndEquipment,2023-09-01,2024-02-29,3180000000,2024-03-21,10-Q,Q2
MU,PaymentsToAcquirePropertyPlantAndEquipment,2023-09-01,2024-02-29,3180000000,2025-03-21,10-Q,Q2
MU,PaymentsToAcquirePropertyPlantAndEquipment,2023-09-01,2024-05-30,5266000000,2024-06-27,10-Q,Q3
MU,PaymentsToAcquirePropertyPlantAndEquipment,2023-09-01,2024-05-30,5266000000,2025-06-26,10-Q,Q3
MU,PaymentsToAcquirePropertyPlantAndEquipment,2023-09-01,2024-08-29,8386000000,2024-10-04,10-K,FY
MU,PaymentsToAcquirePropertyPlantAndEquipment,2023-09-01,2024-08-29,8386000000,2025-10-03,10-K,FY
MU,PaymentsToAcquirePropertyPlantAndEquipment,2024-08-30,2024-11-28,3206000000,2024-12-19,10-Q,Q1
MU,PaymentsToAcquirePropertyPlantAndEquipment,2024-08-30,2024-11-28,3206000000,2025-12-18,10-Q,Q1
MU,PaymentsToAcquirePropertyPlantAndEquipment,2024-08-30,2025-02-27,7261000000,2025-03-21,10-Q,Q2
MU,PaymentsToAcquirePropertyPlantAndEquipment,2024-08-30,2025-02-27,7261000000,2026-03-19,10-Q,Q2
MU,PaymentsToAcquirePropertyPlantAndEquipment,2024-08-30,2025-05-29,10199000000,2025-06-26,10-Q,Q3
MU,PaymentsToAcquirePropertyPlantAndEquipment,2024-08-30,2025-05-29,10199000000,2026-06-25,10-Q,Q3
MU,PaymentsToAcquirePropertyPlantAndEquipment,2024-08-30,2025-08-28,15857000000,2025-10-03,10-K,FY
MU,PaymentsToAcquirePropertyPlantAndEquipment,2025-08-29,2025-11-27,5389000000,2025-12-18,10-Q,Q1
MU,PaymentsToAcquirePropertyPlantAndEquipment,2025-08-29,2026-02-26,11776000000,2026-03-19,10-Q,Q2
MU,PaymentsToAcquirePropertyPlantAndEquipment,2025-08-29,2026-05-28,19602000000,2026-06-25,10-Q,Q3
MU,InventoryNet,,2009-09-03,987000000,2010-01-12,10-Q,Q1
MU,InventoryNet,,2009-12-03,1037000000,2010-01-12,10-Q,Q1
MU,InventoryNet,,2010-09-02,1770000000,2011-01-11,10-Q,Q1
MU,InventoryNet,,2010-09-02,1770000000,2011-04-12,10-Q,Q2
MU,InventoryNet,,2010-09-02,1770000000,2011-07-12,10-Q,Q3
MU,InventoryNet,,2010-09-02,1770000000,2011-10-25,10-K,FY
MU,InventoryNet,,2010-12-02,1892000000,2011-01-11,10-Q,Q1
MU,InventoryNet,,2011-03-03,1957000000,2011-04-12,10-Q,Q2
MU,InventoryNet,,2011-06-02,2068000000,2011-07-12,10-Q,Q3
MU,InventoryNet,,2011-09-01,2080000000,2011-10-25,10-K,FY
MU,InventoryNet,,2011-09-01,2080000000,2012-01-10,10-Q,Q1
MU,InventoryNet,,2011-09-01,2080000000,2012-04-09,10-Q,Q2
MU,InventoryNet,,2011-09-01,2080000000,2012-07-09,10-Q,Q3
MU,InventoryNet,,2011-09-01,2080000000,2012-10-29,10-K,FY
MU,InventoryNet,,2011-12-01,2097000000,2012-01-10,10-Q,Q1
MU,InventoryNet,,2012-03-01,2081000000,2012-04-09,10-Q,Q2
MU,InventoryNet,,2012-05-31,1894000000,2012-07-09,10-Q,Q3
MU,InventoryNet,,2012-08-30,1812000000,2012-10-29,10-K,FY
MU,InventoryNet,,2012-08-30,1812000000,2013-01-07,10-Q,Q1
MU,InventoryNet,,2012-08-30,1812000000,2013-04-08,10-Q,Q2
MU,InventoryNet,,2012-08-30,1812000000,2013-07-08,10-Q,Q3
MU,InventoryNet,,2012-08-30,1812000000,2013-10-28,10-K,FY
MU,InventoryNet,,2012-08-30,1812000000,2014-07-22,8-K,
MU,InventoryNet,,2012-11-29,1831000000,2013-01-07,10-Q,Q1
MU,InventoryNet,,2013-02-28,1721000000,2013-04-08,10-Q,Q2
MU,InventoryNet,,2013-05-30,1732000000,2013-07-08,10-Q,Q3
MU,InventoryNet,,2013-08-29,2649000000,2013-10-28,10-K,FY
MU,InventoryNet,,2013-08-29,2649000000,2014-01-07,10-Q,Q1
MU,InventoryNet,,2013-08-29,2649000000,2014-04-07,10-Q,Q2
MU,InventoryNet,,2013-08-29,2649000000,2014-07-03,10-Q,Q3
MU,InventoryNet,,2013-08-29,2649000000,2014-07-22,8-K,
MU,InventoryNet,,2013-08-29,2649000000,2014-10-27,10-K,FY
MU,InventoryNet,,2013-11-28,2459000000,2014-01-07,10-Q,Q1
MU,InventoryNet,,2014-02-27,2462000000,2014-04-07,10-Q,Q2
MU,InventoryNet,,2014-05-29,2532000000,2014-07-03,10-Q,Q3
MU,InventoryNet,,2014-08-28,2455000000,2014-10-27,10-K,FY
MU,InventoryNet,,2014-08-28,2455000000,2015-01-09,10-Q,Q1
MU,InventoryNet,,2014-08-28,2455000000,2015-04-10,10-Q,Q2
MU,InventoryNet,,2014-08-28,2455000000,2015-07-10,10-Q,Q3
MU,InventoryNet,,2014-08-28,2455000000,2015-10-27,10-K,FY
MU,InventoryNet,,2014-12-04,2448000000,2015-01-09,10-Q,Q1
MU,InventoryNet,,2015-03-05,2377000000,2015-04-10,10-Q,Q2
MU,InventoryNet,,2015-06-04,2381000000,2015-07-10,10-Q,Q3
MU,InventoryNet,,2015-09-03,2340000000,2015-10-27,10-K,FY
MU,InventoryNet,,2015-09-03,2340000000,2016-01-08,10-Q,Q1
MU,InventoryNet,,2015-09-03,2340000000,2016-04-08,10-Q,Q2
MU,InventoryNet,,2015-09-03,2340000000,2016-07-06,10-Q,Q3
MU,InventoryNet,,2015-09-03,2340000000,2016-10-28,10-K,FY
MU,InventoryNet,,2015-09-03,2340000000,2017-10-10,8-K,
MU,InventoryNet,,2015-12-03,2435000000,2016-01-08,10-Q,Q1
MU,InventoryNet,,2016-03-03,2608000000,2016-04-08,10-Q,Q2
MU,InventoryNet,,2016-06-02,2920000000,2016-07-06,10-Q,Q3
MU,InventoryNet,,2016-09-01,2889000000,2016-10-28,10-K,FY
MU,InventoryNet,,2016-09-01,2889000000,2017-01-09,10-Q,Q1
MU,InventoryNet,,2016-09-01,2889000000,2017-03-28,10-Q,Q2
MU,InventoryNet,,2016-09-01,2889000000,2017-06-30,10-Q,Q3
MU,InventoryNet,,2016-09-01,2889000000,2017-10-10,8-K,
MU,InventoryNet,,2016-09-01,2889000000,2017-10-26,10-K,FY
MU,InventoryNet,,2016-12-01,2750000000,2017-01-09,10-Q,Q1
MU,InventoryNet,,2017-03-02,3000000000,2017-03-28,10-Q,Q2
MU,InventoryNet,,2017-06-01,3064000000,2017-06-30,10-Q,Q3
MU,InventoryNet,,2017-08-31,3123000000,2017-10-26,10-K,FY
MU,InventoryNet,,2017-08-31,3123000000,2017-12-20,10-Q,Q1
MU,InventoryNet,,2017-08-31,3123000000,2018-03-23,10-Q,Q2
MU,InventoryNet,,2017-08-31,3123000000,2018-06-22,10-Q,Q3
MU,InventoryNet,,2017-08-31,3123000000,2018-10-15,10-K,FY
MU,InventoryNet,,2017-11-30,3160000000,2017-12-20,10-Q,Q1
MU,InventoryNet,,2018-03-01,3184000000,2018-03-23,10-Q,Q2
MU,InventoryNet,,2018-05-31,3369000000,2018-06-22,10-Q,Q3
MU,InventoryNet,,2018-08-30,3595000000,2018-10-15,10-K,FY
MU,InventoryNet,,2018-08-30,3595000000,2018-12-19,10-Q,Q1
MU,InventoryNet,,2018-08-30,3595000000,2019-03-21,10-Q,Q2
MU,InventoryNet,,2018-08-30,3595000000,2019-06-26,10-Q,Q3
MU,InventoryNet,,2018-08-30,3595000000,2019-10-17,10-K,FY
MU,InventoryNet,,2018-08-31,3590000000,2018-12-19,10-Q,Q1
MU,InventoryNet,,2018-08-31,3590000000,2019-03-21,10-Q,Q2
MU,InventoryNet,,2018-08-31,3590000000,2019-06-26,10-Q,Q3
MU,InventoryNet,,2018-08-31,3590000000,2019-10-17,10-K,FY
MU,InventoryNet,,2018-11-29,3876000000,2018-12-19,10-Q,Q1
MU,InventoryNet,,2019-02-28,4390000000,2019-03-21,10-Q,Q2
MU,InventoryNet,,2019-05-30,4905000000,2019-06-26,10-Q,Q3
MU,InventoryNet,,2019-08-29,5118000000,2019-10-17,10-K,FY
MU,InventoryNet,,2019-08-29,5118000000,2019-12-20,10-Q,Q1
MU,InventoryNet,,2019-08-29,5118000000,2020-03-26,10-Q,Q2
MU,InventoryNet,,2019-08-29,5118000000,2020-06-29,10-Q,Q3
MU,InventoryNet,,2019-08-29,5118000000,2020-10-19,10-K,FY
MU,InventoryNet,,2019-11-28,4943000000,2019-12-20,10-Q,Q1
MU,InventoryNet,,2020-02-27,5208000000,2020-03-26,10-Q,Q2
MU,InventoryNet,,2020-05-28,5405000000,2020-06-29,10-Q,Q3
MU,InventoryNet,,2020-09-03,5607000000,2020-10-19,10-K,FY
MU,InventoryNet,,2020-09-03,5607000000,2021-01-08,10-Q,Q1
MU,InventoryNet,,2020-09-03,5373000000,2021-04-01,10-Q,Q2
MU,InventoryNet,,2020-09-03,5373000000,2021-07-01,10-Q,Q3
MU,InventoryNet,,2020-09-03,5373000000,2021-10-08,10-K,FY
MU,InventoryNet,,2020-12-03,5521000000,2021-01-08,10-Q,Q1
MU,InventoryNet,,2021-03-04,4743000000,2021-04-01,10-Q,Q2
MU,InventoryNet,,2021-06-03,4537000000,2021-07-01,10-Q,Q3
MU,InventoryNet,,2021-09-02,4487000000,2021-10-08,10-K,FY
MU,InventoryNet,,2021-09-02,4487000000,2022-01-06,10-Q,Q1
MU,InventoryNet,,2021-09-02,4487000000,2022-03-30,10-Q,Q2
MU,InventoryNet,,2021-09-02,4487000000,2022-07-01,10-Q,Q3
MU,InventoryNet,,2021-09-02,4487000000,2022-10-07,10-K,FY
MU,InventoryNet,,2021-12-02,4827000000,2022-01-06,10-Q,Q1
MU,InventoryNet,,2022-03-03,5383000000,2022-03-30,10-Q,Q2
MU,InventoryNet,,2022-06-02,5629000000,2022-07-01,10-Q,Q3
MU,InventoryNet,,2022-09-01,6663000000,2022-10-07,10-K,FY
MU,InventoryNet,,2022-09-01,6663000000,2022-12-22,10-Q,Q1
MU,InventoryNet,,2022-09-01,6663000000,2023-03-29,10-Q,Q2
MU,InventoryNet,,2022-09-01,6663000000,2023-06-29,10-Q,Q3
MU,InventoryNet,,2022-09-01,6663000000,2023-10-06,10-K,FY
MU,InventoryNet,,2022-12-01,8359000000,2022-12-22,10-Q,Q1
MU,InventoryNet,,2023-03-02,8129000000,2023-03-29,10-Q,Q2
MU,InventoryNet,,2023-06-01,8238000000,2023-06-29,10-Q,Q3
MU,InventoryNet,,2023-08-31,8387000000,2023-10-06,10-K,FY
MU,InventoryNet,,2023-08-31,8387000000,2023-12-21,10-Q,Q1
MU,InventoryNet,,2023-08-31,8387000000,2024-03-21,10-Q,Q2
MU,InventoryNet,,2023-08-31,8387000000,2024-06-27,10-Q,Q3
MU,InventoryNet,,2023-08-31,8387000000,2024-10-04,10-K,FY
MU,InventoryNet,,2023-11-30,8276000000,2023-12-21,10-Q,Q1
MU,InventoryNet,,2024-02-29,8443000000,2024-03-21,10-Q,Q2
MU,InventoryNet,,2024-05-30,8512000000,2024-06-27,10-Q,Q3
MU,InventoryNet,,2024-08-29,8875000000,2024-10-04,10-K,FY
MU,InventoryNet,,2024-08-29,8875000000,2024-12-19,10-Q,Q1
MU,InventoryNet,,2024-08-29,8875000000,2025-03-21,10-Q,Q2
MU,InventoryNet,,2024-08-29,8875000000,2025-06-26,10-Q,Q3
MU,InventoryNet,,2024-08-29,8875000000,2025-10-03,10-K,FY
MU,InventoryNet,,2024-11-28,8705000000,2024-12-19,10-Q,Q1
MU,InventoryNet,,2025-02-27,9007000000,2025-03-21,10-Q,Q2
MU,InventoryNet,,2025-05-29,8727000000,2025-06-26,10-Q,Q3
MU,InventoryNet,,2025-08-28,8355000000,2025-10-03,10-K,FY
MU,InventoryNet,,2025-08-28,8355000000,2025-12-18,10-Q,Q1
MU,InventoryNet,,2025-08-28,8355000000,2026-03-19,10-Q,Q2
MU,InventoryNet,,2025-08-28,8355000000,2026-06-25,10-Q,Q3
MU,InventoryNet,,2025-11-27,8205000000,2025-12-18,10-Q,Q1
MU,InventoryNet,,2026-02-26,8267000000,2026-03-19,10-Q,Q2
MU,InventoryNet,,2026-05-28,8567000000,2026-06-25,10-Q,Q3
MU,CostOfGoodsAndServicesSold,2008-08-29,2008-12-04,1851000000,2010-01-12,10-Q,Q1
MU,CostOfGoodsAndServicesSold,2008-08-29,2009-09-03,5243000000,2011-10-25,10-K,FY
MU,CostOfGoodsAndServicesSold,2009-09-04,2009-12-03,1297000000,2010-01-12,10-Q,Q1
MU,CostOfGoodsAndServicesSold,2009-09-04,2009-12-03,1297000000,2011-01-11,10-Q,Q1
MU,CostOfGoodsAndServicesSold,2009-09-04,2010-03-04,2616000000,2011-04-12,10-Q,Q2
MU,CostOfGoodsAndServicesSold,2009-12-04,2010-03-04,1319000000,2011-04-12,10-Q,Q2
MU,CostOfGoodsAndServicesSold,2009-09-04,2010-06-03,4056000000,2011-07-12,10-Q,Q3
MU,CostOfGoodsAndServicesSold,2010-03-05,2010-06-03,1440000000,2011-07-12,10-Q,Q3
MU,CostOfGoodsAndServicesSold,2009-09-04,2010-09-02,5768000000,2011-10-25,10-K,FY
MU,CostOfGoodsAndServicesSold,2009-09-04,2010-09-02,5768000000,2012-10-29,10-K,FY
MU,CostOfGoodsAndServicesSold,2010-09-03,2010-12-02,1728000000,2011-01-11,10-Q,Q1
MU,CostOfGoodsAndServicesSold,2010-09-03,2010-12-02,1728000000,2012-01-10,10-Q,Q1
MU,CostOfGoodsAndServicesSold,2010-09-03,2011-03-03,3550000000,2011-04-12,10-Q,Q2
MU,CostOfGoodsAndServicesSold,2010-09-03,2011-03-03,3550000000,2012-04-09,10-Q,Q2
MU,CostOfGoodsAndServicesSold,2010-12-03,2011-03-03,1822000000,2011-04-12,10-Q,Q2
MU,CostOfGoodsAndServicesSold,2010-12-03,2011-03-03,1822000000,2012-04-09,10-Q,Q2
MU,CostOfGoodsAndServicesSold,2010-09-03,2011-06-02,5211000000,2011-07-12,10-Q,Q3
MU,CostOfGoodsAndServicesSold,2010-09-03,2011-06-02,5211000000,2012-07-09,10-Q,Q3
MU,CostOfGoodsAndServicesSold,2011-03-04,2011-06-02,1661000000,2011-07-12,10-Q,Q3
MU,CostOfGoodsAndServicesSold,2011-03-04,2011-06-02,1661000000,2012-07-09,10-Q,Q3
MU,CostOfGoodsAndServicesSold,2010-09-03,2011-09-01,7030000000,2011-10-25,10-K,FY
MU,CostOfGoodsAndServicesSold,2010-09-03,2011-09-01,7030000000,2012-10-29,10-K,FY
MU,CostOfGoodsAndServicesSold,2010-09-03,2011-09-01,7030000000,2013-10-28,10-K,FY
MU,CostOfGoodsAndServicesSold,2010-09-03,2011-09-01,7030000000,2014-07-22,8-K,
MU,CostOfGoodsAndServicesSold,2011-09-02,2011-12-01,1785000000,2012-01-10,10-Q,Q1
MU,CostOfGoodsAndServicesSold,2011-09-02,2011-12-01,1785000000,2013-01-07,10-Q,Q1
MU,CostOfGoodsAndServicesSold,2011-09-02,2012-03-01,3584000000,2012-04-09,10-Q,Q2
MU,CostOfGoodsAndServicesSold,2011-09-02,2012-03-01,3584000000,2013-04-08,10-Q,Q2
MU,CostOfGoodsAndServicesSold,2011-12-02,2012-03-01,1799000000,2012-04-09,10-Q,Q2
MU,CostOfGoodsAndServicesSold,2011-12-02,2012-03-01,1799000000,2013-04-08,10-Q,Q2
MU,CostOfGoodsAndServicesSold,2011-09-02,2012-05-31,5522000000,2012-07-09,10-Q,Q3
MU,CostOfGoodsAndServicesSold,2011-09-02,2012-05-31,5522000000,2013-07-08,10-Q,Q3
MU,CostOfGoodsAndServicesSold,2012-03-02,2012-05-31,1938000000,2012-07-09,10-Q,Q3
MU,CostOfGoodsAndServicesSold,2012-03-02,2012-05-31,1938000000,2013-07-08,10-Q,Q3
MU,CostOfGoodsAndServicesSold,2011-09-02,2012-08-30,7266000000,2012-10-29,10-K,FY
MU,CostOfGoodsAndServicesSold,2011-09-02,2012-08-30,7266000000,2013-10-28,10-K,FY
MU,CostOfGoodsAndServicesSold,2011-09-02,2012-08-30,7266000000,2014-07-22,8-K,
MU,CostOfGoodsAndServicesSold,2011-09-02,2012-08-30,7266000000,2014-10-27,10-K,FY
MU,CostOfGoodsAndServicesSold,2012-08-31,2012-11-29,1617000000,2013-01-07,10-Q,Q1
MU,CostOfGoodsAndServicesSold,2012-08-31,2012-11-29,1617000000,2014-01-07,10-Q,Q1
MU,CostOfGoodsAndServicesSold,2012-08-31,2013-02-28,3329000000,2013-04-08,10-Q,Q2
MU,CostOfGoodsAndServicesSold,2012-08-31,2013-02-28,3329000000,2014-04-07,10-Q,Q2
MU,CostOfGoodsAndServicesSold,2012-11-30,2013-02-28,1712000000,2013-04-08,10-Q,Q2
MU,CostOfGoodsAndServicesSold,2012-11-30,2013-02-28,1712000000,2014-04-07,10-Q,Q2
MU,CostOfGoodsAndServicesSold,2012-08-31,2013-05-30,5091000000,2013-07-08,10-Q,Q3
MU,CostOfGoodsAndServicesSold,2012-08-31,2013-05-30,5091000000,2014-07-03,10-Q,Q3
MU,CostOfGoodsAndServicesSold,2013-03-01,2013-05-30,1762000000,2013-07-08,10-Q,Q3
MU,CostOfGoodsAndServicesSold,2013-03-01,2013-05-30,1762000000,2014-07-03,10-Q,Q3
MU,CostOfGoodsAndServicesSold,2012-08-31,2013-08-29,7226000000,2013-10-28,10-K,FY
MU,CostOfGoodsAndServicesSold,2012-08-31,2013-08-29,7226000000,2014-07-22,8-K,
MU,CostOfGoodsAndServicesSold,2012-08-31,2013-08-29,7226000000,2014-10-27,10-K,FY
MU,CostOfGoodsAndServicesSold,2012-08-31,2013-08-29,7226000000,2015-10-27,10-K,FY
MU,CostOfGoodsAndServicesSold,2013-08-30,2013-11-28,2761000000,2014-01-07,10-Q,Q1
MU,CostOfGoodsAndServicesSold,2013-08-30,2013-11-28,2761000000,2015-01-09,10-Q,Q1
MU,CostOfGoodsAndServicesSold,2013-08-30,2014-02-27,5465000000,2014-04-07,10-Q,Q2
MU,CostOfGoodsAndServicesSold,2013-08-30,2014-02-27,5465000000,2015-04-10,10-Q,Q2
MU,CostOfGoodsAndServicesSold,2013-11-29,2014-02-27,2704000000,2014-04-07,10-Q,Q2
MU,CostOfGoodsAndServicesSold,2013-11-29,2014-02-27,2704000000,2015-04-10,10-Q,Q2
MU,CostOfGoodsAndServicesSold,2013-08-30,2014-05-29,8079000000,2014-07-03,10-Q,Q3
MU,CostOfGoodsAndServicesSold,2013-08-30,2014-05-29,8079000000,2015-07-10,10-Q,Q3
MU,CostOfGoodsAndServicesSold,2014-02-28,2014-05-29,2614000000,2014-07-03,10-Q,Q3
MU,CostOfGoodsAndServicesSold,2014-02-28,2014-05-29,2614000000,2015-07-10,10-Q,Q3
MU,CostOfGoodsAndServicesSold,2013-08-30,2014-08-28,10921000000,2014-10-27,10-K,FY
MU,CostOfGoodsAndServicesSold,2013-08-30,2014-08-28,10921000000,2015-10-27,10-K,FY
MU,CostOfGoodsAndServicesSold,2013-08-30,2014-08-28,10921000000,2016-10-28,10-K,FY
MU,CostOfGoodsAndServicesSold,2013-08-30,2014-08-28,10921000000,2017-10-10,8-K,
MU,CostOfGoodsAndServicesSold,2014-08-29,2014-12-04,2935000000,2015-01-09,10-Q,Q1
MU,CostOfGoodsAndServicesSold,2014-08-29,2014-12-04,2935000000,2016-01-08,10-Q,Q1
MU,CostOfGoodsAndServicesSold,2014-08-29,2015-03-05,5696000000,2015-04-10,10-Q,Q2
MU,CostOfGoodsAndServicesSold,2014-08-29,2015-03-05,5696000000,2016-04-08,10-Q,Q2
MU,CostOfGoodsAndServicesSold,2014-12-05,2015-03-05,2761000000,2015-04-10,10-Q,Q2
MU,CostOfGoodsAndServicesSold,2014-12-05,2015-03-05,2761000000,2016-04-08,10-Q,Q2
MU,CostOfGoodsAndServicesSold,2014-08-29,2015-06-04,8347000000,2015-07-10,10-Q,Q3
MU,CostOfGoodsAndServicesSold,2014-08-29,2015-06-04,8347000000,2016-07-06,10-Q,Q3
MU,CostOfGoodsAndServicesSold,2015-03-06,2015-06-04,2651000000,2015-07-10,10-Q,Q3
MU,CostOfGoodsAndServicesSold,2015-03-06,2015-06-04,2651000000,2016-07-06,10-Q,Q3
MU,CostOfGoodsAndServicesSold,2014-08-29,2015-09-03,10977000000,2015-10-27,10-K,FY
MU,CostOfGoodsAndServicesSold,2014-08-29,2015-09-03,10977000000,2016-10-28,10-K,FY
MU,CostOfGoodsAndServicesSold,2014-08-29,2015-09-03,10977000000,2017-10-10,8-K,
MU,CostOfGoodsAndServicesSold,2014-08-29,2015-09-03,10977000000,2017-10-26,10-K,FY
MU,CostOfGoodsAndServicesSold,2015-09-04,2015-12-03,2501000000,2016-01-08,10-Q,Q1
MU,CostOfGoodsAndServicesSold,2015-09-04,2015-12-03,2501000000,2017-01-09,10-Q,Q1
MU,CostOfGoodsAndServicesSold,2015-09-04,2016-03-03,4856000000,2016-04-08,10-Q,Q2
MU,CostOfGoodsAndServicesSold,2015-09-04,2016-03-03,4856000000,2017-03-28,10-Q,Q2
MU,CostOfGoodsAndServicesSold,2015-12-04,2016-03-03,2355000000,2016-04-08,10-Q,Q2
MU,CostOfGoodsAndServicesSold,2015-12-04,2016-03-03,2355000000,2017-03-28,10-Q,Q2
MU,CostOfGoodsAndServicesSold,2015-09-04,2016-06-02,7256000000,2016-07-06,10-Q,Q3
MU,CostOfGoodsAndServicesSold,2015-09-04,2016-06-02,7256000000,2017-06-30,10-Q,Q3
MU,CostOfGoodsAndServicesSold,2016-03-04,2016-06-02,2400000000,2016-07-06,10-Q,Q3
MU,CostOfGoodsAndServicesSold,2016-03-04,2016-06-02,2400000000,2017-06-30,10-Q,Q3
MU,CostOfGoodsAndServicesSold,2015-09-04,2016-09-01,9894000000,2016-10-28,10-K,FY
MU,CostOfGoodsAndServicesSold,2015-09-04,2016-09-01,9894000000,2017-10-10,8-K,
MU,CostOfGoodsAndServicesSold,2015-09-04,2016-09-01,9894000000,2017-10-26,10-K,FY
MU,CostOfGoodsAndServicesSold,2015-09-04,2016-09-01,9894000000,2018-10-15,10-K,FY
MU,CostOfGoodsAndServicesSold,2016-09-02,2016-12-01,2959000000,2017-01-09,10-Q,Q1
MU,CostOfGoodsAndServicesSold,2016-09-02,2016-12-01,2959000000,2017-12-20,10-Q,Q1
MU,CostOfGoodsAndServicesSold,2016-09-02,2017-03-02,5903000000,2017-03-28,10-Q,Q2
MU,CostOfGoodsAndServicesSold,2016-09-02,2017-03-02,5903000000,2018-03-23,10-Q,Q2
MU,CostOfGoodsAndServicesSold,2016-12-02,2017-03-02,2944000000,2017-03-28,10-Q,Q2
MU,CostOfGoodsAndServicesSold,2016-12-02,2017-03-02,2944000000,2018-03-23,10-Q,Q2
MU,CostOfGoodsAndServicesSold,2016-09-02,2017-06-01,8860000000,2017-06-30,10-Q,Q3
MU,CostOfGoodsAndServicesSold,2016-09-02,2017-06-01,8860000000,2018-06-22,10-Q,Q3
MU,CostOfGoodsAndServicesSold,2017-03-03,2017-06-01,2957000000,2017-06-30,10-Q,Q3
MU,CostOfGoodsAndServicesSold,2017-03-03,2017-06-01,2957000000,2018-06-22,10-Q,Q3
MU,CostOfGoodsAndServicesSold,2016-09-02,2017-08-31,11886000000,2017-10-26,10-K,FY
MU,CostOfGoodsAndServicesSold,2016-09-02,2017-08-31,11886000000,2018-10-15,10-K,FY
MU,CostOfGoodsAndServicesSold,2016-09-02,2017-08-31,11886000000,2019-10-17,10-K,FY
MU,CostOfGoodsAndServicesSold,2017-09-01,2017-11-30,3056000000,2017-12-20,10-Q,Q1
MU,CostOfGoodsAndServicesSold,2017-09-01,2017-11-30,3056000000,2018-12-19,10-Q,Q1
MU,CostOfGoodsAndServicesSold,2017-09-01,2018-03-01,6137000000,2018-03-23,10-Q,Q2
MU,CostOfGoodsAndServicesSold,2017-09-01,2018-03-01,6137000000,2019-03-21,10-Q,Q2
MU,CostOfGoodsAndServicesSold,2017-12-01,2018-03-01,3081000000,2018-03-23,10-Q,Q2
MU,CostOfGoodsAndServicesSold,2017-12-01,2018-03-01,3081000000,2019-03-21,10-Q,Q2
MU,CostOfGoodsAndServicesSold,2017-09-01,2018-05-31,9211000000,2018-06-22,10-Q,Q3
MU,CostOfGoodsAndServicesSold,2017-09-01,2018-05-31,9211000000,2019-06-26,10-Q,Q3
MU,CostOfGoodsAndServicesSold,2018-03-02,2018-05-31,3074000000,2018-06-22,10-Q,Q3
MU,CostOfGoodsAndServicesSold,2018-03-02,2018-05-31,3074000000,2019-06-26,10-Q,Q3
MU,CostOfGoodsAndServicesSold,2017-09-01,2018-08-30,12500000000,2018-10-15,10-K,FY
MU,CostOfGoodsAndServicesSold,2017-09-01,2018-08-30,12500000000,2019-10-17,10-K,FY
MU,CostOfGoodsAndServicesSold,2017-09-01,2018-08-30,12500000000,2020-10-19,10-K,FY
MU,CostOfGoodsAndServicesSold,2018-08-31,2018-11-29,3298000000,2018-12-19,10-Q,Q1
MU,CostOfGoodsAndServicesSold,2018-08-31,2018-11-29,3298000000,2019-12-20,10-Q,Q1
MU,CostOfGoodsAndServicesSold,2018-08-31,2019-02-28,6269000000,2019-03-21,10-Q,Q2
MU,CostOfGoodsAndServicesSold,2018-08-31,2019-02-28,6269000000,2020-03-26,10-Q,Q2
MU,CostOfGoodsAndServicesSold,2018-11-30,2019-02-28,2971000000,2019-03-21,10-Q,Q2
MU,CostOfGoodsAndServicesSold,2018-11-30,2019-02-28,2971000000,2020-03-26,10-Q,Q2
MU,CostOfGoodsAndServicesSold,2018-08-31,2019-05-30,9229000000,2019-06-26,10-Q,Q3
MU,CostOfGoodsAndServicesSold,2018-08-31,2019-05-30,9229000000,2020-06-29,10-Q,Q3
MU,CostOfGoodsAndServicesSold,2019-03-01,2019-05-30,2960000000,2019-06-26,10-Q,Q3
MU,CostOfGoodsAndServicesSold,2019-03-01,2019-05-30,2960000000,2020-06-29,10-Q,Q3
MU,CostOfGoodsAndServicesSold,2018-08-31,2019-08-29,12704000000,2019-10-17,10-K,FY
MU,CostOfGoodsAndServicesSold,2018-08-31,2019-08-29,12704000000,2020-10-19,10-K,FY
MU,CostOfGoodsAndServicesSold,2018-08-31,2019-08-29,12704000000,2021-10-08,10-K,FY
MU,CostOfGoodsAndServicesSold,2019-08-30,2019-11-28,3778000000,2019-12-20,10-Q,Q1
MU,CostOfGoodsAndServicesSold,2019-08-30,2019-11-28,3778000000,2021-01-08,10-Q,Q1
MU,CostOfGoodsAndServicesSold,2019-08-30,2020-02-27,7220000000,2020-03-26,10-Q,Q2
MU,CostOfGoodsAndServicesSold,2019-08-30,2020-02-27,7220000000,2021-04-01,10-Q,Q2
MU,CostOfGoodsAndServicesSold,2019-11-29,2020-02-27,3442000000,2020-03-26,10-Q,Q2
MU,CostOfGoodsAndServicesSold,2019-11-29,2020-02-27,3442000000,2021-04-01,10-Q,Q2
MU,CostOfGoodsAndServicesSold,2019-08-30,2020-05-28,10895000000,2020-06-29,10-Q,Q3
MU,CostOfGoodsAndServicesSold,2019-08-30,2020-05-28,10895000000,2021-07-01,10-Q,Q3
MU,CostOfGoodsAndServicesSold,2020-02-28,2020-05-28,3675000000,2020-06-29,10-Q,Q3
MU,CostOfGoodsAndServicesSold,2020-02-28,2020-05-28,3675000000,2021-07-01,10-Q,Q3
MU,CostOfGoodsAndServicesSold,2019-08-30,2020-09-03,14883000000,2020-10-19,10-K,FY
MU,CostOfGoodsAndServicesSold,2019-08-30,2020-09-03,14883000000,2021-10-08,10-K,FY
MU,CostOfGoodsAndServicesSold,2019-08-30,2020-09-03,14883000000,2022-10-07,10-K,FY
MU,CostOfGoodsAndServicesSold,2020-09-04,2020-12-03,4037000000,2021-01-08,10-Q,Q1
MU,CostOfGoodsAndServicesSold,2020-09-04,2020-12-03,4037000000,2022-01-06,10-Q,Q1
MU,CostOfGoodsAndServicesSold,2020-09-04,2021-03-04,8624000000,2021-04-01,10-Q,Q2
MU,CostOfGoodsAndServicesSold,2020-09-04,2021-03-04,8624000000,2022-03-30,10-Q,Q2
MU,CostOfGoodsAndServicesSold,2020-12-04,2021-03-04,4587000000,2021-04-01,10-Q,Q2
MU,CostOfGoodsAndServicesSold,2020-12-04,2021-03-04,4587000000,2022-03-30,10-Q,Q2
MU,CostOfGoodsAndServicesSold,2020-09-04,2021-06-03,12920000000,2021-07-01,10-Q,Q3
MU,CostOfGoodsAndServicesSold,2020-09-04,2021-06-03,12920000000,2022-07-01,10-Q,Q3
MU,CostOfGoodsAndServicesSold,2021-03-05,2021-06-03,4296000000,2021-07-01,10-Q,Q3
MU,CostOfGoodsAndServicesSold,2021-03-05,2021-06-03,4296000000,2022-07-01,10-Q,Q3
MU,CostOfGoodsAndServicesSold,2020-09-04,2021-09-02,17282000000,2021-10-08,10-K,FY
MU,CostOfGoodsAndServicesSold,2020-09-04,2021-09-02,17282000000,2022-10-07,10-K,FY
MU,CostOfGoodsAndServicesSold,2020-09-04,2021-09-02,17282000000,2023-10-06,10-K,FY
MU,CostOfGoodsAndServicesSold,2021-09-03,2021-12-02,4122000000,2022-01-06,10-Q,Q1
MU,CostOfGoodsAndServicesSold,2021-09-03,2021-12-02,4122000000,2022-12-22,10-Q,Q1
MU,CostOfGoodsAndServicesSold,2021-09-03,2022-03-03,8232000000,2022-03-30,10-Q,Q2
MU,CostOfGoodsAndServicesSold,2021-09-03,2022-03-03,8232000000,2023-03-29,10-Q,Q2
MU,CostOfGoodsAndServicesSold,2021-12-03,2022-03-03,4110000000,2022-03-30,10-Q,Q2
MU,CostOfGoodsAndServicesSold,2021-12-03,2022-03-03,4110000000,2023-03-29,10-Q,Q2
MU,CostOfGoodsAndServicesSold,2021-09-03,2022-06-02,12839000000,2022-07-01,10-Q,Q3
MU,CostOfGoodsAndServicesSold,2021-09-03,2022-06-02,12839000000,2023-06-29,10-Q,Q3
MU,CostOfGoodsAndServicesSold,2022-03-04,2022-06-02,4607000000,2022-07-01,10-Q,Q3
MU,CostOfGoodsAndServicesSold,2022-03-04,2022-06-02,4607000000,2023-06-29,10-Q,Q3
MU,CostOfGoodsAndServicesSold,2021-09-03,2022-09-01,16860000000,2022-10-07,10-K,FY
MU,CostOfGoodsAndServicesSold,2021-09-03,2022-09-01,16860000000,2023-10-06,10-K,FY
MU,CostOfGoodsAndServicesSold,2021-09-03,2022-09-01,16860000000,2024-10-04,10-K,FY
MU,CostOfGoodsAndServicesSold,2022-09-02,2022-12-01,3192000000,2022-12-22,10-Q,Q1
MU,CostOfGoodsAndServicesSold,2022-09-02,2022-12-01,3192000000,2023-12-21,10-Q,Q1
MU,CostOfGoodsAndServicesSold,2022-09-02,2023-03-02,8091000000,2023-03-29,10-Q,Q2
MU,CostOfGoodsAndServicesSold,2022-09-02,2023-03-02,8091000000,2024-03-21,10-Q,Q2
MU,CostOfGoodsAndServicesSold,2022-12-02,2023-03-02,4899000000,2023-03-29,10-Q,Q2
MU,CostOfGoodsAndServicesSold,2022-12-02,2023-03-02,4899000000,2024-03-21,10-Q,Q2
MU,CostOfGoodsAndServicesSold,2022-09-02,2023-06-01,12511000000,2023-06-29,10-Q,Q3
MU,CostOfGoodsAndServicesSold,2022-09-02,2023-06-01,12511000000,2024-06-27,10-Q,Q3
MU,CostOfGoodsAndServicesSold,2023-03-03,2023-06-01,4420000000,2023-06-29,10-Q,Q3
MU,CostOfGoodsAndServicesSold,2023-03-03,2023-06-01,4420000000,2024-06-27,10-Q,Q3
MU,CostOfGoodsAndServicesSold,2022-09-02,2023-08-31,16956000000,2023-10-06,10-K,FY
MU,CostOfGoodsAndServicesSold,2022-09-02,2023-08-31,16956000000,2024-10-04,10-K,FY
MU,CostOfGoodsAndServicesSold,2022-09-02,2023-08-31,16956000000,2025-10-03,10-K,FY
MU,CostOfGoodsAndServicesSold,2023-09-01,2023-11-30,4761000000,2023-12-21,10-Q,Q1
MU,CostOfGoodsAndServicesSold,2023-09-01,2023-11-30,4761000000,2024-12-19,10-Q,Q1
MU,CostOfGoodsAndServicesSold,2023-09-01,2024-02-29,9506000000,2024-03-21,10-Q,Q2
MU,CostOfGoodsAndServicesSold,2023-09-01,2024-02-29,9506000000,2025-03-21,10-Q,Q2
MU,CostOfGoodsAndServicesSold,2023-12-01,2024-02-29,4745000000,2024-03-21,10-Q,Q2
MU,CostOfGoodsAndServicesSold,2023-12-01,2024-02-29,4745000000,2025-03-21,10-Q,Q2
MU,CostOfGoodsAndServicesSold,2023-09-01,2024-05-30,14485000000,2024-06-27,10-Q,Q3
MU,CostOfGoodsAndServicesSold,2023-09-01,2024-05-30,14485000000,2025-06-26,10-Q,Q3
MU,CostOfGoodsAndServicesSold,2024-03-01,2024-05-30,4979000000,2024-06-27,10-Q,Q3
MU,CostOfGoodsAndServicesSold,2024-03-01,2024-05-30,4979000000,2025-06-26,10-Q,Q3
MU,CostOfGoodsAndServicesSold,2023-09-01,2024-08-29,19498000000,2024-10-04,10-K,FY
MU,CostOfGoodsAndServicesSold,2023-09-01,2024-08-29,19498000000,2025-10-03,10-K,FY
MU,CostOfGoodsAndServicesSold,2024-08-30,2024-11-28,5361000000,2024-12-19,10-Q,Q1
MU,CostOfGoodsAndServicesSold,2024-08-30,2024-11-28,5361000000,2025-12-18,10-Q,Q1
MU,CostOfGoodsAndServicesSold,2024-08-30,2025-02-27,10451000000,2025-03-21,10-Q,Q2
MU,CostOfGoodsAndServicesSold,2024-08-30,2025-02-27,10451000000,2026-03-19,10-Q,Q2
MU,CostOfGoodsAndServicesSold,2024-11-29,2025-02-27,5090000000,2025-03-21,10-Q,Q2
MU,CostOfGoodsAndServicesSold,2024-11-29,2025-02-27,5090000000,2026-03-19,10-Q,Q2
MU,CostOfGoodsAndServicesSold,2024-08-30,2025-05-29,16244000000,2025-06-26,10-Q,Q3
MU,CostOfGoodsAndServicesSold,2024-08-30,2025-05-29,16244000000,2026-06-25,10-Q,Q3
MU,CostOfGoodsAndServicesSold,2025-02-28,2025-05-29,5793000000,2025-06-26,10-Q,Q3
MU,CostOfGoodsAndServicesSold,2025-02-28,2025-05-29,5793000000,2026-06-25,10-Q,Q3
MU,CostOfGoodsAndServicesSold,2024-08-30,2025-08-28,22505000000,2025-10-03,10-K,FY
MU,CostOfGoodsAndServicesSold,2025-08-29,2025-11-27,5997000000,2025-12-18,10-Q,Q1
MU,CostOfGoodsAndServicesSold,2025-08-29,2026-02-26,12102000000,2026-03-19,10-Q,Q2
MU,CostOfGoodsAndServicesSold,2025-11-28,2026-02-26,6105000000,2026-03-19,10-Q,Q2
MU,CostOfGoodsAndServicesSold,2025-08-29,2026-05-28,18502000000,2026-06-25,10-Q,Q3
MU,CostOfGoodsAndServicesSold,2026-02-27,2026-05-28,6400000000,2026-06-25,10-Q,Q3
MU,Revenues,2015-09-04,2016-09-01,12399000000,2018-10-15,10-K,FY
MU,Revenues,2016-09-02,2016-12-01,3970000000,2018-10-15,10-K,FY
MU,Revenues,2016-12-02,2017-03-02,4648000000,2018-10-15,10-K,FY
MU,Revenues,2017-03-03,2017-06-01,5566000000,2018-10-15,10-K,FY
MU,Revenues,2016-09-02,2017-08-31,20322000000,2018-10-15,10-K,FY
MU,Revenues,2017-06-02,2017-08-31,6138000000,2018-10-15,10-K,FY
MU,Revenues,2017-09-01,2017-11-30,6803000000,2018-10-15,10-K,FY
MU,Revenues,2017-12-01,2018-03-01,7351000000,2018-10-15,10-K,FY
MU,Revenues,2018-03-02,2018-05-31,7797000000,2018-10-15,10-K,FY
MU,Revenues,2017-09-01,2018-08-30,30391000000,2018-10-15,10-K,FY
MU,Revenues,2018-06-01,2018-08-30,8440000000,2018-10-15,10-K,FY
MU,RevenueFromContractWithCustomerExcludingAssessedTax,2016-09-02,2017-08-31,20322000000,2019-10-17,10-K,FY
MU,RevenueFromContractWithCustomerExcludingAssessedTax,2017-09-01,2017-11-30,6803000000,2018-12-19,10-Q,Q1
MU,RevenueFromContractWithCustomerExcludingAssessedTax,2017-09-01,2017-11-30,6803000000,2019-10-17,10-K,FY
MU,RevenueFromContractWithCustomerExcludingAssessedTax,2017-09-01,2018-03-01,14154000000,2019-03-21,10-Q,Q2
MU,RevenueFromContractWithCustomerExcludingAssessedTax,2017-12-01,2018-03-01,7351000000,2019-03-21,10-Q,Q2
MU,RevenueFromContractWithCustomerExcludingAssessedTax,2017-12-01,2018-03-01,7351000000,2019-10-17,10-K,FY
MU,RevenueFromContractWithCustomerExcludingAssessedTax,2017-09-01,2018-05-31,21951000000,2019-06-26,10-Q,Q3
MU,RevenueFromContractWithCustomerExcludingAssessedTax,2018-03-02,2018-05-31,7797000000,2019-06-26,10-Q,Q3
MU,RevenueFromContractWithCustomerExcludingAssessedTax,2018-03-02,2018-05-31,7797000000,2019-10-17,10-K,FY
MU,RevenueFromContractWithCustomerExcludingAssessedTax,2017-09-01,2018-08-30,30391000000,2019-10-17,10-K,FY
MU,RevenueFromContractWithCustomerExcludingAssessedTax,2017-09-01,2018-08-30,30391000000,2020-10-19,10-K,FY
MU,RevenueFromContractWithCustomerExcludingAssessedTax,2018-06-01,2018-08-30,8440000000,2019-10-17,10-K,FY
MU,RevenueFromContractWithCustomerExcludingAssessedTax,2018-08-31,2018-11-29,7913000000,2018-12-19,10-Q,Q1
MU,RevenueFromContractWithCustomerExcludingAssessedTax,2018-08-31,2018-11-29,7913000000,2019-10-17,10-K,FY
MU,RevenueFromContractWithCustomerExcludingAssessedTax,2018-08-31,2018-11-29,7913000000,2019-12-20,10-Q,Q1
MU,RevenueFromContractWithCustomerExcludingAssessedTax,2018-08-31,2018-11-29,7913000000,2020-10-19,10-K,FY
MU,RevenueFromContractWithCustomerExcludingAssessedTax,2018-08-31,2019-02-28,13748000000,2019-03-21,10-Q,Q2
MU,RevenueFromContractWithCustomerExcludingAssessedTax,2018-08-31,2019-02-28,13748000000,2020-03-26,10-Q,Q2
MU,RevenueFromContractWithCustomerExcludingAssessedTax,2018-11-30,2019-02-28,5835000000,2019-03-21,10-Q,Q2
MU,RevenueFromContractWithCustomerExcludingAssessedTax,2018-11-30,2019-02-28,5835000000,2019-10-17,10-K,FY
MU,RevenueFromContractWithCustomerExcludingAssessedTax,2018-11-30,2019-02-28,5835000000,2020-03-26,10-Q,Q2
MU,RevenueFromContractWithCustomerExcludingAssessedTax,2018-11-30,2019-02-28,5835000000,2020-10-19,10-K,FY
MU,RevenueFromContractWithCustomerExcludingAssessedTax,2018-08-31,2019-05-30,18536000000,2019-06-26,10-Q,Q3
MU,RevenueFromContractWithCustomerExcludingAssessedTax,2018-08-31,2019-05-30,18536000000,2020-06-29,10-Q,Q3
MU,RevenueFromContractWithCustomerExcludingAssessedTax,2019-03-01,2019-05-30,4788000000,2019-06-26,10-Q,Q3
MU,RevenueFromContractWithCustomerExcludingAssessedTax,2019-03-01,2019-05-30,4788000000,2019-10-17,10-K,FY
MU,RevenueFromContractWithCustomerExcludingAssessedTax,2019-03-01,2019-05-30,4788000000,2020-06-29,10-Q,Q3
MU,RevenueFromContractWithCustomerExcludingAssessedTax,2019-03-01,2019-05-30,4788000000,2020-10-19,10-K,FY
MU,RevenueFromContractWithCustomerExcludingAssessedTax,2018-08-31,2019-08-29,23406000000,2019-10-17,10-K,FY
MU,RevenueFromContractWithCustomerExcludingAssessedTax,2018-08-31,2019-08-29,23406000000,2020-10-19,10-K,FY
MU,RevenueFromContractWithCustomerExcludingAssessedTax,2018-08-31,2019-08-29,23406000000,2021-10-08,10-K,FY
MU,RevenueFromContractWithCustomerExcludingAssessedTax,2019-05-31,2019-08-29,4870000000,2019-10-17,10-K,FY
MU,RevenueFromContractWithCustomerExcludingAssessedTax,2019-05-31,2019-08-29,4870000000,2020-10-19,10-K,FY
MU,RevenueFromContractWithCustomerExcludingAssessedTax,2019-08-30,2019-11-28,5144000000,2019-12-20,10-Q,Q1
MU,RevenueFromContractWithCustomerExcludingAssessedTax,2019-08-30,2019-11-28,5144000000,2020-10-19,10-K,FY
MU,RevenueFromContractWithCustomerExcludingAssessedTax,2019-08-30,2019-11-28,5144000000,2021-01-08,10-Q,Q1
MU,RevenueFromContractWithCustomerExcludingAssessedTax,2019-08-30,2020-02-27,9941000000,2020-03-26,10-Q,Q2
MU,RevenueFromContractWithCustomerExcludingAssessedTax,2019-08-30,2020-02-27,9941000000,2021-04-01,10-Q,Q2
MU,RevenueFromContractWithCustomerExcludingAssessedTax,2019-11-29,2020-02-27,4797000000,2020-03-26,10-Q,Q2
MU,RevenueFromContractWithCustomerExcludingAssessedTax,2019-11-29,2020-02-27,4797000000,2020-10-19,10-K,FY
MU,RevenueFromContractWithCustomerExcludingAssessedTax,2019-11-29,2020-02-27,4797000000,2021-04-01,10-Q,Q2
MU,RevenueFromContractWithCustomerExcludingAssessedTax,2019-08-30,2020-05-28,15379000000,2020-06-29,10-Q,Q3
MU,RevenueFromContractWithCustomerExcludingAssessedTax,2019-08-30,2020-05-28,15379000000,2021-07-01,10-Q,Q3
MU,RevenueFromContractWithCustomerExcludingAssessedTax,2020-02-28,2020-05-28,5438000000,2020-06-29,10-Q,Q3
MU,RevenueFromContractWithCustomerExcludingAssessedTax,2020-02-28,2020-05-28,5438000000,2020-10-19,10-K,FY
MU,RevenueFromContractWithCustomerExcludingAssessedTax,2020-02-28,2020-05-28,5438000000,2021-07-01,10-Q,Q3
MU,RevenueFromContractWithCustomerExcludingAssessedTax,2019-08-30,2020-09-03,21435000000,2020-10-19,10-K,FY
MU,RevenueFromContractWithCustomerExcludingAssessedTax,2019-08-30,2020-09-03,21435000000,2021-10-08,10-K,FY
MU,RevenueFromContractWithCustomerExcludingAssessedTax,2019-08-30,2020-09-03,21435000000,2022-10-07,10-K,FY
MU,RevenueFromContractWithCustomerExcludingAssessedTax,2020-05-29,2020-09-03,6056000000,2020-10-19,10-K,FY
MU,RevenueFromContractWithCustomerExcludingAssessedTax,2020-09-04,2020-12-03,5773000000,2021-01-08,10-Q,Q1
MU,RevenueFromContractWithCustomerExcludingAssessedTax,2020-09-04,2020-12-03,5773000000,2022-01-06,10-Q,Q1
MU,RevenueFromContractWithCustomerExcludingAssessedTax,2020-09-04,2021-03-04,12009000000,2021-04-01,10-Q,Q2
MU,RevenueFromContractWithCustomerExcludingAssessedTax,2020-09-04,2021-03-04,12009000000,2022-03-30,10-Q,Q2
MU,RevenueFromContractWithCustomerExcludingAssessedTax,2020-12-04,2021-03-04,6236000000,2021-04-01,10-Q,Q2
MU,RevenueFromContractWithCustomerExcludingAssessedTax,2020-12-04,2021-03-04,6236000000,2022-03-30,10-Q,Q2
MU,RevenueFromContractWithCustomerExcludingAssessedTax,2020-09-04,2021-06-03,19431000000,2021-07-01,10-Q,Q3
MU,RevenueFromContractWithCustomerExcludingAssessedTax,2020-09-04,2021-06-03,19431000000,2022-07-01,10-Q,Q3
MU,RevenueFromContractWithCustomerExcludingAssessedTax,2021-03-05,2021-06-03,7422000000,2021-07-01,10-Q,Q3
MU,RevenueFromContractWithCustomerExcludingAssessedTax,2021-03-05,2021-06-03,7422000000,2022-07-01,10-Q,Q3
MU,RevenueFromContractWithCustomerExcludingAssessedTax,2020-09-04,2021-09-02,27705000000,2021-10-08,10-K,FY
MU,RevenueFromContractWithCustomerExcludingAssessedTax,2020-09-04,2021-09-02,27705000000,2022-10-07,10-K,FY
MU,RevenueFromContractWithCustomerExcludingAssessedTax,2020-09-04,2021-09-02,27705000000,2023-10-06,10-K,FY
MU,RevenueFromContractWithCustomerExcludingAssessedTax,2021-09-03,2021-12-02,7687000000,2022-01-06,10-Q,Q1
MU,RevenueFromContractWithCustomerExcludingAssessedTax,2021-09-03,2021-12-02,7687000000,2022-12-22,10-Q,Q1
MU,RevenueFromContractWithCustomerExcludingAssessedTax,2021-09-03,2022-03-03,15473000000,2022-03-30,10-Q,Q2
MU,RevenueFromContractWithCustomerExcludingAssessedTax,2021-09-03,2022-03-03,15473000000,2023-03-29,10-Q,Q2
MU,RevenueFromContractWithCustomerExcludingAssessedTax,2021-12-03,2022-03-03,7786000000,2022-03-30,10-Q,Q2
MU,RevenueFromContractWithCustomerExcludingAssessedTax,2021-12-03,2022-03-03,7786000000,2023-03-29,10-Q,Q2
MU,RevenueFromContractWithCustomerExcludingAssessedTax,2021-09-03,2022-06-02,24115000000,2022-07-01,10-Q,Q3
MU,RevenueFromContractWithCustomerExcludingAssessedTax,2021-09-03,2022-06-02,24115000000,2023-06-29,10-Q,Q3
MU,RevenueFromContractWithCustomerExcludingAssessedTax,2022-03-04,2022-06-02,8642000000,2022-07-01,10-Q,Q3
MU,RevenueFromContractWithCustomerExcludingAssessedTax,2022-03-04,2022-06-02,8642000000,2023-06-29,10-Q,Q3
MU,RevenueFromContractWithCustomerExcludingAssessedTax,2021-09-03,2022-09-01,30758000000,2022-10-07,10-K,FY
MU,RevenueFromContractWithCustomerExcludingAssessedTax,2021-09-03,2022-09-01,30758000000,2023-10-06,10-K,FY
MU,RevenueFromContractWithCustomerExcludingAssessedTax,2021-09-03,2022-09-01,30758000000,2024-10-04,10-K,FY
MU,RevenueFromContractWithCustomerExcludingAssessedTax,2022-09-02,2022-12-01,4085000000,2022-12-22,10-Q,Q1
MU,RevenueFromContractWithCustomerExcludingAssessedTax,2022-09-02,2022-12-01,4085000000,2023-12-21,10-Q,Q1
MU,RevenueFromContractWithCustomerExcludingAssessedTax,2022-09-02,2023-03-02,7778000000,2023-03-29,10-Q,Q2
MU,RevenueFromContractWithCustomerExcludingAssessedTax,2022-09-02,2023-03-02,7778000000,2024-03-21,10-Q,Q2
MU,RevenueFromContractWithCustomerExcludingAssessedTax,2022-12-02,2023-03-02,3693000000,2023-03-29,10-Q,Q2
MU,RevenueFromContractWithCustomerExcludingAssessedTax,2022-12-02,2023-03-02,3693000000,2024-03-21,10-Q,Q2
MU,RevenueFromContractWithCustomerExcludingAssessedTax,2022-09-02,2023-06-01,11530000000,2023-06-29,10-Q,Q3
MU,RevenueFromContractWithCustomerExcludingAssessedTax,2022-09-02,2023-06-01,11530000000,2024-06-27,10-Q,Q3
MU,RevenueFromContractWithCustomerExcludingAssessedTax,2023-03-03,2023-06-01,3752000000,2023-06-29,10-Q,Q3
MU,RevenueFromContractWithCustomerExcludingAssessedTax,2023-03-03,2023-06-01,3752000000,2024-06-27,10-Q,Q3
MU,RevenueFromContractWithCustomerExcludingAssessedTax,2022-09-02,2023-08-31,15540000000,2023-10-06,10-K,FY
MU,RevenueFromContractWithCustomerExcludingAssessedTax,2022-09-02,2023-08-31,15540000000,2024-10-04,10-K,FY
MU,RevenueFromContractWithCustomerExcludingAssessedTax,2022-09-02,2023-08-31,15540000000,2025-10-03,10-K,FY
MU,RevenueFromContractWithCustomerExcludingAssessedTax,2023-09-01,2023-11-30,4726000000,2023-12-21,10-Q,Q1
MU,RevenueFromContractWithCustomerExcludingAssessedTax,2023-09-01,2023-11-30,4726000000,2024-12-19,10-Q,Q1
MU,RevenueFromContractWithCustomerExcludingAssessedTax,2023-09-01,2024-02-29,10550000000,2024-03-21,10-Q,Q2
MU,RevenueFromContractWithCustomerExcludingAssessedTax,2023-09-01,2024-02-29,10550000000,2025-03-21,10-Q,Q2
MU,RevenueFromContractWithCustomerExcludingAssessedTax,2023-12-01,2024-02-29,5824000000,2024-03-21,10-Q,Q2
MU,RevenueFromContractWithCustomerExcludingAssessedTax,2023-12-01,2024-02-29,5824000000,2025-03-21,10-Q,Q2
MU,RevenueFromContractWithCustomerExcludingAssessedTax,2023-09-01,2024-05-30,17361000000,2024-06-27,10-Q,Q3
MU,RevenueFromContractWithCustomerExcludingAssessedTax,2023-09-01,2024-05-30,17361000000,2025-06-26,10-Q,Q3
MU,RevenueFromContractWithCustomerExcludingAssessedTax,2024-03-01,2024-05-30,6811000000,2024-06-27,10-Q,Q3
MU,RevenueFromContractWithCustomerExcludingAssessedTax,2024-03-01,2024-05-30,6811000000,2025-06-26,10-Q,Q3
MU,RevenueFromContractWithCustomerExcludingAssessedTax,2023-09-01,2024-08-29,25111000000,2024-10-04,10-K,FY
MU,RevenueFromContractWithCustomerExcludingAssessedTax,2023-09-01,2024-08-29,25111000000,2025-10-03,10-K,FY
MU,RevenueFromContractWithCustomerExcludingAssessedTax,2024-08-30,2024-11-28,8709000000,2024-12-19,10-Q,Q1
MU,RevenueFromContractWithCustomerExcludingAssessedTax,2024-08-30,2024-11-28,8709000000,2025-12-18,10-Q,Q1
MU,RevenueFromContractWithCustomerExcludingAssessedTax,2024-08-30,2025-02-27,16762000000,2025-03-21,10-Q,Q2
MU,RevenueFromContractWithCustomerExcludingAssessedTax,2024-08-30,2025-02-27,16762000000,2026-03-19,10-Q,Q2
MU,RevenueFromContractWithCustomerExcludingAssessedTax,2024-11-29,2025-02-27,8053000000,2025-03-21,10-Q,Q2
MU,RevenueFromContractWithCustomerExcludingAssessedTax,2024-11-29,2025-02-27,8053000000,2026-03-19,10-Q,Q2
MU,RevenueFromContractWithCustomerExcludingAssessedTax,2024-08-30,2025-05-29,26063000000,2025-06-26,10-Q,Q3
MU,RevenueFromContractWithCustomerExcludingAssessedTax,2024-08-30,2025-05-29,26063000000,2026-06-25,10-Q,Q3
MU,RevenueFromContractWithCustomerExcludingAssessedTax,2025-02-28,2025-05-29,9301000000,2025-06-26,10-Q,Q3
MU,RevenueFromContractWithCustomerExcludingAssessedTax,2025-02-28,2025-05-29,9301000000,2026-06-25,10-Q,Q3
MU,RevenueFromContractWithCustomerExcludingAssessedTax,2024-08-30,2025-08-28,37378000000,2025-10-03,10-K,FY
MU,RevenueFromContractWithCustomerExcludingAssessedTax,2025-08-29,2025-11-27,13643000000,2025-12-18,10-Q,Q1
MU,RevenueFromContractWithCustomerExcludingAssessedTax,2025-08-29,2026-02-26,37503000000,2026-03-19,10-Q,Q2
MU,RevenueFromContractWithCustomerExcludingAssessedTax,2025-11-28,2026-02-26,23860000000,2026-03-19,10-Q,Q2
MU,RevenueFromContractWithCustomerExcludingAssessedTax,2025-08-29,2026-05-28,78959000000,2026-06-25,10-Q,Q3
MU,RevenueFromContractWithCustomerExcludingAssessedTax,2026-02-27,2026-05-28,41456000000,2026-06-25,10-Q,Q3
MU,RevenueRemainingPerformanceObligation,,2020-05-28,600000000,2020-06-29,10-Q,Q3
MU,RevenueRemainingPerformanceObligation,,2020-09-03,498000000,2020-10-19,10-K,FY
MU,RevenueRemainingPerformanceObligation,,2020-12-03,413000000,2021-01-08,10-Q,Q1
MU,RevenueRemainingPerformanceObligation,,2021-03-04,291000000,2021-04-01,10-Q,Q2
MU,RevenueRemainingPerformanceObligation,,2021-06-03,229000000,2021-07-01,10-Q,Q3
MU,RevenueRemainingPerformanceObligation,,2026-05-28,5000000000,2026-06-25,10-Q,Q3
WDC,PaymentsToAcquirePropertyPlantAndEquipment,2007-06-30,2008-06-27,615000000,2010-08-13,10-K,FY
WDC,PaymentsToAcquirePropertyPlantAndEquipment,2008-06-28,2009-07-03,519000000,2010-08-13,10-K,FY
WDC,PaymentsToAcquirePropertyPlantAndEquipment,2008-06-28,2009-07-03,519000000,2011-08-12,10-K,FY
WDC,PaymentsToAcquirePropertyPlantAndEquipment,2009-07-04,2009-10-02,176000000,2010-10-29,10-Q,Q1
WDC,PaymentsToAcquirePropertyPlantAndEquipment,2009-07-04,2010-01-01,375000000,2011-01-28,10-Q,Q2
WDC,PaymentsToAcquirePropertyPlantAndEquipment,2009-07-04,2010-04-02,552000000,2011-05-02,10-Q,Q3
WDC,PaymentsToAcquirePropertyPlantAndEquipment,2009-07-04,2010-07-02,737000000,2010-08-13,10-K,FY
WDC,PaymentsToAcquirePropertyPlantAndEquipment,2009-07-04,2010-07-02,737000000,2011-08-12,10-K,FY
WDC,PaymentsToAcquirePropertyPlantAndEquipment,2009-07-04,2010-07-02,737000000,2012-08-20,10-K,FY
WDC,PaymentsToAcquirePropertyPlantAndEquipment,2010-07-03,2010-10-01,200000000,2010-10-29,10-Q,Q1
WDC,PaymentsToAcquirePropertyPlantAndEquipment,2010-07-03,2010-10-01,200000000,2011-10-28,10-Q,Q1
WDC,PaymentsToAcquirePropertyPlantAndEquipment,2010-07-03,2010-12-31,450000000,2011-01-28,10-Q,Q2
WDC,PaymentsToAcquirePropertyPlantAndEquipment,2010-07-03,2010-12-31,450000000,2012-01-27,10-Q,Q2
WDC,PaymentsToAcquirePropertyPlantAndEquipment,2010-07-03,2011-04-01,625000000,2011-05-02,10-Q,Q3
WDC,PaymentsToAcquirePropertyPlantAndEquipment,2010-07-03,2011-04-01,625000000,2012-05-09,10-Q,Q3
WDC,PaymentsToAcquirePropertyPlantAndEquipment,2010-07-03,2011-07-01,778000000,2011-08-12,10-K,FY
WDC,PaymentsToAcquirePropertyPlantAndEquipment,2010-07-03,2011-07-01,778000000,2012-08-20,10-K,FY
WDC,PaymentsToAcquirePropertyPlantAndEquipment,2010-07-03,2011-07-01,778000000,2013-08-19,10-K,FY
WDC,PaymentsToAcquirePropertyPlantAndEquipment,2011-07-01,2011-09-30,134000000,2012-11-02,10-Q,Q1
WDC,PaymentsToAcquirePropertyPlantAndEquipment,2011-07-02,2011-09-30,134000000,2011-10-28,10-Q,Q1
WDC,PaymentsToAcquirePropertyPlantAndEquipment,2011-07-01,2011-12-30,253000000,2013-02-01,10-Q,Q2
WDC,PaymentsToAcquirePropertyPlantAndEquipment,2011-07-02,2011-12-30,253000000,2012-01-27,10-Q,Q2
WDC,PaymentsToAcquirePropertyPlantAndEquipment,2011-07-01,2012-03-30,393000000,2013-05-03,10-Q,Q3
WDC,PaymentsToAcquirePropertyPlantAndEquipment,2011-07-02,2012-03-30,393000000,2012-05-09,10-Q,Q3
WDC,PaymentsToAcquirePropertyPlantAndEquipment,2011-07-02,2012-06-29,717000000,2012-08-20,10-K,FY
WDC,PaymentsToAcquirePropertyPlantAndEquipment,2011-07-02,2012-06-29,717000000,2013-08-19,10-K,FY
WDC,PaymentsToAcquirePropertyPlantAndEquipment,2011-07-02,2012-06-29,717000000,2014-08-15,10-K,FY
WDC,PaymentsToAcquirePropertyPlantAndEquipment,2012-06-30,2012-09-28,382000000,2012-11-02,10-Q,Q1
WDC,PaymentsToAcquirePropertyPlantAndEquipment,2012-07-01,2012-09-28,382000000,2013-10-29,10-Q,Q1
WDC,PaymentsToAcquirePropertyPlantAndEquipment,2012-06-30,2012-12-28,628000000,2013-02-01,10-Q,Q2
WDC,PaymentsToAcquirePropertyPlantAndEquipment,2012-06-30,2012-12-28,628000000,2014-01-31,10-Q,Q2
WDC,PaymentsToAcquirePropertyPlantAndEquipment,2012-06-30,2013-03-29,816000000,2013-05-03,10-Q,Q3
WDC,PaymentsToAcquirePropertyPlantAndEquipment,2012-06-30,2013-03-29,816000000,2014-05-05,10-Q,Q3
WDC,PaymentsToAcquirePropertyPlantAndEquipment,2012-06-30,2013-06-28,952000000,2013-08-19,10-K,FY
WDC,PaymentsToAcquirePropertyPlantAndEquipment,2012-06-30,2013-06-28,952000000,2014-08-15,10-K,FY
WDC,PaymentsToAcquirePropertyPlantAndEquipment,2012-06-30,2013-06-28,952000000,2015-08-21,10-K,FY
WDC,PaymentsToAcquirePropertyPlantAndEquipment,2013-06-29,2013-09-27,136000000,2014-11-04,10-Q,Q1
WDC,PaymentsToAcquirePropertyPlantAndEquipment,2013-06-30,2013-09-27,136000000,2013-10-29,10-Q,Q1
WDC,PaymentsToAcquirePropertyPlantAndEquipment,2013-06-29,2013-12-27,306000000,2014-01-31,10-Q,Q2
WDC,PaymentsToAcquirePropertyPlantAndEquipment,2013-06-29,2013-12-27,306000000,2015-02-10,10-Q,Q2
WDC,PaymentsToAcquirePropertyPlantAndEquipment,2013-06-29,2014-03-28,467000000,2014-05-05,10-Q,Q3
WDC,PaymentsToAcquirePropertyPlantAndEquipment,2013-06-29,2014-03-28,467000000,2015-05-12,10-Q,Q3
WDC,PaymentsToAcquirePropertyPlantAndEquipment,2013-06-29,2014-06-27,628000000,2014-08-15,10-K,FY
WDC,PaymentsToAcquirePropertyPlantAndEquipment,2013-06-29,2014-06-27,628000000,2015-08-21,10-K,FY
WDC,PaymentsToAcquirePropertyPlantAndEquipment,2013-06-29,2014-06-27,628000000,2016-08-29,10-K,FY
WDC,PaymentsToAcquirePropertyPlantAndEquipment,2013-06-29,2014-06-27,628000000,2016-12-22,8-K,FY
WDC,PaymentsToAcquirePropertyPlantAndEquipment,2014-06-28,2014-10-03,160000000,2014-11-04,10-Q,Q1
WDC,PaymentsToAcquirePropertyPlantAndEquipment,2014-06-28,2014-10-03,160000000,2015-11-10,10-Q,Q1
WDC,PaymentsToAcquirePropertyPlantAndEquipment,2014-06-28,2015-01-02,306000000,2015-02-10,10-Q,Q2
WDC,PaymentsToAcquirePropertyPlantAndEquipment,2014-06-28,2015-01-02,306000000,2016-02-10,10-Q,Q2
WDC,PaymentsToAcquirePropertyPlantAndEquipment,2014-06-28,2015-04-03,456000000,2015-05-12,10-Q,Q3
WDC,PaymentsToAcquirePropertyPlantAndEquipment,2014-06-28,2015-04-03,456000000,2016-05-09,10-Q,Q3
WDC,PaymentsToAcquirePropertyPlantAndEquipment,2014-06-28,2015-07-03,612000000,2015-08-21,10-K,FY
WDC,PaymentsToAcquirePropertyPlantAndEquipment,2014-06-28,2015-07-03,612000000,2016-08-29,10-K,FY
WDC,PaymentsToAcquirePropertyPlantAndEquipment,2014-06-28,2015-07-03,612000000,2016-12-22,8-K,FY
WDC,PaymentsToAcquirePropertyPlantAndEquipment,2014-06-28,2015-07-03,612000000,2017-08-29,10-K,FY
WDC,PaymentsToAcquirePropertyPlantAndEquipment,2015-07-04,2015-10-02,151000000,2015-11-10,10-Q,Q1
WDC,PaymentsToAcquirePropertyPlantAndEquipment,2015-07-04,2015-10-02,151000000,2016-11-08,10-Q,Q1
WDC,PaymentsToAcquirePropertyPlantAndEquipment,2015-07-04,2016-01-01,300000000,2016-02-10,10-Q,Q2
WDC,PaymentsToAcquirePropertyPlantAndEquipment,2015-07-04,2016-01-01,300000000,2017-02-07,10-Q,Q2
WDC,PaymentsToAcquirePropertyPlantAndEquipment,2015-07-04,2016-04-01,433000000,2016-05-09,10-Q,Q3
WDC,PaymentsToAcquirePropertyPlantAndEquipment,2015-07-04,2016-04-01,433000000,2017-05-08,10-Q,Q3
WDC,PaymentsToAcquirePropertyPlantAndEquipment,2015-07-04,2016-07-01,584000000,2016-08-29,10-K,FY
WDC,PaymentsToAcquirePropertyPlantAndEquipment,2015-07-04,2016-07-01,584000000,2016-12-22,8-K,FY
WDC,PaymentsToAcquirePropertyPlantAndEquipment,2015-07-04,2016-07-01,584000000,2017-08-29,10-K,FY
WDC,PaymentsToAcquirePropertyPlantAndEquipment,2015-07-04,2016-07-01,584000000,2018-08-24,10-K,FY
WDC,PaymentsToAcquirePropertyPlantAndEquipment,2016-07-02,2016-09-30,184000000,2016-11-08,10-Q,Q1
WDC,PaymentsToAcquirePropertyPlantAndEquipment,2016-07-02,2016-09-30,184000000,2017-11-07,10-Q,Q1
WDC,PaymentsToAcquirePropertyPlantAndEquipment,2016-07-02,2016-12-30,330000000,2017-02-07,10-Q,Q2
WDC,PaymentsToAcquirePropertyPlantAndEquipment,2016-07-06,2016-12-30,330000000,2018-02-06,10-Q,Q2
WDC,PaymentsToAcquirePropertyPlantAndEquipment,2016-07-02,2017-03-31,453000000,2017-05-08,10-Q,Q3
WDC,PaymentsToAcquirePropertyPlantAndEquipment,2016-07-06,2017-03-31,453000000,2018-05-08,10-Q,Q3
WDC,PaymentsToAcquirePropertyPlantAndEquipment,2016-07-02,2017-06-30,578000000,2017-08-29,10-K,FY
WDC,PaymentsToAcquirePropertyPlantAndEquipment,2016-07-02,2017-06-30,578000000,2018-08-24,10-K,FY
WDC,PaymentsToAcquirePropertyPlantAndEquipment,2016-07-06,2017-06-30,578000000,2019-08-27,10-K,FY
WDC,PaymentsToAcquirePropertyPlantAndEquipment,2017-07-01,2017-09-29,160000000,2017-11-07,10-Q,Q1
WDC,PaymentsToAcquirePropertyPlantAndEquipment,2017-07-01,2017-09-29,160000000,2018-11-06,10-Q,Q1
WDC,PaymentsToAcquirePropertyPlantAndEquipment,2017-07-01,2017-12-29,416000000,2018-02-06,10-Q,Q2
WDC,PaymentsToAcquirePropertyPlantAndEquipment,2017-07-01,2017-12-29,416000000,2019-02-05,10-Q,Q2
WDC,PaymentsToAcquirePropertyPlantAndEquipment,2017-07-01,2018-03-30,643000000,2018-05-08,10-Q,Q3
WDC,PaymentsToAcquirePropertyPlantAndEquipment,2017-07-01,2018-03-30,643000000,2019-05-07,10-Q,Q3
WDC,PaymentsToAcquirePropertyPlantAndEquipment,2017-07-01,2018-06-29,835000000,2018-08-24,10-K,FY
WDC,PaymentsToAcquirePropertyPlantAndEquipment,2017-07-01,2018-06-29,835000000,2019-08-27,10-K,FY
WDC,PaymentsToAcquirePropertyPlantAndEquipment,2017-07-01,2018-06-29,835000000,2020-08-28,10-K,FY
WDC,PaymentsToAcquirePropertyPlantAndEquipment,2018-06-30,2018-09-28,277000000,2018-11-06,10-Q,Q1
WDC,PaymentsToAcquirePropertyPlantAndEquipment,2018-06-30,2018-09-28,277000000,2019-11-12,10-Q,Q1
WDC,PaymentsToAcquirePropertyPlantAndEquipment,2018-06-30,2018-12-28,500000000,2019-02-05,10-Q,Q2
WDC,PaymentsToAcquirePropertyPlantAndEquipment,2018-06-30,2018-12-28,500000000,2020-02-11,10-Q,Q2
WDC,PaymentsToAcquirePropertyPlantAndEquipment,2018-06-30,2019-03-29,722000000,2019-05-07,10-Q,Q3
WDC,PaymentsToAcquirePropertyPlantAndEquipment,2018-06-30,2019-03-29,722000000,2020-05-08,10-Q,Q3
WDC,PaymentsToAcquirePropertyPlantAndEquipment,2018-06-30,2019-06-28,876000000,2019-08-27,10-K,FY
WDC,PaymentsToAcquirePropertyPlantAndEquipment,2018-06-30,2019-06-28,876000000,2020-08-28,10-K,FY
WDC,PaymentsToAcquirePropertyPlantAndEquipment,2018-06-30,2019-06-28,876000000,2021-08-27,10-K,FY
WDC,PaymentsToAcquirePropertyPlantAndEquipment,2019-06-29,2019-10-04,145000000,2019-11-12,10-Q,Q1
WDC,PaymentsToAcquirePropertyPlantAndEquipment,2019-06-29,2019-10-04,145000000,2020-11-06,10-Q,Q1
WDC,PaymentsToAcquirePropertyPlantAndEquipment,2019-06-29,2020-01-03,305000000,2020-02-11,10-Q,Q2
WDC,PaymentsToAcquirePropertyPlantAndEquipment,2019-06-29,2020-01-03,305000000,2021-02-09,10-Q,Q2
WDC,PaymentsToAcquirePropertyPlantAndEquipment,2019-06-29,2020-04-03,432000000,2020-05-08,10-Q,Q3
WDC,PaymentsToAcquirePropertyPlantAndEquipment,2019-06-29,2020-04-03,432000000,2021-05-06,10-Q,Q3
WDC,PaymentsToAcquirePropertyPlantAndEquipment,2019-06-29,2020-07-03,647000000,2020-08-28,10-K,FY
WDC,PaymentsToAcquirePropertyPlantAndEquipment,2019-06-29,2020-07-03,647000000,2021-08-27,10-K,FY
WDC,PaymentsToAcquirePropertyPlantAndEquipment,2019-06-29,2020-07-03,647000000,2022-08-25,10-K,FY
WDC,PaymentsToAcquirePropertyPlantAndEquipment,2020-07-04,2020-10-02,337000000,2020-11-06,10-Q,Q1
WDC,PaymentsToAcquirePropertyPlantAndEquipment,2020-07-04,2020-10-02,337000000,2021-11-04,10-Q,Q1
WDC,PaymentsToAcquirePropertyPlantAndEquipment,2020-07-04,2021-01-01,576000000,2021-02-09,10-Q,Q2
WDC,PaymentsToAcquirePropertyPlantAndEquipment,2020-07-04,2021-01-01,576000000,2022-02-03,10-Q,Q2
WDC,PaymentsToAcquirePropertyPlantAndEquipment,2020-07-04,2021-04-02,820000000,2021-05-06,10-Q,Q3
WDC,PaymentsToAcquirePropertyPlantAndEquipment,2020-07-04,2021-04-02,820000000,2022-05-04,10-Q,Q3
WDC,PaymentsToAcquirePropertyPlantAndEquipment,2020-07-04,2021-07-02,1146000000,2021-08-27,10-K,FY
WDC,PaymentsToAcquirePropertyPlantAndEquipment,2020-07-04,2021-07-02,1146000000,2022-08-25,10-K,FY
WDC,PaymentsToAcquirePropertyPlantAndEquipment,2020-07-04,2021-07-02,1146000000,2023-08-22,10-K,FY
WDC,PaymentsToAcquirePropertyPlantAndEquipment,2021-07-03,2021-10-01,245000000,2021-11-04,10-Q,Q1
WDC,PaymentsToAcquirePropertyPlantAndEquipment,2021-07-03,2021-10-01,245000000,2022-11-02,10-Q,Q1
WDC,PaymentsToAcquirePropertyPlantAndEquipment,2021-07-03,2021-12-31,551000000,2022-02-03,10-Q,Q2
WDC,PaymentsToAcquirePropertyPlantAndEquipment,2021-07-03,2021-12-31,551000000,2023-02-03,10-Q,Q2
WDC,PaymentsToAcquirePropertyPlantAndEquipment,2021-07-03,2022-04-01,842000000,2022-05-04,10-Q,Q3
WDC,PaymentsToAcquirePropertyPlantAndEquipment,2021-07-03,2022-04-01,842000000,2023-05-10,10-Q,Q3
WDC,PaymentsToAcquirePropertyPlantAndEquipment,2021-07-03,2022-07-01,1122000000,2022-08-25,10-K,FY
WDC,PaymentsToAcquirePropertyPlantAndEquipment,2021-07-03,2022-07-01,1122000000,2023-08-22,10-K,FY
WDC,PaymentsToAcquirePropertyPlantAndEquipment,2021-07-03,2022-07-01,1122000000,2024-08-20,10-K,FY
WDC,PaymentsToAcquirePropertyPlantAndEquipment,2022-07-02,2022-09-30,320000000,2022-11-02,10-Q,Q1
WDC,PaymentsToAcquirePropertyPlantAndEquipment,2022-07-02,2022-09-30,320000000,2023-11-07,10-Q,Q1
WDC,PaymentsToAcquirePropertyPlantAndEquipment,2022-07-02,2022-12-30,578000000,2023-02-03,10-Q,Q2
WDC,PaymentsToAcquirePropertyPlantAndEquipment,2022-07-02,2022-12-30,578000000,2024-02-12,10-Q,Q2
WDC,PaymentsToAcquirePropertyPlantAndEquipment,2022-07-02,2023-03-31,702000000,2023-05-10,10-Q,Q3
WDC,PaymentsToAcquirePropertyPlantAndEquipment,2022-07-02,2023-03-31,702000000,2024-04-30,10-Q,Q3
WDC,PaymentsToAcquirePropertyPlantAndEquipment,2022-07-02,2023-06-30,821000000,2023-08-22,10-K,FY
WDC,PaymentsToAcquirePropertyPlantAndEquipment,2022-07-02,2023-06-30,821000000,2024-08-20,10-K,FY
WDC,PaymentsToAcquirePropertyPlantAndEquipment,2022-07-02,2023-06-30,821000000,2025-08-14,10-K,FY
WDC,PaymentsToAcquirePropertyPlantAndEquipment,2023-07-01,2023-09-29,124000000,2023-11-07,10-Q,Q1
WDC,PaymentsToAcquirePropertyPlantAndEquipment,2023-07-01,2023-09-29,124000000,2024-10-31,10-Q,Q1
WDC,PaymentsToAcquirePropertyPlantAndEquipment,2023-07-01,2023-12-29,274000000,2024-02-12,10-Q,Q2
WDC,PaymentsToAcquirePropertyPlantAndEquipment,2023-07-01,2023-12-29,274000000,2025-01-31,10-Q,Q2
WDC,PaymentsToAcquirePropertyPlantAndEquipment,2023-07-01,2024-03-29,371000000,2024-04-30,10-Q,Q3
WDC,PaymentsToAcquirePropertyPlantAndEquipment,2023-07-01,2024-03-29,371000000,2025-05-02,10-Q,Q3
WDC,PaymentsToAcquirePropertyPlantAndEquipment,2023-07-01,2024-06-28,487000000,2024-08-20,10-K,FY
WDC,PaymentsToAcquirePropertyPlantAndEquipment,2023-07-01,2024-06-28,487000000,2025-08-14,10-K,FY
WDC,PaymentsToAcquirePropertyPlantAndEquipment,2023-07-01,2024-06-28,487000000,2026-08-14,10-K,FY
WDC,PaymentsToAcquirePropertyPlantAndEquipment,2024-06-29,2024-09-27,96000000,2024-10-31,10-Q,Q1
WDC,PaymentsToAcquirePropertyPlantAndEquipment,2024-06-29,2024-09-27,96000000,2025-10-31,10-Q,Q1
WDC,PaymentsToAcquirePropertyPlantAndEquipment,2024-06-29,2024-12-27,212000000,2025-01-31,10-Q,Q2
WDC,PaymentsToAcquirePropertyPlantAndEquipment,2024-06-29,2024-12-27,212000000,2026-01-30,10-Q,Q2
WDC,PaymentsToAcquirePropertyPlantAndEquipment,2024-06-29,2025-03-28,341000000,2025-05-02,10-Q,Q3
WDC,PaymentsToAcquirePropertyPlantAndEquipment,2024-06-29,2025-03-28,341000000,2026-05-01,10-Q,Q3
WDC,PaymentsToAcquirePropertyPlantAndEquipment,2024-06-29,2025-06-27,412000000,2025-08-14,10-K,FY
WDC,PaymentsToAcquirePropertyPlantAndEquipment,2024-06-29,2025-06-27,412000000,2026-08-14,10-K,FY
WDC,PaymentsToAcquirePropertyPlantAndEquipment,2025-06-28,2025-10-03,73000000,2025-10-31,10-Q,Q1
WDC,PaymentsToAcquirePropertyPlantAndEquipment,2025-06-28,2026-01-02,165000000,2026-01-30,10-Q,Q2
WDC,PaymentsToAcquirePropertyPlantAndEquipment,2025-06-28,2026-04-03,310000000,2026-05-01,10-Q,Q3
WDC,PaymentsToAcquirePropertyPlantAndEquipment,2025-06-28,2026-07-03,418000000,2026-08-14,10-K,FY
WDC,PaymentsToAcquireProductiveAssets,2008-06-28,2008-09-26,162000000,2009-10-29,10-Q,Q1
WDC,PaymentsToAcquireProductiveAssets,2008-06-28,2008-12-26,302000000,2010-01-29,10-Q,Q2
WDC,PaymentsToAcquireProductiveAssets,2008-06-28,2009-03-27,408000000,2010-04-30,10-Q,Q3
WDC,PaymentsToAcquireProductiveAssets,2009-07-04,2009-10-02,176000000,2009-10-29,10-Q,Q1
WDC,PaymentsToAcquireProductiveAssets,2009-07-04,2010-01-01,375000000,2010-01-29,10-Q,Q2
WDC,PaymentsToAcquireProductiveAssets,2009-07-04,2010-04-02,552000000,2010-04-30,10-Q,Q3
WDC,InventoryNet,,2009-07-03,376000000,2009-10-29,10-Q,Q1
WDC,InventoryNet,,2009-07-03,376000000,2010-01-29,10-Q,Q2
WDC,InventoryNet,,2009-07-03,376000000,2010-04-30,10-Q,Q3
WDC,InventoryNet,,2009-07-03,376000000,2010-08-13,10-K,FY
WDC,InventoryNet,,2009-10-02,395000000,2009-10-29,10-Q,Q1
WDC,InventoryNet,,2010-01-01,453000000,2010-01-29,10-Q,Q2
WDC,InventoryNet,,2010-04-02,507000000,2010-04-30,10-Q,Q3
WDC,InventoryNet,,2010-07-02,560000000,2010-08-13,10-K,FY
WDC,InventoryNet,,2010-07-02,560000000,2010-10-29,10-Q,Q1
WDC,InventoryNet,,2010-07-02,560000000,2011-01-28,10-Q,Q2
WDC,InventoryNet,,2010-07-02,560000000,2011-05-02,10-Q,Q3
WDC,InventoryNet,,2010-07-02,560000000,2011-08-12,10-K,FY
WDC,InventoryNet,,2010-10-01,561000000,2010-10-29,10-Q,Q1
WDC,InventoryNet,,2010-12-31,568000000,2011-01-28,10-Q,Q2
WDC,InventoryNet,,2011-04-01,574000000,2011-05-02,10-Q,Q3
WDC,InventoryNet,,2011-07-01,577000000,2011-08-12,10-K,FY
WDC,InventoryNet,,2011-07-01,577000000,2011-10-28,10-Q,Q1
WDC,InventoryNet,,2011-07-01,577000000,2012-01-27,10-Q,Q2
WDC,InventoryNet,,2011-07-01,577000000,2012-05-09,10-Q,Q3
WDC,InventoryNet,,2011-07-01,577000000,2012-08-20,10-K,FY
WDC,InventoryNet,,2011-09-30,645000000,2011-10-28,10-Q,Q1
WDC,InventoryNet,,2011-12-30,466000000,2012-01-27,10-Q,Q2
WDC,InventoryNet,,2012-03-30,1282000000,2012-05-09,10-Q,Q3
WDC,InventoryNet,,2012-06-29,1210000000,2012-08-20,10-K,FY
WDC,InventoryNet,,2012-06-29,1210000000,2012-11-02,10-Q,Q1
WDC,InventoryNet,,2012-06-29,1210000000,2013-02-01,10-Q,Q2
WDC,InventoryNet,,2012-06-29,1210000000,2013-05-03,10-Q,Q3
WDC,InventoryNet,,2012-06-29,1210000000,2013-08-19,10-K,FY
WDC,InventoryNet,,2012-09-28,1304000000,2012-11-02,10-Q,Q1
WDC,InventoryNet,,2012-12-28,1204000000,2013-02-01,10-Q,Q2
WDC,InventoryNet,,2013-03-29,1197000000,2013-05-03,10-Q,Q3
WDC,InventoryNet,,2013-06-28,1188000000,2013-08-19,10-K,FY
WDC,InventoryNet,,2013-06-28,1188000000,2013-10-29,10-Q,Q1
WDC,InventoryNet,,2013-06-28,1188000000,2014-01-31,10-Q,Q2
WDC,InventoryNet,,2013-06-28,1188000000,2014-05-05,10-Q,Q3
WDC,InventoryNet,,2013-06-28,1188000000,2014-08-15,10-K,FY
WDC,InventoryNet,,2013-09-27,1244000000,2013-10-29,10-Q,Q1
WDC,InventoryNet,,2013-12-27,1293000000,2014-01-31,10-Q,Q2
WDC,InventoryNet,,2014-03-28,1277000000,2014-05-05,10-Q,Q3
WDC,InventoryNet,,2014-06-27,1226000000,2014-08-15,10-K,FY
WDC,InventoryNet,,2014-06-27,1226000000,2014-11-04,10-Q,Q1
WDC,InventoryNet,,2014-06-27,1226000000,2015-02-10,10-Q,Q2
WDC,InventoryNet,,2014-06-27,1226000000,2015-05-12,10-Q,Q3
WDC,InventoryNet,,2014-06-27,1226000000,2015-08-21,10-K,FY
WDC,InventoryNet,,2014-10-03,1272000000,2014-11-04,10-Q,Q1
WDC,InventoryNet,,2015-01-02,1282000000,2015-02-10,10-Q,Q2
WDC,InventoryNet,,2015-04-03,1322000000,2015-05-12,10-Q,Q3
WDC,InventoryNet,,2015-07-03,1368000000,2015-08-21,10-K,FY
WDC,InventoryNet,,2015-07-03,1368000000,2015-11-10,10-Q,Q1
WDC,InventoryNet,,2015-07-03,1368000000,2016-02-10,10-Q,Q2
WDC,InventoryNet,,2015-07-03,1368000000,2016-05-09,10-Q,Q3
WDC,InventoryNet,,2015-07-03,1368000000,2016-08-29,10-K,FY
WDC,InventoryNet,,2015-07-03,1368000000,2016-12-22,8-K,FY
WDC,InventoryNet,,2015-10-02,1260000000,2015-11-10,10-Q,Q1
WDC,InventoryNet,,2016-01-01,1238000000,2016-02-10,10-Q,Q2
WDC,InventoryNet,,2016-04-01,1227000000,2016-05-09,10-Q,Q3
WDC,InventoryNet,,2016-07-01,2129000000,2016-08-29,10-K,FY
WDC,InventoryNet,,2016-07-01,2129000000,2016-11-08,10-Q,Q1
WDC,InventoryNet,,2016-07-01,2129000000,2016-12-22,8-K,FY
WDC,InventoryNet,,2016-07-01,2129000000,2017-02-07,10-Q,Q2
WDC,InventoryNet,,2016-07-01,2129000000,2017-05-08,10-Q,Q3
WDC,InventoryNet,,2016-07-01,2129000000,2017-08-29,10-K,FY
WDC,InventoryNet,,2016-09-30,2109000000,2016-11-08,10-Q,Q1
WDC,InventoryNet,,2016-12-30,2085000000,2017-02-07,10-Q,Q2
WDC,InventoryNet,,2017-03-31,2254000000,2017-05-08,10-Q,Q3
WDC,InventoryNet,,2017-06-30,2341000000,2017-08-29,10-K,FY
WDC,InventoryNet,,2017-06-30,2341000000,2017-11-07,10-Q,Q1
WDC,InventoryNet,,2017-06-30,2341000000,2018-02-06,10-Q,Q2
WDC,InventoryNet,,2017-06-30,2341000000,2018-05-08,10-Q,Q3
WDC,InventoryNet,,2017-06-30,2341000000,2018-08-24,10-K,FY
WDC,InventoryNet,,2017-09-29,2302000000,2017-11-07,10-Q,Q1
WDC,InventoryNet,,2017-12-29,2281000000,2018-02-06,10-Q,Q2
WDC,InventoryNet,,2018-03-30,2670000000,2018-05-08,10-Q,Q3
WDC,InventoryNet,,2018-06-29,2944000000,2018-08-24,10-K,FY
WDC,InventoryNet,,2018-06-29,2944000000,2018-11-06,10-Q,Q1
WDC,InventoryNet,,2018-06-29,2944000000,2019-02-05,10-Q,Q2
WDC,InventoryNet,,2018-06-29,2944000000,2019-05-07,10-Q,Q3
WDC,InventoryNet,,2018-06-29,2944000000,2019-08-27,10-K,FY
WDC,InventoryNet,,2018-09-28,3119000000,2018-11-06,10-Q,Q1
WDC,InventoryNet,,2018-12-28,3427000000,2019-02-05,10-Q,Q2
WDC,InventoryNet,,2019-03-29,3440000000,2019-05-07,10-Q,Q3
WDC,InventoryNet,,2019-06-28,3283000000,2019-08-27,10-K,FY
WDC,InventoryNet,,2019-06-28,3283000000,2019-11-12,10-Q,Q1
WDC,InventoryNet,,2019-06-28,3283000000,2020-02-11,10-Q,Q2
WDC,InventoryNet,,2019-06-28,3283000000,2020-05-08,10-Q,Q3
WDC,InventoryNet,,2019-06-28,3283000000,2020-08-28,10-K,FY
WDC,InventoryNet,,2019-10-04,3287000000,2019-11-12,10-Q,Q1
WDC,InventoryNet,,2020-01-03,3122000000,2020-02-11,10-Q,Q2
WDC,InventoryNet,,2020-04-03,3091000000,2020-05-08,10-Q,Q3
WDC,InventoryNet,,2020-07-03,3070000000,2020-08-28,10-K,FY
WDC,InventoryNet,,2020-07-03,3070000000,2020-11-06,10-Q,Q1
WDC,InventoryNet,,2020-07-03,3070000000,2021-02-09,10-Q,Q2
WDC,InventoryNet,,2020-07-03,3070000000,2021-05-06,10-Q,Q3
WDC,InventoryNet,,2020-07-03,3070000000,2021-08-27,10-K,FY
WDC,InventoryNet,,2020-10-02,3355000000,2020-11-06,10-Q,Q1
WDC,InventoryNet,,2021-01-01,3576000000,2021-02-09,10-Q,Q2
WDC,InventoryNet,,2021-04-02,3683000000,2021-05-06,10-Q,Q3
WDC,InventoryNet,,2021-07-02,3616000000,2021-08-27,10-K,FY
WDC,InventoryNet,,2021-07-02,3616000000,2021-11-04,10-Q,Q1
WDC,InventoryNet,,2021-07-02,3616000000,2022-02-03,10-Q,Q2
WDC,InventoryNet,,2021-07-02,3616000000,2022-05-04,10-Q,Q3
WDC,InventoryNet,,2021-07-02,3616000000,2022-08-25,10-K,FY
WDC,InventoryNet,,2021-10-01,3544000000,2021-11-04,10-Q,Q1
WDC,InventoryNet,,2021-12-31,3647000000,2022-02-03,10-Q,Q2
WDC,InventoryNet,,2022-04-01,3661000000,2022-05-04,10-Q,Q3
WDC,InventoryNet,,2022-07-01,3638000000,2022-08-25,10-K,FY
WDC,InventoryNet,,2022-07-01,3638000000,2022-11-02,10-Q,Q1
WDC,InventoryNet,,2022-07-01,3638000000,2023-02-03,10-Q,Q2
WDC,InventoryNet,,2022-07-01,3638000000,2023-05-10,10-Q,Q3
WDC,InventoryNet,,2022-07-01,3638000000,2023-08-22,10-K,FY
WDC,InventoryNet,,2022-09-30,3862000000,2022-11-02,10-Q,Q1
WDC,InventoryNet,,2022-12-30,3773000000,2023-02-03,10-Q,Q2
WDC,InventoryNet,,2023-03-31,3979000000,2023-05-10,10-Q,Q3
WDC,InventoryNet,,2023-06-30,3698000000,2023-08-22,10-K,FY
WDC,InventoryNet,,2023-06-30,3698000000,2023-11-07,10-Q,Q1
WDC,InventoryNet,,2023-06-30,3698000000,2024-02-12,10-Q,Q2
WDC,InventoryNet,,2023-06-30,3698000000,2024-04-30,10-Q,Q3
WDC,InventoryNet,,2023-06-30,3698000000,2024-08-20,10-K,FY
WDC,InventoryNet,,2023-09-29,3497000000,2023-11-07,10-Q,Q1
WDC,InventoryNet,,2023-12-29,3216000000,2024-02-12,10-Q,Q2
WDC,InventoryNet,,2024-03-29,3215000000,2024-04-30,10-Q,Q3
WDC,InventoryNet,,2024-06-28,3342000000,2024-08-20,10-K,FY
WDC,InventoryNet,,2024-06-28,3342000000,2024-10-31,10-Q,Q1
WDC,InventoryNet,,2024-06-28,3342000000,2025-01-31,10-Q,Q2
WDC,InventoryNet,,2024-06-28,1387000000,2025-05-02,10-Q,Q3
WDC,InventoryNet,,2024-06-28,1387000000,2025-08-14,10-K,FY
WDC,InventoryNet,,2024-09-27,3384000000,2024-10-31,10-Q,Q1
WDC,InventoryNet,,2024-12-27,3420000000,2025-01-31,10-Q,Q2
WDC,InventoryNet,,2025-03-28,1311000000,2025-05-02,10-Q,Q3
WDC,InventoryNet,,2025-06-27,1291000000,2025-08-14,10-K,FY
WDC,InventoryNet,,2025-06-27,1291000000,2025-10-31,10-Q,Q1
WDC,InventoryNet,,2025-06-27,1291000000,2026-01-30,10-Q,Q2
WDC,InventoryNet,,2025-06-27,1291000000,2026-05-01,10-Q,Q3
WDC,InventoryNet,,2025-06-27,1291000000,2026-08-14,10-K,FY
WDC,InventoryNet,,2025-10-03,1393000000,2025-10-31,10-Q,Q1
WDC,InventoryNet,,2026-01-02,1349000000,2026-01-30,10-Q,Q2
WDC,InventoryNet,,2026-04-03,1357000000,2026-05-01,10-Q,Q3
WDC,InventoryNet,,2026-07-03,1511000000,2026-08-14,10-K,FY
WDC,CostOfGoodsAndServicesSold,2016-07-06,2017-06-30,13021000000,2019-08-27,10-K,FY
WDC,CostOfGoodsAndServicesSold,2017-07-01,2017-12-29,6591000000,2019-02-05,10-Q,Q2
WDC,CostOfGoodsAndServicesSold,2017-09-30,2017-12-29,3323000000,2019-02-05,10-Q,Q2
WDC,CostOfGoodsAndServicesSold,2017-07-01,2018-03-30,9677000000,2019-05-07,10-Q,Q3
WDC,CostOfGoodsAndServicesSold,2017-12-30,2018-03-30,3086000000,2019-05-07,10-Q,Q3
WDC,CostOfGoodsAndServicesSold,2017-07-01,2018-06-29,12942000000,2019-08-27,10-K,FY
WDC,CostOfGoodsAndServicesSold,2017-07-01,2018-06-29,12942000000,2020-08-28,10-K,FY
WDC,CostOfGoodsAndServicesSold,2018-06-30,2018-09-28,3364000000,2019-11-12,10-Q,Q1
WDC,CostOfGoodsAndServicesSold,2018-06-30,2018-12-28,6553000000,2019-02-05,10-Q,Q2
WDC,CostOfGoodsAndServicesSold,2018-06-30,2018-12-28,6553000000,2020-02-11,10-Q,Q2
WDC,CostOfGoodsAndServicesSold,2018-09-29,2018-12-28,3189000000,2019-02-05,10-Q,Q2
WDC,CostOfGoodsAndServicesSold,2018-09-29,2018-12-28,3189000000,2020-02-11,10-Q,Q2
WDC,CostOfGoodsAndServicesSold,2018-06-30,2019-03-29,9648000000,2019-05-07,10-Q,Q3
WDC,CostOfGoodsAndServicesSold,2018-06-30,2019-03-29,9648000000,2020-05-08,10-Q,Q3
WDC,CostOfGoodsAndServicesSold,2018-12-29,2019-03-29,3095000000,2019-05-07,10-Q,Q3
WDC,CostOfGoodsAndServicesSold,2018-12-29,2019-03-29,3095000000,2020-05-08,10-Q,Q3
WDC,CostOfGoodsAndServicesSold,2018-06-30,2019-06-28,12817000000,2019-08-27,10-K,FY
WDC,CostOfGoodsAndServicesSold,2018-06-30,2019-06-28,12817000000,2020-08-28,10-K,FY
WDC,CostOfGoodsAndServicesSold,2018-06-30,2019-06-28,12817000000,2021-08-27,10-K,FY
WDC,CostOfGoodsAndServicesSold,2019-06-29,2019-10-04,3282000000,2019-11-12,10-Q,Q1
WDC,CostOfGoodsAndServicesSold,2019-06-29,2019-10-04,3282000000,2020-11-06,10-Q,Q1
WDC,CostOfGoodsAndServicesSold,2019-06-29,2020-01-03,6581000000,2020-02-11,10-Q,Q2
WDC,CostOfGoodsAndServicesSold,2019-06-29,2020-01-03,6581000000,2021-02-09,10-Q,Q2
WDC,CostOfGoodsAndServicesSold,2019-10-05,2020-01-03,3299000000,2020-02-11,10-Q,Q2
WDC,CostOfGoodsAndServicesSold,2019-10-05,2020-01-03,3299000000,2021-02-09,10-Q,Q2
WDC,CostOfGoodsAndServicesSold,2019-06-29,2020-04-03,9751000000,2020-05-08,10-Q,Q3
WDC,CostOfGoodsAndServicesSold,2019-06-29,2020-04-03,9751000000,2021-05-06,10-Q,Q3
WDC,CostOfGoodsAndServicesSold,2020-01-04,2020-04-03,3170000000,2020-05-08,10-Q,Q3
WDC,CostOfGoodsAndServicesSold,2020-01-04,2020-04-03,3170000000,2021-05-06,10-Q,Q3
WDC,CostOfGoodsAndServicesSold,2019-06-29,2020-07-03,12955000000,2020-08-28,10-K,FY
WDC,CostOfGoodsAndServicesSold,2019-06-29,2020-07-03,12955000000,2021-08-27,10-K,FY
WDC,CostOfGoodsAndServicesSold,2019-06-29,2020-07-03,12955000000,2022-08-25,10-K,FY
WDC,CostOfGoodsAndServicesSold,2020-07-04,2020-10-02,3018000000,2020-11-06,10-Q,Q1
WDC,CostOfGoodsAndServicesSold,2020-07-04,2020-10-02,3018000000,2021-11-04,10-Q,Q1
WDC,CostOfGoodsAndServicesSold,2020-07-04,2021-01-01,6001000000,2021-02-09,10-Q,Q2
WDC,CostOfGoodsAndServicesSold,2020-07-04,2021-01-01,6001000000,2022-02-03,10-Q,Q2
WDC,CostOfGoodsAndServicesSold,2020-10-03,2021-01-01,2983000000,2021-02-09,10-Q,Q2
WDC,CostOfGoodsAndServicesSold,2020-10-03,2021-01-01,2983000000,2022-02-03,10-Q,Q2
WDC,CostOfGoodsAndServicesSold,2020-07-04,2021-04-02,9047000000,2021-05-06,10-Q,Q3
WDC,CostOfGoodsAndServicesSold,2020-07-04,2021-04-02,9047000000,2022-05-04,10-Q,Q3
WDC,CostOfGoodsAndServicesSold,2021-01-02,2021-04-02,3046000000,2021-05-06,10-Q,Q3
WDC,CostOfGoodsAndServicesSold,2021-01-02,2021-04-02,3046000000,2022-05-04,10-Q,Q3
WDC,CostOfGoodsAndServicesSold,2020-07-04,2021-07-02,12401000000,2021-08-27,10-K,FY
WDC,CostOfGoodsAndServicesSold,2020-07-04,2021-07-02,12401000000,2022-08-25,10-K,FY
WDC,CostOfGoodsAndServicesSold,2020-07-04,2021-07-02,12401000000,2023-08-22,10-K,FY
WDC,CostOfGoodsAndServicesSold,2021-07-03,2021-10-01,3386000000,2021-11-04,10-Q,Q1
WDC,CostOfGoodsAndServicesSold,2021-07-03,2021-10-01,3386000000,2022-11-02,10-Q,Q1
WDC,CostOfGoodsAndServicesSold,2021-07-03,2021-12-31,6636000000,2022-02-03,10-Q,Q2
WDC,CostOfGoodsAndServicesSold,2021-07-03,2021-12-31,6636000000,2023-02-03,10-Q,Q2
WDC,CostOfGoodsAndServicesSold,2021-10-02,2021-12-31,3250000000,2022-02-03,10-Q,Q2
WDC,CostOfGoodsAndServicesSold,2021-10-02,2021-12-31,3250000000,2023-02-03,10-Q,Q2
WDC,CostOfGoodsAndServicesSold,2021-07-03,2022-04-01,9836000000,2022-05-04,10-Q,Q3
WDC,CostOfGoodsAndServicesSold,2021-07-03,2022-04-01,9836000000,2023-05-10,10-Q,Q3
WDC,CostOfGoodsAndServicesSold,2022-01-01,2022-04-01,3200000000,2022-05-04,10-Q,Q3
WDC,CostOfGoodsAndServicesSold,2022-01-01,2022-04-01,3200000000,2023-05-10,10-Q,Q3
WDC,CostOfGoodsAndServicesSold,2021-07-03,2022-07-01,12919000000,2022-08-25,10-K,FY
WDC,CostOfGoodsAndServicesSold,2021-07-03,2022-07-01,12919000000,2023-08-22,10-K,FY
WDC,CostOfGoodsAndServicesSold,2021-07-03,2022-07-01,12919000000,2024-08-20,10-K,FY
WDC,CostOfGoodsAndServicesSold,2022-07-02,2022-09-30,2755000000,2022-11-02,10-Q,Q1
WDC,CostOfGoodsAndServicesSold,2022-07-02,2022-09-30,2755000000,2023-11-07,10-Q,Q1
WDC,CostOfGoodsAndServicesSold,2022-07-02,2022-12-30,5334000000,2023-02-03,10-Q,Q2
WDC,CostOfGoodsAndServicesSold,2022-07-02,2022-12-30,5334000000,2024-02-12,10-Q,Q2
WDC,CostOfGoodsAndServicesSold,2022-10-01,2022-12-30,2579000000,2023-02-03,10-Q,Q2
WDC,CostOfGoodsAndServicesSold,2022-10-01,2022-12-30,2579000000,2024-02-12,10-Q,Q2
WDC,CostOfGoodsAndServicesSold,2022-07-02,2023-03-31,7851000000,2023-05-10,10-Q,Q3
WDC,CostOfGoodsAndServicesSold,2022-07-02,2023-03-31,7851000000,2024-04-30,10-Q,Q3
WDC,CostOfGoodsAndServicesSold,2022-12-31,2023-03-31,2517000000,2023-05-10,10-Q,Q3
WDC,CostOfGoodsAndServicesSold,2022-12-31,2023-03-31,2517000000,2024-04-30,10-Q,Q3
WDC,CostOfGoodsAndServicesSold,2022-07-02,2023-06-30,10431000000,2023-08-22,10-K,FY
WDC,CostOfGoodsAndServicesSold,2022-07-02,2023-06-30,10431000000,2024-08-20,10-K,FY
WDC,CostOfGoodsAndServicesSold,2022-07-02,2023-06-30,4864000000,2025-08-14,10-K,FY
WDC,CostOfGoodsAndServicesSold,2023-07-01,2023-09-29,2651000000,2023-11-07,10-Q,Q1
WDC,CostOfGoodsAndServicesSold,2023-07-01,2023-09-29,2651000000,2024-10-31,10-Q,Q1
WDC,CostOfGoodsAndServicesSold,2023-07-01,2023-12-29,5191000000,2024-02-12,10-Q,Q2
WDC,CostOfGoodsAndServicesSold,2023-07-01,2023-12-29,5191000000,2025-01-31,10-Q,Q2
WDC,CostOfGoodsAndServicesSold,2023-09-30,2023-12-29,2540000000,2024-02-12,10-Q,Q2
WDC,CostOfGoodsAndServicesSold,2023-09-30,2023-12-29,2540000000,2025-01-31,10-Q,Q2
WDC,CostOfGoodsAndServicesSold,2023-07-01,2024-03-29,7647000000,2024-04-30,10-Q,Q3
WDC,CostOfGoodsAndServicesSold,2023-07-01,2024-03-29,3237000000,2025-05-02,10-Q,Q3
WDC,CostOfGoodsAndServicesSold,2023-12-30,2024-03-29,2456000000,2024-04-30,10-Q,Q3
WDC,CostOfGoodsAndServicesSold,2023-12-30,2024-03-29,1233000000,2025-05-02,10-Q,Q3
WDC,CostOfGoodsAndServicesSold,2023-07-01,2024-06-28,10058000000,2024-08-20,10-K,FY
WDC,CostOfGoodsAndServicesSold,2023-07-01,2024-06-28,4544000000,2025-08-14,10-K,FY
WDC,CostOfGoodsAndServicesSold,2023-07-01,2024-06-28,4544000000,2026-08-14,10-K,FY
WDC,CostOfGoodsAndServicesSold,2024-06-29,2024-09-27,2544000000,2024-10-31,10-Q,Q1
WDC,CostOfGoodsAndServicesSold,2024-06-29,2024-09-27,1406000000,2025-10-31,10-Q,Q1
WDC,CostOfGoodsAndServicesSold,2024-06-29,2024-12-27,5313000000,2025-01-31,10-Q,Q2
WDC,CostOfGoodsAndServicesSold,2024-06-29,2024-12-27,2908000000,2026-01-30,10-Q,Q2
WDC,CostOfGoodsAndServicesSold,2024-09-28,2024-12-27,2769000000,2025-01-31,10-Q,Q2
WDC,CostOfGoodsAndServicesSold,2024-09-28,2024-12-27,1502000000,2026-01-30,10-Q,Q2
WDC,CostOfGoodsAndServicesSold,2024-06-29,2025-03-28,4290000000,2025-05-02,10-Q,Q3
WDC,CostOfGoodsAndServicesSold,2024-06-29,2025-03-28,4290000000,2026-05-01,10-Q,Q3
WDC,CostOfGoodsAndServicesSold,2024-12-28,2025-03-28,1382000000,2025-05-02,10-Q,Q3
WDC,CostOfGoodsAndServicesSold,2024-12-28,2025-03-28,1382000000,2026-05-01,10-Q,Q3
WDC,CostOfGoodsAndServicesSold,2024-06-29,2025-06-27,5828000000,2025-08-14,10-K,FY
WDC,CostOfGoodsAndServicesSold,2024-06-29,2025-06-27,5828000000,2026-08-14,10-K,FY
WDC,CostOfGoodsAndServicesSold,2025-06-28,2025-10-03,1591000000,2025-10-31,10-Q,Q1
WDC,CostOfGoodsAndServicesSold,2025-06-28,2026-01-02,3228000000,2026-01-30,10-Q,Q2
WDC,CostOfGoodsAndServicesSold,2025-10-04,2026-01-02,1637000000,2026-01-30,10-Q,Q2
WDC,CostOfGoodsAndServicesSold,2025-06-28,2026-04-03,4889000000,2026-05-01,10-Q,Q3
WDC,CostOfGoodsAndServicesSold,2026-01-03,2026-04-03,1661000000,2026-05-01,10-Q,Q3
WDC,CostOfGoodsAndServicesSold,2025-06-28,2026-07-03,6608000000,2026-08-14,10-K,FY
WDC,RevenueFromContractWithCustomerExcludingAssessedTax,2016-07-06,2017-06-30,19093000000,2019-08-27,10-K,FY
WDC,RevenueFromContractWithCustomerExcludingAssessedTax,2017-07-01,2017-09-29,5181000000,2018-11-06,10-Q,Q1
WDC,RevenueFromContractWithCustomerExcludingAssessedTax,2017-07-01,2017-09-29,5181000000,2019-08-27,10-K,FY
WDC,RevenueFromContractWithCustomerExcludingAssessedTax,2017-07-01,2017-12-29,10517000000,2019-02-05,10-Q,Q2
WDC,RevenueFromContractWithCustomerExcludingAssessedTax,2017-09-30,2017-12-29,5336000000,2019-02-05,10-Q,Q2
WDC,RevenueFromContractWithCustomerExcludingAssessedTax,2017-09-30,2017-12-29,5336000000,2019-08-27,10-K,FY
WDC,RevenueFromContractWithCustomerExcludingAssessedTax,2017-07-01,2018-03-30,15530000000,2019-05-07,10-Q,Q3
WDC,RevenueFromContractWithCustomerExcludingAssessedTax,2017-12-30,2018-03-30,5013000000,2019-05-07,10-Q,Q3
WDC,RevenueFromContractWithCustomerExcludingAssessedTax,2017-12-30,2018-03-30,5013000000,2019-08-27,10-K,FY
WDC,RevenueFromContractWithCustomerExcludingAssessedTax,2017-07-01,2018-06-29,20647000000,2019-08-27,10-K,FY
WDC,RevenueFromContractWithCustomerExcludingAssessedTax,2017-07-01,2018-06-29,20647000000,2020-08-28,10-K,FY
WDC,RevenueFromContractWithCustomerExcludingAssessedTax,2018-03-31,2018-06-29,5117000000,2019-08-27,10-K,FY
WDC,RevenueFromContractWithCustomerExcludingAssessedTax,2018-06-30,2018-09-28,5028000000,2018-11-06,10-Q,Q1
WDC,RevenueFromContractWithCustomerExcludingAssessedTax,2018-06-30,2018-09-28,5028000000,2019-08-27,10-K,FY
WDC,RevenueFromContractWithCustomerExcludingAssessedTax,2018-06-30,2018-09-28,5028000000,2019-11-12,10-Q,Q1
WDC,RevenueFromContractWithCustomerExcludingAssessedTax,2018-06-30,2018-09-28,5028000000,2020-08-28,10-K,FY
WDC,RevenueFromContractWithCustomerExcludingAssessedTax,2018-06-30,2018-12-28,9261000000,2019-02-05,10-Q,Q2
WDC,RevenueFromContractWithCustomerExcludingAssessedTax,2018-06-30,2018-12-28,9261000000,2020-02-11,10-Q,Q2
WDC,RevenueFromContractWithCustomerExcludingAssessedTax,2018-09-29,2018-12-28,4233000000,2019-02-05,10-Q,Q2
WDC,RevenueFromContractWithCustomerExcludingAssessedTax,2018-09-29,2018-12-28,4233000000,2019-08-27,10-K,FY
WDC,RevenueFromContractWithCustomerExcludingAssessedTax,2018-09-29,2018-12-28,4233000000,2020-02-11,10-Q,Q2
WDC,RevenueFromContractWithCustomerExcludingAssessedTax,2018-09-29,2018-12-28,4233000000,2020-08-28,10-K,FY
WDC,RevenueFromContractWithCustomerExcludingAssessedTax,2018-06-30,2019-03-29,12935000000,2019-05-07,10-Q,Q3
WDC,RevenueFromContractWithCustomerExcludingAssessedTax,2018-06-30,2019-03-29,12935000000,2020-05-08,10-Q,Q3
WDC,RevenueFromContractWithCustomerExcludingAssessedTax,2018-12-29,2019-03-29,3674000000,2019-05-07,10-Q,Q3
WDC,RevenueFromContractWithCustomerExcludingAssessedTax,2018-12-29,2019-03-29,3674000000,2019-08-27,10-K,FY
WDC,RevenueFromContractWithCustomerExcludingAssessedTax,2018-12-29,2019-03-29,3674000000,2020-05-08,10-Q,Q3
WDC,RevenueFromContractWithCustomerExcludingAssessedTax,2018-12-29,2019-03-29,3674000000,2020-08-28,10-K,FY
WDC,RevenueFromContractWithCustomerExcludingAssessedTax,2018-06-30,2019-06-28,16569000000,2019-08-27,10-K,FY
WDC,RevenueFromContractWithCustomerExcludingAssessedTax,2018-06-30,2019-06-28,16569000000,2020-08-28,10-K,FY
WDC,RevenueFromContractWithCustomerExcludingAssessedTax,2018-06-30,2019-06-28,16569000000,2021-08-27,10-K,FY
WDC,RevenueFromContractWithCustomerExcludingAssessedTax,2019-03-30,2019-06-28,3634000000,2019-08-27,10-K,FY
WDC,RevenueFromContractWithCustomerExcludingAssessedTax,2019-03-30,2019-06-28,3634000000,2020-08-28,10-K,FY
WDC,RevenueFromContractWithCustomerExcludingAssessedTax,2019-06-29,2019-10-04,4040000000,2019-11-12,10-Q,Q1
WDC,RevenueFromContractWithCustomerExcludingAssessedTax,2019-06-29,2019-10-04,4040000000,2020-08-28,10-K,FY
WDC,RevenueFromContractWithCustomerExcludingAssessedTax,2019-06-29,2019-10-04,4040000000,2020-11-06,10-Q,Q1
WDC,RevenueFromContractWithCustomerExcludingAssessedTax,2019-06-29,2020-01-03,8274000000,2020-02-11,10-Q,Q2
WDC,RevenueFromContractWithCustomerExcludingAssessedTax,2019-06-29,2020-01-03,8274000000,2021-02-09,10-Q,Q2
WDC,RevenueFromContractWithCustomerExcludingAssessedTax,2019-10-05,2020-01-03,4234000000,2020-02-11,10-Q,Q2
WDC,RevenueFromContractWithCustomerExcludingAssessedTax,2019-10-05,2020-01-03,4234000000,2020-08-28,10-K,FY
WDC,RevenueFromContractWithCustomerExcludingAssessedTax,2019-10-05,2020-01-03,4234000000,2021-02-09,10-Q,Q2
WDC,RevenueFromContractWithCustomerExcludingAssessedTax,2019-06-29,2020-04-03,12449000000,2020-05-08,10-Q,Q3
WDC,RevenueFromContractWithCustomerExcludingAssessedTax,2019-06-29,2020-04-03,12449000000,2021-05-06,10-Q,Q3
WDC,RevenueFromContractWithCustomerExcludingAssessedTax,2020-01-04,2020-04-03,4175000000,2020-05-08,10-Q,Q3
WDC,RevenueFromContractWithCustomerExcludingAssessedTax,2020-01-04,2020-04-03,4175000000,2020-08-28,10-K,FY
WDC,RevenueFromContractWithCustomerExcludingAssessedTax,2020-01-04,2020-04-03,4175000000,2021-05-06,10-Q,Q3
WDC,RevenueFromContractWithCustomerExcludingAssessedTax,2019-06-29,2020-07-03,16736000000,2020-08-28,10-K,FY
WDC,RevenueFromContractWithCustomerExcludingAssessedTax,2019-06-29,2020-07-03,16736000000,2021-08-27,10-K,FY
WDC,RevenueFromContractWithCustomerExcludingAssessedTax,2019-06-29,2020-07-03,16736000000,2022-08-25,10-K,FY
WDC,RevenueFromContractWithCustomerExcludingAssessedTax,2020-04-04,2020-07-03,4287000000,2020-08-28,10-K,FY
WDC,RevenueFromContractWithCustomerExcludingAssessedTax,2020-07-04,2020-10-02,3922000000,2020-11-06,10-Q,Q1
WDC,RevenueFromContractWithCustomerExcludingAssessedTax,2020-07-04,2020-10-02,3922000000,2021-11-04,10-Q,Q1
WDC,RevenueFromContractWithCustomerExcludingAssessedTax,2020-07-04,2021-01-01,7865000000,2021-02-09,10-Q,Q2
WDC,RevenueFromContractWithCustomerExcludingAssessedTax,2020-07-04,2021-01-01,7865000000,2022-02-03,10-Q,Q2
WDC,RevenueFromContractWithCustomerExcludingAssessedTax,2020-10-03,2021-01-01,3943000000,2021-02-09,10-Q,Q2
WDC,RevenueFromContractWithCustomerExcludingAssessedTax,2020-10-03,2021-01-01,3943000000,2022-02-03,10-Q,Q2
WDC,RevenueFromContractWithCustomerExcludingAssessedTax,2020-07-04,2021-04-02,12002000000,2021-05-06,10-Q,Q3
WDC,RevenueFromContractWithCustomerExcludingAssessedTax,2020-07-04,2021-04-02,12002000000,2022-05-04,10-Q,Q3
WDC,RevenueFromContractWithCustomerExcludingAssessedTax,2021-01-02,2021-04-02,4137000000,2021-05-06,10-Q,Q3
WDC,RevenueFromContractWithCustomerExcludingAssessedTax,2021-01-02,2021-04-02,4137000000,2022-05-04,10-Q,Q3
WDC,RevenueFromContractWithCustomerExcludingAssessedTax,2020-07-04,2021-07-02,16922000000,2021-08-27,10-K,FY
WDC,RevenueFromContractWithCustomerExcludingAssessedTax,2020-07-04,2021-07-02,16922000000,2022-08-25,10-K,FY
WDC,RevenueFromContractWithCustomerExcludingAssessedTax,2020-07-04,2021-07-02,16922000000,2023-08-22,10-K,FY
WDC,RevenueFromContractWithCustomerExcludingAssessedTax,2021-07-03,2021-10-01,5051000000,2021-11-04,10-Q,Q1
WDC,RevenueFromContractWithCustomerExcludingAssessedTax,2021-07-03,2021-10-01,5051000000,2022-11-02,10-Q,Q1
WDC,RevenueFromContractWithCustomerExcludingAssessedTax,2021-07-03,2021-12-31,9884000000,2022-02-03,10-Q,Q2
WDC,RevenueFromContractWithCustomerExcludingAssessedTax,2021-07-03,2021-12-31,9884000000,2023-02-03,10-Q,Q2
WDC,RevenueFromContractWithCustomerExcludingAssessedTax,2021-10-02,2021-12-31,4833000000,2022-02-03,10-Q,Q2
WDC,RevenueFromContractWithCustomerExcludingAssessedTax,2021-10-02,2021-12-31,4833000000,2023-02-03,10-Q,Q2
WDC,RevenueFromContractWithCustomerExcludingAssessedTax,2021-07-03,2022-04-01,14265000000,2022-05-04,10-Q,Q3
WDC,RevenueFromContractWithCustomerExcludingAssessedTax,2021-07-03,2022-04-01,14265000000,2023-05-10,10-Q,Q3
WDC,RevenueFromContractWithCustomerExcludingAssessedTax,2022-01-01,2022-04-01,4381000000,2022-05-04,10-Q,Q3
WDC,RevenueFromContractWithCustomerExcludingAssessedTax,2022-01-01,2022-04-01,4381000000,2023-05-10,10-Q,Q3
WDC,RevenueFromContractWithCustomerExcludingAssessedTax,2021-07-03,2022-07-01,18793000000,2022-08-25,10-K,FY
WDC,RevenueFromContractWithCustomerExcludingAssessedTax,2021-07-03,2022-07-01,18793000000,2023-08-22,10-K,FY
WDC,RevenueFromContractWithCustomerExcludingAssessedTax,2021-07-03,2022-07-01,18793000000,2024-08-20,10-K,FY
WDC,RevenueFromContractWithCustomerExcludingAssessedTax,2022-07-02,2022-09-30,3736000000,2022-11-02,10-Q,Q1
WDC,RevenueFromContractWithCustomerExcludingAssessedTax,2022-07-02,2022-09-30,3736000000,2023-11-07,10-Q,Q1
WDC,RevenueFromContractWithCustomerExcludingAssessedTax,2022-07-02,2022-12-30,6843000000,2023-02-03,10-Q,Q2
WDC,RevenueFromContractWithCustomerExcludingAssessedTax,2022-07-02,2022-12-30,6843000000,2024-02-12,10-Q,Q2
WDC,RevenueFromContractWithCustomerExcludingAssessedTax,2022-10-01,2022-12-30,3107000000,2023-02-03,10-Q,Q2
WDC,RevenueFromContractWithCustomerExcludingAssessedTax,2022-10-01,2022-12-30,3107000000,2024-02-12,10-Q,Q2
WDC,RevenueFromContractWithCustomerExcludingAssessedTax,2022-07-02,2023-03-31,9646000000,2023-05-10,10-Q,Q3
WDC,RevenueFromContractWithCustomerExcludingAssessedTax,2022-07-02,2023-03-31,9646000000,2024-04-30,10-Q,Q3
WDC,RevenueFromContractWithCustomerExcludingAssessedTax,2022-12-31,2023-03-31,2803000000,2023-05-10,10-Q,Q3
WDC,RevenueFromContractWithCustomerExcludingAssessedTax,2022-12-31,2023-03-31,2803000000,2024-04-30,10-Q,Q3
WDC,RevenueFromContractWithCustomerExcludingAssessedTax,2022-07-02,2023-06-30,12318000000,2023-08-22,10-K,FY
WDC,RevenueFromContractWithCustomerExcludingAssessedTax,2022-07-02,2023-06-30,12318000000,2024-08-20,10-K,FY
WDC,RevenueFromContractWithCustomerExcludingAssessedTax,2022-07-02,2023-06-30,6255000000,2025-08-14,10-K,FY
WDC,RevenueFromContractWithCustomerExcludingAssessedTax,2023-07-01,2023-09-29,2750000000,2023-11-07,10-Q,Q1
WDC,RevenueFromContractWithCustomerExcludingAssessedTax,2023-07-01,2023-09-29,2750000000,2024-10-31,10-Q,Q1
WDC,RevenueFromContractWithCustomerExcludingAssessedTax,2023-07-01,2023-09-29,1194000000,2025-08-14,10-K,FY
WDC,RevenueFromContractWithCustomerExcludingAssessedTax,2023-07-01,2023-12-29,5782000000,2024-02-12,10-Q,Q2
WDC,RevenueFromContractWithCustomerExcludingAssessedTax,2023-07-01,2023-12-29,5782000000,2025-01-31,10-Q,Q2
WDC,RevenueFromContractWithCustomerExcludingAssessedTax,2023-09-30,2023-12-29,3032000000,2024-02-12,10-Q,Q2
WDC,RevenueFromContractWithCustomerExcludingAssessedTax,2023-09-30,2023-12-29,3032000000,2025-01-31,10-Q,Q2
WDC,RevenueFromContractWithCustomerExcludingAssessedTax,2023-09-30,2023-12-29,1367000000,2025-08-14,10-K,FY
WDC,RevenueFromContractWithCustomerExcludingAssessedTax,2023-07-01,2024-03-29,9239000000,2024-04-30,10-Q,Q3
WDC,RevenueFromContractWithCustomerExcludingAssessedTax,2023-07-01,2024-03-29,4313000000,2025-05-02,10-Q,Q3
WDC,RevenueFromContractWithCustomerExcludingAssessedTax,2023-12-30,2024-03-29,3457000000,2024-04-30,10-Q,Q3
WDC,RevenueFromContractWithCustomerExcludingAssessedTax,2023-12-30,2024-03-29,1752000000,2025-05-02,10-Q,Q3
WDC,RevenueFromContractWithCustomerExcludingAssessedTax,2023-12-30,2024-03-29,1752000000,2025-08-14,10-K,FY
WDC,RevenueFromContractWithCustomerExcludingAssessedTax,2023-07-01,2024-06-28,13003000000,2024-08-20,10-K,FY
WDC,RevenueFromContractWithCustomerExcludingAssessedTax,2023-07-01,2024-06-28,6317000000,2025-08-14,10-K,FY
WDC,RevenueFromContractWithCustomerExcludingAssessedTax,2023-07-01,2024-06-28,6317000000,2026-08-14,10-K,FY
WDC,RevenueFromContractWithCustomerExcludingAssessedTax,2024-03-30,2024-06-28,2004000000,2025-08-14,10-K,FY
WDC,RevenueFromContractWithCustomerExcludingAssessedTax,2024-06-29,2024-09-27,4095000000,2024-10-31,10-Q,Q1
WDC,RevenueFromContractWithCustomerExcludingAssessedTax,2024-06-29,2024-09-27,2212000000,2025-08-14,10-K,FY
WDC,RevenueFromContractWithCustomerExcludingAssessedTax,2024-06-29,2024-09-27,2212000000,2025-10-31,10-Q,Q1
WDC,RevenueFromContractWithCustomerExcludingAssessedTax,2024-06-29,2024-12-27,8380000000,2025-01-31,10-Q,Q2
WDC,RevenueFromContractWithCustomerExcludingAssessedTax,2024-06-29,2024-12-27,4621000000,2026-01-30,10-Q,Q2
WDC,RevenueFromContractWithCustomerExcludingAssessedTax,2024-09-28,2024-12-27,4285000000,2025-01-31,10-Q,Q2
WDC,RevenueFromContractWithCustomerExcludingAssessedTax,2024-09-28,2024-12-27,2409000000,2025-08-14,10-K,FY
WDC,RevenueFromContractWithCustomerExcludingAssessedTax,2024-09-28,2024-12-27,2409000000,2026-01-30,10-Q,Q2
WDC,RevenueFromContractWithCustomerExcludingAssessedTax,2024-06-29,2025-03-28,6915000000,2025-05-02,10-Q,Q3
WDC,RevenueFromContractWithCustomerExcludingAssessedTax,2024-06-29,2025-03-28,6915000000,2026-05-01,10-Q,Q3
WDC,RevenueFromContractWithCustomerExcludingAssessedTax,2024-12-28,2025-03-28,2294000000,2025-05-02,10-Q,Q3
WDC,RevenueFromContractWithCustomerExcludingAssessedTax,2024-12-28,2025-03-28,2294000000,2025-08-14,10-K,FY
WDC,RevenueFromContractWithCustomerExcludingAssessedTax,2024-12-28,2025-03-28,2294000000,2026-05-01,10-Q,Q3
WDC,RevenueFromContractWithCustomerExcludingAssessedTax,2024-06-29,2025-06-27,9520000000,2025-08-14,10-K,FY
WDC,RevenueFromContractWithCustomerExcludingAssessedTax,2024-06-29,2025-06-27,9520000000,2026-08-14,10-K,FY
WDC,RevenueFromContractWithCustomerExcludingAssessedTax,2025-03-29,2025-06-27,2605000000,2025-08-14,10-K,FY
WDC,RevenueFromContractWithCustomerExcludingAssessedTax,2025-06-28,2025-10-03,2818000000,2025-10-31,10-Q,Q1
WDC,RevenueFromContractWithCustomerExcludingAssessedTax,2025-06-28,2026-01-02,5835000000,2026-01-30,10-Q,Q2
WDC,RevenueFromContractWithCustomerExcludingAssessedTax,2025-10-04,2026-01-02,3017000000,2026-01-30,10-Q,Q2
WDC,RevenueFromContractWithCustomerExcludingAssessedTax,2025-06-28,2026-04-03,9172000000,2026-05-01,10-Q,Q3
WDC,RevenueFromContractWithCustomerExcludingAssessedTax,2026-01-03,2026-04-03,3337000000,2026-05-01,10-Q,Q3
WDC,RevenueFromContractWithCustomerExcludingAssessedTax,2025-06-28,2026-07-03,12919000000,2026-08-14,10-K,FY
WDC,RevenueRemainingPerformanceObligation,,2018-09-28,87000000,2018-11-06,10-Q,Q1
WDC,RevenueRemainingPerformanceObligation,,2018-12-28,220000000,2019-02-05,10-Q,Q2
WDC,RevenueRemainingPerformanceObligation,,2019-03-29,204000000,2019-05-07,10-Q,Q3
WDC,RevenueRemainingPerformanceObligation,,2019-06-28,191000000,2019-08-27,10-K,FY
WDC,RevenueRemainingPerformanceObligation,,2019-10-04,182000000,2019-11-12,10-Q,Q1
WDC,RevenueRemainingPerformanceObligation,,2020-01-03,140000000,2020-02-11,10-Q,Q2
WDC,RevenueRemainingPerformanceObligation,,2020-04-03,122000000,2020-05-08,10-Q,Q3
WDC,RevenueRemainingPerformanceObligation,,2020-07-03,112000000,2020-08-28,10-K,FY
WDC,RevenueRemainingPerformanceObligation,,2020-10-02,102000000,2020-11-06,10-Q,Q1
WDC,RevenueRemainingPerformanceObligation,,2021-01-01,91000000,2021-02-09,10-Q,Q2
WDC,RevenueRemainingPerformanceObligation,,2021-04-02,81000000,2021-05-06,10-Q,Q3
WDC,RevenueRemainingPerformanceObligation,,2021-07-02,71000000,2021-08-27,10-K,FY
WDC,RevenueRemainingPerformanceObligation,,2021-10-01,61000000,2021-11-04,10-Q,Q1
WDC,RevenueRemainingPerformanceObligation,,2021-12-31,51000000,2022-02-03,10-Q,Q2
WDC,RevenueRemainingPerformanceObligation,,2022-04-01,42000000,2022-05-04,10-Q,Q3
WDC,RevenueRemainingPerformanceObligation,,2022-07-01,45000000,2022-08-25,10-K,FY
WDC,RevenueRemainingPerformanceObligation,,2022-09-30,26000000,2022-11-02,10-Q,Q1
WDC,RevenueRemainingPerformanceObligation,,2022-12-30,17000000,2023-02-03,10-Q,Q2
STX,PaymentsToAcquirePropertyPlantAndEquipment,2008-06-28,2009-07-03,633000000,2011-08-17,10-K,FY
STX,PaymentsToAcquirePropertyPlantAndEquipment,2009-07-04,2009-10-02,89000000,2010-11-03,10-Q,Q1
STX,PaymentsToAcquirePropertyPlantAndEquipment,2009-07-04,2010-01-01,192000000,2011-02-03,10-Q,Q2
STX,PaymentsToAcquirePropertyPlantAndEquipment,2009-07-04,2010-04-02,372000000,2011-05-03,10-Q,Q3
STX,PaymentsToAcquirePropertyPlantAndEquipment,2009-07-04,2010-07-02,639000000,2011-08-17,10-K,FY
STX,PaymentsToAcquirePropertyPlantAndEquipment,2009-07-04,2010-07-02,639000000,2012-08-09,10-K,FY
STX,PaymentsToAcquirePropertyPlantAndEquipment,2010-07-03,2010-10-01,358000000,2010-11-03,10-Q,Q1
STX,PaymentsToAcquirePropertyPlantAndEquipment,2010-07-03,2010-10-01,358000000,2011-10-27,10-Q,Q1
STX,PaymentsToAcquirePropertyPlantAndEquipment,2010-07-03,2010-12-31,560000000,2011-02-03,10-Q,Q2
STX,PaymentsToAcquirePropertyPlantAndEquipment,2010-07-03,2010-12-31,560000000,2012-02-01,10-Q,Q2
STX,PaymentsToAcquirePropertyPlantAndEquipment,2010-07-03,2011-04-01,685000000,2011-05-03,10-Q,Q3
STX,PaymentsToAcquirePropertyPlantAndEquipment,2010-07-03,2011-04-01,685000000,2012-04-30,10-Q,Q3
STX,PaymentsToAcquirePropertyPlantAndEquipment,2010-07-03,2011-07-01,843000000,2011-08-17,10-K,FY
STX,PaymentsToAcquirePropertyPlantAndEquipment,2010-07-03,2011-07-01,843000000,2012-08-09,10-K,FY
STX,PaymentsToAcquirePropertyPlantAndEquipment,2010-07-03,2011-07-01,843000000,2013-08-08,10-K,FY
STX,PaymentsToAcquirePropertyPlantAndEquipment,2011-07-02,2011-09-30,218000000,2011-10-27,10-Q,Q1
STX,PaymentsToAcquirePropertyPlantAndEquipment,2011-07-02,2011-09-30,218000000,2012-10-31,10-Q,Q1
STX,PaymentsToAcquirePropertyPlantAndEquipment,2011-07-02,2011-12-30,361000000,2012-02-01,10-Q,Q2
STX,PaymentsToAcquirePropertyPlantAndEquipment,2011-07-02,2011-12-30,361000000,2013-01-29,10-Q,Q2
STX,PaymentsToAcquirePropertyPlantAndEquipment,2011-07-02,2011-12-30,361000000,2013-01-31,10-Q/A,Q2
STX,PaymentsToAcquirePropertyPlantAndEquipment,2011-07-02,2012-03-30,497000000,2012-04-30,10-Q,Q3
STX,PaymentsToAcquirePropertyPlantAndEquipment,2011-07-02,2012-03-30,497000000,2013-05-02,10-Q,Q3
STX,PaymentsToAcquirePropertyPlantAndEquipment,2011-07-02,2012-06-29,636000000,2012-08-09,10-K,FY
STX,PaymentsToAcquirePropertyPlantAndEquipment,2011-07-02,2012-06-29,636000000,2013-08-08,10-K,FY
STX,PaymentsToAcquirePropertyPlantAndEquipment,2011-07-02,2012-06-29,636000000,2014-08-08,10-K,FY
STX,PaymentsToAcquirePropertyPlantAndEquipment,2012-06-30,2012-09-28,263000000,2012-10-31,10-Q,Q1
STX,PaymentsToAcquirePropertyPlantAndEquipment,2012-06-30,2012-09-28,263000000,2013-10-29,10-Q,Q1
STX,PaymentsToAcquirePropertyPlantAndEquipment,2012-06-30,2012-12-28,427000000,2013-01-29,10-Q,Q2
STX,PaymentsToAcquirePropertyPlantAndEquipment,2012-06-30,2012-12-28,427000000,2013-01-31,10-Q/A,Q2
STX,PaymentsToAcquirePropertyPlantAndEquipment,2012-06-30,2012-12-28,427000000,2014-01-28,10-Q,Q2
STX,PaymentsToAcquirePropertyPlantAndEquipment,2012-06-30,2013-03-29,658000000,2013-05-02,10-Q,Q3
STX,PaymentsToAcquirePropertyPlantAndEquipment,2012-06-30,2013-03-29,658000000,2014-04-30,10-Q,Q3
STX,PaymentsToAcquirePropertyPlantAndEquipment,2012-06-30,2013-06-28,786000000,2013-08-08,10-K,FY
STX,PaymentsToAcquirePropertyPlantAndEquipment,2012-06-30,2013-06-28,786000000,2014-08-08,10-K,FY
STX,PaymentsToAcquirePropertyPlantAndEquipment,2012-06-30,2013-06-28,786000000,2015-08-12,10-K,FY
STX,PaymentsToAcquirePropertyPlantAndEquipment,2013-06-29,2013-09-27,161000000,2013-10-29,10-Q,Q1
STX,PaymentsToAcquirePropertyPlantAndEquipment,2013-06-29,2013-09-27,161000000,2014-11-03,10-Q,Q1
STX,PaymentsToAcquirePropertyPlantAndEquipment,2013-06-29,2013-12-27,304000000,2014-01-28,10-Q,Q2
STX,PaymentsToAcquirePropertyPlantAndEquipment,2013-06-29,2013-12-27,304000000,2015-01-30,10-Q,Q2
STX,PaymentsToAcquirePropertyPlantAndEquipment,2013-06-29,2014-03-28,428000000,2014-04-30,10-Q,Q3
STX,PaymentsToAcquirePropertyPlantAndEquipment,2013-06-29,2014-03-28,428000000,2015-04-30,10-Q,Q3
STX,PaymentsToAcquirePropertyPlantAndEquipment,2013-06-29,2014-06-27,559000000,2014-08-08,10-K,FY
STX,PaymentsToAcquirePropertyPlantAndEquipment,2013-06-29,2014-06-27,559000000,2015-08-12,10-K,FY
STX,PaymentsToAcquirePropertyPlantAndEquipment,2013-06-29,2014-06-27,559000000,2016-08-05,10-K,FY
STX,PaymentsToAcquirePropertyPlantAndEquipment,2014-06-28,2014-10-03,172000000,2014-11-03,10-Q,Q1
STX,PaymentsToAcquirePropertyPlantAndEquipment,2014-06-28,2014-10-03,172000000,2015-10-30,10-Q,Q1
STX,PaymentsToAcquirePropertyPlantAndEquipment,2014-06-28,2015-01-02,387000000,2015-01-30,10-Q,Q2
STX,PaymentsToAcquirePropertyPlantAndEquipment,2014-06-28,2015-01-02,387000000,2016-01-29,10-Q,Q2
STX,PaymentsToAcquirePropertyPlantAndEquipment,2014-06-28,2015-04-03,546000000,2015-04-30,10-Q,Q3
STX,PaymentsToAcquirePropertyPlantAndEquipment,2014-06-28,2015-04-03,546000000,2016-04-29,10-Q,Q3
STX,PaymentsToAcquirePropertyPlantAndEquipment,2014-06-28,2015-07-03,747000000,2015-08-12,10-K,FY
STX,PaymentsToAcquirePropertyPlantAndEquipment,2014-06-28,2015-07-03,747000000,2016-08-05,10-K,FY
STX,PaymentsToAcquirePropertyPlantAndEquipment,2014-06-28,2015-07-03,747000000,2017-08-04,10-K,FY
STX,PaymentsToAcquirePropertyPlantAndEquipment,2015-07-04,2015-10-02,209000000,2015-10-30,10-Q,Q1
STX,PaymentsToAcquirePropertyPlantAndEquipment,2015-07-04,2015-10-02,209000000,2016-10-28,10-Q,Q1
STX,PaymentsToAcquirePropertyPlantAndEquipment,2015-07-04,2016-01-01,346000000,2016-01-29,10-Q,Q2
STX,PaymentsToAcquirePropertyPlantAndEquipment,2015-07-04,2016-01-01,346000000,2017-01-26,10-Q,Q2
STX,PaymentsToAcquirePropertyPlantAndEquipment,2015-07-04,2016-04-01,441000000,2016-04-29,10-Q,Q3
STX,PaymentsToAcquirePropertyPlantAndEquipment,2015-07-04,2016-04-01,441000000,2017-04-28,10-Q,Q3
STX,PaymentsToAcquirePropertyPlantAndEquipment,2015-07-04,2016-07-01,587000000,2016-08-05,10-K,FY
STX,PaymentsToAcquirePropertyPlantAndEquipment,2015-07-04,2016-07-01,587000000,2017-08-04,10-K,FY
STX,PaymentsToAcquirePropertyPlantAndEquipment,2015-07-04,2016-07-01,587000000,2018-08-03,10-K,FY
STX,PaymentsToAcquirePropertyPlantAndEquipment,2016-07-02,2016-09-30,140000000,2016-10-28,10-Q,Q1
STX,PaymentsToAcquirePropertyPlantAndEquipment,2016-07-02,2016-09-30,140000000,2017-10-27,10-Q,Q1
STX,PaymentsToAcquirePropertyPlantAndEquipment,2016-07-02,2016-12-30,235000000,2017-01-26,10-Q,Q2
STX,PaymentsToAcquirePropertyPlantAndEquipment,2016-07-02,2016-12-30,235000000,2018-01-29,10-Q,Q2
STX,PaymentsToAcquirePropertyPlantAndEquipment,2016-07-02,2017-03-31,330000000,2017-04-28,10-Q,Q3
STX,PaymentsToAcquirePropertyPlantAndEquipment,2016-07-02,2017-03-31,330000000,2018-05-01,10-Q,Q3
STX,PaymentsToAcquirePropertyPlantAndEquipment,2016-07-02,2017-06-30,434000000,2017-08-04,10-K,FY
STX,PaymentsToAcquirePropertyPlantAndEquipment,2016-07-02,2017-06-30,434000000,2018-08-03,10-K,FY
STX,PaymentsToAcquirePropertyPlantAndEquipment,2016-07-02,2017-06-30,434000000,2019-08-02,10-K,FY
STX,PaymentsToAcquirePropertyPlantAndEquipment,2017-07-01,2017-09-29,124000000,2017-10-27,10-Q,Q1
STX,PaymentsToAcquirePropertyPlantAndEquipment,2017-07-01,2017-09-29,124000000,2018-11-02,10-Q,Q1
STX,PaymentsToAcquirePropertyPlantAndEquipment,2017-07-01,2017-12-29,201000000,2018-01-29,10-Q,Q2
STX,PaymentsToAcquirePropertyPlantAndEquipment,2017-07-01,2017-12-29,201000000,2019-02-04,10-Q,Q2
STX,PaymentsToAcquirePropertyPlantAndEquipment,2017-07-01,2018-03-30,270000000,2018-05-01,10-Q,Q3
STX,PaymentsToAcquirePropertyPlantAndEquipment,2017-07-01,2018-03-30,270000000,2019-04-30,10-Q,Q3
STX,PaymentsToAcquirePropertyPlantAndEquipment,2017-07-01,2018-06-29,366000000,2018-08-03,10-K,FY
STX,PaymentsToAcquirePropertyPlantAndEquipment,2017-07-01,2018-06-29,366000000,2019-08-02,10-K,FY
STX,PaymentsToAcquirePropertyPlantAndEquipment,2017-07-01,2018-06-29,366000000,2020-08-07,10-K,FY
STX,PaymentsToAcquirePropertyPlantAndEquipment,2018-06-30,2018-09-28,177000000,2018-11-02,10-Q,Q1
STX,PaymentsToAcquirePropertyPlantAndEquipment,2018-06-30,2018-09-28,177000000,2019-11-01,10-Q,Q1
STX,PaymentsToAcquirePropertyPlantAndEquipment,2018-06-30,2018-12-28,304000000,2019-02-04,10-Q,Q2
STX,PaymentsToAcquirePropertyPlantAndEquipment,2018-06-30,2018-12-28,304000000,2020-02-05,10-Q,Q2
STX,PaymentsToAcquirePropertyPlantAndEquipment,2018-06-30,2019-03-29,451000000,2019-04-30,10-Q,Q3
STX,PaymentsToAcquirePropertyPlantAndEquipment,2018-06-30,2019-03-29,451000000,2020-04-30,10-Q,Q3
STX,PaymentsToAcquirePropertyPlantAndEquipment,2018-06-30,2019-06-28,602000000,2019-08-02,10-K,FY
STX,PaymentsToAcquirePropertyPlantAndEquipment,2018-06-30,2019-06-28,602000000,2020-08-07,10-K,FY
STX,PaymentsToAcquirePropertyPlantAndEquipment,2018-06-30,2019-06-28,602000000,2021-08-06,10-K,FY
STX,PaymentsToAcquirePropertyPlantAndEquipment,2019-06-29,2019-10-04,147000000,2019-11-01,10-Q,Q1
STX,PaymentsToAcquirePropertyPlantAndEquipment,2019-06-29,2019-10-04,147000000,2020-10-29,10-Q,Q1
STX,PaymentsToAcquirePropertyPlantAndEquipment,2019-06-29,2020-01-03,341000000,2020-02-05,10-Q,Q2
STX,PaymentsToAcquirePropertyPlantAndEquipment,2019-06-29,2020-01-03,341000000,2021-01-28,10-Q,Q2
STX,PaymentsToAcquirePropertyPlantAndEquipment,2019-06-29,2020-04-03,471000000,2020-04-30,10-Q,Q3
STX,PaymentsToAcquirePropertyPlantAndEquipment,2019-06-29,2020-04-03,471000000,2021-04-29,10-Q,Q3
STX,PaymentsToAcquirePropertyPlantAndEquipment,2019-06-29,2020-07-03,585000000,2020-08-07,10-K,FY
STX,PaymentsToAcquirePropertyPlantAndEquipment,2019-06-29,2020-07-03,585000000,2021-08-06,10-K,FY
STX,PaymentsToAcquirePropertyPlantAndEquipment,2019-06-29,2020-07-03,585000000,2022-08-05,10-K,FY
STX,PaymentsToAcquirePropertyPlantAndEquipment,2020-07-04,2020-10-02,111000000,2020-10-29,10-Q,Q1
STX,PaymentsToAcquirePropertyPlantAndEquipment,2020-07-04,2020-10-02,111000000,2021-10-28,10-Q,Q1
STX,PaymentsToAcquirePropertyPlantAndEquipment,2020-07-04,2021-01-01,270000000,2021-01-28,10-Q,Q2
STX,PaymentsToAcquirePropertyPlantAndEquipment,2020-07-04,2021-01-01,270000000,2022-01-27,10-Q,Q2
STX,PaymentsToAcquirePropertyPlantAndEquipment,2020-07-04,2021-04-02,374000000,2021-04-29,10-Q,Q3
STX,PaymentsToAcquirePropertyPlantAndEquipment,2020-07-04,2021-04-02,374000000,2022-04-28,10-Q,Q3
STX,PaymentsToAcquirePropertyPlantAndEquipment,2020-07-04,2021-07-02,498000000,2021-08-06,10-K,FY
STX,PaymentsToAcquirePropertyPlantAndEquipment,2020-07-04,2021-07-02,498000000,2022-08-05,10-K,FY
STX,PaymentsToAcquirePropertyPlantAndEquipment,2020-07-04,2021-07-02,498000000,2023-08-04,10-K,FY
STX,PaymentsToAcquirePropertyPlantAndEquipment,2021-07-03,2021-10-01,117000000,2021-10-28,10-Q,Q1
STX,PaymentsToAcquirePropertyPlantAndEquipment,2021-07-03,2021-10-01,117000000,2022-10-27,10-Q,Q1
STX,PaymentsToAcquirePropertyPlantAndEquipment,2021-07-03,2021-12-31,212000000,2022-01-27,10-Q,Q2
STX,PaymentsToAcquirePropertyPlantAndEquipment,2021-07-03,2021-12-31,212000000,2023-01-25,10-Q,Q2
STX,PaymentsToAcquirePropertyPlantAndEquipment,2021-07-03,2022-04-01,309000000,2022-04-28,10-Q,Q3
STX,PaymentsToAcquirePropertyPlantAndEquipment,2021-07-03,2022-04-01,309000000,2023-04-26,10-Q,Q3
STX,PaymentsToAcquirePropertyPlantAndEquipment,2021-07-03,2022-07-01,381000000,2022-08-05,10-K,FY
STX,PaymentsToAcquirePropertyPlantAndEquipment,2021-07-03,2022-07-01,381000000,2023-08-04,10-K,FY
STX,PaymentsToAcquirePropertyPlantAndEquipment,2021-07-03,2022-07-01,381000000,2024-08-02,10-K,FY
STX,PaymentsToAcquirePropertyPlantAndEquipment,2022-07-02,2022-09-30,133000000,2022-10-27,10-Q,Q1
STX,PaymentsToAcquirePropertyPlantAndEquipment,2022-07-02,2022-09-30,133000000,2023-10-27,10-Q,Q1
STX,PaymentsToAcquirePropertyPlantAndEquipment,2022-07-02,2022-12-30,212000000,2023-01-25,10-Q,Q2
STX,PaymentsToAcquirePropertyPlantAndEquipment,2022-07-02,2022-12-30,212000000,2024-01-26,10-Q,Q2
STX,PaymentsToAcquirePropertyPlantAndEquipment,2022-07-02,2023-03-31,266000000,2023-04-26,10-Q,Q3
STX,PaymentsToAcquirePropertyPlantAndEquipment,2022-07-02,2023-03-31,266000000,2024-04-26,10-Q,Q3
STX,PaymentsToAcquirePropertyPlantAndEquipment,2022-07-02,2023-06-30,316000000,2023-08-04,10-K,FY
STX,PaymentsToAcquirePropertyPlantAndEquipment,2022-07-02,2023-06-30,316000000,2024-08-02,10-K,FY
STX,PaymentsToAcquirePropertyPlantAndEquipment,2022-07-02,2023-06-30,316000000,2025-08-01,10-K,FY
STX,PaymentsToAcquirePropertyPlantAndEquipment,2023-07-01,2023-09-29,70000000,2023-10-27,10-Q,Q1
STX,PaymentsToAcquirePropertyPlantAndEquipment,2023-07-01,2023-09-29,70000000,2024-10-25,10-Q,Q1
STX,PaymentsToAcquirePropertyPlantAndEquipment,2023-07-01,2023-12-29,140000000,2024-01-26,10-Q,Q2
STX,PaymentsToAcquirePropertyPlantAndEquipment,2023-07-01,2023-12-29,140000000,2025-01-24,10-Q,Q2
STX,PaymentsToAcquirePropertyPlantAndEquipment,2023-07-01,2024-03-29,200000000,2024-04-26,10-Q,Q3
STX,PaymentsToAcquirePropertyPlantAndEquipment,2023-07-01,2024-03-29,200000000,2025-05-02,10-Q,Q3
STX,PaymentsToAcquirePropertyPlantAndEquipment,2023-07-01,2024-06-28,254000000,2024-08-02,10-K,FY
STX,PaymentsToAcquirePropertyPlantAndEquipment,2023-07-01,2024-06-28,254000000,2025-08-01,10-K,FY
STX,PaymentsToAcquirePropertyPlantAndEquipment,2023-07-01,2024-06-28,254000000,2026-08-04,10-K,FY
STX,PaymentsToAcquirePropertyPlantAndEquipment,2024-06-29,2024-09-27,68000000,2024-10-25,10-Q,Q1
STX,PaymentsToAcquirePropertyPlantAndEquipment,2024-06-29,2024-09-27,68000000,2025-10-31,10-Q,Q1
STX,PaymentsToAcquirePropertyPlantAndEquipment,2024-06-29,2024-12-27,139000000,2025-01-24,10-Q,Q2
STX,PaymentsToAcquirePropertyPlantAndEquipment,2024-06-29,2024-12-27,139000000,2026-01-30,10-Q,Q2
STX,PaymentsToAcquirePropertyPlantAndEquipment,2024-06-29,2025-03-28,182000000,2025-05-02,10-Q,Q3
STX,PaymentsToAcquirePropertyPlantAndEquipment,2024-06-29,2025-03-28,182000000,2026-04-29,10-Q,Q3
STX,PaymentsToAcquirePropertyPlantAndEquipment,2024-06-29,2025-06-27,265000000,2025-08-01,10-K,FY
STX,PaymentsToAcquirePropertyPlantAndEquipment,2024-06-29,2025-06-27,265000000,2026-08-04,10-K,FY
STX,PaymentsToAcquirePropertyPlantAndEquipment,2025-06-28,2025-10-03,105000000,2025-10-31,10-Q,Q1
STX,PaymentsToAcquirePropertyPlantAndEquipment,2025-06-28,2026-01-02,221000000,2026-01-30,10-Q,Q2
STX,PaymentsToAcquirePropertyPlantAndEquipment,2025-06-28,2026-04-03,382000000,2026-04-29,10-Q,Q3
STX,PaymentsToAcquirePropertyPlantAndEquipment,2025-06-28,2026-07-03,569000000,2026-08-04,10-K,FY
STX,InventoryNet,,2010-07-02,757000000,2010-11-03,10-Q,Q1
STX,InventoryNet,,2010-07-02,757000000,2011-02-03,10-Q,Q2
STX,InventoryNet,,2010-07-02,757000000,2011-05-03,10-Q,Q3
STX,InventoryNet,,2010-07-02,757000000,2011-08-17,10-K,FY
STX,InventoryNet,,2010-10-01,743000000,2010-11-03,10-Q,Q1
STX,InventoryNet,,2010-12-31,808000000,2011-02-03,10-Q,Q2
STX,InventoryNet,,2011-04-01,834000000,2011-05-03,10-Q,Q3
STX,InventoryNet,,2011-07-01,872000000,2011-08-17,10-K,FY
STX,InventoryNet,,2011-07-01,872000000,2011-10-27,10-Q,Q1
STX,InventoryNet,,2011-07-01,872000000,2012-02-01,10-Q,Q2
STX,InventoryNet,,2011-07-01,872000000,2012-04-30,10-Q,Q3
STX,InventoryNet,,2011-07-01,872000000,2012-08-09,10-K,FY
STX,InventoryNet,,2011-09-30,825000000,2011-10-27,10-Q,Q1
STX,InventoryNet,,2011-12-30,827000000,2012-02-01,10-Q,Q2
STX,InventoryNet,,2012-03-30,841000000,2012-04-30,10-Q,Q3
STX,InventoryNet,,2012-06-29,909000000,2012-08-09,10-K,FY
STX,InventoryNet,,2012-06-29,909000000,2012-10-31,10-Q,Q1
STX,InventoryNet,,2012-06-29,909000000,2013-01-29,10-Q,Q2
STX,InventoryNet,,2012-06-29,909000000,2013-01-31,10-Q/A,Q2
STX,InventoryNet,,2012-06-29,909000000,2013-05-02,10-Q,Q3
STX,InventoryNet,,2012-06-29,909000000,2013-08-08,10-K,FY
STX,InventoryNet,,2012-09-28,845000000,2012-10-31,10-Q,Q1
STX,InventoryNet,,2012-12-28,800000000,2013-01-29,10-Q,Q2
STX,InventoryNet,,2012-12-28,800000000,2013-01-31,10-Q/A,Q2
STX,InventoryNet,,2013-03-29,833000000,2013-05-02,10-Q,Q3
STX,InventoryNet,,2013-06-28,854000000,2013-08-08,10-K,FY
STX,InventoryNet,,2013-06-28,854000000,2013-10-29,10-Q,Q1
STX,InventoryNet,,2013-06-28,854000000,2014-01-28,10-Q,Q2
STX,InventoryNet,,2013-06-28,854000000,2014-04-30,10-Q,Q3
STX,InventoryNet,,2013-06-28,854000000,2014-08-08,10-K,FY
STX,InventoryNet,,2013-09-27,871000000,2013-10-29,10-Q,Q1
STX,InventoryNet,,2013-12-27,948000000,2014-01-28,10-Q,Q2
STX,InventoryNet,,2014-03-28,846000000,2014-04-30,10-Q,Q3
STX,InventoryNet,,2014-06-27,985000000,2014-08-08,10-K,FY
STX,InventoryNet,,2014-06-27,985000000,2014-11-03,10-Q,Q1
STX,InventoryNet,,2014-06-27,985000000,2015-01-30,10-Q,Q2
STX,InventoryNet,,2014-06-27,985000000,2015-04-30,10-Q,Q3
STX,InventoryNet,,2014-06-27,985000000,2015-08-12,10-K,FY
STX,InventoryNet,,2014-10-03,1071000000,2014-11-03,10-Q,Q1
STX,InventoryNet,,2015-01-02,1129000000,2015-01-30,10-Q,Q2
STX,InventoryNet,,2015-04-03,1083000000,2015-04-30,10-Q,Q3
STX,InventoryNet,,2015-07-03,993000000,2015-08-12,10-K,FY
STX,InventoryNet,,2015-07-03,993000000,2015-10-30,10-Q,Q1
STX,InventoryNet,,2015-07-03,993000000,2016-01-29,10-Q,Q2
STX,InventoryNet,,2015-07-03,993000000,2016-04-29,10-Q,Q3
STX,InventoryNet,,2015-07-03,993000000,2016-08-05,10-K,FY
STX,InventoryNet,,2015-10-02,1098000000,2015-10-30,10-Q,Q1
STX,InventoryNet,,2016-01-01,1046000000,2016-01-29,10-Q,Q2
STX,InventoryNet,,2016-04-01,928000000,2016-04-29,10-Q,Q3
STX,InventoryNet,,2016-07-01,868000000,2016-08-05,10-K,FY
STX,InventoryNet,,2016-07-01,868000000,2016-10-28,10-Q,Q1
STX,InventoryNet,,2016-07-01,868000000,2017-01-26,10-Q,Q2
STX,InventoryNet,,2016-07-01,868000000,2017-04-28,10-Q,Q3
STX,InventoryNet,,2016-07-01,868000000,2017-08-04,10-K,FY
STX,InventoryNet,,2016-09-30,914000000,2016-10-28,10-Q,Q1
STX,InventoryNet,,2016-12-30,1008000000,2017-01-26,10-Q,Q2
STX,InventoryNet,,2017-03-31,1038000000,2017-04-28,10-Q,Q3
STX,InventoryNet,,2017-06-30,982000000,2017-08-04,10-K,FY
STX,InventoryNet,,2017-06-30,982000000,2017-10-27,10-Q,Q1
STX,InventoryNet,,2017-06-30,982000000,2018-01-29,10-Q,Q2
STX,InventoryNet,,2017-06-30,982000000,2018-05-01,10-Q,Q3
STX,InventoryNet,,2017-06-30,982000000,2018-08-03,10-K,FY
STX,InventoryNet,,2017-09-29,1014000000,2017-10-27,10-Q,Q1
STX,InventoryNet,,2017-12-29,1014000000,2018-01-29,10-Q,Q2
STX,InventoryNet,,2018-03-30,1002000000,2018-05-01,10-Q,Q3
STX,InventoryNet,,2018-06-29,1053000000,2018-08-03,10-K,FY
STX,InventoryNet,,2018-06-29,1053000000,2018-11-02,10-Q,Q1
STX,InventoryNet,,2018-06-29,1053000000,2019-02-04,10-Q,Q2
STX,InventoryNet,,2018-06-29,1053000000,2019-04-30,10-Q,Q3
STX,InventoryNet,,2018-06-29,1053000000,2019-08-02,10-K,FY
STX,InventoryNet,,2018-06-30,1044000000,2018-11-02,10-Q,Q1
STX,InventoryNet,,2018-06-30,1044000000,2019-02-04,10-Q,Q2
STX,InventoryNet,,2018-06-30,1044000000,2019-04-30,10-Q,Q3
STX,InventoryNet,,2018-06-30,1044000000,2019-08-02,10-K,FY
STX,InventoryNet,,2018-09-28,1116000000,2018-11-02,10-Q,Q1
STX,InventoryNet,,2018-12-28,1097000000,2019-02-04,10-Q,Q2
STX,InventoryNet,,2019-03-29,1001000000,2019-04-30,10-Q,Q3
STX,InventoryNet,,2019-06-28,970000000,2019-08-02,10-K,FY
STX,InventoryNet,,2019-06-28,970000000,2019-11-01,10-Q,Q1
STX,InventoryNet,,2019-06-28,970000000,2020-02-05,10-Q,Q2
STX,InventoryNet,,2019-06-28,970000000,2020-04-30,10-Q,Q3
STX,InventoryNet,,2019-06-28,970000000,2020-08-07,10-K,FY
STX,InventoryNet,,2019-10-04,1041000000,2019-11-01,10-Q,Q1
STX,InventoryNet,,2020-01-03,1148000000,2020-02-05,10-Q,Q2
STX,InventoryNet,,2020-04-03,1102000000,2020-04-30,10-Q,Q3
STX,InventoryNet,,2020-07-03,1142000000,2020-08-07,10-K,FY
STX,InventoryNet,,2020-07-03,1142000000,2020-10-29,10-Q,Q1
STX,InventoryNet,,2020-07-03,1142000000,2021-01-28,10-Q,Q2
STX,InventoryNet,,2020-07-03,1142000000,2021-04-29,10-Q,Q3
STX,InventoryNet,,2020-07-03,1142000000,2021-08-06,10-K,FY
STX,InventoryNet,,2020-10-02,1323000000,2020-10-29,10-Q,Q1
STX,InventoryNet,,2021-01-01,1318000000,2021-01-28,10-Q,Q2
STX,InventoryNet,,2021-04-02,1281000000,2021-04-29,10-Q,Q3
STX,InventoryNet,,2021-07-02,1204000000,2021-08-06,10-K,FY
STX,InventoryNet,,2021-07-02,1204000000,2021-10-28,10-Q,Q1
STX,InventoryNet,,2021-07-02,1204000000,2022-01-27,10-Q,Q2
STX,InventoryNet,,2021-07-02,1204000000,2022-04-28,10-Q,Q3
STX,InventoryNet,,2021-07-02,1204000000,2022-08-05,10-K,FY
STX,InventoryNet,,2021-10-01,1188000000,2021-10-28,10-Q,Q1
STX,InventoryNet,,2021-12-31,1287000000,2022-01-27,10-Q,Q2
STX,InventoryNet,,2022-04-01,1479000000,2022-04-28,10-Q,Q3
STX,InventoryNet,,2022-07-01,1565000000,2022-08-05,10-K,FY
STX,InventoryNet,,2022-07-01,1565000000,2022-10-27,10-Q,Q1
STX,InventoryNet,,2022-07-01,1565000000,2023-01-25,10-Q,Q2
STX,InventoryNet,,2022-07-01,1565000000,2023-04-26,10-Q,Q3
STX,InventoryNet,,2022-07-01,1565000000,2023-08-04,10-K,FY
STX,InventoryNet,,2022-09-30,1606000000,2022-10-27,10-Q,Q1
STX,InventoryNet,,2022-12-30,1194000000,2023-01-25,10-Q,Q2
STX,InventoryNet,,2023-03-31,1200000000,2023-04-26,10-Q,Q3
STX,InventoryNet,,2023-06-30,1140000000,2023-08-04,10-K,FY
STX,InventoryNet,,2023-06-30,1140000000,2023-10-27,10-Q,Q1
STX,InventoryNet,,2023-06-30,1140000000,2024-01-26,10-Q,Q2
STX,InventoryNet,,2023-06-30,1140000000,2024-04-26,10-Q,Q3
STX,InventoryNet,,2023-06-30,1140000000,2024-08-02,10-K,FY
STX,InventoryNet,,2023-09-29,1052000000,2023-10-27,10-Q,Q1
STX,InventoryNet,,2023-12-29,1053000000,2024-01-26,10-Q,Q2
STX,InventoryNet,,2024-03-29,1191000000,2024-04-26,10-Q,Q3
STX,InventoryNet,,2024-06-28,1239000000,2024-08-02,10-K,FY
STX,InventoryNet,,2024-06-28,1239000000,2024-10-25,10-Q,Q1
STX,InventoryNet,,2024-06-28,1239000000,2025-01-24,10-Q,Q2
STX,InventoryNet,,2024-06-28,1239000000,2025-05-02,10-Q,Q3
STX,InventoryNet,,2024-06-28,1239000000,2025-08-01,10-K,FY
STX,InventoryNet,,2024-09-27,1383000000,2024-10-25,10-Q,Q1
STX,InventoryNet,,2024-12-27,1473000000,2025-01-24,10-Q,Q2
STX,InventoryNet,,2025-03-28,1472000000,2025-05-02,10-Q,Q3
STX,InventoryNet,,2025-06-27,1440000000,2025-08-01,10-K,FY
STX,InventoryNet,,2025-06-27,1440000000,2025-10-31,10-Q,Q1
STX,InventoryNet,,2025-06-27,1440000000,2026-01-30,10-Q,Q2
STX,InventoryNet,,2025-06-27,1440000000,2026-04-29,10-Q,Q3
STX,InventoryNet,,2025-06-27,1440000000,2026-08-04,10-K,FY
STX,InventoryNet,,2025-10-03,1496000000,2025-10-31,10-Q,Q1
STX,InventoryNet,,2026-01-02,1498000000,2026-01-30,10-Q,Q2
STX,InventoryNet,,2026-04-03,1530000000,2026-04-29,10-Q,Q3
STX,InventoryNet,,2026-07-03,1571000000,2026-08-04,10-K,FY
STX,CostOfGoodsAndServicesSold,2008-06-28,2009-07-03,8395000000,2011-08-17,10-K,FY
STX,CostOfGoodsAndServicesSold,2009-07-04,2009-10-02,2010000000,2010-11-03,10-Q,Q1
STX,CostOfGoodsAndServicesSold,2009-07-04,2010-01-01,4114000000,2011-02-03,10-Q,Q2
STX,CostOfGoodsAndServicesSold,2009-10-03,2010-01-01,2104000000,2011-02-03,10-Q,Q2
STX,CostOfGoodsAndServicesSold,2009-07-04,2010-04-02,6261000000,2011-05-03,10-Q,Q3
STX,CostOfGoodsAndServicesSold,2010-01-02,2010-04-02,2148000000,2011-05-03,10-Q,Q3
STX,CostOfGoodsAndServicesSold,2009-07-04,2010-07-02,8191000000,2011-08-17,10-K,FY
STX,CostOfGoodsAndServicesSold,2009-07-04,2010-07-02,8191000000,2012-08-09,10-K,FY
STX,CostOfGoodsAndServicesSold,2010-07-03,2010-10-01,2147000000,2010-11-03,10-Q,Q1
STX,CostOfGoodsAndServicesSold,2010-07-03,2010-10-01,2147000000,2011-10-27,10-Q,Q1
STX,CostOfGoodsAndServicesSold,2010-07-03,2010-12-31,4338000000,2011-02-03,10-Q,Q2
STX,CostOfGoodsAndServicesSold,2010-07-03,2010-12-31,4338000000,2012-02-01,10-Q,Q2
STX,CostOfGoodsAndServicesSold,2010-10-02,2010-12-31,2190000000,2011-02-03,10-Q,Q2
STX,CostOfGoodsAndServicesSold,2010-10-02,2010-12-31,2190000000,2012-02-01,10-Q,Q2
STX,CostOfGoodsAndServicesSold,2010-07-03,2011-04-01,6517000000,2011-05-03,10-Q,Q3
STX,CostOfGoodsAndServicesSold,2010-07-03,2011-04-01,6517000000,2012-04-30,10-Q,Q3
STX,CostOfGoodsAndServicesSold,2011-01-01,2011-04-01,2179000000,2011-05-03,10-Q,Q3
STX,CostOfGoodsAndServicesSold,2011-01-01,2011-04-01,2179000000,2012-04-30,10-Q,Q3
STX,CostOfGoodsAndServicesSold,2010-07-03,2011-07-01,8825000000,2011-08-17,10-K,FY
STX,CostOfGoodsAndServicesSold,2010-07-03,2011-07-01,8825000000,2012-08-09,10-K,FY
STX,CostOfGoodsAndServicesSold,2010-07-03,2011-07-01,8825000000,2013-08-08,10-K,FY
STX,CostOfGoodsAndServicesSold,2011-07-02,2011-09-30,2262000000,2011-10-27,10-Q,Q1
STX,CostOfGoodsAndServicesSold,2011-07-02,2011-09-30,2262000000,2012-10-31,10-Q,Q1
STX,CostOfGoodsAndServicesSold,2011-07-02,2011-12-30,4448000000,2012-02-01,10-Q,Q2
STX,CostOfGoodsAndServicesSold,2011-07-02,2011-12-30,4448000000,2013-01-29,10-Q,Q2
STX,CostOfGoodsAndServicesSold,2011-07-02,2011-12-30,4448000000,2013-01-31,10-Q/A,Q2
STX,CostOfGoodsAndServicesSold,2011-10-01,2011-12-30,2185000000,2012-02-01,10-Q,Q2
STX,CostOfGoodsAndServicesSold,2011-10-01,2011-12-30,2185000000,2013-01-29,10-Q,Q2
STX,CostOfGoodsAndServicesSold,2011-10-01,2011-12-30,2185000000,2013-01-31,10-Q/A,Q2
STX,CostOfGoodsAndServicesSold,2011-07-02,2012-03-30,7257000000,2012-04-30,10-Q,Q3
STX,CostOfGoodsAndServicesSold,2011-07-02,2012-03-30,7257000000,2013-05-02,10-Q,Q3
STX,CostOfGoodsAndServicesSold,2011-12-31,2012-03-30,2809000000,2013-05-02,10-Q,Q3
STX,CostOfGoodsAndServicesSold,2012-01-01,2012-03-30,2809000000,2012-04-30,10-Q,Q3
STX,CostOfGoodsAndServicesSold,2011-07-02,2012-06-29,10255000000,2012-08-09,10-K,FY
STX,CostOfGoodsAndServicesSold,2011-07-02,2012-06-29,10255000000,2013-08-08,10-K,FY
STX,CostOfGoodsAndServicesSold,2011-07-02,2012-06-29,10255000000,2014-08-08,10-K,FY
STX,CostOfGoodsAndServicesSold,2012-06-30,2012-09-28,2671000000,2012-10-31,10-Q,Q1
STX,CostOfGoodsAndServicesSold,2012-06-30,2012-09-28,2671000000,2013-10-29,10-Q,Q1
STX,CostOfGoodsAndServicesSold,2012-06-30,2012-12-28,5347000000,2013-01-29,10-Q,Q2
STX,CostOfGoodsAndServicesSold,2012-06-30,2012-12-28,5347000000,2013-01-31,10-Q/A,Q2
STX,CostOfGoodsAndServicesSold,2012-06-30,2012-12-28,5347000000,2014-01-28,10-Q,Q2
STX,CostOfGoodsAndServicesSold,2012-09-29,2012-12-28,2676000000,2013-01-29,10-Q,Q2
STX,CostOfGoodsAndServicesSold,2012-09-29,2012-12-28,2676000000,2013-01-31,10-Q/A,Q2
STX,CostOfGoodsAndServicesSold,2012-09-29,2012-12-28,2676000000,2014-01-28,10-Q,Q2
STX,CostOfGoodsAndServicesSold,2012-06-30,2013-03-29,7926000000,2013-05-02,10-Q,Q3
STX,CostOfGoodsAndServicesSold,2012-06-30,2013-03-29,7926000000,2014-04-30,10-Q,Q3
STX,CostOfGoodsAndServicesSold,2012-12-29,2013-03-29,2578000000,2013-05-02,10-Q,Q3
STX,CostOfGoodsAndServicesSold,2012-12-29,2013-03-29,2578000000,2014-04-30,10-Q,Q3
STX,CostOfGoodsAndServicesSold,2012-06-30,2013-06-28,10411000000,2013-08-08,10-K,FY
STX,CostOfGoodsAndServicesSold,2012-06-30,2013-06-28,10411000000,2014-08-08,10-K,FY
STX,CostOfGoodsAndServicesSold,2012-06-30,2013-06-28,10411000000,2015-08-12,10-K,FY
STX,CostOfGoodsAndServicesSold,2013-06-29,2013-09-27,2514000000,2013-10-29,10-Q,Q1
STX,CostOfGoodsAndServicesSold,2013-06-29,2013-09-27,2514000000,2014-11-03,10-Q,Q1
STX,CostOfGoodsAndServicesSold,2013-06-29,2013-12-27,5055000000,2014-01-28,10-Q,Q2
STX,CostOfGoodsAndServicesSold,2013-06-29,2013-12-27,5055000000,2015-01-30,10-Q,Q2
STX,CostOfGoodsAndServicesSold,2013-09-28,2013-12-27,2541000000,2014-01-28,10-Q,Q2
STX,CostOfGoodsAndServicesSold,2013-09-28,2013-12-27,2541000000,2015-01-30,10-Q,Q2
STX,CostOfGoodsAndServicesSold,2013-06-29,2014-03-28,7502000000,2014-04-30,10-Q,Q3
STX,CostOfGoodsAndServicesSold,2013-06-29,2014-03-28,7502000000,2015-04-30,10-Q,Q3
STX,CostOfGoodsAndServicesSold,2013-12-28,2014-03-28,2447000000,2014-04-30,10-Q,Q3
STX,CostOfGoodsAndServicesSold,2013-12-28,2014-03-28,2447000000,2015-04-30,10-Q,Q3
STX,CostOfGoodsAndServicesSold,2013-06-29,2014-06-27,9878000000,2014-08-08,10-K,FY
STX,CostOfGoodsAndServicesSold,2013-06-29,2014-06-27,9878000000,2015-08-12,10-K,FY
STX,CostOfGoodsAndServicesSold,2013-06-29,2014-06-27,9878000000,2016-08-05,10-K,FY
STX,CostOfGoodsAndServicesSold,2014-06-28,2014-10-03,2734000000,2014-11-03,10-Q,Q1
STX,CostOfGoodsAndServicesSold,2014-06-28,2014-10-03,2734000000,2015-10-30,10-Q,Q1
STX,CostOfGoodsAndServicesSold,2014-06-28,2015-01-02,5403000000,2015-01-30,10-Q,Q2
STX,CostOfGoodsAndServicesSold,2014-06-28,2015-01-02,5403000000,2016-01-29,10-Q,Q2
STX,CostOfGoodsAndServicesSold,2014-10-04,2015-01-02,2669000000,2015-01-30,10-Q,Q2
STX,CostOfGoodsAndServicesSold,2014-10-04,2015-01-02,2669000000,2016-01-29,10-Q,Q2
STX,CostOfGoodsAndServicesSold,2014-06-28,2015-04-03,7778000000,2015-04-30,10-Q,Q3
STX,CostOfGoodsAndServicesSold,2014-06-28,2015-04-03,7778000000,2016-04-29,10-Q,Q3
STX,CostOfGoodsAndServicesSold,2015-01-03,2015-04-03,2375000000,2015-04-30,10-Q,Q3
STX,CostOfGoodsAndServicesSold,2015-01-03,2015-04-03,2375000000,2016-04-29,10-Q,Q3
STX,CostOfGoodsAndServicesSold,2014-06-28,2015-07-03,9930000000,2015-08-12,10-K,FY
STX,CostOfGoodsAndServicesSold,2014-06-28,2015-07-03,9930000000,2016-08-05,10-K,FY
STX,CostOfGoodsAndServicesSold,2014-06-28,2015-07-03,9930000000,2017-08-04,10-K,FY
STX,CostOfGoodsAndServicesSold,2015-07-04,2015-10-02,2236000000,2015-10-30,10-Q,Q1
STX,CostOfGoodsAndServicesSold,2015-07-04,2015-10-02,2236000000,2016-10-28,10-Q,Q1
STX,CostOfGoodsAndServicesSold,2015-07-04,2016-01-01,4482000000,2016-01-29,10-Q,Q2
STX,CostOfGoodsAndServicesSold,2015-07-04,2016-01-01,4482000000,2017-01-26,10-Q,Q2
STX,CostOfGoodsAndServicesSold,2015-10-03,2016-01-01,2245000000,2016-01-29,10-Q,Q2
STX,CostOfGoodsAndServicesSold,2015-10-03,2016-01-01,2245000000,2017-01-26,10-Q,Q2
STX,CostOfGoodsAndServicesSold,2015-07-04,2016-04-01,6553000000,2016-04-29,10-Q,Q3
STX,CostOfGoodsAndServicesSold,2015-07-04,2016-04-01,6553000000,2017-04-28,10-Q,Q3
STX,CostOfGoodsAndServicesSold,2016-01-02,2016-04-01,2071000000,2016-04-29,10-Q,Q3
STX,CostOfGoodsAndServicesSold,2016-01-02,2016-04-01,2071000000,2017-04-28,10-Q,Q3
STX,CostOfGoodsAndServicesSold,2015-07-04,2016-07-01,8545000000,2016-08-05,10-K,FY
STX,CostOfGoodsAndServicesSold,2015-07-04,2016-07-01,8545000000,2017-08-04,10-K,FY
STX,CostOfGoodsAndServicesSold,2015-07-04,2016-07-01,8545000000,2018-08-03,10-K,FY
STX,CostOfGoodsAndServicesSold,2016-07-02,2016-09-30,1996000000,2016-10-28,10-Q,Q1
STX,CostOfGoodsAndServicesSold,2016-07-02,2016-09-30,1996000000,2017-10-27,10-Q,Q1
STX,CostOfGoodsAndServicesSold,2016-07-02,2016-12-30,3999000000,2017-01-26,10-Q,Q2
STX,CostOfGoodsAndServicesSold,2016-07-02,2016-12-30,3999000000,2018-01-29,10-Q,Q2
STX,CostOfGoodsAndServicesSold,2016-10-01,2016-12-30,2003000000,2017-01-26,10-Q,Q2
STX,CostOfGoodsAndServicesSold,2016-10-01,2016-12-30,2003000000,2018-01-29,10-Q,Q2
STX,CostOfGoodsAndServicesSold,2016-07-02,2017-03-31,5857000000,2017-04-28,10-Q,Q3
STX,CostOfGoodsAndServicesSold,2016-07-02,2017-03-31,5857000000,2018-05-01,10-Q,Q3
STX,CostOfGoodsAndServicesSold,2016-12-31,2017-03-31,1858000000,2017-04-28,10-Q,Q3
STX,CostOfGoodsAndServicesSold,2016-12-31,2017-03-31,1858000000,2018-05-01,10-Q,Q3
STX,CostOfGoodsAndServicesSold,2016-07-02,2017-06-30,7597000000,2017-08-04,10-K,FY
STX,CostOfGoodsAndServicesSold,2016-07-02,2017-06-30,7597000000,2018-08-03,10-K,FY
STX,CostOfGoodsAndServicesSold,2016-07-02,2017-06-30,7597000000,2019-08-02,10-K,FY
STX,CostOfGoodsAndServicesSold,2017-07-01,2017-09-29,1896000000,2017-10-27,10-Q,Q1
STX,CostOfGoodsAndServicesSold,2017-07-01,2017-09-29,1896000000,2018-11-02,10-Q,Q1
STX,CostOfGoodsAndServicesSold,2017-07-01,2017-12-29,3933000000,2018-01-29,10-Q,Q2
STX,CostOfGoodsAndServicesSold,2017-07-01,2017-12-29,3933000000,2019-02-04,10-Q,Q2
STX,CostOfGoodsAndServicesSold,2017-09-30,2017-12-29,2037000000,2018-01-29,10-Q,Q2
STX,CostOfGoodsAndServicesSold,2017-09-30,2017-12-29,2037000000,2019-02-04,10-Q,Q2
STX,CostOfGoodsAndServicesSold,2017-07-01,2018-03-30,5889000000,2018-05-01,10-Q,Q3
STX,CostOfGoodsAndServicesSold,2017-07-01,2018-03-30,5889000000,2019-04-30,10-Q,Q3
STX,CostOfGoodsAndServicesSold,2017-12-30,2018-03-30,1956000000,2018-05-01,10-Q,Q3
STX,CostOfGoodsAndServicesSold,2017-12-30,2018-03-30,1956000000,2019-04-30,10-Q,Q3
STX,CostOfGoodsAndServicesSold,2017-07-01,2018-06-29,7820000000,2018-08-03,10-K,FY
STX,CostOfGoodsAndServicesSold,2017-07-01,2018-06-29,7820000000,2019-08-02,10-K,FY
STX,CostOfGoodsAndServicesSold,2017-07-01,2018-06-29,7820000000,2020-08-07,10-K,FY
STX,CostOfGoodsAndServicesSold,2018-06-30,2018-09-28,2078000000,2018-11-02,10-Q,Q1
STX,CostOfGoodsAndServicesSold,2018-06-30,2018-09-28,2078000000,2019-11-01,10-Q,Q1
STX,CostOfGoodsAndServicesSold,2018-06-30,2018-12-28,3999000000,2019-02-04,10-Q,Q2
STX,CostOfGoodsAndServicesSold,2018-06-30,2018-12-28,3999000000,2020-02-05,10-Q,Q2
STX,CostOfGoodsAndServicesSold,2018-09-29,2018-12-28,1921000000,2019-02-04,10-Q,Q2
STX,CostOfGoodsAndServicesSold,2018-09-29,2018-12-28,1921000000,2020-02-05,10-Q,Q2
STX,CostOfGoodsAndServicesSold,2018-06-30,2019-03-29,5711000000,2019-04-30,10-Q,Q3
STX,CostOfGoodsAndServicesSold,2018-06-30,2019-03-29,5711000000,2020-04-30,10-Q,Q3
STX,CostOfGoodsAndServicesSold,2018-12-29,2019-03-29,1712000000,2019-04-30,10-Q,Q3
STX,CostOfGoodsAndServicesSold,2018-12-29,2019-03-29,1712000000,2020-04-30,10-Q,Q3
STX,CostOfGoodsAndServicesSold,2018-06-30,2019-06-28,7458000000,2019-08-02,10-K,FY
STX,CostOfGoodsAndServicesSold,2018-06-30,2019-06-28,7458000000,2020-08-07,10-K,FY
STX,CostOfGoodsAndServicesSold,2018-06-30,2019-06-28,7458000000,2021-08-06,10-K,FY
STX,CostOfGoodsAndServicesSold,2019-06-29,2019-10-04,1907000000,2019-11-01,10-Q,Q1
STX,CostOfGoodsAndServicesSold,2019-06-29,2019-10-04,1907000000,2020-10-29,10-Q,Q1
STX,CostOfGoodsAndServicesSold,2019-06-29,2020-01-03,3845000000,2020-02-05,10-Q,Q2
STX,CostOfGoodsAndServicesSold,2019-06-29,2020-01-03,3845000000,2021-01-28,10-Q,Q2
STX,CostOfGoodsAndServicesSold,2019-10-05,2020-01-03,1938000000,2020-02-05,10-Q,Q2
STX,CostOfGoodsAndServicesSold,2019-10-05,2020-01-03,1938000000,2021-01-28,10-Q,Q2
STX,CostOfGoodsAndServicesSold,2019-06-29,2020-04-03,5817000000,2020-04-30,10-Q,Q3
STX,CostOfGoodsAndServicesSold,2019-06-29,2020-04-03,5817000000,2021-04-29,10-Q,Q3
STX,CostOfGoodsAndServicesSold,2020-01-04,2020-04-03,1972000000,2020-04-30,10-Q,Q3
STX,CostOfGoodsAndServicesSold,2020-01-04,2020-04-03,1972000000,2021-04-29,10-Q,Q3
STX,CostOfGoodsAndServicesSold,2019-06-29,2020-07-03,7667000000,2020-08-07,10-K,FY
STX,CostOfGoodsAndServicesSold,2019-06-29,2020-07-03,7667000000,2021-08-06,10-K,FY
STX,CostOfGoodsAndServicesSold,2019-06-29,2020-07-03,7667000000,2022-08-05,10-K,FY
STX,CostOfGoodsAndServicesSold,2020-07-04,2020-10-02,1718000000,2020-10-29,10-Q,Q1
STX,CostOfGoodsAndServicesSold,2020-07-04,2020-10-02,1718000000,2021-10-28,10-Q,Q1
STX,CostOfGoodsAndServicesSold,2020-07-04,2021-01-01,3645000000,2021-01-28,10-Q,Q2
STX,CostOfGoodsAndServicesSold,2020-07-04,2021-01-01,3645000000,2022-01-27,10-Q,Q2
STX,CostOfGoodsAndServicesSold,2020-10-03,2021-01-01,1927000000,2021-01-28,10-Q,Q2
STX,CostOfGoodsAndServicesSold,2020-10-03,2021-01-01,1927000000,2022-01-27,10-Q,Q2
STX,CostOfGoodsAndServicesSold,2020-07-04,2021-04-02,5636000000,2021-04-29,10-Q,Q3
STX,CostOfGoodsAndServicesSold,2020-07-04,2021-04-02,5636000000,2022-04-28,10-Q,Q3
STX,CostOfGoodsAndServicesSold,2021-01-02,2021-04-02,1991000000,2021-04-29,10-Q,Q3
STX,CostOfGoodsAndServicesSold,2021-01-02,2021-04-02,1991000000,2022-04-28,10-Q,Q3
STX,CostOfGoodsAndServicesSold,2020-07-04,2021-07-02,7764000000,2021-08-06,10-K,FY
STX,CostOfGoodsAndServicesSold,2020-07-04,2021-07-02,7764000000,2022-08-05,10-K,FY
STX,CostOfGoodsAndServicesSold,2020-07-04,2021-07-02,7764000000,2023-08-04,10-K,FY
STX,CostOfGoodsAndServicesSold,2021-07-03,2021-10-01,2159000000,2021-10-28,10-Q,Q1
STX,CostOfGoodsAndServicesSold,2021-07-03,2021-10-01,2159000000,2022-10-27,10-Q,Q1
STX,CostOfGoodsAndServicesSold,2021-07-03,2021-12-31,4327000000,2022-01-27,10-Q,Q2
STX,CostOfGoodsAndServicesSold,2021-07-03,2021-12-31,4327000000,2023-01-25,10-Q,Q2
STX,CostOfGoodsAndServicesSold,2021-10-02,2021-12-31,2168000000,2022-01-27,10-Q,Q2
STX,CostOfGoodsAndServicesSold,2021-10-02,2021-12-31,2168000000,2023-01-25,10-Q,Q2
STX,CostOfGoodsAndServicesSold,2021-07-03,2022-04-01,6323000000,2022-04-28,10-Q,Q3
STX,CostOfGoodsAndServicesSold,2021-07-03,2022-04-01,6323000000,2023-04-26,10-Q,Q3
STX,CostOfGoodsAndServicesSold,2022-01-01,2022-04-01,1996000000,2022-04-28,10-Q,Q3
STX,CostOfGoodsAndServicesSold,2022-01-01,2022-04-01,1996000000,2023-04-26,10-Q,Q3
STX,CostOfGoodsAndServicesSold,2021-07-03,2022-07-01,8192000000,2022-08-05,10-K,FY
STX,CostOfGoodsAndServicesSold,2021-07-03,2022-07-01,8192000000,2023-08-04,10-K,FY
STX,CostOfGoodsAndServicesSold,2021-07-03,2022-07-01,8192000000,2024-08-02,10-K,FY
STX,CostOfGoodsAndServicesSold,2022-07-02,2022-09-30,1553000000,2022-10-27,10-Q,Q1
STX,CostOfGoodsAndServicesSold,2022-07-02,2022-09-30,1553000000,2023-10-27,10-Q,Q1
STX,CostOfGoodsAndServicesSold,2022-07-02,2022-12-30,3194000000,2023-01-25,10-Q,Q2
STX,CostOfGoodsAndServicesSold,2022-07-02,2022-12-30,3194000000,2024-01-26,10-Q,Q2
STX,CostOfGoodsAndServicesSold,2022-10-01,2022-12-30,1641000000,2023-01-25,10-Q,Q2
STX,CostOfGoodsAndServicesSold,2022-10-01,2022-12-30,1641000000,2024-01-26,10-Q,Q2
STX,CostOfGoodsAndServicesSold,2022-07-02,2023-03-31,4735000000,2023-04-26,10-Q,Q3
STX,CostOfGoodsAndServicesSold,2022-07-02,2023-03-31,4735000000,2024-04-26,10-Q,Q3
STX,CostOfGoodsAndServicesSold,2022-12-31,2023-03-31,1541000000,2023-04-26,10-Q,Q3
STX,CostOfGoodsAndServicesSold,2022-12-31,2023-03-31,1541000000,2024-04-26,10-Q,Q3
STX,CostOfGoodsAndServicesSold,2022-07-02,2023-06-30,6033000000,2023-08-04,10-K,FY
STX,CostOfGoodsAndServicesSold,2022-07-02,2023-06-30,6033000000,2024-08-02,10-K,FY
STX,CostOfGoodsAndServicesSold,2022-07-02,2023-06-30,6033000000,2025-08-01,10-K,FY
STX,CostOfGoodsAndServicesSold,2023-07-01,2023-09-29,1305000000,2023-10-27,10-Q,Q1
STX,CostOfGoodsAndServicesSold,2023-07-01,2023-09-29,1305000000,2024-10-25,10-Q,Q1
STX,CostOfGoodsAndServicesSold,2023-07-01,2023-12-29,2498000000,2024-01-26,10-Q,Q2
STX,CostOfGoodsAndServicesSold,2023-07-01,2023-12-29,2498000000,2025-01-24,10-Q,Q2
STX,CostOfGoodsAndServicesSold,2023-09-30,2023-12-29,1193000000,2024-01-26,10-Q,Q2
STX,CostOfGoodsAndServicesSold,2023-09-30,2023-12-29,1193000000,2025-01-24,10-Q,Q2
STX,CostOfGoodsAndServicesSold,2023-07-01,2024-03-29,3728000000,2024-04-26,10-Q,Q3
STX,CostOfGoodsAndServicesSold,2023-07-01,2024-03-29,3728000000,2025-05-02,10-Q,Q3
STX,CostOfGoodsAndServicesSold,2023-12-30,2024-03-29,1230000000,2024-04-26,10-Q,Q3
STX,CostOfGoodsAndServicesSold,2023-12-30,2024-03-29,1230000000,2025-05-02,10-Q,Q3
STX,CostOfGoodsAndServicesSold,2023-07-01,2024-06-28,5015000000,2024-08-02,10-K,FY
STX,CostOfGoodsAndServicesSold,2023-07-01,2024-06-28,5015000000,2025-08-01,10-K,FY
STX,CostOfGoodsAndServicesSold,2023-07-01,2024-06-28,5015000000,2026-08-04,10-K,FY
STX,CostOfGoodsAndServicesSold,2024-06-29,2024-09-27,1454000000,2024-10-25,10-Q,Q1
STX,CostOfGoodsAndServicesSold,2024-06-29,2024-09-27,1454000000,2025-10-31,10-Q,Q1
STX,CostOfGoodsAndServicesSold,2024-06-29,2024-12-27,2967000000,2025-01-24,10-Q,Q2
STX,CostOfGoodsAndServicesSold,2024-06-29,2024-12-27,2967000000,2026-01-30,10-Q,Q2
STX,CostOfGoodsAndServicesSold,2024-09-28,2024-12-27,1513000000,2025-01-24,10-Q,Q2
STX,CostOfGoodsAndServicesSold,2024-09-28,2024-12-27,1513000000,2026-01-30,10-Q,Q2
STX,CostOfGoodsAndServicesSold,2024-06-29,2025-03-28,4367000000,2025-05-02,10-Q,Q3
STX,CostOfGoodsAndServicesSold,2024-06-29,2025-03-28,4367000000,2026-04-29,10-Q,Q3
STX,CostOfGoodsAndServicesSold,2024-12-28,2025-03-28,1400000000,2025-05-02,10-Q,Q3
STX,CostOfGoodsAndServicesSold,2024-12-28,2025-03-28,1400000000,2026-04-29,10-Q,Q3
STX,CostOfGoodsAndServicesSold,2024-06-29,2025-06-27,5897000000,2025-08-01,10-K,FY
STX,CostOfGoodsAndServicesSold,2024-06-29,2025-06-27,5897000000,2026-08-04,10-K,FY
STX,CostOfGoodsAndServicesSold,2025-06-28,2025-10-03,1592000000,2025-10-31,10-Q,Q1
STX,CostOfGoodsAndServicesSold,2025-06-28,2026-01-02,3241000000,2026-01-30,10-Q,Q2
STX,CostOfGoodsAndServicesSold,2025-10-04,2026-01-02,1649000000,2026-01-30,10-Q,Q2
STX,CostOfGoodsAndServicesSold,2025-06-28,2026-04-03,4906000000,2026-04-29,10-Q,Q3
STX,CostOfGoodsAndServicesSold,2026-01-03,2026-04-03,1665000000,2026-04-29,10-Q,Q3
STX,CostOfGoodsAndServicesSold,2025-06-28,2026-07-03,6637000000,2026-08-04,10-K,FY
STX,Revenues,2015-07-04,2016-07-01,11160000000,2018-08-03,10-K,FY
STX,Revenues,2016-07-02,2017-06-30,10771000000,2018-08-03,10-K,FY
STX,Revenues,2016-07-02,2017-06-30,10771000000,2019-08-02,10-K,FY
STX,Revenues,2017-07-01,2018-06-29,11184000000,2018-08-03,10-K,FY
STX,Revenues,2017-07-01,2018-06-29,11184000000,2019-08-02,10-K,FY
STX,Revenues,2017-07-01,2018-06-29,11184000000,2020-08-07,10-K,FY
STX,Revenues,2018-06-30,2019-06-28,10390000000,2019-08-02,10-K,FY
STX,Revenues,2018-06-30,2019-06-28,10390000000,2020-08-07,10-K,FY
STX,Revenues,2018-06-30,2019-06-28,10390000000,2021-08-06,10-K,FY
STX,Revenues,2019-06-29,2020-07-03,10509000000,2020-08-07,10-K,FY
STX,Revenues,2019-06-29,2020-07-03,10509000000,2021-08-06,10-K,FY
STX,Revenues,2019-06-29,2020-07-03,10509000000,2022-08-05,10-K,FY
STX,Revenues,2020-07-04,2021-07-02,10681000000,2021-08-06,10-K,FY
STX,Revenues,2020-07-04,2021-07-02,10681000000,2022-08-05,10-K,FY
STX,Revenues,2020-07-04,2021-07-02,10681000000,2023-08-04,10-K,FY
STX,Revenues,2021-07-03,2022-07-01,11661000000,2022-08-05,10-K,FY
STX,Revenues,2021-07-03,2022-07-01,11661000000,2023-08-04,10-K,FY
STX,Revenues,2022-07-02,2023-06-30,7384000000,2023-08-04,10-K,FY
STX,RevenueFromContractWithCustomerExcludingAssessedTax,2016-07-02,2017-06-30,10771000000,2019-08-02,10-K,FY
STX,RevenueFromContractWithCustomerExcludingAssessedTax,2017-07-01,2017-09-29,2632000000,2018-11-02,10-Q,Q1
STX,RevenueFromContractWithCustomerExcludingAssessedTax,2017-07-01,2017-12-29,5546000000,2019-02-04,10-Q,Q2
STX,RevenueFromContractWithCustomerExcludingAssessedTax,2017-09-30,2017-12-29,2914000000,2019-02-04,10-Q,Q2
STX,RevenueFromContractWithCustomerExcludingAssessedTax,2017-07-01,2018-03-30,8349000000,2019-04-30,10-Q,Q3
STX,RevenueFromContractWithCustomerExcludingAssessedTax,2017-12-30,2018-03-30,2803000000,2019-04-30,10-Q,Q3
STX,RevenueFromContractWithCustomerExcludingAssessedTax,2017-07-01,2018-06-29,11184000000,2019-08-02,10-K,FY
STX,RevenueFromContractWithCustomerExcludingAssessedTax,2017-07-01,2018-06-29,11184000000,2020-08-07,10-K,FY
STX,RevenueFromContractWithCustomerExcludingAssessedTax,2018-06-30,2018-09-28,2991000000,2018-11-02,10-Q,Q1
STX,RevenueFromContractWithCustomerExcludingAssessedTax,2018-06-30,2018-09-28,2991000000,2019-11-01,10-Q,Q1
STX,RevenueFromContractWithCustomerExcludingAssessedTax,2018-06-30,2018-12-28,5706000000,2019-02-04,10-Q,Q2
STX,RevenueFromContractWithCustomerExcludingAssessedTax,2018-06-30,2018-12-28,5706000000,2020-02-05,10-Q,Q2
STX,RevenueFromContractWithCustomerExcludingAssessedTax,2018-09-29,2018-12-28,2715000000,2019-02-04,10-Q,Q2
STX,RevenueFromContractWithCustomerExcludingAssessedTax,2018-09-29,2018-12-28,2715000000,2020-02-05,10-Q,Q2
STX,RevenueFromContractWithCustomerExcludingAssessedTax,2018-06-30,2019-03-29,8019000000,2019-04-30,10-Q,Q3
STX,RevenueFromContractWithCustomerExcludingAssessedTax,2018-06-30,2019-03-29,8019000000,2020-04-30,10-Q,Q3
STX,RevenueFromContractWithCustomerExcludingAssessedTax,2018-12-29,2019-03-29,2313000000,2019-04-30,10-Q,Q3
STX,RevenueFromContractWithCustomerExcludingAssessedTax,2018-12-29,2019-03-29,2313000000,2020-04-30,10-Q,Q3
STX,RevenueFromContractWithCustomerExcludingAssessedTax,2018-06-30,2019-06-28,10390000000,2019-08-02,10-K,FY
STX,RevenueFromContractWithCustomerExcludingAssessedTax,2018-06-30,2019-06-28,10390000000,2020-08-07,10-K,FY
STX,RevenueFromContractWithCustomerExcludingAssessedTax,2018-06-30,2019-06-28,10390000000,2021-08-06,10-K,FY
STX,RevenueFromContractWithCustomerExcludingAssessedTax,2019-06-29,2019-10-04,2578000000,2019-11-01,10-Q,Q1
STX,RevenueFromContractWithCustomerExcludingAssessedTax,2019-06-29,2019-10-04,2578000000,2020-10-29,10-Q,Q1
STX,RevenueFromContractWithCustomerExcludingAssessedTax,2019-06-29,2020-01-03,5274000000,2020-02-05,10-Q,Q2
STX,RevenueFromContractWithCustomerExcludingAssessedTax,2019-06-29,2020-01-03,5274000000,2021-01-28,10-Q,Q2
STX,RevenueFromContractWithCustomerExcludingAssessedTax,2019-10-05,2020-01-03,2696000000,2020-02-05,10-Q,Q2
STX,RevenueFromContractWithCustomerExcludingAssessedTax,2019-10-05,2020-01-03,2696000000,2021-01-28,10-Q,Q2
STX,RevenueFromContractWithCustomerExcludingAssessedTax,2019-06-29,2020-04-03,7992000000,2020-04-30,10-Q,Q3
STX,RevenueFromContractWithCustomerExcludingAssessedTax,2019-06-29,2020-04-03,7992000000,2021-04-29,10-Q,Q3
STX,RevenueFromContractWithCustomerExcludingAssessedTax,2020-01-04,2020-04-03,2718000000,2020-04-30,10-Q,Q3
STX,RevenueFromContractWithCustomerExcludingAssessedTax,2020-01-04,2020-04-03,2718000000,2021-04-29,10-Q,Q3
STX,RevenueFromContractWithCustomerExcludingAssessedTax,2019-06-29,2020-07-03,10509000000,2020-08-07,10-K,FY
STX,RevenueFromContractWithCustomerExcludingAssessedTax,2019-06-29,2020-07-03,10509000000,2021-08-06,10-K,FY
STX,RevenueFromContractWithCustomerExcludingAssessedTax,2019-06-29,2020-07-03,10509000000,2022-08-05,10-K,FY
STX,RevenueFromContractWithCustomerExcludingAssessedTax,2020-07-04,2020-10-02,2314000000,2020-10-29,10-Q,Q1
STX,RevenueFromContractWithCustomerExcludingAssessedTax,2020-07-04,2020-10-02,2314000000,2021-10-28,10-Q,Q1
STX,RevenueFromContractWithCustomerExcludingAssessedTax,2020-07-04,2021-01-01,4937000000,2021-01-28,10-Q,Q2
STX,RevenueFromContractWithCustomerExcludingAssessedTax,2020-07-04,2021-01-01,4937000000,2022-01-27,10-Q,Q2
STX,RevenueFromContractWithCustomerExcludingAssessedTax,2020-10-03,2021-01-01,2623000000,2021-01-28,10-Q,Q2
STX,RevenueFromContractWithCustomerExcludingAssessedTax,2020-10-03,2021-01-01,2623000000,2022-01-27,10-Q,Q2
STX,RevenueFromContractWithCustomerExcludingAssessedTax,2020-07-04,2021-04-02,7668000000,2021-04-29,10-Q,Q3
STX,RevenueFromContractWithCustomerExcludingAssessedTax,2020-07-04,2021-04-02,7668000000,2022-04-28,10-Q,Q3
STX,RevenueFromContractWithCustomerExcludingAssessedTax,2021-01-02,2021-04-02,2731000000,2021-04-29,10-Q,Q3
STX,RevenueFromContractWithCustomerExcludingAssessedTax,2021-01-02,2021-04-02,2731000000,2022-04-28,10-Q,Q3
STX,RevenueFromContractWithCustomerExcludingAssessedTax,2020-07-04,2021-07-02,10681000000,2021-08-06,10-K,FY
STX,RevenueFromContractWithCustomerExcludingAssessedTax,2020-07-04,2021-07-02,10681000000,2022-08-05,10-K,FY
STX,RevenueFromContractWithCustomerExcludingAssessedTax,2020-07-04,2021-07-02,10681000000,2023-08-04,10-K,FY
STX,RevenueFromContractWithCustomerExcludingAssessedTax,2021-07-03,2021-10-01,3115000000,2021-10-28,10-Q,Q1
STX,RevenueFromContractWithCustomerExcludingAssessedTax,2021-07-03,2021-10-01,3115000000,2022-10-27,10-Q,Q1
STX,RevenueFromContractWithCustomerExcludingAssessedTax,2021-07-03,2021-12-31,6231000000,2022-01-27,10-Q,Q2
STX,RevenueFromContractWithCustomerExcludingAssessedTax,2021-07-03,2021-12-31,6231000000,2023-01-25,10-Q,Q2
STX,RevenueFromContractWithCustomerExcludingAssessedTax,2021-10-02,2021-12-31,3116000000,2022-01-27,10-Q,Q2
STX,RevenueFromContractWithCustomerExcludingAssessedTax,2021-10-02,2021-12-31,3116000000,2023-01-25,10-Q,Q2
STX,RevenueFromContractWithCustomerExcludingAssessedTax,2021-07-03,2022-04-01,9033000000,2022-04-28,10-Q,Q3
STX,RevenueFromContractWithCustomerExcludingAssessedTax,2021-07-03,2022-04-01,9033000000,2023-04-26,10-Q,Q3
STX,RevenueFromContractWithCustomerExcludingAssessedTax,2022-01-01,2022-04-01,2802000000,2022-04-28,10-Q,Q3
STX,RevenueFromContractWithCustomerExcludingAssessedTax,2022-01-01,2022-04-01,2802000000,2023-04-26,10-Q,Q3
STX,RevenueFromContractWithCustomerExcludingAssessedTax,2021-07-03,2022-07-01,11661000000,2022-08-05,10-K,FY
STX,RevenueFromContractWithCustomerExcludingAssessedTax,2021-07-03,2022-07-01,11661000000,2023-08-04,10-K,FY
STX,RevenueFromContractWithCustomerExcludingAssessedTax,2021-07-03,2022-07-01,11661000000,2024-08-02,10-K,FY
STX,RevenueFromContractWithCustomerExcludingAssessedTax,2022-07-02,2022-09-30,2035000000,2022-10-27,10-Q,Q1
STX,RevenueFromContractWithCustomerExcludingAssessedTax,2022-07-02,2022-09-30,2035000000,2023-10-27,10-Q,Q1
STX,RevenueFromContractWithCustomerExcludingAssessedTax,2022-07-02,2022-12-30,3922000000,2023-01-25,10-Q,Q2
STX,RevenueFromContractWithCustomerExcludingAssessedTax,2022-07-02,2022-12-30,3922000000,2024-01-26,10-Q,Q2
STX,RevenueFromContractWithCustomerExcludingAssessedTax,2022-10-01,2022-12-30,1887000000,2023-01-25,10-Q,Q2
STX,RevenueFromContractWithCustomerExcludingAssessedTax,2022-10-01,2022-12-30,1887000000,2024-01-26,10-Q,Q2
STX,RevenueFromContractWithCustomerExcludingAssessedTax,2022-07-02,2023-03-31,5782000000,2023-04-26,10-Q,Q3
STX,RevenueFromContractWithCustomerExcludingAssessedTax,2022-07-02,2023-03-31,5782000000,2024-04-26,10-Q,Q3
STX,RevenueFromContractWithCustomerExcludingAssessedTax,2022-12-31,2023-03-31,1860000000,2023-04-26,10-Q,Q3
STX,RevenueFromContractWithCustomerExcludingAssessedTax,2022-12-31,2023-03-31,1860000000,2024-04-26,10-Q,Q3
STX,RevenueFromContractWithCustomerExcludingAssessedTax,2022-07-02,2023-06-30,7384000000,2023-08-04,10-K,FY
STX,RevenueFromContractWithCustomerExcludingAssessedTax,2022-07-02,2023-06-30,7384000000,2024-08-02,10-K,FY
STX,RevenueFromContractWithCustomerExcludingAssessedTax,2022-07-02,2023-06-30,7384000000,2025-08-01,10-K,FY
STX,RevenueFromContractWithCustomerExcludingAssessedTax,2023-07-01,2023-09-29,1454000000,2023-10-27,10-Q,Q1
STX,RevenueFromContractWithCustomerExcludingAssessedTax,2023-07-01,2023-09-29,1454000000,2024-10-25,10-Q,Q1
STX,RevenueFromContractWithCustomerExcludingAssessedTax,2023-07-01,2023-12-29,3009000000,2024-01-26,10-Q,Q2
STX,RevenueFromContractWithCustomerExcludingAssessedTax,2023-07-01,2023-12-29,3009000000,2025-01-24,10-Q,Q2
STX,RevenueFromContractWithCustomerExcludingAssessedTax,2023-09-30,2023-12-29,1555000000,2024-01-26,10-Q,Q2
STX,RevenueFromContractWithCustomerExcludingAssessedTax,2023-09-30,2023-12-29,1555000000,2025-01-24,10-Q,Q2
STX,RevenueFromContractWithCustomerExcludingAssessedTax,2023-07-01,2024-03-29,4664000000,2024-04-26,10-Q,Q3
STX,RevenueFromContractWithCustomerExcludingAssessedTax,2023-07-01,2024-03-29,4664000000,2025-05-02,10-Q,Q3
STX,RevenueFromContractWithCustomerExcludingAssessedTax,2023-12-30,2024-03-29,1655000000,2024-04-26,10-Q,Q3
STX,RevenueFromContractWithCustomerExcludingAssessedTax,2023-12-30,2024-03-29,1655000000,2025-05-02,10-Q,Q3
STX,RevenueFromContractWithCustomerExcludingAssessedTax,2023-07-01,2024-06-28,6551000000,2024-08-02,10-K,FY
STX,RevenueFromContractWithCustomerExcludingAssessedTax,2023-07-01,2024-06-28,6551000000,2025-08-01,10-K,FY
STX,RevenueFromContractWithCustomerExcludingAssessedTax,2023-07-01,2024-06-28,6551000000,2026-08-04,10-K,FY
STX,RevenueFromContractWithCustomerExcludingAssessedTax,2024-06-29,2024-09-27,2168000000,2024-10-25,10-Q,Q1
STX,RevenueFromContractWithCustomerExcludingAssessedTax,2024-06-29,2024-09-27,2168000000,2025-10-31,10-Q,Q1
STX,RevenueFromContractWithCustomerExcludingAssessedTax,2024-06-29,2024-12-27,4493000000,2025-01-24,10-Q,Q2
STX,RevenueFromContractWithCustomerExcludingAssessedTax,2024-06-29,2024-12-27,4493000000,2026-01-30,10-Q,Q2
STX,RevenueFromContractWithCustomerExcludingAssessedTax,2024-09-28,2024-12-27,2325000000,2025-01-24,10-Q,Q2
STX,RevenueFromContractWithCustomerExcludingAssessedTax,2024-09-28,2024-12-27,2325000000,2026-01-30,10-Q,Q2
STX,RevenueFromContractWithCustomerExcludingAssessedTax,2024-06-29,2025-03-28,6653000000,2025-05-02,10-Q,Q3
STX,RevenueFromContractWithCustomerExcludingAssessedTax,2024-06-29,2025-03-28,6653000000,2026-04-29,10-Q,Q3
STX,RevenueFromContractWithCustomerExcludingAssessedTax,2024-12-28,2025-03-28,2160000000,2025-05-02,10-Q,Q3
STX,RevenueFromContractWithCustomerExcludingAssessedTax,2024-12-28,2025-03-28,2160000000,2026-04-29,10-Q,Q3
STX,RevenueFromContractWithCustomerExcludingAssessedTax,2024-06-29,2025-06-27,9097000000,2025-08-01,10-K,FY
STX,RevenueFromContractWithCustomerExcludingAssessedTax,2024-06-29,2025-06-27,9097000000,2026-08-04,10-K,FY
STX,RevenueFromContractWithCustomerExcludingAssessedTax,2025-06-28,2025-10-03,2629000000,2025-10-31,10-Q,Q1
STX,RevenueFromContractWithCustomerExcludingAssessedTax,2025-06-28,2026-01-02,5454000000,2026-01-30,10-Q,Q2
STX,RevenueFromContractWithCustomerExcludingAssessedTax,2025-10-04,2026-01-02,2825000000,2026-01-30,10-Q,Q2
STX,RevenueFromContractWithCustomerExcludingAssessedTax,2025-06-28,2026-04-03,8566000000,2026-04-29,10-Q,Q3
STX,RevenueFromContractWithCustomerExcludingAssessedTax,2026-01-03,2026-04-03,3112000000,2026-04-29,10-Q,Q3
STX,RevenueFromContractWithCustomerExcludingAssessedTax,2025-06-28,2026-07-03,12195000000,2026-08-04,10-K,FY
ETN,PaymentsToAcquirePropertyPlantAndEquipment,2010-01-01,2010-12-31,394000000,2013-02-28,10-K,FY
ETN,PaymentsToAcquirePropertyPlantAndEquipment,2010-01-01,2010-12-31,394000000,2013-09-06,8-K,FY
ETN,PaymentsToAcquirePropertyPlantAndEquipment,2011-01-01,2011-12-31,568000000,2013-02-28,10-K,FY
ETN,PaymentsToAcquirePropertyPlantAndEquipment,2011-01-01,2011-12-31,568000000,2013-09-06,8-K,FY
ETN,PaymentsToAcquirePropertyPlantAndEquipment,2011-01-01,2011-12-31,568000000,2014-02-26,10-K,FY
ETN,PaymentsToAcquirePropertyPlantAndEquipment,2012-01-01,2012-03-31,105000000,2013-05-03,10-Q,Q1
ETN,PaymentsToAcquirePropertyPlantAndEquipment,2012-01-01,2012-06-30,231000000,2013-08-02,10-Q,Q2
ETN,PaymentsToAcquirePropertyPlantAndEquipment,2012-01-01,2012-06-30,231000000,2013-09-06,8-K,Q2
ETN,PaymentsToAcquirePropertyPlantAndEquipment,2012-01-01,2012-09-30,357000000,2013-11-07,10-Q,Q3
ETN,PaymentsToAcquirePropertyPlantAndEquipment,2012-01-01,2012-12-31,593000000,2013-02-28,10-K,FY
ETN,PaymentsToAcquirePropertyPlantAndEquipment,2012-01-01,2012-12-31,593000000,2013-09-06,8-K,FY
ETN,PaymentsToAcquirePropertyPlantAndEquipment,2012-01-01,2012-12-31,593000000,2014-02-26,10-K,FY
ETN,PaymentsToAcquirePropertyPlantAndEquipment,2012-01-01,2012-12-31,593000000,2015-02-26,10-K,FY
ETN,PaymentsToAcquirePropertyPlantAndEquipment,2013-01-01,2013-03-31,122000000,2013-05-03,10-Q,Q1
ETN,PaymentsToAcquirePropertyPlantAndEquipment,2013-01-01,2013-03-31,122000000,2014-05-05,10-Q,Q1
ETN,PaymentsToAcquirePropertyPlantAndEquipment,2013-01-01,2013-06-30,251000000,2013-08-02,10-Q,Q2
ETN,PaymentsToAcquirePropertyPlantAndEquipment,2013-01-01,2013-06-30,251000000,2013-09-06,8-K,Q2
ETN,PaymentsToAcquirePropertyPlantAndEquipment,2013-01-01,2013-06-30,251000000,2014-07-31,10-Q,Q2
ETN,PaymentsToAcquirePropertyPlantAndEquipment,2013-01-01,2013-09-30,372000000,2013-11-07,10-Q,Q3
ETN,PaymentsToAcquirePropertyPlantAndEquipment,2013-01-01,2013-09-30,372000000,2014-10-31,10-Q,Q3
ETN,PaymentsToAcquirePropertyPlantAndEquipment,2013-01-01,2013-12-31,614000000,2014-02-26,10-K,FY
ETN,PaymentsToAcquirePropertyPlantAndEquipment,2013-01-01,2013-12-31,614000000,2015-02-26,10-K,FY
ETN,PaymentsToAcquirePropertyPlantAndEquipment,2013-01-01,2013-12-31,614000000,2016-02-24,10-K,FY
ETN,PaymentsToAcquirePropertyPlantAndEquipment,2014-01-01,2014-03-31,110000000,2014-05-05,10-Q,Q1
ETN,PaymentsToAcquirePropertyPlantAndEquipment,2014-01-01,2014-03-31,110000000,2015-04-29,10-Q,Q1
ETN,PaymentsToAcquirePropertyPlantAndEquipment,2014-01-01,2014-06-30,236000000,2014-07-31,10-Q,Q2
ETN,PaymentsToAcquirePropertyPlantAndEquipment,2014-01-01,2014-06-30,236000000,2015-07-29,10-Q,Q2
ETN,PaymentsToAcquirePropertyPlantAndEquipment,2014-01-01,2014-09-30,378000000,2014-10-31,10-Q,Q3
ETN,PaymentsToAcquirePropertyPlantAndEquipment,2014-01-01,2014-09-30,378000000,2015-10-30,10-Q,Q3
ETN,PaymentsToAcquirePropertyPlantAndEquipment,2014-01-01,2014-12-31,632000000,2015-02-26,10-K,FY
ETN,PaymentsToAcquirePropertyPlantAndEquipment,2014-01-01,2014-12-31,632000000,2016-02-24,10-K,FY
ETN,PaymentsToAcquirePropertyPlantAndEquipment,2014-01-01,2014-12-31,632000000,2017-02-22,10-K,FY
ETN,PaymentsToAcquirePropertyPlantAndEquipment,2015-01-01,2015-03-31,105000000,2015-04-29,10-Q,Q1
ETN,PaymentsToAcquirePropertyPlantAndEquipment,2015-01-01,2015-03-31,105000000,2016-04-29,10-Q,Q1
ETN,PaymentsToAcquirePropertyPlantAndEquipment,2015-01-01,2015-06-30,246000000,2015-07-29,10-Q,Q2
ETN,PaymentsToAcquirePropertyPlantAndEquipment,2015-01-01,2015-06-30,246000000,2016-08-02,10-Q,Q2
ETN,PaymentsToAcquirePropertyPlantAndEquipment,2015-01-01,2015-09-30,368000000,2015-10-30,10-Q,Q3
ETN,PaymentsToAcquirePropertyPlantAndEquipment,2015-01-01,2015-09-30,368000000,2016-11-01,10-Q,Q3
ETN,PaymentsToAcquirePropertyPlantAndEquipment,2015-01-01,2015-12-31,506000000,2016-02-24,10-K,FY
ETN,PaymentsToAcquirePropertyPlantAndEquipment,2015-01-01,2015-12-31,506000000,2017-02-22,10-K,FY
ETN,PaymentsToAcquirePropertyPlantAndEquipment,2015-01-01,2015-12-31,506000000,2018-02-28,10-K,FY
ETN,PaymentsToAcquirePropertyPlantAndEquipment,2016-01-01,2016-03-31,111000000,2016-04-29,10-Q,Q1
ETN,PaymentsToAcquirePropertyPlantAndEquipment,2016-01-01,2016-03-31,111000000,2017-05-02,10-Q,Q1
ETN,PaymentsToAcquirePropertyPlantAndEquipment,2016-01-01,2016-06-30,246000000,2016-08-02,10-Q,Q2
ETN,PaymentsToAcquirePropertyPlantAndEquipment,2016-01-01,2016-06-30,246000000,2017-08-01,10-Q,Q2
ETN,PaymentsToAcquirePropertyPlantAndEquipment,2016-01-01,2016-09-30,346000000,2016-11-01,10-Q,Q3
ETN,PaymentsToAcquirePropertyPlantAndEquipment,2016-01-01,2016-09-30,346000000,2017-10-31,10-Q,Q3
ETN,PaymentsToAcquirePropertyPlantAndEquipment,2016-01-01,2016-12-31,497000000,2017-02-22,10-K,FY
ETN,PaymentsToAcquirePropertyPlantAndEquipment,2016-01-01,2016-12-31,497000000,2018-02-28,10-K,FY
ETN,PaymentsToAcquirePropertyPlantAndEquipment,2016-01-01,2016-12-31,497000000,2019-02-27,10-K,FY
ETN,PaymentsToAcquirePropertyPlantAndEquipment,2017-01-01,2017-03-31,116000000,2017-05-02,10-Q,Q1
ETN,PaymentsToAcquirePropertyPlantAndEquipment,2017-01-01,2017-03-31,116000000,2018-05-01,10-Q,Q1
ETN,PaymentsToAcquirePropertyPlantAndEquipment,2017-01-01,2017-06-30,246000000,2017-08-01,10-Q,Q2
ETN,PaymentsToAcquirePropertyPlantAndEquipment,2017-01-01,2017-06-30,246000000,2018-07-31,10-Q,Q2
ETN,PaymentsToAcquirePropertyPlantAndEquipment,2017-01-01,2017-09-30,351000000,2017-10-31,10-Q,Q3
ETN,PaymentsToAcquirePropertyPlantAndEquipment,2017-01-01,2017-09-30,351000000,2018-10-30,10-Q,Q3
ETN,PaymentsToAcquirePropertyPlantAndEquipment,2017-01-01,2017-12-31,520000000,2018-02-28,10-K,FY
ETN,PaymentsToAcquirePropertyPlantAndEquipment,2017-01-01,2017-12-31,520000000,2019-02-27,10-K,FY
ETN,PaymentsToAcquirePropertyPlantAndEquipment,2017-01-01,2017-12-31,520000000,2020-02-26,10-K,FY
ETN,PaymentsToAcquirePropertyPlantAndEquipment,2018-01-01,2018-03-31,131000000,2018-05-01,10-Q,Q1
ETN,PaymentsToAcquirePropertyPlantAndEquipment,2018-01-01,2018-03-31,131000000,2019-04-30,10-Q,Q1
ETN,PaymentsToAcquirePropertyPlantAndEquipment,2018-01-01,2018-06-30,280000000,2018-07-31,10-Q,Q2
ETN,PaymentsToAcquirePropertyPlantAndEquipment,2018-01-01,2018-06-30,280000000,2019-07-30,10-Q,Q2
ETN,PaymentsToAcquirePropertyPlantAndEquipment,2018-01-01,2018-09-30,411000000,2018-10-30,10-Q,Q3
ETN,PaymentsToAcquirePropertyPlantAndEquipment,2018-01-01,2018-09-30,411000000,2019-10-29,10-Q,Q3
ETN,PaymentsToAcquirePropertyPlantAndEquipment,2018-01-01,2018-12-31,565000000,2019-02-27,10-K,FY
ETN,PaymentsToAcquirePropertyPlantAndEquipment,2018-01-01,2018-12-31,565000000,2020-02-26,10-K,FY
ETN,PaymentsToAcquirePropertyPlantAndEquipment,2018-01-01,2018-12-31,565000000,2021-02-24,10-K,FY
ETN,PaymentsToAcquirePropertyPlantAndEquipment,2019-01-01,2019-03-31,149000000,2019-04-30,10-Q,Q1
ETN,PaymentsToAcquirePropertyPlantAndEquipment,2019-01-01,2019-03-31,149000000,2020-04-30,10-Q,Q1
ETN,PaymentsToAcquirePropertyPlantAndEquipment,2019-01-01,2019-06-30,298000000,2019-07-30,10-Q,Q2
ETN,PaymentsToAcquirePropertyPlantAndEquipment,2019-01-01,2019-06-30,298000000,2020-07-29,10-Q,Q2
ETN,PaymentsToAcquirePropertyPlantAndEquipment,2019-01-01,2019-09-30,441000000,2019-10-29,10-Q,Q3
ETN,PaymentsToAcquirePropertyPlantAndEquipment,2019-01-01,2019-09-30,441000000,2020-11-03,10-Q,Q3
ETN,PaymentsToAcquirePropertyPlantAndEquipment,2019-01-01,2019-12-31,587000000,2020-02-26,10-K,FY
ETN,PaymentsToAcquirePropertyPlantAndEquipment,2019-01-01,2019-12-31,587000000,2021-02-24,10-K,FY
ETN,PaymentsToAcquirePropertyPlantAndEquipment,2019-01-01,2019-12-31,587000000,2022-02-23,10-K,FY
ETN,PaymentsToAcquirePropertyPlantAndEquipment,2020-01-01,2020-03-31,112000000,2020-04-30,10-Q,Q1
ETN,PaymentsToAcquirePropertyPlantAndEquipment,2020-01-01,2020-03-31,112000000,2021-05-04,10-Q,Q1
ETN,PaymentsToAcquirePropertyPlantAndEquipment,2020-01-01,2020-06-30,202000000,2020-07-29,10-Q,Q2
ETN,PaymentsToAcquirePropertyPlantAndEquipment,2020-01-01,2020-06-30,202000000,2021-08-03,10-Q,Q2
ETN,PaymentsToAcquirePropertyPlantAndEquipment,2020-01-01,2020-09-30,291000000,2020-11-03,10-Q,Q3
ETN,PaymentsToAcquirePropertyPlantAndEquipment,2020-01-01,2020-09-30,291000000,2021-11-02,10-Q,Q3
ETN,PaymentsToAcquirePropertyPlantAndEquipment,2020-01-01,2020-12-31,389000000,2021-02-24,10-K,FY
ETN,PaymentsToAcquirePropertyPlantAndEquipment,2020-01-01,2020-12-31,389000000,2022-02-23,10-K,FY
ETN,PaymentsToAcquirePropertyPlantAndEquipment,2020-01-01,2020-12-31,389000000,2023-02-23,10-K,FY
ETN,PaymentsToAcquirePropertyPlantAndEquipment,2021-01-01,2021-03-31,119000000,2021-05-04,10-Q,Q1
ETN,PaymentsToAcquirePropertyPlantAndEquipment,2021-01-01,2021-03-31,119000000,2022-05-03,10-Q,Q1
ETN,PaymentsToAcquirePropertyPlantAndEquipment,2021-01-01,2021-06-30,272000000,2021-08-03,10-Q,Q2
ETN,PaymentsToAcquirePropertyPlantAndEquipment,2021-01-01,2021-06-30,272000000,2022-08-02,10-Q,Q2
ETN,PaymentsToAcquirePropertyPlantAndEquipment,2021-01-01,2021-09-30,412000000,2021-11-02,10-Q,Q3
ETN,PaymentsToAcquirePropertyPlantAndEquipment,2021-01-01,2021-09-30,412000000,2022-11-01,10-Q,Q3
ETN,PaymentsToAcquirePropertyPlantAndEquipment,2021-01-01,2021-12-31,575000000,2022-02-23,10-K,FY
ETN,PaymentsToAcquirePropertyPlantAndEquipment,2021-01-01,2021-12-31,575000000,2023-02-23,10-K,FY
ETN,PaymentsToAcquirePropertyPlantAndEquipment,2021-01-01,2021-12-31,575000000,2024-02-29,10-K,FY
ETN,PaymentsToAcquirePropertyPlantAndEquipment,2022-01-01,2022-03-31,115000000,2022-05-03,10-Q,Q1
ETN,PaymentsToAcquirePropertyPlantAndEquipment,2022-01-01,2022-03-31,115000000,2023-05-02,10-Q,Q1
ETN,PaymentsToAcquirePropertyPlantAndEquipment,2022-01-01,2022-06-30,254000000,2022-08-02,10-Q,Q2
ETN,PaymentsToAcquirePropertyPlantAndEquipment,2022-01-01,2022-06-30,254000000,2023-08-01,10-Q,Q2
ETN,PaymentsToAcquirePropertyPlantAndEquipment,2022-01-01,2022-09-30,389000000,2022-11-01,10-Q,Q3
ETN,PaymentsToAcquirePropertyPlantAndEquipment,2022-01-01,2022-09-30,389000000,2023-10-31,10-Q,Q3
ETN,PaymentsToAcquirePropertyPlantAndEquipment,2022-01-01,2022-12-31,598000000,2023-02-23,10-K,FY
ETN,PaymentsToAcquirePropertyPlantAndEquipment,2022-01-01,2022-12-31,598000000,2024-02-29,10-K,FY
ETN,PaymentsToAcquirePropertyPlantAndEquipment,2022-01-01,2022-12-31,598000000,2025-02-27,10-K,FY
ETN,PaymentsToAcquirePropertyPlantAndEquipment,2023-01-01,2023-03-31,126000000,2023-05-02,10-Q,Q1
ETN,PaymentsToAcquirePropertyPlantAndEquipment,2023-01-01,2023-03-31,126000000,2024-04-30,10-Q,Q1
ETN,PaymentsToAcquirePropertyPlantAndEquipment,2023-01-01,2023-06-30,286000000,2023-08-01,10-Q,Q2
ETN,PaymentsToAcquirePropertyPlantAndEquipment,2023-01-01,2023-06-30,286000000,2024-08-01,10-Q,Q2
ETN,PaymentsToAcquirePropertyPlantAndEquipment,2023-01-01,2023-09-30,514000000,2023-10-31,10-Q,Q3
ETN,PaymentsToAcquirePropertyPlantAndEquipment,2023-01-01,2023-09-30,514000000,2024-10-31,10-Q,Q3
ETN,PaymentsToAcquirePropertyPlantAndEquipment,2023-01-01,2023-12-31,757000000,2024-02-29,10-K,FY
ETN,PaymentsToAcquirePropertyPlantAndEquipment,2023-01-01,2023-12-31,757000000,2025-02-27,10-K,FY
ETN,PaymentsToAcquirePropertyPlantAndEquipment,2023-01-01,2023-12-31,757000000,2026-02-26,10-K,FY
ETN,PaymentsToAcquirePropertyPlantAndEquipment,2024-01-01,2024-03-31,183000000,2024-04-30,10-Q,Q1
ETN,PaymentsToAcquirePropertyPlantAndEquipment,2024-01-01,2024-03-31,183000000,2025-05-02,10-Q,Q1
ETN,PaymentsToAcquirePropertyPlantAndEquipment,2024-01-01,2024-06-30,370000000,2024-08-01,10-Q,Q2
ETN,PaymentsToAcquirePropertyPlantAndEquipment,2024-01-01,2024-06-30,370000000,2025-08-05,10-Q,Q2
ETN,PaymentsToAcquirePropertyPlantAndEquipment,2024-01-01,2024-09-30,553000000,2024-10-31,10-Q,Q3
ETN,PaymentsToAcquirePropertyPlantAndEquipment,2024-01-01,2024-09-30,553000000,2025-11-04,10-Q,Q3
ETN,PaymentsToAcquirePropertyPlantAndEquipment,2024-01-01,2024-12-31,808000000,2025-02-27,10-K,FY
ETN,PaymentsToAcquirePropertyPlantAndEquipment,2024-01-01,2024-12-31,808000000,2026-02-26,10-K,FY
ETN,PaymentsToAcquirePropertyPlantAndEquipment,2025-01-01,2025-03-31,147000000,2025-05-02,10-Q,Q1
ETN,PaymentsToAcquirePropertyPlantAndEquipment,2025-01-01,2025-03-31,147000000,2026-05-05,10-Q,Q1
ETN,PaymentsToAcquirePropertyPlantAndEquipment,2025-01-01,2025-06-30,349000000,2025-08-05,10-Q,Q2
ETN,PaymentsToAcquirePropertyPlantAndEquipment,2025-01-01,2025-06-30,349000000,2026-07-31,10-Q,Q2
ETN,PaymentsToAcquirePropertyPlantAndEquipment,2025-01-01,2025-09-30,527000000,2025-11-04,10-Q,Q3
ETN,PaymentsToAcquirePropertyPlantAndEquipment,2025-01-01,2025-12-31,919000000,2026-02-26,10-K,FY
ETN,PaymentsToAcquirePropertyPlantAndEquipment,2026-01-01,2026-03-31,193000000,2026-05-05,10-Q,Q1
ETN,PaymentsToAcquirePropertyPlantAndEquipment,2026-01-01,2026-06-30,446000000,2026-07-31,10-Q,Q2
ETN,InventoryNet,,2011-12-31,1701000000,2013-02-28,10-K,FY
ETN,InventoryNet,,2011-12-31,1701000000,2013-09-06,8-K,FY
ETN,InventoryNet,,2012-12-31,2349000000,2013-02-28,10-K,FY
ETN,InventoryNet,,2012-12-31,2349000000,2013-05-03,10-Q,Q1
ETN,InventoryNet,,2012-12-31,2339000000,2013-08-02,10-Q,Q2
ETN,InventoryNet,,2012-12-31,2339000000,2013-09-06,8-K,FY
ETN,InventoryNet,,2012-12-31,2339000000,2013-09-06,8-K,Q2
ETN,InventoryNet,,2012-12-31,2339000000,2013-11-07,10-Q,Q3
ETN,InventoryNet,,2012-12-31,2336000000,2014-02-26,10-K,FY
ETN,InventoryNet,,2013-03-31,2394000000,2013-05-03,10-Q,Q1
ETN,InventoryNet,,2013-06-30,2405000000,2013-08-02,10-Q,Q2
ETN,InventoryNet,,2013-06-30,2405000000,2013-09-06,8-K,Q2
ETN,InventoryNet,,2013-09-30,2403000000,2013-11-07,10-Q,Q3
ETN,InventoryNet,,2013-12-31,2382000000,2014-02-26,10-K,FY
ETN,InventoryNet,,2013-12-31,2382000000,2014-05-05,10-Q,Q1
ETN,InventoryNet,,2013-12-31,2382000000,2014-07-31,10-Q,Q2
ETN,InventoryNet,,2013-12-31,2382000000,2014-10-31,10-Q,Q3
ETN,InventoryNet,,2013-12-31,2382000000,2015-02-26,10-K,FY
ETN,InventoryNet,,2014-03-31,2532000000,2014-05-05,10-Q,Q1
ETN,InventoryNet,,2014-06-30,2534000000,2014-07-31,10-Q,Q2
ETN,InventoryNet,,2014-09-30,2498000000,2014-10-31,10-Q,Q3
ETN,InventoryNet,,2014-12-31,2428000000,2015-02-26,10-K,FY
ETN,InventoryNet,,2014-12-31,2428000000,2015-04-29,10-Q,Q1
ETN,InventoryNet,,2014-12-31,2428000000,2015-07-29,10-Q,Q2
ETN,InventoryNet,,2014-12-31,2428000000,2015-10-30,10-Q,Q3
ETN,InventoryNet,,2014-12-31,2428000000,2016-02-24,10-K,FY
ETN,InventoryNet,,2015-03-31,2424000000,2015-04-29,10-Q,Q1
ETN,InventoryNet,,2015-06-30,2439000000,2015-07-29,10-Q,Q2
ETN,InventoryNet,,2015-09-30,2395000000,2015-10-30,10-Q,Q3
ETN,InventoryNet,,2015-12-31,2323000000,2016-02-24,10-K,FY
ETN,InventoryNet,,2015-12-31,2323000000,2016-04-29,10-Q,Q1
ETN,InventoryNet,,2015-12-31,2323000000,2016-08-02,10-Q,Q2
ETN,InventoryNet,,2015-12-31,2323000000,2016-11-01,10-Q,Q3
ETN,InventoryNet,,2015-12-31,2323000000,2017-02-22,10-K,FY
ETN,InventoryNet,,2016-03-31,2391000000,2016-04-29,10-Q,Q1
ETN,InventoryNet,,2016-06-30,2323000000,2016-08-02,10-Q,Q2
ETN,InventoryNet,,2016-09-30,2328000000,2016-11-01,10-Q,Q3
ETN,InventoryNet,,2016-12-31,2254000000,2017-02-22,10-K,FY
ETN,InventoryNet,,2016-12-31,2254000000,2017-05-02,10-Q,Q1
ETN,InventoryNet,,2016-12-31,2254000000,2017-08-01,10-Q,Q2
ETN,InventoryNet,,2016-12-31,2254000000,2017-10-31,10-Q,Q3
ETN,InventoryNet,,2016-12-31,2346000000,2018-02-28,10-K,FY
ETN,InventoryNet,,2017-03-31,2344000000,2017-05-02,10-Q,Q1
ETN,InventoryNet,,2017-06-30,2393000000,2017-08-01,10-Q,Q2
ETN,InventoryNet,,2017-09-30,2457000000,2017-10-31,10-Q,Q3
ETN,InventoryNet,,2017-12-31,2620000000,2018-02-28,10-K,FY
ETN,InventoryNet,,2017-12-31,2620000000,2018-05-01,10-Q,Q1
ETN,InventoryNet,,2017-12-31,2620000000,2018-07-31,10-Q,Q2
ETN,InventoryNet,,2017-12-31,2620000000,2018-10-30,10-Q,Q3
ETN,InventoryNet,,2017-12-31,2620000000,2019-02-27,10-K,FY
ETN,InventoryNet,,2018-03-31,2745000000,2018-05-01,10-Q,Q1
ETN,InventoryNet,,2018-06-30,2753000000,2018-07-31,10-Q,Q2
ETN,InventoryNet,,2018-09-30,2835000000,2018-10-30,10-Q,Q3
ETN,InventoryNet,,2018-12-31,2785000000,2019-02-27,10-K,FY
ETN,InventoryNet,,2018-12-31,2785000000,2019-04-30,10-Q,Q1
ETN,InventoryNet,,2018-12-31,2785000000,2019-07-30,10-Q,Q2
ETN,InventoryNet,,2018-12-31,2785000000,2019-10-29,10-Q,Q3
ETN,InventoryNet,,2018-12-31,2785000000,2020-02-26,10-K,FY
ETN,InventoryNet,,2019-03-31,2897000000,2019-04-30,10-Q,Q1
ETN,InventoryNet,,2019-06-30,2853000000,2019-07-30,10-Q,Q2
ETN,InventoryNet,,2019-09-30,2901000000,2019-10-29,10-Q,Q3
ETN,InventoryNet,,2019-12-31,2805000000,2020-02-26,10-K,FY
ETN,InventoryNet,,2019-12-31,2805000000,2020-04-30,10-Q,Q1
ETN,InventoryNet,,2019-12-31,2805000000,2020-07-29,10-Q,Q2
ETN,InventoryNet,,2019-12-31,2805000000,2020-11-03,10-Q,Q3
ETN,InventoryNet,,2019-12-31,2805000000,2021-02-24,10-K,FY
ETN,InventoryNet,,2020-03-31,2346000000,2020-04-30,10-Q,Q1
ETN,InventoryNet,,2020-06-30,2138000000,2020-07-29,10-Q,Q2
ETN,InventoryNet,,2020-09-30,2096000000,2020-11-03,10-Q,Q3
ETN,InventoryNet,,2020-12-31,2109000000,2021-02-24,10-K,FY
ETN,InventoryNet,,2020-12-31,2109000000,2021-05-04,10-Q,Q1
ETN,InventoryNet,,2020-12-31,2109000000,2021-08-03,10-Q,Q2
ETN,InventoryNet,,2020-12-31,2109000000,2021-11-02,10-Q,Q3
ETN,InventoryNet,,2020-12-31,2109000000,2022-02-23,10-K,FY
ETN,InventoryNet,,2021-03-31,2399000000,2021-05-04,10-Q,Q1
ETN,InventoryNet,,2021-06-30,2668000000,2021-08-03,10-Q,Q2
ETN,InventoryNet,,2021-09-30,2802000000,2021-11-02,10-Q,Q3
ETN,InventoryNet,,2021-12-31,2969000000,2022-02-23,10-K,FY
ETN,InventoryNet,,2021-12-31,2969000000,2022-05-03,10-Q,Q1
ETN,InventoryNet,,2021-12-31,2969000000,2022-08-02,10-Q,Q2
ETN,InventoryNet,,2021-12-31,2969000000,2022-11-01,10-Q,Q3
ETN,InventoryNet,,2021-12-31,2969000000,2023-02-23,10-K,FY
ETN,InventoryNet,,2022-03-31,3317000000,2022-05-03,10-Q,Q1
ETN,InventoryNet,,2022-06-30,3445000000,2022-08-02,10-Q,Q2
ETN,InventoryNet,,2022-09-30,3428000000,2022-11-01,10-Q,Q3
ETN,InventoryNet,,2022-12-31,3430000000,2023-02-23,10-K,FY
ETN,InventoryNet,,2022-12-31,3430000000,2023-05-02,10-Q,Q1
ETN,InventoryNet,,2022-12-31,3430000000,2023-08-01,10-Q,Q2
ETN,InventoryNet,,2022-12-31,3430000000,2023-10-31,10-Q,Q3
ETN,InventoryNet,,2022-12-31,3430000000,2024-02-29,10-K,FY
ETN,InventoryNet,,2023-03-31,3604000000,2023-05-02,10-Q,Q1
ETN,InventoryNet,,2023-06-30,3670000000,2023-08-01,10-Q,Q2
ETN,InventoryNet,,2023-09-30,3713000000,2023-10-31,10-Q,Q3
ETN,InventoryNet,,2023-12-31,3739000000,2024-02-29,10-K,FY
ETN,InventoryNet,,2023-12-31,3739000000,2024-04-30,10-Q,Q1
ETN,InventoryNet,,2023-12-31,3739000000,2024-08-01,10-Q,Q2
ETN,InventoryNet,,2023-12-31,3739000000,2024-10-31,10-Q,Q3
ETN,InventoryNet,,2023-12-31,3739000000,2025-02-27,10-K,FY
ETN,InventoryNet,,2024-03-31,3868000000,2024-04-30,10-Q,Q1
ETN,InventoryNet,,2024-06-30,3963000000,2024-08-01,10-Q,Q2
ETN,InventoryNet,,2024-09-30,4178000000,2024-10-31,10-Q,Q3
ETN,InventoryNet,,2024-12-31,4227000000,2025-02-27,10-K,FY
ETN,InventoryNet,,2024-12-31,4227000000,2025-05-02,10-Q,Q1
ETN,InventoryNet,,2024-12-31,4227000000,2025-08-05,10-Q,Q2
ETN,InventoryNet,,2024-12-31,4227000000,2025-11-04,10-Q,Q3
ETN,InventoryNet,,2024-12-31,4227000000,2026-02-26,10-K,FY
ETN,InventoryNet,,2025-03-31,4392000000,2025-05-02,10-Q,Q1
ETN,InventoryNet,,2025-06-30,4581000000,2025-08-05,10-Q,Q2
ETN,InventoryNet,,2025-09-30,4613000000,2025-11-04,10-Q,Q3
ETN,InventoryNet,,2025-12-31,4721000000,2026-02-26,10-K,FY
ETN,InventoryNet,,2025-12-31,4721000000,2026-05-05,10-Q,Q1
ETN,InventoryNet,,2025-12-31,4721000000,2026-07-31,10-Q,Q2
ETN,InventoryNet,,2026-03-31,5146000000,2026-05-05,10-Q,Q1
ETN,InventoryNet,,2026-06-30,5417000000,2026-07-31,10-Q,Q2
ETN,CostOfRevenue,2010-01-01,2010-12-31,9633000000,2013-02-28,10-K,FY
ETN,CostOfRevenue,2010-01-01,2010-12-31,9633000000,2013-09-06,8-K,FY
ETN,CostOfRevenue,2011-01-01,2011-12-31,11261000000,2013-02-28,10-K,FY
ETN,CostOfRevenue,2011-01-01,2011-12-31,11261000000,2013-09-06,8-K,FY
ETN,CostOfRevenue,2011-01-01,2011-12-31,11261000000,2014-02-26,10-K,FY
ETN,CostOfRevenue,2012-01-01,2012-03-31,2754000000,2013-05-03,10-Q,Q1
ETN,CostOfRevenue,2012-01-01,2012-06-30,5569000000,2013-08-02,10-Q,Q2
ETN,CostOfRevenue,2012-01-01,2012-06-30,5569000000,2013-09-06,8-K,Q2
ETN,CostOfRevenue,2012-04-01,2012-06-30,2815000000,2013-08-02,10-Q,Q2
ETN,CostOfRevenue,2012-04-01,2012-06-30,2815000000,2013-09-06,8-K,Q2
ETN,CostOfRevenue,2012-01-01,2012-09-30,8316000000,2013-11-07,10-Q,Q3
ETN,CostOfRevenue,2012-07-01,2012-09-30,2747000000,2013-11-07,10-Q,Q3
ETN,CostOfRevenue,2012-01-01,2012-12-31,11448000000,2013-02-28,10-K,FY
ETN,CostOfRevenue,2012-01-01,2012-12-31,11448000000,2013-09-06,8-K,FY
ETN,CostOfRevenue,2012-01-01,2012-12-31,11448000000,2014-02-26,10-K,FY
ETN,CostOfRevenue,2012-01-01,2012-12-31,11448000000,2015-02-26,10-K,FY
ETN,CostOfRevenue,2013-01-01,2013-03-31,3735000000,2013-05-03,10-Q,Q1
ETN,CostOfRevenue,2013-01-01,2013-03-31,3735000000,2014-05-05,10-Q,Q1
ETN,CostOfRevenue,2013-01-01,2013-06-30,7605000000,2013-08-02,10-Q,Q2
ETN,CostOfRevenue,2013-01-01,2013-06-30,7605000000,2013-09-06,8-K,Q2
ETN,CostOfRevenue,2013-01-01,2013-06-30,7605000000,2014-07-31,10-Q,Q2
ETN,CostOfRevenue,2013-04-01,2013-06-30,3870000000,2013-08-02,10-Q,Q2
ETN,CostOfRevenue,2013-04-01,2013-06-30,3870000000,2013-09-06,8-K,Q2
ETN,CostOfRevenue,2013-04-01,2013-06-30,3870000000,2014-07-31,10-Q,Q2
ETN,CostOfRevenue,2013-01-01,2013-09-30,11488000000,2013-11-07,10-Q,Q3
ETN,CostOfRevenue,2013-01-01,2013-09-30,11488000000,2014-10-31,10-Q,Q3
ETN,CostOfRevenue,2013-07-01,2013-09-30,3883000000,2013-11-07,10-Q,Q3
ETN,CostOfRevenue,2013-07-01,2013-09-30,3883000000,2014-10-31,10-Q,Q3
ETN,CostOfRevenue,2013-01-01,2013-12-31,15369000000,2014-02-26,10-K,FY
ETN,CostOfRevenue,2013-01-01,2013-12-31,15369000000,2015-02-26,10-K,FY
ETN,CostOfRevenue,2013-01-01,2013-12-31,15369000000,2016-02-24,10-K,FY
ETN,CostOfRevenue,2014-01-01,2014-03-31,3858000000,2014-05-05,10-Q,Q1
ETN,CostOfRevenue,2014-01-01,2014-03-31,3858000000,2015-04-29,10-Q,Q1
ETN,CostOfRevenue,2014-01-01,2014-06-30,7883000000,2014-07-31,10-Q,Q2
ETN,CostOfRevenue,2014-01-01,2014-06-30,7883000000,2015-07-29,10-Q,Q2
ETN,CostOfRevenue,2014-04-01,2014-06-30,4025000000,2014-07-31,10-Q,Q2
ETN,CostOfRevenue,2014-04-01,2014-06-30,4025000000,2015-07-29,10-Q,Q2
ETN,CostOfRevenue,2014-01-01,2014-09-30,11799000000,2014-10-31,10-Q,Q3
ETN,CostOfRevenue,2014-01-01,2014-09-30,11799000000,2015-10-30,10-Q,Q3
ETN,CostOfRevenue,2014-07-01,2014-09-30,3916000000,2014-10-31,10-Q,Q3
ETN,CostOfRevenue,2014-07-01,2014-09-30,3916000000,2015-10-30,10-Q,Q3
ETN,CostOfRevenue,2014-01-01,2014-12-31,15646000000,2015-02-26,10-K,FY
ETN,CostOfRevenue,2014-01-01,2014-12-31,15646000000,2016-02-24,10-K,FY
ETN,CostOfRevenue,2014-01-01,2014-12-31,15646000000,2017-02-22,10-K,FY
ETN,CostOfRevenue,2015-01-01,2015-03-31,3593000000,2015-04-29,10-Q,Q1
ETN,CostOfRevenue,2015-01-01,2015-03-31,3593000000,2016-04-29,10-Q,Q1
ETN,CostOfRevenue,2015-01-01,2015-06-30,7268000000,2015-07-29,10-Q,Q2
ETN,CostOfRevenue,2015-01-01,2015-06-30,7268000000,2016-08-02,10-Q,Q2
ETN,CostOfRevenue,2015-04-01,2015-06-30,3675000000,2015-07-29,10-Q,Q2
ETN,CostOfRevenue,2015-04-01,2015-06-30,3675000000,2016-08-02,10-Q,Q2
ETN,CostOfRevenue,2015-01-01,2015-09-30,10865000000,2015-10-30,10-Q,Q3
ETN,CostOfRevenue,2015-01-01,2015-09-30,10865000000,2016-11-01,10-Q,Q3
ETN,CostOfRevenue,2015-07-01,2015-09-30,3597000000,2015-10-30,10-Q,Q3
ETN,CostOfRevenue,2015-07-01,2015-09-30,3597000000,2016-11-01,10-Q,Q3
ETN,CostOfRevenue,2015-01-01,2015-12-31,14292000000,2016-02-24,10-K,FY
ETN,CostOfRevenue,2015-01-01,2015-12-31,14292000000,2017-02-22,10-K,FY
ETN,CostOfRevenue,2015-01-01,2015-12-31,14304000000,2018-02-28,10-K,FY
ETN,CostOfRevenue,2016-01-01,2016-03-31,3291000000,2016-04-29,10-Q,Q1
ETN,CostOfRevenue,2016-01-01,2016-03-31,3291000000,2017-05-02,10-Q,Q1
ETN,CostOfRevenue,2016-01-01,2016-03-31,3294000000,2018-02-28,10-K,FY
ETN,CostOfRevenue,2016-01-01,2016-06-30,6710000000,2016-08-02,10-Q,Q2
ETN,CostOfRevenue,2016-01-01,2016-06-30,6710000000,2017-08-01,10-Q,Q2
ETN,CostOfRevenue,2016-04-01,2016-06-30,3419000000,2016-08-02,10-Q,Q2
ETN,CostOfRevenue,2016-04-01,2016-06-30,3419000000,2017-08-01,10-Q,Q2
ETN,CostOfRevenue,2016-04-01,2016-06-30,3422000000,2018-02-28,10-K,FY
ETN,CostOfRevenue,2016-01-01,2016-09-30,10081000000,2016-11-01,10-Q,Q3
ETN,CostOfRevenue,2016-01-01,2016-09-30,10081000000,2017-10-31,10-Q,Q3
ETN,CostOfRevenue,2016-07-01,2016-09-30,3371000000,2016-11-01,10-Q,Q3
ETN,CostOfRevenue,2016-07-01,2016-09-30,3371000000,2017-10-31,10-Q,Q3
ETN,CostOfRevenue,2016-07-01,2016-09-30,3374000000,2018-02-28,10-K,FY
ETN,CostOfRevenue,2016-01-01,2016-12-31,13400000000,2017-02-22,10-K,FY
ETN,CostOfRevenue,2016-01-01,2016-12-31,13409000000,2018-02-28,10-K,FY
ETN,CostOfRevenue,2016-01-01,2016-12-31,13396000000,2019-02-27,10-K,FY
ETN,CostOfRevenue,2017-01-01,2017-03-31,3310000000,2017-05-02,10-Q,Q1
ETN,CostOfRevenue,2017-01-01,2017-03-31,3307000000,2018-02-28,10-K,FY
ETN,CostOfRevenue,2017-01-01,2017-03-31,3307000000,2018-05-01,10-Q,Q1
ETN,CostOfRevenue,2017-01-01,2017-06-30,6760000000,2017-08-01,10-Q,Q2
ETN,CostOfRevenue,2017-01-01,2017-06-30,6755000000,2018-07-31,10-Q,Q2
ETN,CostOfRevenue,2017-04-01,2017-06-30,3450000000,2017-08-01,10-Q,Q2
ETN,CostOfRevenue,2017-04-01,2017-06-30,3448000000,2018-02-28,10-K,FY
ETN,CostOfRevenue,2017-04-01,2017-06-30,3448000000,2018-07-31,10-Q,Q2
ETN,CostOfRevenue,2017-01-01,2017-09-30,10229000000,2017-10-31,10-Q,Q3
ETN,CostOfRevenue,2017-01-01,2017-09-30,10221000000,2018-10-30,10-Q,Q3
ETN,CostOfRevenue,2017-07-01,2017-09-30,3469000000,2017-10-31,10-Q,Q3
ETN,CostOfRevenue,2017-07-01,2017-09-30,3466000000,2018-02-28,10-K,FY
ETN,CostOfRevenue,2017-07-01,2017-09-30,3466000000,2018-10-30,10-Q,Q3
ETN,CostOfRevenue,2017-01-01,2017-12-31,13756000000,2018-02-28,10-K,FY
ETN,CostOfRevenue,2017-01-01,2017-12-31,13756000000,2019-02-27,10-K,FY
ETN,CostOfRevenue,2017-01-01,2017-12-31,13756000000,2020-02-26,10-K,FY
ETN,CostOfRevenue,2018-01-01,2018-03-31,3573000000,2018-05-01,10-Q,Q1
ETN,CostOfRevenue,2018-01-01,2018-03-31,3573000000,2019-04-30,10-Q,Q1
ETN,CostOfRevenue,2018-01-01,2018-06-30,7244000000,2018-07-31,10-Q,Q2
ETN,CostOfRevenue,2018-01-01,2018-06-30,7244000000,2019-07-30,10-Q,Q2
ETN,CostOfRevenue,2018-04-01,2018-06-30,3671000000,2018-07-31,10-Q,Q2
ETN,CostOfRevenue,2018-04-01,2018-06-30,3671000000,2019-07-30,10-Q,Q2
ETN,CostOfRevenue,2018-01-01,2018-09-30,10841000000,2018-10-30,10-Q,Q3
ETN,CostOfRevenue,2018-01-01,2018-09-30,10841000000,2019-10-29,10-Q,Q3
ETN,CostOfRevenue,2018-07-01,2018-09-30,3597000000,2018-10-30,10-Q,Q3
ETN,CostOfRevenue,2018-07-01,2018-09-30,3597000000,2019-10-29,10-Q,Q3
ETN,CostOfRevenue,2018-01-01,2018-12-31,14511000000,2019-02-27,10-K,FY
ETN,CostOfRevenue,2018-01-01,2018-12-31,14511000000,2020-02-26,10-K,FY
ETN,CostOfRevenue,2018-01-01,2018-12-31,14511000000,2021-02-24,10-K,FY
ETN,CostOfRevenue,2019-01-01,2019-03-31,3573000000,2019-04-30,10-Q,Q1
ETN,CostOfRevenue,2019-01-01,2019-03-31,3573000000,2020-04-30,10-Q,Q1
ETN,CostOfRevenue,2019-01-01,2019-06-30,7270000000,2019-07-30,10-Q,Q2
ETN,CostOfRevenue,2019-01-01,2019-06-30,7270000000,2020-07-29,10-Q,Q2
ETN,CostOfRevenue,2019-04-01,2019-06-30,3697000000,2019-07-30,10-Q,Q2
ETN,CostOfRevenue,2019-04-01,2019-06-30,3697000000,2020-07-29,10-Q,Q2
ETN,CostOfRevenue,2019-01-01,2019-09-30,10782000000,2019-10-29,10-Q,Q3
ETN,CostOfRevenue,2019-01-01,2019-09-30,10782000000,2020-11-03,10-Q,Q3
ETN,CostOfRevenue,2019-07-01,2019-09-30,3512000000,2019-10-29,10-Q,Q3
ETN,CostOfRevenue,2019-07-01,2019-09-30,3512000000,2020-11-03,10-Q,Q3
ETN,CostOfRevenue,2019-01-01,2019-12-31,14338000000,2020-02-26,10-K,FY
ETN,CostOfRevenue,2019-01-01,2019-12-31,14338000000,2021-02-24,10-K,FY
ETN,CostOfRevenue,2019-01-01,2019-12-31,14338000000,2022-02-23,10-K,FY
ETN,CostOfRevenue,2020-01-01,2020-03-31,3302000000,2020-04-30,10-Q,Q1
ETN,CostOfRevenue,2020-01-01,2020-03-31,3302000000,2021-05-04,10-Q,Q1
ETN,CostOfRevenue,2020-01-01,2020-06-30,6179000000,2020-07-29,10-Q,Q2
ETN,CostOfRevenue,2020-01-01,2020-06-30,6179000000,2021-08-03,10-Q,Q2
ETN,CostOfRevenue,2020-04-01,2020-06-30,2877000000,2020-07-29,10-Q,Q2
ETN,CostOfRevenue,2020-04-01,2020-06-30,2877000000,2021-08-03,10-Q,Q2
ETN,CostOfRevenue,2020-01-01,2020-09-30,9230000000,2020-11-03,10-Q,Q3
ETN,CostOfRevenue,2020-01-01,2020-09-30,9230000000,2021-11-02,10-Q,Q3
ETN,CostOfRevenue,2020-07-01,2020-09-30,3051000000,2020-11-03,10-Q,Q3
ETN,CostOfRevenue,2020-07-01,2020-09-30,3051000000,2021-11-02,10-Q,Q3
ETN,CostOfRevenue,2020-01-01,2020-12-31,12408000000,2021-02-24,10-K,FY
ETN,CostOfRevenue,2020-01-01,2020-12-31,12408000000,2022-02-23,10-K,FY
ETN,CostOfRevenue,2020-01-01,2020-12-31,12408000000,2023-02-23,10-K,FY
ETN,CostOfRevenue,2021-01-01,2021-03-31,3184000000,2021-05-04,10-Q,Q1
ETN,CostOfRevenue,2021-01-01,2021-03-31,3184000000,2022-05-03,10-Q,Q1
ETN,CostOfRevenue,2021-01-01,2021-06-30,6729000000,2021-08-03,10-Q,Q2
ETN,CostOfRevenue,2021-01-01,2021-06-30,6729000000,2022-08-02,10-Q,Q2
ETN,CostOfRevenue,2021-04-01,2021-06-30,3545000000,2021-08-03,10-Q,Q2
ETN,CostOfRevenue,2021-04-01,2021-06-30,3545000000,2022-08-02,10-Q,Q2
ETN,CostOfRevenue,2021-01-01,2021-09-30,10067000000,2021-11-02,10-Q,Q3
ETN,CostOfRevenue,2021-01-01,2021-09-30,10067000000,2022-11-01,10-Q,Q3
ETN,CostOfRevenue,2021-07-01,2021-09-30,3338000000,2021-11-02,10-Q,Q3
ETN,CostOfRevenue,2021-07-01,2021-09-30,3338000000,2022-11-01,10-Q,Q3
ETN,CostOfRevenue,2021-01-01,2021-12-31,13293000000,2022-02-23,10-K,FY
ETN,CostOfRevenue,2021-01-01,2021-12-31,13293000000,2023-02-23,10-K,FY
ETN,CostOfRevenue,2021-01-01,2021-12-31,13293000000,2024-02-29,10-K,FY
ETN,CostOfRevenue,2022-01-01,2022-03-31,3269000000,2022-05-03,10-Q,Q1
ETN,CostOfRevenue,2022-01-01,2022-03-31,3269000000,2023-05-02,10-Q,Q1
ETN,CostOfRevenue,2022-01-01,2022-06-30,6774000000,2022-08-02,10-Q,Q2
ETN,CostOfRevenue,2022-01-01,2022-06-30,6774000000,2023-08-01,10-Q,Q2
ETN,CostOfRevenue,2022-04-01,2022-06-30,3505000000,2022-08-02,10-Q,Q2
ETN,CostOfRevenue,2022-04-01,2022-06-30,3505000000,2023-08-01,10-Q,Q2
ETN,CostOfRevenue,2022-01-01,2022-09-30,10319000000,2022-11-01,10-Q,Q3
ETN,CostOfRevenue,2022-01-01,2022-09-30,10319000000,2023-10-31,10-Q,Q3
ETN,CostOfRevenue,2022-07-01,2022-09-30,3545000000,2022-11-01,10-Q,Q3
ETN,CostOfRevenue,2022-07-01,2022-09-30,3545000000,2023-10-31,10-Q,Q3
ETN,CostOfRevenue,2022-01-01,2022-12-31,13865000000,2023-02-23,10-K,FY
ETN,CostOfRevenue,2022-01-01,2022-12-31,13865000000,2024-02-29,10-K,FY
ETN,CostOfRevenue,2022-01-01,2022-12-31,13865000000,2025-02-27,10-K,FY
ETN,CostOfRevenue,2023-01-01,2023-03-31,3599000000,2023-05-02,10-Q,Q1
ETN,CostOfRevenue,2023-01-01,2023-03-31,3599000000,2024-04-30,10-Q,Q1
ETN,CostOfRevenue,2023-01-01,2023-06-30,7346000000,2023-08-01,10-Q,Q2
ETN,CostOfRevenue,2023-01-01,2023-06-30,7346000000,2024-08-01,10-Q,Q2
ETN,CostOfRevenue,2023-04-01,2023-06-30,3747000000,2023-08-01,10-Q,Q2
ETN,CostOfRevenue,2023-04-01,2023-06-30,3747000000,2024-08-01,10-Q,Q2
ETN,CostOfRevenue,2023-01-01,2023-09-30,11030000000,2023-10-31,10-Q,Q3
ETN,CostOfRevenue,2023-01-01,2023-09-30,11030000000,2024-10-31,10-Q,Q3
ETN,CostOfRevenue,2023-07-01,2023-09-30,3684000000,2023-10-31,10-Q,Q3
ETN,CostOfRevenue,2023-07-01,2023-09-30,3684000000,2024-10-31,10-Q,Q3
ETN,CostOfRevenue,2023-01-01,2023-12-31,14762000000,2024-02-29,10-K,FY
ETN,CostOfRevenue,2023-01-01,2023-12-31,14762000000,2025-02-27,10-K,FY
ETN,CostOfRevenue,2023-01-01,2023-12-31,14762000000,2026-02-26,10-K,FY
ETN,CostOfRevenue,2024-01-01,2024-03-31,3725000000,2024-04-30,10-Q,Q1
ETN,CostOfRevenue,2024-01-01,2024-03-31,3725000000,2025-05-02,10-Q,Q1
ETN,CostOfRevenue,2024-01-01,2024-06-30,7665000000,2024-08-01,10-Q,Q2
ETN,CostOfRevenue,2024-01-01,2024-06-30,7665000000,2025-08-05,10-Q,Q2
ETN,CostOfRevenue,2024-04-01,2024-06-30,3940000000,2024-08-01,10-Q,Q2
ETN,CostOfRevenue,2024-04-01,2024-06-30,3940000000,2025-08-05,10-Q,Q2
ETN,CostOfRevenue,2024-01-01,2024-09-30,11564000000,2024-10-31,10-Q,Q3
ETN,CostOfRevenue,2024-01-01,2024-09-30,11564000000,2025-11-04,10-Q,Q3
ETN,CostOfRevenue,2024-07-01,2024-09-30,3899000000,2024-10-31,10-Q,Q3
ETN,CostOfRevenue,2024-07-01,2024-09-30,3899000000,2025-11-04,10-Q,Q3
ETN,CostOfRevenue,2024-01-01,2024-12-31,15375000000,2025-02-27,10-K,FY
ETN,CostOfRevenue,2024-01-01,2024-12-31,15375000000,2026-02-26,10-K,FY
ETN,CostOfRevenue,2025-01-01,2025-03-31,3930000000,2025-05-02,10-Q,Q1
ETN,CostOfRevenue,2025-01-01,2025-03-31,3930000000,2026-05-05,10-Q,Q1
ETN,CostOfRevenue,2025-01-01,2025-06-30,8361000000,2025-08-05,10-Q,Q2
ETN,CostOfRevenue,2025-01-01,2025-06-30,8361000000,2026-07-31,10-Q,Q2
ETN,CostOfRevenue,2025-04-01,2025-06-30,4431000000,2025-08-05,10-Q,Q2
ETN,CostOfRevenue,2025-04-01,2025-06-30,4431000000,2026-07-31,10-Q,Q2
ETN,CostOfRevenue,2025-01-01,2025-09-30,12674000000,2025-11-04,10-Q,Q3
ETN,CostOfRevenue,2025-07-01,2025-09-30,4313000000,2025-11-04,10-Q,Q3
ETN,CostOfRevenue,2025-01-01,2025-12-31,17131000000,2026-02-26,10-K,FY
ETN,CostOfRevenue,2026-01-01,2026-03-31,4799000000,2026-05-05,10-Q,Q1
ETN,CostOfRevenue,2026-01-01,2026-06-30,10476000000,2026-07-31,10-Q,Q2
ETN,CostOfRevenue,2026-04-01,2026-06-30,5676000000,2026-07-31,10-Q,Q2
ETN,Revenues,2010-01-01,2010-12-31,0,2013-09-06,8-K,FY
ETN,Revenues,2011-01-01,2011-12-31,0,2013-09-06,8-K,FY
ETN,Revenues,2011-01-01,2011-12-31,0,2014-02-26,10-K,FY
ETN,Revenues,2012-01-01,2012-12-31,0,2013-09-06,8-K,FY
ETN,Revenues,2012-01-01,2012-12-31,0,2014-02-26,10-K,FY
ETN,Revenues,2012-01-01,2012-12-31,0,2015-02-26,10-K,FY
ETN,Revenues,2013-01-01,2013-12-31,0,2014-02-26,10-K,FY
ETN,Revenues,2013-01-01,2013-12-31,0,2015-02-26,10-K,FY
ETN,Revenues,2013-01-01,2013-12-31,0,2016-02-24,10-K,FY
ETN,Revenues,2014-01-01,2014-12-31,0,2015-02-26,10-K,FY
ETN,Revenues,2014-01-01,2014-12-31,0,2016-02-24,10-K,FY
ETN,Revenues,2014-01-01,2014-12-31,0,2017-02-22,10-K,FY
ETN,Revenues,2015-01-01,2015-12-31,0,2016-02-24,10-K,FY
ETN,Revenues,2015-01-01,2015-12-31,0,2017-02-22,10-K,FY
ETN,Revenues,2016-01-01,2016-12-31,0,2017-02-22,10-K,FY
ETN,RevenueFromContractWithCustomerExcludingAssessedTax,2016-01-01,2016-12-31,19747000000,2019-02-27,10-K,FY
ETN,RevenueFromContractWithCustomerExcludingAssessedTax,2017-01-01,2017-09-30,15191000000,2018-10-30,10-Q,Q3
ETN,RevenueFromContractWithCustomerExcludingAssessedTax,2017-07-01,2017-09-30,5211000000,2018-10-30,10-Q,Q3
ETN,RevenueFromContractWithCustomerExcludingAssessedTax,2017-01-01,2017-12-31,20404000000,2019-02-27,10-K,FY
ETN,RevenueFromContractWithCustomerExcludingAssessedTax,2017-01-01,2017-12-31,20404000000,2020-02-26,10-K,FY
ETN,RevenueFromContractWithCustomerExcludingAssessedTax,2018-01-01,2018-03-31,5251000000,2018-05-01,10-Q,Q1
ETN,RevenueFromContractWithCustomerExcludingAssessedTax,2018-01-01,2018-03-31,5251000000,2019-04-30,10-Q,Q1
ETN,RevenueFromContractWithCustomerExcludingAssessedTax,2018-01-01,2018-06-30,10738000000,2018-07-31,10-Q,Q2
ETN,RevenueFromContractWithCustomerExcludingAssessedTax,2018-01-01,2018-06-30,10738000000,2019-07-30,10-Q,Q2
ETN,RevenueFromContractWithCustomerExcludingAssessedTax,2018-04-01,2018-06-30,5487000000,2018-07-31,10-Q,Q2
ETN,RevenueFromContractWithCustomerExcludingAssessedTax,2018-04-01,2018-06-30,5487000000,2019-07-30,10-Q,Q2
ETN,RevenueFromContractWithCustomerExcludingAssessedTax,2018-01-01,2018-09-30,16150000000,2018-10-30,10-Q,Q3
ETN,RevenueFromContractWithCustomerExcludingAssessedTax,2018-01-01,2018-09-30,16150000000,2019-10-29,10-Q,Q3
ETN,RevenueFromContractWithCustomerExcludingAssessedTax,2018-07-01,2018-09-30,5412000000,2018-10-30,10-Q,Q3
ETN,RevenueFromContractWithCustomerExcludingAssessedTax,2018-07-01,2018-09-30,5412000000,2019-10-29,10-Q,Q3
ETN,RevenueFromContractWithCustomerExcludingAssessedTax,2018-01-01,2018-12-31,21609000000,2019-02-27,10-K,FY
ETN,RevenueFromContractWithCustomerExcludingAssessedTax,2018-01-01,2018-12-31,21609000000,2020-02-26,10-K,FY
ETN,RevenueFromContractWithCustomerExcludingAssessedTax,2018-01-01,2018-12-31,21609000000,2021-02-24,10-K,FY
ETN,RevenueFromContractWithCustomerExcludingAssessedTax,2019-01-01,2019-03-31,5305000000,2019-04-30,10-Q,Q1
ETN,RevenueFromContractWithCustomerExcludingAssessedTax,2019-01-01,2019-03-31,5305000000,2020-04-30,10-Q,Q1
ETN,RevenueFromContractWithCustomerExcludingAssessedTax,2019-01-01,2019-06-30,10838000000,2019-07-30,10-Q,Q2
ETN,RevenueFromContractWithCustomerExcludingAssessedTax,2019-01-01,2019-06-30,10838000000,2020-07-29,10-Q,Q2
ETN,RevenueFromContractWithCustomerExcludingAssessedTax,2019-04-01,2019-06-30,5533000000,2019-07-30,10-Q,Q2
ETN,RevenueFromContractWithCustomerExcludingAssessedTax,2019-04-01,2019-06-30,5533000000,2020-07-29,10-Q,Q2
ETN,RevenueFromContractWithCustomerExcludingAssessedTax,2019-01-01,2019-09-30,16152000000,2019-10-29,10-Q,Q3
ETN,RevenueFromContractWithCustomerExcludingAssessedTax,2019-01-01,2019-09-30,16152000000,2020-11-03,10-Q,Q3
ETN,RevenueFromContractWithCustomerExcludingAssessedTax,2019-07-01,2019-09-30,5314000000,2019-10-29,10-Q,Q3
ETN,RevenueFromContractWithCustomerExcludingAssessedTax,2019-07-01,2019-09-30,5314000000,2020-11-03,10-Q,Q3
ETN,RevenueFromContractWithCustomerExcludingAssessedTax,2019-01-01,2019-12-31,21390000000,2020-02-26,10-K,FY
ETN,RevenueFromContractWithCustomerExcludingAssessedTax,2019-01-01,2019-12-31,21390000000,2021-02-24,10-K,FY
ETN,RevenueFromContractWithCustomerExcludingAssessedTax,2019-01-01,2019-12-31,21390000000,2022-02-23,10-K,FY
ETN,RevenueFromContractWithCustomerExcludingAssessedTax,2020-01-01,2020-03-31,4789000000,2020-04-30,10-Q,Q1
ETN,RevenueFromContractWithCustomerExcludingAssessedTax,2020-01-01,2020-03-31,4789000000,2021-05-04,10-Q,Q1
ETN,RevenueFromContractWithCustomerExcludingAssessedTax,2020-01-01,2020-06-30,8645000000,2020-07-29,10-Q,Q2
ETN,RevenueFromContractWithCustomerExcludingAssessedTax,2020-01-01,2020-06-30,8645000000,2021-08-03,10-Q,Q2
ETN,RevenueFromContractWithCustomerExcludingAssessedTax,2020-04-01,2020-06-30,3856000000,2020-07-29,10-Q,Q2
ETN,RevenueFromContractWithCustomerExcludingAssessedTax,2020-04-01,2020-06-30,3856000000,2021-08-03,10-Q,Q2
ETN,RevenueFromContractWithCustomerExcludingAssessedTax,2020-01-01,2020-09-30,13171000000,2020-11-03,10-Q,Q3
ETN,RevenueFromContractWithCustomerExcludingAssessedTax,2020-01-01,2020-09-30,13171000000,2021-11-02,10-Q,Q3
ETN,RevenueFromContractWithCustomerExcludingAssessedTax,2020-07-01,2020-09-30,4526000000,2020-11-03,10-Q,Q3
ETN,RevenueFromContractWithCustomerExcludingAssessedTax,2020-07-01,2020-09-30,4526000000,2021-11-02,10-Q,Q3
ETN,RevenueFromContractWithCustomerExcludingAssessedTax,2020-01-01,2020-12-31,17858000000,2021-02-24,10-K,FY
ETN,RevenueFromContractWithCustomerExcludingAssessedTax,2020-01-01,2020-12-31,17858000000,2022-02-23,10-K,FY
ETN,RevenueFromContractWithCustomerExcludingAssessedTax,2020-01-01,2020-12-31,17858000000,2023-02-23,10-K,FY
ETN,RevenueFromContractWithCustomerExcludingAssessedTax,2021-01-01,2021-03-31,4692000000,2021-05-04,10-Q,Q1
ETN,RevenueFromContractWithCustomerExcludingAssessedTax,2021-01-01,2021-03-31,4692000000,2022-05-03,10-Q,Q1
ETN,RevenueFromContractWithCustomerExcludingAssessedTax,2021-01-01,2021-06-30,9907000000,2021-08-03,10-Q,Q2
ETN,RevenueFromContractWithCustomerExcludingAssessedTax,2021-01-01,2021-06-30,9907000000,2022-08-02,10-Q,Q2
ETN,RevenueFromContractWithCustomerExcludingAssessedTax,2021-04-01,2021-06-30,5215000000,2021-08-03,10-Q,Q2
ETN,RevenueFromContractWithCustomerExcludingAssessedTax,2021-04-01,2021-06-30,5215000000,2022-08-02,10-Q,Q2
ETN,RevenueFromContractWithCustomerExcludingAssessedTax,2021-01-01,2021-09-30,14830000000,2021-11-02,10-Q,Q3
ETN,RevenueFromContractWithCustomerExcludingAssessedTax,2021-01-01,2021-09-30,14830000000,2022-11-01,10-Q,Q3
ETN,RevenueFromContractWithCustomerExcludingAssessedTax,2021-07-01,2021-09-30,4923000000,2021-11-02,10-Q,Q3
ETN,RevenueFromContractWithCustomerExcludingAssessedTax,2021-07-01,2021-09-30,4923000000,2022-11-01,10-Q,Q3
ETN,RevenueFromContractWithCustomerExcludingAssessedTax,2021-01-01,2021-12-31,19628000000,2022-02-23,10-K,FY
ETN,RevenueFromContractWithCustomerExcludingAssessedTax,2021-01-01,2021-12-31,19628000000,2023-02-23,10-K,FY
ETN,RevenueFromContractWithCustomerExcludingAssessedTax,2021-01-01,2021-12-31,19628000000,2024-02-29,10-K,FY
ETN,RevenueFromContractWithCustomerExcludingAssessedTax,2022-01-01,2022-03-31,4843000000,2022-05-03,10-Q,Q1
ETN,RevenueFromContractWithCustomerExcludingAssessedTax,2022-01-01,2022-03-31,4843000000,2023-05-02,10-Q,Q1
ETN,RevenueFromContractWithCustomerExcludingAssessedTax,2022-01-01,2022-06-30,10054000000,2022-08-02,10-Q,Q2
ETN,RevenueFromContractWithCustomerExcludingAssessedTax,2022-01-01,2022-06-30,10054000000,2023-08-01,10-Q,Q2
ETN,RevenueFromContractWithCustomerExcludingAssessedTax,2022-04-01,2022-06-30,5212000000,2022-08-02,10-Q,Q2
ETN,RevenueFromContractWithCustomerExcludingAssessedTax,2022-04-01,2022-06-30,5212000000,2023-08-01,10-Q,Q2
ETN,RevenueFromContractWithCustomerExcludingAssessedTax,2022-01-01,2022-09-30,15368000000,2022-11-01,10-Q,Q3
ETN,RevenueFromContractWithCustomerExcludingAssessedTax,2022-01-01,2022-09-30,15368000000,2023-10-31,10-Q,Q3
ETN,RevenueFromContractWithCustomerExcludingAssessedTax,2022-07-01,2022-09-30,5313000000,2022-11-01,10-Q,Q3
ETN,RevenueFromContractWithCustomerExcludingAssessedTax,2022-07-01,2022-09-30,5313000000,2023-10-31,10-Q,Q3
ETN,RevenueFromContractWithCustomerExcludingAssessedTax,2022-01-01,2022-12-31,20752000000,2023-02-23,10-K,FY
ETN,RevenueFromContractWithCustomerExcludingAssessedTax,2022-01-01,2022-12-31,20752000000,2024-02-29,10-K,FY
ETN,RevenueFromContractWithCustomerExcludingAssessedTax,2022-01-01,2022-12-31,20752000000,2025-02-27,10-K,FY
ETN,RevenueFromContractWithCustomerExcludingAssessedTax,2023-01-01,2023-03-31,5483000000,2023-05-02,10-Q,Q1
ETN,RevenueFromContractWithCustomerExcludingAssessedTax,2023-01-01,2023-03-31,5483000000,2024-04-30,10-Q,Q1
ETN,RevenueFromContractWithCustomerExcludingAssessedTax,2023-01-01,2023-06-30,11349000000,2023-08-01,10-Q,Q2
ETN,RevenueFromContractWithCustomerExcludingAssessedTax,2023-01-01,2023-06-30,11349000000,2024-08-01,10-Q,Q2
ETN,RevenueFromContractWithCustomerExcludingAssessedTax,2023-04-01,2023-06-30,5866000000,2023-08-01,10-Q,Q2
ETN,RevenueFromContractWithCustomerExcludingAssessedTax,2023-04-01,2023-06-30,5866000000,2024-08-01,10-Q,Q2
ETN,RevenueFromContractWithCustomerExcludingAssessedTax,2023-01-01,2023-09-30,17229000000,2023-10-31,10-Q,Q3
ETN,RevenueFromContractWithCustomerExcludingAssessedTax,2023-01-01,2023-09-30,17229000000,2024-10-31,10-Q,Q3
ETN,RevenueFromContractWithCustomerExcludingAssessedTax,2023-07-01,2023-09-30,5880000000,2023-10-31,10-Q,Q3
ETN,RevenueFromContractWithCustomerExcludingAssessedTax,2023-07-01,2023-09-30,5880000000,2024-10-31,10-Q,Q3
ETN,RevenueFromContractWithCustomerExcludingAssessedTax,2023-01-01,2023-12-31,23196000000,2024-02-29,10-K,FY
ETN,RevenueFromContractWithCustomerExcludingAssessedTax,2023-01-01,2023-12-31,23196000000,2025-02-27,10-K,FY
ETN,RevenueFromContractWithCustomerExcludingAssessedTax,2023-01-01,2023-12-31,23196000000,2026-02-26,10-K,FY
ETN,RevenueFromContractWithCustomerExcludingAssessedTax,2024-01-01,2024-03-31,5943000000,2024-04-30,10-Q,Q1
ETN,RevenueFromContractWithCustomerExcludingAssessedTax,2024-01-01,2024-03-31,5943000000,2025-05-02,10-Q,Q1
ETN,RevenueFromContractWithCustomerExcludingAssessedTax,2024-01-01,2024-06-30,12293000000,2024-08-01,10-Q,Q2
ETN,RevenueFromContractWithCustomerExcludingAssessedTax,2024-01-01,2024-06-30,12293000000,2025-08-05,10-Q,Q2
ETN,RevenueFromContractWithCustomerExcludingAssessedTax,2024-04-01,2024-06-30,6350000000,2024-08-01,10-Q,Q2
ETN,RevenueFromContractWithCustomerExcludingAssessedTax,2024-04-01,2024-06-30,6350000000,2025-08-05,10-Q,Q2
ETN,RevenueFromContractWithCustomerExcludingAssessedTax,2024-01-01,2024-09-30,18638000000,2024-10-31,10-Q,Q3
ETN,RevenueFromContractWithCustomerExcludingAssessedTax,2024-01-01,2024-09-30,18638000000,2025-11-04,10-Q,Q3
ETN,RevenueFromContractWithCustomerExcludingAssessedTax,2024-07-01,2024-09-30,6345000000,2024-10-31,10-Q,Q3
ETN,RevenueFromContractWithCustomerExcludingAssessedTax,2024-07-01,2024-09-30,6345000000,2025-11-04,10-Q,Q3
ETN,RevenueFromContractWithCustomerExcludingAssessedTax,2024-01-01,2024-12-31,24878000000,2025-02-27,10-K,FY
ETN,RevenueFromContractWithCustomerExcludingAssessedTax,2024-01-01,2024-12-31,24878000000,2026-02-26,10-K,FY
ETN,RevenueFromContractWithCustomerExcludingAssessedTax,2025-01-01,2025-03-31,6377000000,2025-05-02,10-Q,Q1
ETN,RevenueFromContractWithCustomerExcludingAssessedTax,2025-01-01,2025-03-31,6377000000,2026-05-05,10-Q,Q1
ETN,RevenueFromContractWithCustomerExcludingAssessedTax,2025-01-01,2025-06-30,13404000000,2025-08-05,10-Q,Q2
ETN,RevenueFromContractWithCustomerExcludingAssessedTax,2025-01-01,2025-06-30,13404000000,2026-07-31,10-Q,Q2
ETN,RevenueFromContractWithCustomerExcludingAssessedTax,2025-04-01,2025-06-30,7028000000,2025-08-05,10-Q,Q2
ETN,RevenueFromContractWithCustomerExcludingAssessedTax,2025-04-01,2025-06-30,7028000000,2026-07-31,10-Q,Q2
ETN,RevenueFromContractWithCustomerExcludingAssessedTax,2025-01-01,2025-09-30,20393000000,2025-11-04,10-Q,Q3
ETN,RevenueFromContractWithCustomerExcludingAssessedTax,2025-07-01,2025-09-30,6988000000,2025-11-04,10-Q,Q3
ETN,RevenueFromContractWithCustomerExcludingAssessedTax,2025-01-01,2025-12-31,27448000000,2026-02-26,10-K,FY
ETN,RevenueFromContractWithCustomerExcludingAssessedTax,2026-01-01,2026-03-31,7451000000,2026-05-05,10-Q,Q1
ETN,RevenueFromContractWithCustomerExcludingAssessedTax,2026-01-01,2026-06-30,15982000000,2026-07-31,10-Q,Q2
ETN,RevenueFromContractWithCustomerExcludingAssessedTax,2026-04-01,2026-06-30,8531000000,2026-07-31,10-Q,Q2
ETN,RevenueRemainingPerformanceObligation,,2020-09-30,5400000000,2020-11-03,10-Q,Q3
ETN,RevenueRemainingPerformanceObligation,,2020-12-31,5600000000,2021-02-24,10-K,FY
ETN,RevenueRemainingPerformanceObligation,,2021-03-31,6400000000,2021-05-04,10-Q,Q1
ETN,RevenueRemainingPerformanceObligation,,2021-06-30,8300000000,2021-08-03,10-Q,Q2
ETN,RevenueRemainingPerformanceObligation,,2021-09-30,7300000000,2021-11-02,10-Q,Q3
ETN,RevenueRemainingPerformanceObligation,,2021-12-31,7700000000,2022-02-23,10-K,FY
ETN,RevenueRemainingPerformanceObligation,,2022-03-31,9300000000,2022-05-03,10-Q,Q1
ETN,RevenueRemainingPerformanceObligation,,2022-06-30,10200000000,2022-08-02,10-Q,Q2
ETN,RevenueRemainingPerformanceObligation,,2022-09-30,11000000000,2022-11-01,10-Q,Q3
ETN,RevenueRemainingPerformanceObligation,,2022-12-31,11400000000,2023-02-23,10-K,FY
ETN,RevenueRemainingPerformanceObligation,,2023-03-31,12300000000,2023-05-02,10-Q,Q1
ETN,RevenueRemainingPerformanceObligation,,2023-06-30,12500000000,2023-08-01,10-Q,Q2
ETN,RevenueRemainingPerformanceObligation,,2023-09-30,12900000000,2023-10-31,10-Q,Q3
ETN,RevenueRemainingPerformanceObligation,,2023-12-31,13000000000,2024-02-29,10-K,FY
ETN,RevenueRemainingPerformanceObligation,,2024-03-31,15000000000,2024-04-30,10-Q,Q1
HUBB,PaymentsToAcquireProductiveAssets,2008-01-01,2008-12-31,49400000,2011-02-16,10-K,FY
HUBB,PaymentsToAcquireProductiveAssets,2009-01-01,2009-06-30,13700000,2010-07-23,10-Q,Q2
HUBB,PaymentsToAcquireProductiveAssets,2009-01-01,2009-09-30,19300000,2010-10-22,10-Q,Q3
HUBB,PaymentsToAcquireProductiveAssets,2009-01-01,2009-12-31,29400000,2011-02-16,10-K,FY
HUBB,PaymentsToAcquireProductiveAssets,2009-01-01,2009-12-31,29400000,2012-02-15,10-K,FY
HUBB,PaymentsToAcquireProductiveAssets,2010-01-01,2010-03-31,11100000,2011-04-22,10-Q,Q1
HUBB,PaymentsToAcquireProductiveAssets,2010-01-01,2010-06-30,22300000,2010-07-23,10-Q,Q2
HUBB,PaymentsToAcquireProductiveAssets,2010-01-01,2010-06-30,22300000,2011-07-22,10-Q,Q2
HUBB,PaymentsToAcquireProductiveAssets,2010-01-01,2010-09-30,33800000,2010-10-22,10-Q,Q3
HUBB,PaymentsToAcquireProductiveAssets,2010-01-01,2010-09-30,33800000,2011-10-21,10-Q,Q3
HUBB,PaymentsToAcquireProductiveAssets,2010-01-01,2010-12-31,47300000,2011-02-16,10-K,FY
HUBB,PaymentsToAcquireProductiveAssets,2010-01-01,2010-12-31,47300000,2012-02-15,10-K,FY
HUBB,PaymentsToAcquireProductiveAssets,2010-01-01,2010-12-31,47300000,2013-02-13,10-K,FY
HUBB,PaymentsToAcquireProductiveAssets,2011-01-01,2011-03-31,22000000,2011-04-22,10-Q,Q1
HUBB,PaymentsToAcquireProductiveAssets,2011-01-01,2011-03-31,22000000,2012-04-20,10-Q,Q1
HUBB,PaymentsToAcquireProductiveAssets,2011-01-01,2011-06-30,31100000,2011-07-22,10-Q,Q2
HUBB,PaymentsToAcquireProductiveAssets,2011-01-01,2011-06-30,31100000,2012-07-20,10-Q,Q2
HUBB,PaymentsToAcquireProductiveAssets,2011-01-01,2011-09-30,41300000,2011-10-21,10-Q,Q3
HUBB,PaymentsToAcquireProductiveAssets,2011-01-01,2011-09-30,41300000,2012-10-19,10-Q,Q3
HUBB,PaymentsToAcquireProductiveAssets,2011-01-01,2011-12-31,55400000,2012-02-15,10-K,FY
HUBB,PaymentsToAcquireProductiveAssets,2011-01-01,2011-12-31,55400000,2013-02-13,10-K,FY
HUBB,PaymentsToAcquireProductiveAssets,2011-01-01,2011-12-31,55400000,2014-02-18,10-K,FY
HUBB,PaymentsToAcquireProductiveAssets,2012-01-01,2012-03-31,11400000,2012-04-20,10-Q,Q1
HUBB,PaymentsToAcquireProductiveAssets,2012-01-01,2012-03-31,11400000,2013-04-19,10-Q,Q1
HUBB,PaymentsToAcquireProductiveAssets,2012-01-01,2012-06-30,21000000,2012-07-20,10-Q,Q2
HUBB,PaymentsToAcquireProductiveAssets,2012-01-01,2012-06-30,21000000,2013-07-19,10-Q,Q2
HUBB,PaymentsToAcquireProductiveAssets,2012-01-01,2012-09-30,31300000,2012-10-19,10-Q,Q3
HUBB,PaymentsToAcquireProductiveAssets,2012-01-01,2012-09-30,31300000,2013-10-18,10-Q,Q3
HUBB,PaymentsToAcquireProductiveAssets,2012-01-01,2012-12-31,49100000,2013-02-13,10-K,FY
HUBB,PaymentsToAcquireProductiveAssets,2012-01-01,2012-12-31,49100000,2014-02-18,10-K,FY
HUBB,PaymentsToAcquireProductiveAssets,2012-01-01,2012-12-31,49100000,2015-02-19,10-K,FY
HUBB,PaymentsToAcquireProductiveAssets,2013-01-01,2013-03-31,13000000,2013-04-19,10-Q,Q1
HUBB,PaymentsToAcquireProductiveAssets,2013-01-01,2013-03-31,13000000,2014-04-22,10-Q,Q1
HUBB,PaymentsToAcquireProductiveAssets,2013-01-01,2013-06-30,26000000,2013-07-19,10-Q,Q2
HUBB,PaymentsToAcquireProductiveAssets,2013-01-01,2013-06-30,26000000,2014-07-22,10-Q,Q2
HUBB,PaymentsToAcquireProductiveAssets,2013-01-01,2013-09-30,40400000,2013-10-18,10-Q,Q3
HUBB,PaymentsToAcquireProductiveAssets,2013-01-01,2013-09-30,40400000,2014-10-24,10-Q,Q3
HUBB,PaymentsToAcquireProductiveAssets,2013-01-01,2013-12-31,58800000,2014-02-18,10-K,FY
HUBB,PaymentsToAcquireProductiveAssets,2013-01-01,2013-12-31,58800000,2015-02-19,10-K,FY
HUBB,PaymentsToAcquireProductiveAssets,2013-01-01,2013-12-31,58800000,2016-02-18,10-K,FY
HUBB,PaymentsToAcquireProductiveAssets,2014-01-01,2014-03-31,12700000,2014-04-22,10-Q,Q1
HUBB,PaymentsToAcquireProductiveAssets,2014-01-01,2014-03-31,12700000,2015-04-24,10-Q,Q1
HUBB,PaymentsToAcquireProductiveAssets,2014-01-01,2014-06-30,27100000,2014-07-22,10-Q,Q2
HUBB,PaymentsToAcquireProductiveAssets,2014-01-01,2014-06-30,27100000,2015-07-24,10-Q,Q2
HUBB,PaymentsToAcquireProductiveAssets,2014-01-01,2014-09-30,42600000,2014-10-24,10-Q,Q3
HUBB,PaymentsToAcquireProductiveAssets,2014-01-01,2014-09-30,42600000,2015-10-23,10-Q,Q3
HUBB,PaymentsToAcquireProductiveAssets,2014-01-01,2014-12-31,60300000,2015-02-19,10-K,FY
HUBB,PaymentsToAcquireProductiveAssets,2014-01-01,2014-12-31,60300000,2016-02-18,10-K,FY
HUBB,PaymentsToAcquireProductiveAssets,2014-01-01,2014-12-31,60300000,2017-02-16,10-K,FY
HUBB,PaymentsToAcquireProductiveAssets,2015-01-01,2015-03-31,16300000,2015-04-24,10-Q,Q1
HUBB,PaymentsToAcquireProductiveAssets,2015-01-01,2015-03-31,16300000,2016-04-27,10-Q,Q1
HUBB,PaymentsToAcquireProductiveAssets,2015-01-01,2015-06-30,34500000,2015-07-24,10-Q,Q2
HUBB,PaymentsToAcquireProductiveAssets,2015-01-01,2015-06-30,34500000,2016-07-27,10-Q,Q2
HUBB,PaymentsToAcquireProductiveAssets,2015-01-01,2015-09-30,52300000,2015-10-23,10-Q,Q3
HUBB,PaymentsToAcquireProductiveAssets,2015-01-01,2015-09-30,52300000,2016-10-26,10-Q,Q3
HUBB,PaymentsToAcquireProductiveAssets,2015-01-01,2015-12-31,77100000,2016-02-18,10-K,FY
HUBB,PaymentsToAcquireProductiveAssets,2015-01-01,2015-12-31,77100000,2017-02-16,10-K,FY
HUBB,PaymentsToAcquireProductiveAssets,2015-01-01,2015-12-31,77100000,2018-02-15,10-K,FY
HUBB,PaymentsToAcquireProductiveAssets,2016-01-01,2016-03-31,15300000,2016-04-27,10-Q,Q1
HUBB,PaymentsToAcquireProductiveAssets,2016-01-01,2016-03-31,15300000,2017-04-26,10-Q,Q1
HUBB,PaymentsToAcquireProductiveAssets,2016-01-01,2016-06-30,29900000,2016-07-27,10-Q,Q2
HUBB,PaymentsToAcquireProductiveAssets,2016-01-01,2016-06-30,29900000,2017-07-26,10-Q,Q2
HUBB,PaymentsToAcquireProductiveAssets,2016-01-01,2016-09-30,45800000,2016-10-26,10-Q,Q3
HUBB,PaymentsToAcquireProductiveAssets,2016-01-01,2016-09-30,45800000,2017-10-25,10-Q,Q3
HUBB,PaymentsToAcquireProductiveAssets,2016-01-01,2016-12-31,67200000,2017-02-16,10-K,FY
HUBB,PaymentsToAcquireProductiveAssets,2016-01-01,2016-12-31,67200000,2018-02-15,10-K,FY
HUBB,PaymentsToAcquireProductiveAssets,2016-01-01,2016-12-31,67200000,2019-02-15,10-K,FY
HUBB,PaymentsToAcquireProductiveAssets,2017-01-01,2017-03-31,13600000,2017-04-26,10-Q,Q1
HUBB,PaymentsToAcquireProductiveAssets,2017-01-01,2017-03-31,13600000,2018-04-25,10-Q,Q1
HUBB,PaymentsToAcquireProductiveAssets,2017-01-01,2017-06-30,33000000,2017-07-26,10-Q,Q2
HUBB,PaymentsToAcquireProductiveAssets,2017-01-01,2017-06-30,33000000,2018-07-25,10-Q,Q2
HUBB,PaymentsToAcquireProductiveAssets,2017-01-01,2017-09-30,53200000,2017-10-25,10-Q,Q3
HUBB,PaymentsToAcquireProductiveAssets,2017-01-01,2017-09-30,53200000,2018-10-24,10-Q,Q3
HUBB,PaymentsToAcquireProductiveAssets,2017-01-01,2017-12-31,79700000,2018-02-15,10-K,FY
HUBB,PaymentsToAcquireProductiveAssets,2017-01-01,2017-12-31,79700000,2019-02-15,10-K,FY
HUBB,PaymentsToAcquireProductiveAssets,2017-01-01,2017-12-31,79700000,2020-02-14,10-K,FY
HUBB,PaymentsToAcquireProductiveAssets,2018-01-01,2018-03-31,22000000,2018-04-25,10-Q,Q1
HUBB,PaymentsToAcquireProductiveAssets,2018-01-01,2018-03-31,22000000,2019-05-01,10-Q,Q1
HUBB,PaymentsToAcquireProductiveAssets,2018-01-01,2018-06-30,47500000,2018-07-25,10-Q,Q2
HUBB,PaymentsToAcquireProductiveAssets,2018-01-01,2018-06-30,47500000,2019-07-31,10-Q,Q2
HUBB,PaymentsToAcquireProductiveAssets,2018-01-01,2018-09-30,70700000,2018-10-24,10-Q,Q3
HUBB,PaymentsToAcquireProductiveAssets,2018-01-01,2018-09-30,70700000,2019-10-30,10-Q,Q3
HUBB,PaymentsToAcquireProductiveAssets,2018-01-01,2018-12-31,96200000,2019-02-15,10-K,FY
HUBB,PaymentsToAcquireProductiveAssets,2018-01-01,2018-12-31,96200000,2020-02-14,10-K,FY
HUBB,PaymentsToAcquireProductiveAssets,2018-01-01,2018-12-31,96200000,2021-02-11,10-K,FY
HUBB,PaymentsToAcquireProductiveAssets,2019-01-01,2019-03-31,23300000,2019-05-01,10-Q,Q1
HUBB,PaymentsToAcquireProductiveAssets,2019-01-01,2019-03-31,23300000,2020-05-01,10-Q,Q1
HUBB,PaymentsToAcquireProductiveAssets,2019-01-01,2019-06-30,47700000,2019-07-31,10-Q,Q2
HUBB,PaymentsToAcquireProductiveAssets,2019-01-01,2019-06-30,47700000,2020-07-31,10-Q,Q2
HUBB,PaymentsToAcquireProductiveAssets,2019-01-01,2019-09-30,72600000,2019-10-30,10-Q,Q3
HUBB,PaymentsToAcquireProductiveAssets,2019-01-01,2019-09-30,72600000,2020-10-28,10-Q,Q3
HUBB,PaymentsToAcquireProductiveAssets,2019-01-01,2019-12-31,93900000,2020-02-14,10-K,FY
HUBB,PaymentsToAcquireProductiveAssets,2019-01-01,2019-12-31,93900000,2021-02-11,10-K,FY
HUBB,PaymentsToAcquireProductiveAssets,2019-01-01,2019-12-31,86700000,2022-02-11,10-K,FY
HUBB,PaymentsToAcquireProductiveAssets,2020-01-01,2020-03-31,17800000,2020-05-01,10-Q,Q1
HUBB,PaymentsToAcquireProductiveAssets,2020-01-01,2020-03-31,17800000,2021-04-28,10-Q,Q1
HUBB,PaymentsToAcquireProductiveAssets,2020-01-01,2020-06-30,35000000,2020-07-31,10-Q,Q2
HUBB,PaymentsToAcquireProductiveAssets,2020-01-01,2020-06-30,35000000,2021-07-28,10-Q,Q2
HUBB,PaymentsToAcquireProductiveAssets,2020-01-01,2020-09-30,51700000,2020-10-28,10-Q,Q3
HUBB,PaymentsToAcquireProductiveAssets,2020-01-01,2020-09-30,51700000,2021-10-27,10-Q,Q3
HUBB,PaymentsToAcquireProductiveAssets,2020-01-01,2020-12-31,88400000,2021-02-11,10-K,FY
HUBB,PaymentsToAcquireProductiveAssets,2020-01-01,2020-12-31,82800000,2022-02-11,10-K,FY
HUBB,PaymentsToAcquireProductiveAssets,2020-01-01,2020-12-31,82800000,2023-02-09,10-K,FY
HUBB,PaymentsToAcquireProductiveAssets,2021-01-01,2021-03-31,19600000,2021-04-28,10-Q,Q1
HUBB,PaymentsToAcquireProductiveAssets,2021-01-01,2021-03-31,19300000,2022-04-27,10-Q,Q1
HUBB,PaymentsToAcquireProductiveAssets,2021-01-01,2021-06-30,39100000,2021-07-28,10-Q,Q2
HUBB,PaymentsToAcquireProductiveAssets,2021-01-01,2021-06-30,36900000,2022-07-27,10-Q,Q2
HUBB,PaymentsToAcquireProductiveAssets,2021-01-01,2021-09-30,66500000,2021-10-27,10-Q,Q3
HUBB,PaymentsToAcquireProductiveAssets,2021-01-01,2021-09-30,62800000,2022-10-26,10-Q,Q3
HUBB,PaymentsToAcquireProductiveAssets,2021-01-01,2021-12-31,90200000,2022-02-11,10-K,FY
HUBB,PaymentsToAcquireProductiveAssets,2021-01-01,2021-12-31,90200000,2023-02-09,10-K,FY
HUBB,PaymentsToAcquireProductiveAssets,2021-01-01,2021-12-31,90200000,2024-02-08,10-K,FY
HUBB,PaymentsToAcquireProductiveAssets,2022-01-01,2022-03-31,21400000,2022-04-27,10-Q,Q1
HUBB,PaymentsToAcquireProductiveAssets,2022-01-01,2022-03-31,21400000,2023-04-28,10-Q,Q1
HUBB,PaymentsToAcquireProductiveAssets,2022-01-01,2022-06-30,41900000,2022-07-27,10-Q,Q2
HUBB,PaymentsToAcquireProductiveAssets,2022-01-01,2022-06-30,41900000,2023-07-26,10-Q,Q2
HUBB,PaymentsToAcquireProductiveAssets,2022-01-01,2022-09-30,67200000,2022-10-26,10-Q,Q3
HUBB,PaymentsToAcquireProductiveAssets,2022-01-01,2022-09-30,67200000,2023-11-01,10-Q,Q3
HUBB,PaymentsToAcquireProductiveAssets,2022-01-01,2022-12-31,129300000,2023-02-09,10-K,FY
HUBB,PaymentsToAcquireProductiveAssets,2022-01-01,2022-12-31,129300000,2024-02-08,10-K,FY
HUBB,PaymentsToAcquireProductiveAssets,2022-01-01,2022-12-31,129300000,2025-02-13,10-K,FY
HUBB,PaymentsToAcquireProductiveAssets,2023-01-01,2023-03-31,33400000,2023-04-28,10-Q,Q1
HUBB,PaymentsToAcquireProductiveAssets,2023-01-01,2023-03-31,33400000,2024-05-01,10-Q,Q1
HUBB,PaymentsToAcquireProductiveAssets,2023-01-01,2023-06-30,68900000,2023-07-26,10-Q,Q2
HUBB,PaymentsToAcquireProductiveAssets,2023-01-01,2023-06-30,68900000,2024-07-31,10-Q,Q2
HUBB,PaymentsToAcquireProductiveAssets,2023-01-01,2023-09-30,103800000,2023-11-01,10-Q,Q3
HUBB,PaymentsToAcquireProductiveAssets,2023-01-01,2023-09-30,103800000,2024-10-30,10-Q,Q3
HUBB,PaymentsToAcquireProductiveAssets,2023-01-01,2023-12-31,165700000,2024-02-08,10-K,FY
HUBB,PaymentsToAcquireProductiveAssets,2023-01-01,2023-12-31,165700000,2025-02-13,10-K,FY
HUBB,PaymentsToAcquireProductiveAssets,2023-01-01,2023-12-31,165700000,2026-02-12,10-K,FY
HUBB,PaymentsToAcquireProductiveAssets,2024-01-01,2024-03-31,40300000,2024-05-01,10-Q,Q1
HUBB,PaymentsToAcquireProductiveAssets,2024-01-01,2024-03-31,40300000,2025-05-02,10-Q,Q1
HUBB,PaymentsToAcquireProductiveAssets,2024-01-01,2024-06-30,74200000,2024-07-31,10-Q,Q2
HUBB,PaymentsToAcquireProductiveAssets,2024-01-01,2024-06-30,74200000,2025-07-30,10-Q,Q2
HUBB,PaymentsToAcquireProductiveAssets,2024-04-01,2024-06-30,33900000,2025-07-30,10-Q,Q2
HUBB,PaymentsToAcquireProductiveAssets,2024-01-01,2024-09-30,112400000,2024-10-30,10-Q,Q3
HUBB,PaymentsToAcquireProductiveAssets,2024-01-01,2024-09-30,112400000,2025-10-29,10-Q,Q3
HUBB,PaymentsToAcquireProductiveAssets,2024-07-01,2024-09-30,38200000,2025-10-29,10-Q,Q3
HUBB,PaymentsToAcquireProductiveAssets,2024-01-01,2024-12-31,180400000,2025-02-13,10-K,FY
HUBB,PaymentsToAcquireProductiveAssets,2024-01-01,2024-12-31,180400000,2026-02-12,10-K,FY
HUBB,PaymentsToAcquireProductiveAssets,2025-01-01,2025-03-31,26000000,2025-05-02,10-Q,Q1
HUBB,PaymentsToAcquireProductiveAssets,2025-01-01,2025-03-31,26000000,2026-05-01,10-Q,Q1
HUBB,PaymentsToAcquireProductiveAssets,2025-01-01,2025-06-30,65900000,2025-07-30,10-Q,Q2
HUBB,PaymentsToAcquireProductiveAssets,2025-04-01,2025-06-30,39900000,2025-07-30,10-Q,Q2
HUBB,PaymentsToAcquireProductiveAssets,2025-01-01,2025-09-30,96400000,2025-10-29,10-Q,Q3
HUBB,PaymentsToAcquireProductiveAssets,2025-07-01,2025-09-30,30500000,2025-10-29,10-Q,Q3
HUBB,PaymentsToAcquireProductiveAssets,2025-01-01,2025-12-31,155100000,2026-02-12,10-K,FY
HUBB,PaymentsToAcquireProductiveAssets,2026-01-01,2026-03-31,40600000,2026-05-01,10-Q,Q1
HUBB,InventoryNet,,2009-12-31,263500000,2010-07-23,10-Q,Q2
HUBB,InventoryNet,,2009-12-31,263500000,2010-10-22,10-Q,Q3
HUBB,InventoryNet,,2009-12-31,263500000,2011-02-16,10-K,FY
HUBB,InventoryNet,,2010-06-30,276500000,2010-07-23,10-Q,Q2
HUBB,InventoryNet,,2010-09-30,294000000,2010-10-22,10-Q,Q3
HUBB,InventoryNet,,2010-12-31,298400000,2011-02-16,10-K,FY
HUBB,InventoryNet,,2010-12-31,298400000,2011-04-22,10-Q,Q1
HUBB,InventoryNet,,2010-12-31,298400000,2011-07-22,10-Q,Q2
HUBB,InventoryNet,,2010-12-31,298400000,2011-10-21,10-Q,Q3
HUBB,InventoryNet,,2010-12-31,298400000,2012-02-15,10-K,FY
HUBB,InventoryNet,,2011-03-31,303700000,2011-04-22,10-Q,Q1
HUBB,InventoryNet,,2011-06-30,324200000,2011-07-22,10-Q,Q2
HUBB,InventoryNet,,2011-09-30,331200000,2011-10-21,10-Q,Q3
HUBB,InventoryNet,,2011-12-31,318300000,2012-02-15,10-K,FY
HUBB,InventoryNet,,2011-12-31,318300000,2012-04-20,10-Q,Q1
HUBB,InventoryNet,,2011-12-31,318300000,2012-07-20,10-Q,Q2
HUBB,InventoryNet,,2011-12-31,318300000,2012-10-19,10-Q,Q3
HUBB,InventoryNet,,2011-12-31,318300000,2013-02-13,10-K,FY
HUBB,InventoryNet,,2012-03-31,337400000,2012-04-20,10-Q,Q1
HUBB,InventoryNet,,2012-06-30,355300000,2012-07-20,10-Q,Q2
HUBB,InventoryNet,,2012-09-30,356300000,2012-10-19,10-Q,Q3
HUBB,InventoryNet,,2012-12-31,341700000,2013-02-13,10-K,FY
HUBB,InventoryNet,,2012-12-31,341700000,2013-04-19,10-Q,Q1
HUBB,InventoryNet,,2012-12-31,341700000,2013-07-19,10-Q,Q2
HUBB,InventoryNet,,2012-12-31,341700000,2013-10-18,10-Q,Q3
HUBB,InventoryNet,,2012-12-31,341700000,2014-02-18,10-K,FY
HUBB,InventoryNet,,2013-03-31,350600000,2013-04-19,10-Q,Q1
HUBB,InventoryNet,,2013-06-30,384700000,2013-07-19,10-Q,Q2
HUBB,InventoryNet,,2013-09-30,401900000,2013-10-18,10-Q,Q3
HUBB,InventoryNet,,2013-12-31,385700000,2014-02-18,10-K,FY
HUBB,InventoryNet,,2013-12-31,385700000,2014-04-22,10-Q,Q1
HUBB,InventoryNet,,2013-12-31,385700000,2014-07-22,10-Q,Q2
HUBB,InventoryNet,,2013-12-31,385700000,2014-10-24,10-Q,Q3
HUBB,InventoryNet,,2013-12-31,385700000,2015-02-19,10-K,FY
HUBB,InventoryNet,,2014-03-31,418100000,2014-04-22,10-Q,Q1
HUBB,InventoryNet,,2014-06-30,429800000,2014-07-22,10-Q,Q2
HUBB,InventoryNet,,2014-09-30,445900000,2014-10-24,10-Q,Q3
HUBB,InventoryNet,,2014-12-31,441800000,2015-02-19,10-K,FY
HUBB,InventoryNet,,2014-12-31,441800000,2015-04-24,10-Q,Q1
HUBB,InventoryNet,,2014-12-31,441800000,2015-07-24,10-Q,Q2
HUBB,InventoryNet,,2014-12-31,441800000,2015-10-23,10-Q,Q3
HUBB,InventoryNet,,2014-12-31,441800000,2016-02-18,10-K,FY
HUBB,InventoryNet,,2015-03-31,485500000,2015-04-24,10-Q,Q1
HUBB,InventoryNet,,2015-06-30,511900000,2015-07-24,10-Q,Q2
HUBB,InventoryNet,,2015-09-30,527000000,2015-10-23,10-Q,Q3
HUBB,InventoryNet,,2015-12-31,540000000,2016-02-18,10-K,FY
HUBB,InventoryNet,,2015-12-31,540000000,2016-04-27,10-Q,Q1
HUBB,InventoryNet,,2015-12-31,540000000,2016-07-27,10-Q,Q2
HUBB,InventoryNet,,2015-12-31,540000000,2016-10-26,10-Q,Q3
HUBB,InventoryNet,,2015-12-31,540000000,2017-02-16,10-K,FY
HUBB,InventoryNet,,2016-03-31,559500000,2016-04-27,10-Q,Q1
HUBB,InventoryNet,,2016-06-30,546800000,2016-07-27,10-Q,Q2
HUBB,InventoryNet,,2016-09-30,545700000,2016-10-26,10-Q,Q3
HUBB,InventoryNet,,2016-12-31,532400000,2017-02-16,10-K,FY
HUBB,InventoryNet,,2016-12-31,532400000,2017-04-26,10-Q,Q1
HUBB,InventoryNet,,2016-12-31,532400000,2017-07-26,10-Q,Q2
HUBB,InventoryNet,,2016-12-31,532400000,2017-10-25,10-Q,Q3
HUBB,InventoryNet,,2016-12-31,532400000,2018-02-15,10-K,FY
HUBB,InventoryNet,,2017-03-31,547800000,2017-04-26,10-Q,Q1
HUBB,InventoryNet,,2017-06-30,585300000,2017-07-26,10-Q,Q2
HUBB,InventoryNet,,2017-09-30,623600000,2017-10-25,10-Q,Q3
HUBB,InventoryNet,,2017-12-31,634700000,2018-02-15,10-K,FY
HUBB,InventoryNet,,2017-12-31,634700000,2018-04-25,10-Q,Q1
HUBB,InventoryNet,,2017-12-31,634700000,2018-07-25,10-Q,Q2
HUBB,InventoryNet,,2017-12-31,634700000,2018-10-24,10-Q,Q3
HUBB,InventoryNet,,2017-12-31,634700000,2019-02-15,10-K,FY
HUBB,InventoryNet,,2018-03-31,714300000,2018-04-25,10-Q,Q1
HUBB,InventoryNet,,2018-06-30,686700000,2018-07-25,10-Q,Q2
HUBB,InventoryNet,,2018-09-30,672500000,2018-10-24,10-Q,Q3
HUBB,InventoryNet,,2018-12-31,651000000,2019-02-15,10-K,FY
HUBB,InventoryNet,,2018-12-31,651000000,2019-05-01,10-Q,Q1
HUBB,InventoryNet,,2018-12-31,651000000,2019-07-31,10-Q,Q2
HUBB,InventoryNet,,2018-12-31,651000000,2019-10-30,10-Q,Q3
HUBB,InventoryNet,,2018-12-31,651000000,2020-02-14,10-K,FY
HUBB,InventoryNet,,2019-03-31,663000000,2019-05-01,10-Q,Q1
HUBB,InventoryNet,,2019-06-30,661900000,2019-07-31,10-Q,Q2
HUBB,InventoryNet,,2019-09-30,662000000,2019-10-30,10-Q,Q3
HUBB,InventoryNet,,2019-12-31,633000000,2020-02-14,10-K,FY
HUBB,InventoryNet,,2019-12-31,633000000,2020-05-01,10-Q,Q1
HUBB,InventoryNet,,2019-12-31,633000000,2020-07-31,10-Q,Q2
HUBB,InventoryNet,,2019-12-31,633000000,2020-10-28,10-Q,Q3
HUBB,InventoryNet,,2019-12-31,633000000,2021-02-11,10-K,FY
HUBB,InventoryNet,,2020-03-31,595700000,2020-05-01,10-Q,Q1
HUBB,InventoryNet,,2020-06-30,604200000,2020-07-31,10-Q,Q2
HUBB,InventoryNet,,2020-09-30,584900000,2020-10-28,10-Q,Q3
HUBB,InventoryNet,,2020-12-31,607300000,2021-02-11,10-K,FY
HUBB,InventoryNet,,2020-12-31,607300000,2021-04-28,10-Q,Q1
HUBB,InventoryNet,,2020-12-31,607300000,2021-07-28,10-Q,Q2
HUBB,InventoryNet,,2020-12-31,607300000,2021-10-27,10-Q,Q3
HUBB,InventoryNet,,2020-12-31,526700000,2022-02-11,10-K,FY
HUBB,InventoryNet,,2021-03-31,616400000,2021-04-28,10-Q,Q1
HUBB,InventoryNet,,2021-06-30,638300000,2021-07-28,10-Q,Q2
HUBB,InventoryNet,,2021-09-30,700700000,2021-10-27,10-Q,Q3
HUBB,InventoryNet,,2021-12-31,662100000,2022-02-11,10-K,FY
HUBB,InventoryNet,,2021-12-31,662100000,2022-04-27,10-Q,Q1
HUBB,InventoryNet,,2021-12-31,662100000,2022-07-27,10-Q,Q2
HUBB,InventoryNet,,2021-12-31,662100000,2022-10-26,10-Q,Q3
HUBB,InventoryNet,,2021-12-31,662100000,2023-02-09,10-K,FY
HUBB,InventoryNet,,2022-03-31,708800000,2022-04-27,10-Q,Q1
HUBB,InventoryNet,,2022-06-30,719500000,2022-07-27,10-Q,Q2
HUBB,InventoryNet,,2022-09-30,739000000,2022-10-26,10-Q,Q3
HUBB,InventoryNet,,2022-12-31,740700000,2023-02-09,10-K,FY
HUBB,InventoryNet,,2022-12-31,740700000,2023-04-28,10-Q,Q1
HUBB,InventoryNet,,2022-12-31,740700000,2023-07-26,10-Q,Q2
HUBB,InventoryNet,,2022-12-31,740700000,2023-11-01,10-Q,Q3
HUBB,InventoryNet,,2022-12-31,740700000,2024-02-08,10-K,FY
HUBB,InventoryNet,,2023-03-31,779600000,2023-04-28,10-Q,Q1
HUBB,InventoryNet,,2023-06-30,794100000,2023-07-26,10-Q,Q2
HUBB,InventoryNet,,2023-09-30,788400000,2023-11-01,10-Q,Q3
HUBB,InventoryNet,,2023-12-31,832900000,2024-02-08,10-K,FY
HUBB,InventoryNet,,2023-12-31,832900000,2024-05-01,10-Q,Q1
HUBB,InventoryNet,,2023-12-31,832900000,2024-07-31,10-Q,Q2
HUBB,InventoryNet,,2023-12-31,832900000,2024-10-30,10-Q,Q3
HUBB,InventoryNet,,2023-12-31,832900000,2025-02-13,10-K,FY
HUBB,InventoryNet,,2024-03-31,842400000,2024-05-01,10-Q,Q1
HUBB,InventoryNet,,2024-06-30,856500000,2024-07-31,10-Q,Q2
HUBB,InventoryNet,,2024-09-30,850000000,2024-10-30,10-Q,Q3
HUBB,InventoryNet,,2024-12-31,841800000,2025-02-13,10-K,FY
HUBB,InventoryNet,,2024-12-31,841800000,2025-05-02,10-Q,Q1
HUBB,InventoryNet,,2024-12-31,1010400000,2025-07-30,10-Q,Q2
HUBB,InventoryNet,,2024-12-31,1010400000,2025-10-29,10-Q,Q3
HUBB,InventoryNet,,2024-12-31,1010400000,2026-02-12,10-K,FY
HUBB,InventoryNet,,2025-03-31,848700000,2025-05-02,10-Q,Q1
HUBB,InventoryNet,,2025-06-30,1029600000,2025-07-30,10-Q,Q2
HUBB,InventoryNet,,2025-09-30,1053700000,2025-10-29,10-Q,Q3
HUBB,InventoryNet,,2025-12-31,1083800000,2026-02-12,10-K,FY
HUBB,InventoryNet,,2025-12-31,1083800000,2026-05-01,10-Q,Q1
HUBB,InventoryNet,,2026-03-31,1139500000,2026-05-01,10-Q,Q1
HUBB,CostOfGoodsAndServicesSold,2008-01-01,2008-12-31,1901000000,2011-02-16,10-K,FY
HUBB,CostOfGoodsAndServicesSold,2009-01-01,2009-06-30,828600000,2010-07-23,10-Q,Q2
HUBB,CostOfGoodsAndServicesSold,2009-04-01,2009-06-30,410000000,2010-07-23,10-Q,Q2
HUBB,CostOfGoodsAndServicesSold,2009-01-01,2009-09-30,1229600000,2010-10-22,10-Q,Q3
HUBB,CostOfGoodsAndServicesSold,2009-07-01,2009-09-30,401000000,2010-10-22,10-Q,Q3
HUBB,CostOfGoodsAndServicesSold,2009-01-01,2009-12-31,1629700000,2011-02-16,10-K,FY
HUBB,CostOfGoodsAndServicesSold,2009-01-01,2009-12-31,1629700000,2012-02-15,10-K,FY
HUBB,CostOfGoodsAndServicesSold,2010-01-01,2010-03-31,394800000,2011-04-22,10-Q,Q1
HUBB,CostOfGoodsAndServicesSold,2010-01-01,2010-06-30,830200000,2010-07-23,10-Q,Q2
HUBB,CostOfGoodsAndServicesSold,2010-01-01,2010-06-30,830200000,2011-07-22,10-Q,Q2
HUBB,CostOfGoodsAndServicesSold,2010-04-01,2010-06-30,435400000,2010-07-23,10-Q,Q2
HUBB,CostOfGoodsAndServicesSold,2010-04-01,2010-06-30,435400000,2011-07-22,10-Q,Q2
HUBB,CostOfGoodsAndServicesSold,2010-01-01,2010-09-30,1280000000,2010-10-22,10-Q,Q3
HUBB,CostOfGoodsAndServicesSold,2010-01-01,2010-09-30,1280000000,2011-10-21,10-Q,Q3
HUBB,CostOfGoodsAndServicesSold,2010-07-01,2010-09-30,449800000,2010-10-22,10-Q,Q3
HUBB,CostOfGoodsAndServicesSold,2010-07-01,2010-09-30,449800000,2011-10-21,10-Q,Q3
HUBB,CostOfGoodsAndServicesSold,2010-01-01,2010-12-31,1712500000,2011-02-16,10-K,FY
HUBB,CostOfGoodsAndServicesSold,2010-01-01,2010-12-31,1712500000,2012-02-15,10-K,FY
HUBB,CostOfGoodsAndServicesSold,2010-01-01,2010-12-31,1712500000,2013-02-13,10-K,FY
HUBB,CostOfGoodsAndServicesSold,2011-01-01,2011-03-31,452900000,2011-04-22,10-Q,Q1
HUBB,CostOfGoodsAndServicesSold,2011-01-01,2011-03-31,452900000,2012-04-20,10-Q,Q1
HUBB,CostOfGoodsAndServicesSold,2011-01-01,2011-06-30,932200000,2011-07-22,10-Q,Q2
HUBB,CostOfGoodsAndServicesSold,2011-01-01,2011-06-30,932200000,2012-07-20,10-Q,Q2
HUBB,CostOfGoodsAndServicesSold,2011-04-01,2011-06-30,479300000,2011-07-22,10-Q,Q2
HUBB,CostOfGoodsAndServicesSold,2011-04-01,2011-06-30,479300000,2012-07-20,10-Q,Q2
HUBB,CostOfGoodsAndServicesSold,2011-01-01,2011-09-30,1444200000,2011-10-21,10-Q,Q3
HUBB,CostOfGoodsAndServicesSold,2011-01-01,2011-09-30,1444200000,2012-10-19,10-Q,Q3
HUBB,CostOfGoodsAndServicesSold,2011-07-01,2011-09-30,512000000,2011-10-21,10-Q,Q3
HUBB,CostOfGoodsAndServicesSold,2011-07-01,2011-09-30,512000000,2012-10-19,10-Q,Q3
HUBB,CostOfGoodsAndServicesSold,2011-01-01,2011-12-31,1947900000,2012-02-15,10-K,FY
HUBB,CostOfGoodsAndServicesSold,2011-01-01,2011-12-31,1947900000,2013-02-13,10-K,FY
HUBB,CostOfGoodsAndServicesSold,2011-01-01,2011-12-31,1947900000,2014-02-18,10-K,FY
HUBB,CostOfGoodsAndServicesSold,2012-01-01,2012-03-31,489700000,2012-04-20,10-Q,Q1
HUBB,CostOfGoodsAndServicesSold,2012-01-01,2012-03-31,489700000,2013-04-19,10-Q,Q1
HUBB,CostOfGoodsAndServicesSold,2012-01-01,2012-06-30,1008300000,2012-07-20,10-Q,Q2
HUBB,CostOfGoodsAndServicesSold,2012-01-01,2012-06-30,1008300000,2013-07-19,10-Q,Q2
HUBB,CostOfGoodsAndServicesSold,2012-04-01,2012-06-30,518600000,2012-07-20,10-Q,Q2
HUBB,CostOfGoodsAndServicesSold,2012-04-01,2012-06-30,518600000,2013-07-19,10-Q,Q2
HUBB,CostOfGoodsAndServicesSold,2012-01-01,2012-09-30,1529500000,2012-10-19,10-Q,Q3
HUBB,CostOfGoodsAndServicesSold,2012-01-01,2012-09-30,1529500000,2013-10-18,10-Q,Q3
HUBB,CostOfGoodsAndServicesSold,2012-07-01,2012-09-30,521200000,2012-10-19,10-Q,Q3
HUBB,CostOfGoodsAndServicesSold,2012-07-01,2012-09-30,521200000,2013-10-18,10-Q,Q3
HUBB,CostOfGoodsAndServicesSold,2012-01-01,2012-12-31,2032200000,2013-02-13,10-K,FY
HUBB,CostOfGoodsAndServicesSold,2012-01-01,2012-12-31,2032200000,2014-02-18,10-K,FY
HUBB,CostOfGoodsAndServicesSold,2012-01-01,2012-12-31,2032200000,2015-02-19,10-K,FY
HUBB,CostOfGoodsAndServicesSold,2013-01-01,2013-03-31,503800000,2013-04-19,10-Q,Q1
HUBB,CostOfGoodsAndServicesSold,2013-01-01,2013-03-31,503800000,2014-04-22,10-Q,Q1
HUBB,CostOfGoodsAndServicesSold,2013-01-01,2013-06-30,1033100000,2013-07-19,10-Q,Q2
HUBB,CostOfGoodsAndServicesSold,2013-01-01,2013-06-30,1033100000,2014-07-22,10-Q,Q2
HUBB,CostOfGoodsAndServicesSold,2013-04-01,2013-06-30,529300000,2013-07-19,10-Q,Q2
HUBB,CostOfGoodsAndServicesSold,2013-04-01,2013-06-30,529300000,2014-07-22,10-Q,Q2
HUBB,CostOfGoodsAndServicesSold,2013-01-01,2013-09-30,1577700000,2013-10-18,10-Q,Q3
HUBB,CostOfGoodsAndServicesSold,2013-01-01,2013-09-30,1577700000,2014-10-24,10-Q,Q3
HUBB,CostOfGoodsAndServicesSold,2013-07-01,2013-09-30,544600000,2013-10-18,10-Q,Q3
HUBB,CostOfGoodsAndServicesSold,2013-07-01,2013-09-30,544600000,2014-10-24,10-Q,Q3
HUBB,CostOfGoodsAndServicesSold,2013-01-01,2013-12-31,2113400000,2014-02-18,10-K,FY
HUBB,CostOfGoodsAndServicesSold,2013-01-01,2013-12-31,2113400000,2015-02-19,10-K,FY
HUBB,CostOfGoodsAndServicesSold,2013-01-01,2013-12-31,2113400000,2016-02-18,10-K,FY
HUBB,CostOfGoodsAndServicesSold,2014-01-01,2014-03-31,514500000,2014-04-22,10-Q,Q1
HUBB,CostOfGoodsAndServicesSold,2014-01-01,2014-03-31,514500000,2015-04-24,10-Q,Q1
HUBB,CostOfGoodsAndServicesSold,2014-01-01,2014-03-31,514500000,2016-02-18,10-K,FY
HUBB,CostOfGoodsAndServicesSold,2014-01-01,2014-06-30,1077800000,2014-07-22,10-Q,Q2
HUBB,CostOfGoodsAndServicesSold,2014-01-01,2014-06-30,1077800000,2015-07-24,10-Q,Q2
HUBB,CostOfGoodsAndServicesSold,2014-04-01,2014-06-30,563300000,2014-07-22,10-Q,Q2
HUBB,CostOfGoodsAndServicesSold,2014-04-01,2014-06-30,563300000,2015-07-24,10-Q,Q2
HUBB,CostOfGoodsAndServicesSold,2014-04-01,2014-06-30,563300000,2016-02-18,10-K,FY
HUBB,CostOfGoodsAndServicesSold,2014-01-01,2014-09-30,1676900000,2014-10-24,10-Q,Q3
HUBB,CostOfGoodsAndServicesSold,2014-01-01,2014-09-30,1676900000,2015-10-23,10-Q,Q3
HUBB,CostOfGoodsAndServicesSold,2014-07-01,2014-09-30,599100000,2014-10-24,10-Q,Q3
HUBB,CostOfGoodsAndServicesSold,2014-07-01,2014-09-30,599100000,2015-10-23,10-Q,Q3
HUBB,CostOfGoodsAndServicesSold,2014-07-01,2014-09-30,599100000,2016-02-18,10-K,FY
HUBB,CostOfGoodsAndServicesSold,2014-01-01,2014-12-31,2250400000,2015-02-19,10-K,FY
HUBB,CostOfGoodsAndServicesSold,2014-01-01,2014-12-31,2250400000,2016-02-18,10-K,FY
HUBB,CostOfGoodsAndServicesSold,2014-01-01,2014-12-31,2250400000,2017-02-16,10-K,FY
HUBB,CostOfGoodsAndServicesSold,2014-10-01,2014-12-31,573500000,2016-02-18,10-K,FY
HUBB,CostOfGoodsAndServicesSold,2015-01-01,2015-03-31,557000000,2015-04-24,10-Q,Q1
HUBB,CostOfGoodsAndServicesSold,2015-01-01,2015-03-31,557900000,2016-02-18,10-K,FY
HUBB,CostOfGoodsAndServicesSold,2015-01-01,2015-03-31,557900000,2016-04-27,10-Q,Q1
HUBB,CostOfGoodsAndServicesSold,2015-01-01,2015-03-31,557900000,2017-02-16,10-K,FY
HUBB,CostOfGoodsAndServicesSold,2015-01-01,2015-06-30,1146900000,2015-07-24,10-Q,Q2
HUBB,CostOfGoodsAndServicesSold,2015-01-01,2015-06-30,1148800000,2016-07-27,10-Q,Q2
HUBB,CostOfGoodsAndServicesSold,2015-04-01,2015-06-30,589900000,2015-07-24,10-Q,Q2
HUBB,CostOfGoodsAndServicesSold,2015-04-01,2015-06-30,590900000,2016-02-18,10-K,FY
HUBB,CostOfGoodsAndServicesSold,2015-04-01,2015-06-30,590900000,2016-07-27,10-Q,Q2
HUBB,CostOfGoodsAndServicesSold,2015-04-01,2015-06-30,590900000,2017-02-16,10-K,FY
HUBB,CostOfGoodsAndServicesSold,2015-01-01,2015-09-30,1732800000,2015-10-23,10-Q,Q3
HUBB,CostOfGoodsAndServicesSold,2015-01-01,2015-09-30,1735800000,2016-10-26,10-Q,Q3
HUBB,CostOfGoodsAndServicesSold,2015-07-01,2015-09-30,585900000,2015-10-23,10-Q,Q3
HUBB,CostOfGoodsAndServicesSold,2015-07-01,2015-09-30,587000000,2016-02-18,10-K,FY
HUBB,CostOfGoodsAndServicesSold,2015-07-01,2015-09-30,587000000,2016-10-26,10-Q,Q3
HUBB,CostOfGoodsAndServicesSold,2015-07-01,2015-09-30,587000000,2017-02-16,10-K,FY
HUBB,CostOfGoodsAndServicesSold,2015-01-01,2015-12-31,2298600000,2016-02-18,10-K,FY
HUBB,CostOfGoodsAndServicesSold,2015-01-01,2015-12-31,2298600000,2017-02-16,10-K,FY
HUBB,CostOfGoodsAndServicesSold,2015-01-01,2015-12-31,2298600000,2018-02-15,10-K,FY
HUBB,CostOfGoodsAndServicesSold,2015-10-01,2015-12-31,562800000,2016-02-18,10-K,FY
HUBB,CostOfGoodsAndServicesSold,2015-10-01,2015-12-31,562800000,2017-02-16,10-K,FY
HUBB,CostOfGoodsAndServicesSold,2016-01-01,2016-03-31,574900000,2016-04-27,10-Q,Q1
HUBB,CostOfGoodsAndServicesSold,2016-01-01,2016-03-31,574900000,2017-02-16,10-K,FY
HUBB,CostOfGoodsAndServicesSold,2016-01-01,2016-03-31,574900000,2017-04-26,10-Q,Q1
HUBB,CostOfGoodsAndServicesSold,2016-01-01,2016-03-31,574900000,2018-02-15,10-K,FY
HUBB,CostOfGoodsAndServicesSold,2016-01-01,2016-06-30,1190200000,2016-07-27,10-Q,Q2
HUBB,CostOfGoodsAndServicesSold,2016-01-01,2016-06-30,1190200000,2017-07-26,10-Q,Q2
HUBB,CostOfGoodsAndServicesSold,2016-04-01,2016-06-30,615300000,2016-07-27,10-Q,Q2
HUBB,CostOfGoodsAndServicesSold,2016-04-01,2016-06-30,615300000,2017-02-16,10-K,FY
HUBB,CostOfGoodsAndServicesSold,2016-04-01,2016-06-30,615300000,2017-07-26,10-Q,Q2
HUBB,CostOfGoodsAndServicesSold,2016-04-01,2016-06-30,615300000,2018-02-15,10-K,FY
HUBB,CostOfGoodsAndServicesSold,2016-01-01,2016-09-30,1808900000,2016-10-26,10-Q,Q3
HUBB,CostOfGoodsAndServicesSold,2016-01-01,2016-09-30,1808900000,2017-10-25,10-Q,Q3
HUBB,CostOfGoodsAndServicesSold,2016-07-01,2016-09-30,618700000,2016-10-26,10-Q,Q3
HUBB,CostOfGoodsAndServicesSold,2016-07-01,2016-09-30,618700000,2017-02-16,10-K,FY
HUBB,CostOfGoodsAndServicesSold,2016-07-01,2016-09-30,618700000,2017-10-25,10-Q,Q3
HUBB,CostOfGoodsAndServicesSold,2016-07-01,2016-09-30,618700000,2018-02-15,10-K,FY
HUBB,CostOfGoodsAndServicesSold,2016-01-01,2016-12-31,2404500000,2017-02-16,10-K,FY
HUBB,CostOfGoodsAndServicesSold,2016-01-01,2016-12-31,2404500000,2018-02-15,10-K,FY
HUBB,CostOfGoodsAndServicesSold,2016-01-01,2016-12-31,2400100000,2019-02-15,10-K,FY
HUBB,CostOfGoodsAndServicesSold,2016-10-01,2016-12-31,595600000,2017-02-16,10-K,FY
HUBB,CostOfGoodsAndServicesSold,2016-10-01,2016-12-31,595600000,2018-02-15,10-K,FY
HUBB,CostOfGoodsAndServicesSold,2017-01-01,2017-03-31,590500000,2017-04-26,10-Q,Q1
HUBB,CostOfGoodsAndServicesSold,2017-01-01,2017-03-31,590500000,2018-02-15,10-K,FY
HUBB,CostOfGoodsAndServicesSold,2017-01-01,2017-03-31,589700000,2018-04-25,10-Q,Q1
HUBB,CostOfGoodsAndServicesSold,2017-01-01,2017-03-31,589700000,2019-02-15,10-K,FY
HUBB,CostOfGoodsAndServicesSold,2017-01-01,2017-06-30,1244100000,2017-07-26,10-Q,Q2
HUBB,CostOfGoodsAndServicesSold,2017-01-01,2017-06-30,1242500000,2018-07-25,10-Q,Q2
HUBB,CostOfGoodsAndServicesSold,2017-04-01,2017-06-30,653600000,2017-07-26,10-Q,Q2
HUBB,CostOfGoodsAndServicesSold,2017-04-01,2017-06-30,653600000,2018-02-15,10-K,FY
HUBB,CostOfGoodsAndServicesSold,2017-04-01,2017-06-30,652800000,2018-07-25,10-Q,Q2
HUBB,CostOfGoodsAndServicesSold,2017-04-01,2017-06-30,652800000,2019-02-15,10-K,FY
HUBB,CostOfGoodsAndServicesSold,2017-01-01,2017-09-30,1887700000,2017-10-25,10-Q,Q3
HUBB,CostOfGoodsAndServicesSold,2017-01-01,2017-09-30,1885400000,2018-10-24,10-Q,Q3
HUBB,CostOfGoodsAndServicesSold,2017-07-01,2017-09-30,643600000,2017-10-25,10-Q,Q3
HUBB,CostOfGoodsAndServicesSold,2017-07-01,2017-09-30,643600000,2018-02-15,10-K,FY
HUBB,CostOfGoodsAndServicesSold,2017-07-01,2017-09-30,642900000,2018-10-24,10-Q,Q3
HUBB,CostOfGoodsAndServicesSold,2017-07-01,2017-09-30,642900000,2019-02-15,10-K,FY
HUBB,CostOfGoodsAndServicesSold,2017-01-01,2017-12-31,2516900000,2018-02-15,10-K,FY
HUBB,CostOfGoodsAndServicesSold,2017-01-01,2017-12-31,2513700000,2019-02-15,10-K,FY
HUBB,CostOfGoodsAndServicesSold,2017-01-01,2017-12-31,2513700000,2020-02-14,10-K,FY
HUBB,CostOfGoodsAndServicesSold,2017-10-01,2017-12-31,629200000,2018-02-15,10-K,FY
HUBB,CostOfGoodsAndServicesSold,2017-10-01,2017-12-31,628300000,2019-02-15,10-K,FY
HUBB,CostOfGoodsAndServicesSold,2018-01-01,2018-03-31,708300000,2018-04-25,10-Q,Q1
HUBB,CostOfGoodsAndServicesSold,2018-01-01,2018-03-31,708300000,2019-02-15,10-K,FY
HUBB,CostOfGoodsAndServicesSold,2018-01-01,2018-03-31,708300000,2019-05-01,10-Q,Q1
HUBB,CostOfGoodsAndServicesSold,2018-01-01,2018-03-31,708300000,2020-02-14,10-K,FY
HUBB,CostOfGoodsAndServicesSold,2018-01-01,2018-06-30,1527100000,2018-07-25,10-Q,Q2
HUBB,CostOfGoodsAndServicesSold,2018-01-01,2018-06-30,1527100000,2019-07-31,10-Q,Q2
HUBB,CostOfGoodsAndServicesSold,2018-04-01,2018-06-30,818800000,2018-07-25,10-Q,Q2
HUBB,CostOfGoodsAndServicesSold,2018-04-01,2018-06-30,818800000,2019-02-15,10-K,FY
HUBB,CostOfGoodsAndServicesSold,2018-04-01,2018-06-30,818800000,2019-07-31,10-Q,Q2
HUBB,CostOfGoodsAndServicesSold,2018-04-01,2018-06-30,818800000,2020-02-14,10-K,FY
HUBB,CostOfGoodsAndServicesSold,2018-01-01,2018-09-30,2357800000,2018-10-24,10-Q,Q3
HUBB,CostOfGoodsAndServicesSold,2018-01-01,2018-09-30,2357800000,2019-10-30,10-Q,Q3
HUBB,CostOfGoodsAndServicesSold,2018-07-01,2018-09-30,830700000,2018-10-24,10-Q,Q3
HUBB,CostOfGoodsAndServicesSold,2018-07-01,2018-09-30,830700000,2019-02-15,10-K,FY
HUBB,CostOfGoodsAndServicesSold,2018-07-01,2018-09-30,830700000,2019-10-30,10-Q,Q3
HUBB,CostOfGoodsAndServicesSold,2018-07-01,2018-09-30,830700000,2020-02-14,10-K,FY
HUBB,CostOfGoodsAndServicesSold,2018-01-01,2018-12-31,3181300000,2019-02-15,10-K,FY
HUBB,CostOfGoodsAndServicesSold,2018-01-01,2018-12-31,3181300000,2020-02-14,10-K,FY
HUBB,CostOfGoodsAndServicesSold,2018-01-01,2018-12-31,3181300000,2021-02-11,10-K,FY
HUBB,CostOfGoodsAndServicesSold,2018-10-01,2018-12-31,823500000,2019-02-15,10-K,FY
HUBB,CostOfGoodsAndServicesSold,2018-10-01,2018-12-31,823500000,2020-02-14,10-K,FY
HUBB,CostOfGoodsAndServicesSold,2019-01-01,2019-03-31,780000000,2019-05-01,10-Q,Q1
HUBB,CostOfGoodsAndServicesSold,2019-01-01,2019-03-31,780000000,2020-02-14,10-K,FY
HUBB,CostOfGoodsAndServicesSold,2019-01-01,2019-03-31,780000000,2020-05-01,10-Q,Q1
HUBB,CostOfGoodsAndServicesSold,2019-01-01,2019-03-31,780000000,2021-02-11,10-K,FY
HUBB,CostOfGoodsAndServicesSold,2019-01-01,2019-06-30,1619000000,2019-07-31,10-Q,Q2
HUBB,CostOfGoodsAndServicesSold,2019-01-01,2019-06-30,1619000000,2020-07-31,10-Q,Q2
HUBB,CostOfGoodsAndServicesSold,2019-04-01,2019-06-30,839000000,2019-07-31,10-Q,Q2
HUBB,CostOfGoodsAndServicesSold,2019-04-01,2019-06-30,839000000,2020-02-14,10-K,FY
HUBB,CostOfGoodsAndServicesSold,2019-04-01,2019-06-30,839000000,2020-07-31,10-Q,Q2
HUBB,CostOfGoodsAndServicesSold,2019-04-01,2019-06-30,839000000,2021-02-11,10-K,FY
HUBB,CostOfGoodsAndServicesSold,2019-01-01,2019-09-30,2461000000,2019-10-30,10-Q,Q3
HUBB,CostOfGoodsAndServicesSold,2019-01-01,2019-09-30,2461000000,2020-10-28,10-Q,Q3
HUBB,CostOfGoodsAndServicesSold,2019-07-01,2019-09-30,842000000,2019-10-30,10-Q,Q3
HUBB,CostOfGoodsAndServicesSold,2019-07-01,2019-09-30,842000000,2020-02-14,10-K,FY
HUBB,CostOfGoodsAndServicesSold,2019-07-01,2019-09-30,842000000,2020-10-28,10-Q,Q3
HUBB,CostOfGoodsAndServicesSold,2019-07-01,2019-09-30,842000000,2021-02-11,10-K,FY
HUBB,CostOfGoodsAndServicesSold,2019-01-01,2019-12-31,3238300000,2020-02-14,10-K,FY
HUBB,CostOfGoodsAndServicesSold,2019-01-01,2019-12-31,3238300000,2021-02-11,10-K,FY
HUBB,CostOfGoodsAndServicesSold,2019-01-01,2019-12-31,2775000000,2022-02-11,10-K,FY
HUBB,CostOfGoodsAndServicesSold,2019-10-01,2019-12-31,777300000,2020-02-14,10-K,FY
HUBB,CostOfGoodsAndServicesSold,2019-10-01,2019-12-31,777300000,2021-02-11,10-K,FY
HUBB,CostOfGoodsAndServicesSold,2020-01-01,2020-03-31,776800000,2020-05-01,10-Q,Q1
HUBB,CostOfGoodsAndServicesSold,2020-01-01,2020-03-31,776800000,2021-02-11,10-K,FY
HUBB,CostOfGoodsAndServicesSold,2020-01-01,2020-03-31,776800000,2021-04-28,10-Q,Q1
HUBB,CostOfGoodsAndServicesSold,2020-01-01,2020-03-31,680000000,2022-02-11,10-K,FY
HUBB,CostOfGoodsAndServicesSold,2020-01-01,2020-06-30,1445500000,2020-07-31,10-Q,Q2
HUBB,CostOfGoodsAndServicesSold,2020-01-01,2020-06-30,1445500000,2021-07-28,10-Q,Q2
HUBB,CostOfGoodsAndServicesSold,2020-04-01,2020-06-30,668700000,2020-07-31,10-Q,Q2
HUBB,CostOfGoodsAndServicesSold,2020-04-01,2020-06-30,668700000,2021-02-11,10-K,FY
HUBB,CostOfGoodsAndServicesSold,2020-04-01,2020-06-30,668700000,2021-07-28,10-Q,Q2
HUBB,CostOfGoodsAndServicesSold,2020-04-01,2020-06-30,582300000,2022-02-11,10-K,FY
HUBB,CostOfGoodsAndServicesSold,2020-01-01,2020-09-30,2224500000,2020-10-28,10-Q,Q3
HUBB,CostOfGoodsAndServicesSold,2020-01-01,2020-09-30,2224500000,2021-10-27,10-Q,Q3
HUBB,CostOfGoodsAndServicesSold,2020-07-01,2020-09-30,779000000,2020-10-28,10-Q,Q3
HUBB,CostOfGoodsAndServicesSold,2020-07-01,2020-09-30,779000000,2021-02-11,10-K,FY
HUBB,CostOfGoodsAndServicesSold,2020-07-01,2020-09-30,779000000,2021-10-27,10-Q,Q3
HUBB,CostOfGoodsAndServicesSold,2020-07-01,2020-09-30,677500000,2022-02-11,10-K,FY
HUBB,CostOfGoodsAndServicesSold,2020-01-01,2020-12-31,2976700000,2021-02-11,10-K,FY
HUBB,CostOfGoodsAndServicesSold,2020-01-01,2020-12-31,2596700000,2022-02-11,10-K,FY
HUBB,CostOfGoodsAndServicesSold,2020-01-01,2020-12-31,2596700000,2023-02-09,10-K,FY
HUBB,CostOfGoodsAndServicesSold,2020-10-01,2020-12-31,752200000,2021-02-11,10-K,FY
HUBB,CostOfGoodsAndServicesSold,2020-10-01,2020-12-31,656900000,2022-02-11,10-K,FY
HUBB,CostOfGoodsAndServicesSold,2021-01-01,2021-03-31,788600000,2021-04-28,10-Q,Q1
HUBB,CostOfGoodsAndServicesSold,2021-01-01,2021-03-31,694100000,2022-02-11,10-K,FY
HUBB,CostOfGoodsAndServicesSold,2021-01-01,2021-03-31,694100000,2022-04-27,10-Q,Q1
HUBB,CostOfGoodsAndServicesSold,2021-01-01,2021-06-30,1649600000,2021-07-28,10-Q,Q2
HUBB,CostOfGoodsAndServicesSold,2021-01-01,2021-06-30,1450100000,2022-07-27,10-Q,Q2
HUBB,CostOfGoodsAndServicesSold,2021-04-01,2021-06-30,861000000,2021-07-28,10-Q,Q2
HUBB,CostOfGoodsAndServicesSold,2021-04-01,2021-06-30,756000000,2022-02-11,10-K,FY
HUBB,CostOfGoodsAndServicesSold,2021-04-01,2021-06-30,756000000,2022-07-27,10-Q,Q2
HUBB,CostOfGoodsAndServicesSold,2021-01-01,2021-09-30,2532900000,2021-10-27,10-Q,Q3
HUBB,CostOfGoodsAndServicesSold,2021-01-01,2021-09-30,2232400000,2022-10-26,10-Q,Q3
HUBB,CostOfGoodsAndServicesSold,2021-07-01,2021-09-30,883300000,2021-10-27,10-Q,Q3
HUBB,CostOfGoodsAndServicesSold,2021-07-01,2021-09-30,782300000,2022-02-11,10-K,FY
HUBB,CostOfGoodsAndServicesSold,2021-07-01,2021-09-30,782300000,2022-10-26,10-Q,Q3
HUBB,CostOfGoodsAndServicesSold,2021-01-01,2021-12-31,3042600000,2022-02-11,10-K,FY
HUBB,CostOfGoodsAndServicesSold,2021-01-01,2021-12-31,3042600000,2023-02-09,10-K,FY
HUBB,CostOfGoodsAndServicesSold,2021-01-01,2021-12-31,3042600000,2024-02-08,10-K,FY
HUBB,CostOfGoodsAndServicesSold,2021-10-01,2021-12-31,810200000,2022-02-11,10-K,FY
HUBB,CostOfGoodsAndServicesSold,2022-01-01,2022-03-31,833000000,2022-04-27,10-Q,Q1
HUBB,CostOfGoodsAndServicesSold,2022-01-01,2022-03-31,833000000,2023-04-28,10-Q,Q1
HUBB,CostOfGoodsAndServicesSold,2022-01-01,2022-06-30,1705800000,2022-07-27,10-Q,Q2
HUBB,CostOfGoodsAndServicesSold,2022-01-01,2022-06-30,1705800000,2023-07-26,10-Q,Q2
HUBB,CostOfGoodsAndServicesSold,2022-04-01,2022-06-30,872800000,2022-07-27,10-Q,Q2
HUBB,CostOfGoodsAndServicesSold,2022-04-01,2022-06-30,872800000,2023-07-26,10-Q,Q2
HUBB,CostOfGoodsAndServicesSold,2022-01-01,2022-09-30,2623500000,2022-10-26,10-Q,Q3
HUBB,CostOfGoodsAndServicesSold,2022-01-01,2022-09-30,2623500000,2023-11-01,10-Q,Q3
HUBB,CostOfGoodsAndServicesSold,2022-07-01,2022-09-30,917700000,2022-10-26,10-Q,Q3
HUBB,CostOfGoodsAndServicesSold,2022-07-01,2022-09-30,917700000,2023-11-01,10-Q,Q3
HUBB,CostOfGoodsAndServicesSold,2022-01-01,2022-12-31,3476300000,2023-02-09,10-K,FY
HUBB,CostOfGoodsAndServicesSold,2022-01-01,2022-12-31,3476300000,2024-02-08,10-K,FY
HUBB,CostOfGoodsAndServicesSold,2022-01-01,2022-12-31,3476300000,2025-02-13,10-K,FY
HUBB,CostOfGoodsAndServicesSold,2023-01-01,2023-03-31,837100000,2023-04-28,10-Q,Q1
HUBB,CostOfGoodsAndServicesSold,2023-01-01,2023-03-31,837100000,2024-05-01,10-Q,Q1
HUBB,CostOfGoodsAndServicesSold,2023-01-01,2023-06-30,1706800000,2023-07-26,10-Q,Q2
HUBB,CostOfGoodsAndServicesSold,2023-01-01,2023-06-30,1706800000,2024-07-31,10-Q,Q2
HUBB,CostOfGoodsAndServicesSold,2023-04-01,2023-06-30,869700000,2023-07-26,10-Q,Q2
HUBB,CostOfGoodsAndServicesSold,2023-04-01,2023-06-30,869700000,2024-07-31,10-Q,Q2
HUBB,CostOfGoodsAndServicesSold,2023-01-01,2023-09-30,2595200000,2023-11-01,10-Q,Q3
HUBB,CostOfGoodsAndServicesSold,2023-01-01,2023-09-30,2595200000,2024-10-30,10-Q,Q3
HUBB,CostOfGoodsAndServicesSold,2023-07-01,2023-09-30,888400000,2023-11-01,10-Q,Q3
HUBB,CostOfGoodsAndServicesSold,2023-07-01,2023-09-30,888400000,2024-10-30,10-Q,Q3
HUBB,CostOfGoodsAndServicesSold,2023-01-01,2023-12-31,3484800000,2024-02-08,10-K,FY
HUBB,CostOfGoodsAndServicesSold,2023-01-01,2023-12-31,3484800000,2025-02-13,10-K,FY
HUBB,CostOfGoodsAndServicesSold,2023-01-01,2023-12-31,3495900000,2026-02-12,10-K,FY
HUBB,CostOfGoodsAndServicesSold,2024-01-01,2024-03-31,951400000,2024-05-01,10-Q,Q1
HUBB,CostOfGoodsAndServicesSold,2024-01-01,2024-03-31,951400000,2025-05-02,10-Q,Q1
HUBB,CostOfGoodsAndServicesSold,2024-01-01,2024-03-31,965500000,2026-02-12,10-K,FY
HUBB,CostOfGoodsAndServicesSold,2024-01-01,2024-06-30,1895200000,2024-07-31,10-Q,Q2
HUBB,CostOfGoodsAndServicesSold,2024-01-01,2024-06-30,1904200000,2025-07-30,10-Q,Q2
HUBB,CostOfGoodsAndServicesSold,2024-04-01,2024-06-30,943800000,2024-07-31,10-Q,Q2
HUBB,CostOfGoodsAndServicesSold,2024-04-01,2024-06-30,938700000,2025-07-30,10-Q,Q2
HUBB,CostOfGoodsAndServicesSold,2024-04-01,2024-06-30,938700000,2026-02-12,10-K,FY
HUBB,CostOfGoodsAndServicesSold,2024-01-01,2024-09-30,2840700000,2024-10-30,10-Q,Q3
HUBB,CostOfGoodsAndServicesSold,2024-01-01,2024-09-30,2840800000,2025-10-29,10-Q,Q3
HUBB,CostOfGoodsAndServicesSold,2024-07-01,2024-09-30,945500000,2024-10-30,10-Q,Q3
HUBB,CostOfGoodsAndServicesSold,2024-07-01,2024-09-30,936600000,2025-10-29,10-Q,Q3
HUBB,CostOfGoodsAndServicesSold,2024-07-01,2024-09-30,936600000,2026-02-12,10-K,FY
HUBB,CostOfGoodsAndServicesSold,2024-01-01,2024-12-31,3724400000,2025-02-13,10-K,FY
HUBB,CostOfGoodsAndServicesSold,2024-01-01,2024-12-31,3722900000,2026-02-12,10-K,FY
HUBB,CostOfGoodsAndServicesSold,2024-10-01,2024-12-31,882100000,2026-02-12,10-K,FY
HUBB,CostOfGoodsAndServicesSold,2025-01-01,2025-03-31,914000000,2025-05-02,10-Q,Q1
HUBB,CostOfGoodsAndServicesSold,2025-01-01,2025-03-31,922600000,2026-02-12,10-K,FY
HUBB,CostOfGoodsAndServicesSold,2025-01-01,2025-03-31,922600000,2026-05-01,10-Q,Q1
HUBB,CostOfGoodsAndServicesSold,2025-01-01,2025-06-30,1854800000,2025-07-30,10-Q,Q2
HUBB,CostOfGoodsAndServicesSold,2025-04-01,2025-06-30,932200000,2025-07-30,10-Q,Q2
HUBB,CostOfGoodsAndServicesSold,2025-04-01,2025-06-30,932200000,2026-02-12,10-K,FY
HUBB,CostOfGoodsAndServicesSold,2025-01-01,2025-09-30,2812900000,2025-10-29,10-Q,Q3
HUBB,CostOfGoodsAndServicesSold,2025-07-01,2025-09-30,958100000,2025-10-29,10-Q,Q3
HUBB,CostOfGoodsAndServicesSold,2025-07-01,2025-09-30,958100000,2026-02-12,10-K,FY
HUBB,CostOfGoodsAndServicesSold,2025-01-01,2025-12-31,3780500000,2026-02-12,10-K,FY
HUBB,CostOfGoodsAndServicesSold,2025-10-01,2025-12-31,967600000,2026-02-12,10-K,FY
HUBB,CostOfGoodsAndServicesSold,2026-01-01,2026-03-31,1011400000,2026-05-01,10-Q,Q1
HUBB,RevenueFromContractWithCustomerExcludingAssessedTax,2016-01-01,2016-12-31,3505200000,2019-02-15,10-K,FY
HUBB,RevenueFromContractWithCustomerExcludingAssessedTax,2017-01-01,2017-03-31,852300000,2019-02-15,10-K,FY
HUBB,RevenueFromContractWithCustomerExcludingAssessedTax,2017-01-01,2017-06-30,1800600000,2018-07-25,10-Q,Q2
HUBB,RevenueFromContractWithCustomerExcludingAssessedTax,2017-04-01,2017-06-30,948300000,2018-07-25,10-Q,Q2
HUBB,RevenueFromContractWithCustomerExcludingAssessedTax,2017-04-01,2017-06-30,948300000,2019-02-15,10-K,FY
HUBB,RevenueFromContractWithCustomerExcludingAssessedTax,2017-01-01,2017-09-30,2751100000,2018-10-24,10-Q,Q3
HUBB,RevenueFromContractWithCustomerExcludingAssessedTax,2017-07-01,2017-09-30,950500000,2018-10-24,10-Q,Q3
HUBB,RevenueFromContractWithCustomerExcludingAssessedTax,2017-07-01,2017-09-30,950500000,2019-02-15,10-K,FY
HUBB,RevenueFromContractWithCustomerExcludingAssessedTax,2017-01-01,2017-12-31,3668800000,2019-02-15,10-K,FY
HUBB,RevenueFromContractWithCustomerExcludingAssessedTax,2017-01-01,2017-12-31,3668800000,2020-02-14,10-K,FY
HUBB,RevenueFromContractWithCustomerExcludingAssessedTax,2017-10-01,2017-12-31,917700000,2019-02-15,10-K,FY
HUBB,RevenueFromContractWithCustomerExcludingAssessedTax,2018-01-01,2018-03-31,991200000,2018-04-25,10-Q,Q1
HUBB,RevenueFromContractWithCustomerExcludingAssessedTax,2018-01-01,2018-03-31,991200000,2019-02-15,10-K,FY
HUBB,RevenueFromContractWithCustomerExcludingAssessedTax,2018-01-01,2018-03-31,991200000,2019-05-01,10-Q,Q1
HUBB,RevenueFromContractWithCustomerExcludingAssessedTax,2018-01-01,2018-03-31,991200000,2020-02-14,10-K,FY
HUBB,RevenueFromContractWithCustomerExcludingAssessedTax,2018-01-01,2018-06-30,2157900000,2018-07-25,10-Q,Q2
HUBB,RevenueFromContractWithCustomerExcludingAssessedTax,2018-01-01,2018-06-30,2157900000,2019-07-31,10-Q,Q2
HUBB,RevenueFromContractWithCustomerExcludingAssessedTax,2018-04-01,2018-06-30,1166700000,2018-07-25,10-Q,Q2
HUBB,RevenueFromContractWithCustomerExcludingAssessedTax,2018-04-01,2018-06-30,1166700000,2019-02-15,10-K,FY
HUBB,RevenueFromContractWithCustomerExcludingAssessedTax,2018-04-01,2018-06-30,1166700000,2019-07-31,10-Q,Q2
HUBB,RevenueFromContractWithCustomerExcludingAssessedTax,2018-04-01,2018-06-30,1166700000,2020-02-14,10-K,FY
HUBB,RevenueFromContractWithCustomerExcludingAssessedTax,2018-01-01,2018-09-30,3337600000,2018-10-24,10-Q,Q3
HUBB,RevenueFromContractWithCustomerExcludingAssessedTax,2018-01-01,2018-09-30,3337600000,2019-10-30,10-Q,Q3
HUBB,RevenueFromContractWithCustomerExcludingAssessedTax,2018-07-01,2018-09-30,1179700000,2018-10-24,10-Q,Q3
HUBB,RevenueFromContractWithCustomerExcludingAssessedTax,2018-07-01,2018-09-30,1179700000,2019-02-15,10-K,FY
HUBB,RevenueFromContractWithCustomerExcludingAssessedTax,2018-07-01,2018-09-30,1179700000,2019-10-30,10-Q,Q3
HUBB,RevenueFromContractWithCustomerExcludingAssessedTax,2018-07-01,2018-09-30,1179700000,2020-02-14,10-K,FY
HUBB,RevenueFromContractWithCustomerExcludingAssessedTax,2018-01-01,2018-12-31,4481700000,2019-02-15,10-K,FY
HUBB,RevenueFromContractWithCustomerExcludingAssessedTax,2018-01-01,2018-12-31,4481700000,2020-02-14,10-K,FY
HUBB,RevenueFromContractWithCustomerExcludingAssessedTax,2018-01-01,2018-12-31,4481700000,2021-02-11,10-K,FY
HUBB,RevenueFromContractWithCustomerExcludingAssessedTax,2018-10-01,2018-12-31,1144100000,2019-02-15,10-K,FY
HUBB,RevenueFromContractWithCustomerExcludingAssessedTax,2018-10-01,2018-12-31,1144100000,2020-02-14,10-K,FY
HUBB,RevenueFromContractWithCustomerExcludingAssessedTax,2019-01-01,2019-03-31,1087300000,2019-05-01,10-Q,Q1
HUBB,RevenueFromContractWithCustomerExcludingAssessedTax,2019-01-01,2019-03-31,1087300000,2020-02-14,10-K,FY
HUBB,RevenueFromContractWithCustomerExcludingAssessedTax,2019-01-01,2019-03-31,1087300000,2020-05-01,10-Q,Q1
HUBB,RevenueFromContractWithCustomerExcludingAssessedTax,2019-01-01,2019-03-31,1087300000,2021-02-11,10-K,FY
HUBB,RevenueFromContractWithCustomerExcludingAssessedTax,2019-01-01,2019-06-30,2283700000,2019-07-31,10-Q,Q2
HUBB,RevenueFromContractWithCustomerExcludingAssessedTax,2019-01-01,2019-06-30,2283700000,2020-07-31,10-Q,Q2
HUBB,RevenueFromContractWithCustomerExcludingAssessedTax,2019-04-01,2019-06-30,1196400000,2019-07-31,10-Q,Q2
HUBB,RevenueFromContractWithCustomerExcludingAssessedTax,2019-04-01,2019-06-30,1196400000,2020-02-14,10-K,FY
HUBB,RevenueFromContractWithCustomerExcludingAssessedTax,2019-04-01,2019-06-30,1196400000,2020-07-31,10-Q,Q2
HUBB,RevenueFromContractWithCustomerExcludingAssessedTax,2019-04-01,2019-06-30,1196400000,2021-02-11,10-K,FY
HUBB,RevenueFromContractWithCustomerExcludingAssessedTax,2019-01-01,2019-09-30,3487700000,2019-10-30,10-Q,Q3
HUBB,RevenueFromContractWithCustomerExcludingAssessedTax,2019-01-01,2019-09-30,3487700000,2020-10-28,10-Q,Q3
HUBB,RevenueFromContractWithCustomerExcludingAssessedTax,2019-07-01,2019-09-30,1204000000,2019-10-30,10-Q,Q3
HUBB,RevenueFromContractWithCustomerExcludingAssessedTax,2019-07-01,2019-09-30,1204000000,2020-02-14,10-K,FY
HUBB,RevenueFromContractWithCustomerExcludingAssessedTax,2019-07-01,2019-09-30,1204000000,2020-10-28,10-Q,Q3
HUBB,RevenueFromContractWithCustomerExcludingAssessedTax,2019-07-01,2019-09-30,1204000000,2021-02-11,10-K,FY
HUBB,RevenueFromContractWithCustomerExcludingAssessedTax,2019-01-01,2019-12-31,4591000000,2020-02-14,10-K,FY
HUBB,RevenueFromContractWithCustomerExcludingAssessedTax,2019-01-01,2019-12-31,4591000000,2021-02-11,10-K,FY
HUBB,RevenueFromContractWithCustomerExcludingAssessedTax,2019-01-01,2019-12-31,3946600000,2022-02-11,10-K,FY
HUBB,RevenueFromContractWithCustomerExcludingAssessedTax,2019-10-01,2019-12-31,1103300000,2020-02-14,10-K,FY
HUBB,RevenueFromContractWithCustomerExcludingAssessedTax,2019-10-01,2019-12-31,1103300000,2021-02-11,10-K,FY
HUBB,RevenueFromContractWithCustomerExcludingAssessedTax,2020-01-01,2020-03-31,1090300000,2020-05-01,10-Q,Q1
HUBB,RevenueFromContractWithCustomerExcludingAssessedTax,2020-01-01,2020-03-31,1090300000,2021-02-11,10-K,FY
HUBB,RevenueFromContractWithCustomerExcludingAssessedTax,2020-01-01,2020-03-31,1090300000,2021-04-28,10-Q,Q1
HUBB,RevenueFromContractWithCustomerExcludingAssessedTax,2020-01-01,2020-03-31,957600000,2022-02-11,10-K,FY
HUBB,RevenueFromContractWithCustomerExcludingAssessedTax,2020-01-01,2020-06-30,2039500000,2020-07-31,10-Q,Q2
HUBB,RevenueFromContractWithCustomerExcludingAssessedTax,2020-01-01,2020-06-30,2039500000,2021-07-28,10-Q,Q2
HUBB,RevenueFromContractWithCustomerExcludingAssessedTax,2020-04-01,2020-06-30,949200000,2020-07-31,10-Q,Q2
HUBB,RevenueFromContractWithCustomerExcludingAssessedTax,2020-04-01,2020-06-30,949200000,2021-02-11,10-K,FY
HUBB,RevenueFromContractWithCustomerExcludingAssessedTax,2020-04-01,2020-06-30,949200000,2021-07-28,10-Q,Q2
HUBB,RevenueFromContractWithCustomerExcludingAssessedTax,2020-04-01,2020-06-30,837500000,2022-02-11,10-K,FY
HUBB,RevenueFromContractWithCustomerExcludingAssessedTax,2020-01-01,2020-09-30,3148100000,2020-10-28,10-Q,Q3
HUBB,RevenueFromContractWithCustomerExcludingAssessedTax,2020-01-01,2020-09-30,3148100000,2021-10-27,10-Q,Q3
HUBB,RevenueFromContractWithCustomerExcludingAssessedTax,2020-07-01,2020-09-30,1108600000,2020-10-28,10-Q,Q3
HUBB,RevenueFromContractWithCustomerExcludingAssessedTax,2020-07-01,2020-09-30,1108600000,2021-02-11,10-K,FY
HUBB,RevenueFromContractWithCustomerExcludingAssessedTax,2020-07-01,2020-09-30,1108600000,2021-10-27,10-Q,Q3
HUBB,RevenueFromContractWithCustomerExcludingAssessedTax,2020-07-01,2020-09-30,970300000,2022-02-11,10-K,FY
HUBB,RevenueFromContractWithCustomerExcludingAssessedTax,2020-01-01,2020-12-31,4186000000,2021-02-11,10-K,FY
HUBB,RevenueFromContractWithCustomerExcludingAssessedTax,2020-01-01,2020-12-31,3682500000,2022-02-11,10-K,FY
HUBB,RevenueFromContractWithCustomerExcludingAssessedTax,2020-01-01,2020-12-31,3682500000,2023-02-09,10-K,FY
HUBB,RevenueFromContractWithCustomerExcludingAssessedTax,2020-10-01,2020-12-31,1037900000,2021-02-11,10-K,FY
HUBB,RevenueFromContractWithCustomerExcludingAssessedTax,2020-10-01,2020-12-31,917100000,2022-02-11,10-K,FY
HUBB,RevenueFromContractWithCustomerExcludingAssessedTax,2021-01-01,2021-03-31,1078400000,2021-04-28,10-Q,Q1
HUBB,RevenueFromContractWithCustomerExcludingAssessedTax,2021-01-01,2021-03-31,956300000,2022-02-11,10-K,FY
HUBB,RevenueFromContractWithCustomerExcludingAssessedTax,2021-01-01,2021-03-31,956300000,2022-04-27,10-Q,Q1
HUBB,RevenueFromContractWithCustomerExcludingAssessedTax,2021-01-01,2021-06-30,2270200000,2021-07-28,10-Q,Q2
HUBB,RevenueFromContractWithCustomerExcludingAssessedTax,2021-01-01,2021-06-30,2010600000,2022-07-27,10-Q,Q2
HUBB,RevenueFromContractWithCustomerExcludingAssessedTax,2021-04-01,2021-06-30,1191800000,2021-07-28,10-Q,Q2
HUBB,RevenueFromContractWithCustomerExcludingAssessedTax,2021-04-01,2021-06-30,1054300000,2022-02-11,10-K,FY
HUBB,RevenueFromContractWithCustomerExcludingAssessedTax,2021-04-01,2021-06-30,1054300000,2022-07-27,10-Q,Q2
HUBB,RevenueFromContractWithCustomerExcludingAssessedTax,2021-01-01,2021-09-30,3483800000,2021-10-27,10-Q,Q3
HUBB,RevenueFromContractWithCustomerExcludingAssessedTax,2021-01-01,2021-09-30,3094000000,2022-10-26,10-Q,Q3
HUBB,RevenueFromContractWithCustomerExcludingAssessedTax,2021-07-01,2021-09-30,1213600000,2021-10-27,10-Q,Q3
HUBB,RevenueFromContractWithCustomerExcludingAssessedTax,2021-07-01,2021-09-30,1083400000,2022-02-11,10-K,FY
HUBB,RevenueFromContractWithCustomerExcludingAssessedTax,2021-07-01,2021-09-30,1083400000,2022-10-26,10-Q,Q3
HUBB,RevenueFromContractWithCustomerExcludingAssessedTax,2021-01-01,2021-12-31,4194100000,2022-02-11,10-K,FY
HUBB,RevenueFromContractWithCustomerExcludingAssessedTax,2021-01-01,2021-12-31,4194100000,2023-02-09,10-K,FY
HUBB,RevenueFromContractWithCustomerExcludingAssessedTax,2021-01-01,2021-12-31,4194100000,2024-02-08,10-K,FY
HUBB,RevenueFromContractWithCustomerExcludingAssessedTax,2021-10-01,2021-12-31,1100100000,2022-02-11,10-K,FY
HUBB,RevenueFromContractWithCustomerExcludingAssessedTax,2022-01-01,2022-03-31,1156100000,2022-04-27,10-Q,Q1
HUBB,RevenueFromContractWithCustomerExcludingAssessedTax,2022-01-01,2022-03-31,1156100000,2023-04-28,10-Q,Q1
HUBB,RevenueFromContractWithCustomerExcludingAssessedTax,2022-01-01,2022-06-30,2412100000,2022-07-27,10-Q,Q2
HUBB,RevenueFromContractWithCustomerExcludingAssessedTax,2022-01-01,2022-06-30,2412100000,2023-07-26,10-Q,Q2
HUBB,RevenueFromContractWithCustomerExcludingAssessedTax,2022-04-01,2022-06-30,1256000000,2022-07-27,10-Q,Q2
HUBB,RevenueFromContractWithCustomerExcludingAssessedTax,2022-04-01,2022-06-30,1256000000,2023-07-26,10-Q,Q2
HUBB,RevenueFromContractWithCustomerExcludingAssessedTax,2022-01-01,2022-09-30,3728300000,2022-10-26,10-Q,Q3
HUBB,RevenueFromContractWithCustomerExcludingAssessedTax,2022-01-01,2022-09-30,3728300000,2023-11-01,10-Q,Q3
HUBB,RevenueFromContractWithCustomerExcludingAssessedTax,2022-07-01,2022-09-30,1316200000,2022-10-26,10-Q,Q3
HUBB,RevenueFromContractWithCustomerExcludingAssessedTax,2022-07-01,2022-09-30,1316200000,2023-11-01,10-Q,Q3
HUBB,RevenueFromContractWithCustomerExcludingAssessedTax,2022-01-01,2022-12-31,4947900000,2023-02-09,10-K,FY
HUBB,RevenueFromContractWithCustomerExcludingAssessedTax,2022-01-01,2022-12-31,4947900000,2024-02-08,10-K,FY
HUBB,RevenueFromContractWithCustomerExcludingAssessedTax,2022-01-01,2022-12-31,4947900000,2025-02-13,10-K,FY
HUBB,RevenueFromContractWithCustomerExcludingAssessedTax,2023-01-01,2023-03-31,1285400000,2023-04-28,10-Q,Q1
HUBB,RevenueFromContractWithCustomerExcludingAssessedTax,2023-01-01,2023-03-31,1285400000,2024-05-01,10-Q,Q1
HUBB,RevenueFromContractWithCustomerExcludingAssessedTax,2023-01-01,2023-06-30,2651300000,2023-07-26,10-Q,Q2
HUBB,RevenueFromContractWithCustomerExcludingAssessedTax,2023-01-01,2023-06-30,2651300000,2024-07-31,10-Q,Q2
HUBB,RevenueFromContractWithCustomerExcludingAssessedTax,2023-04-01,2023-06-30,1365900000,2023-07-26,10-Q,Q2
HUBB,RevenueFromContractWithCustomerExcludingAssessedTax,2023-04-01,2023-06-30,1365900000,2024-07-31,10-Q,Q2
HUBB,RevenueFromContractWithCustomerExcludingAssessedTax,2023-01-01,2023-09-30,4027100000,2023-11-01,10-Q,Q3
HUBB,RevenueFromContractWithCustomerExcludingAssessedTax,2023-01-01,2023-09-30,4027100000,2024-10-30,10-Q,Q3
HUBB,RevenueFromContractWithCustomerExcludingAssessedTax,2023-07-01,2023-09-30,1375800000,2023-11-01,10-Q,Q3
HUBB,RevenueFromContractWithCustomerExcludingAssessedTax,2023-07-01,2023-09-30,1375800000,2024-10-30,10-Q,Q3
HUBB,RevenueFromContractWithCustomerExcludingAssessedTax,2023-01-01,2023-12-31,5372900000,2024-02-08,10-K,FY
HUBB,RevenueFromContractWithCustomerExcludingAssessedTax,2023-01-01,2023-12-31,5372900000,2025-02-13,10-K,FY
HUBB,RevenueFromContractWithCustomerExcludingAssessedTax,2023-01-01,2023-12-31,5372900000,2026-02-12,10-K,FY
HUBB,RevenueFromContractWithCustomerExcludingAssessedTax,2024-01-01,2024-03-31,1399100000,2024-05-01,10-Q,Q1
HUBB,RevenueFromContractWithCustomerExcludingAssessedTax,2024-01-01,2024-03-31,1399100000,2025-05-02,10-Q,Q1
HUBB,RevenueFromContractWithCustomerExcludingAssessedTax,2024-01-01,2024-03-31,1399100000,2026-02-12,10-K,FY
HUBB,RevenueFromContractWithCustomerExcludingAssessedTax,2024-01-01,2024-06-30,2851600000,2024-07-31,10-Q,Q2
HUBB,RevenueFromContractWithCustomerExcludingAssessedTax,2024-01-01,2024-06-30,2851600000,2025-07-30,10-Q,Q2
HUBB,RevenueFromContractWithCustomerExcludingAssessedTax,2024-04-01,2024-06-30,1452500000,2024-07-31,10-Q,Q2
HUBB,RevenueFromContractWithCustomerExcludingAssessedTax,2024-04-01,2024-06-30,1452500000,2025-07-30,10-Q,Q2
HUBB,RevenueFromContractWithCustomerExcludingAssessedTax,2024-04-01,2024-06-30,1452500000,2026-02-12,10-K,FY
HUBB,RevenueFromContractWithCustomerExcludingAssessedTax,2024-01-01,2024-09-30,4294200000,2024-10-30,10-Q,Q3
HUBB,RevenueFromContractWithCustomerExcludingAssessedTax,2024-01-01,2024-09-30,4294200000,2025-10-29,10-Q,Q3
HUBB,RevenueFromContractWithCustomerExcludingAssessedTax,2024-07-01,2024-09-30,1442600000,2024-10-30,10-Q,Q3
HUBB,RevenueFromContractWithCustomerExcludingAssessedTax,2024-07-01,2024-09-30,1442600000,2025-10-29,10-Q,Q3
HUBB,RevenueFromContractWithCustomerExcludingAssessedTax,2024-07-01,2024-09-30,1442600000,2026-02-12,10-K,FY
HUBB,RevenueFromContractWithCustomerExcludingAssessedTax,2024-01-01,2024-12-31,5628500000,2025-02-13,10-K,FY
HUBB,RevenueFromContractWithCustomerExcludingAssessedTax,2024-01-01,2024-12-31,5628500000,2026-02-12,10-K,FY
HUBB,RevenueFromContractWithCustomerExcludingAssessedTax,2024-10-01,2024-12-31,1334300000,2026-02-12,10-K,FY
HUBB,RevenueFromContractWithCustomerExcludingAssessedTax,2025-01-01,2025-03-31,1365200000,2025-05-02,10-Q,Q1
HUBB,RevenueFromContractWithCustomerExcludingAssessedTax,2025-01-01,2025-03-31,1365200000,2026-02-12,10-K,FY
HUBB,RevenueFromContractWithCustomerExcludingAssessedTax,2025-01-01,2025-03-31,1365200000,2026-05-01,10-Q,Q1
HUBB,RevenueFromContractWithCustomerExcludingAssessedTax,2025-01-01,2025-06-30,2849500000,2025-07-30,10-Q,Q2
HUBB,RevenueFromContractWithCustomerExcludingAssessedTax,2025-04-01,2025-06-30,1484300000,2025-07-30,10-Q,Q2
HUBB,RevenueFromContractWithCustomerExcludingAssessedTax,2025-04-01,2025-06-30,1484300000,2026-02-12,10-K,FY
HUBB,RevenueFromContractWithCustomerExcludingAssessedTax,2025-01-01,2025-09-30,4351900000,2025-10-29,10-Q,Q3
HUBB,RevenueFromContractWithCustomerExcludingAssessedTax,2025-07-01,2025-09-30,1502400000,2025-10-29,10-Q,Q3
HUBB,RevenueFromContractWithCustomerExcludingAssessedTax,2025-07-01,2025-09-30,1502400000,2026-02-12,10-K,FY
HUBB,RevenueFromContractWithCustomerExcludingAssessedTax,2025-01-01,2025-12-31,5844600000,2026-02-12,10-K,FY
HUBB,RevenueFromContractWithCustomerExcludingAssessedTax,2025-10-01,2025-12-31,1492700000,2026-02-12,10-K,FY
HUBB,RevenueFromContractWithCustomerExcludingAssessedTax,2026-01-01,2026-03-31,1516700000,2026-05-01,10-Q,Q1
HUBB,RevenueRemainingPerformanceObligation,,2018-03-31,700000000,2018-04-25,10-Q,Q1
HUBB,RevenueRemainingPerformanceObligation,,2018-06-30,600000000,2018-07-25,10-Q,Q2
HUBB,RevenueRemainingPerformanceObligation,,2018-09-30,600000000,2018-10-24,10-Q,Q3
HUBB,RevenueRemainingPerformanceObligation,,2019-03-31,500000000,2019-05-01,10-Q,Q1
HUBB,RevenueRemainingPerformanceObligation,,2020-06-30,300000000,2020-07-31,10-Q,Q2
HUBB,RevenueRemainingPerformanceObligation,,2020-09-30,305000000,2020-10-28,10-Q,Q3
POWL,PaymentsToAcquirePropertyPlantAndEquipment,2008-10-01,2009-09-30,8081000,2011-12-12,10-K,FY
POWL,PaymentsToAcquirePropertyPlantAndEquipment,2009-10-01,2010-06-30,3461000,2011-08-08,10-Q,Q3
POWL,PaymentsToAcquirePropertyPlantAndEquipment,2009-10-01,2010-06-30,3461000,2011-12-09,10-Q/A,Q3
POWL,PaymentsToAcquirePropertyPlantAndEquipment,2009-10-01,2010-09-30,4420000,2011-12-12,10-K,FY
POWL,PaymentsToAcquirePropertyPlantAndEquipment,2009-10-01,2010-09-30,4420000,2012-12-05,10-K,FY
POWL,PaymentsToAcquirePropertyPlantAndEquipment,2010-10-01,2010-12-31,763000,2012-02-08,10-Q,Q1
POWL,PaymentsToAcquirePropertyPlantAndEquipment,2010-10-01,2011-03-31,2667000,2012-05-09,10-Q,Q2
POWL,PaymentsToAcquirePropertyPlantAndEquipment,2010-10-01,2011-06-30,4072000,2011-08-08,10-Q,Q3
POWL,PaymentsToAcquirePropertyPlantAndEquipment,2010-10-01,2011-06-30,4072000,2011-12-09,10-Q/A,Q3
POWL,PaymentsToAcquirePropertyPlantAndEquipment,2010-10-01,2011-06-30,4072000,2012-08-08,10-Q,Q3
POWL,PaymentsToAcquirePropertyPlantAndEquipment,2010-10-01,2011-09-30,7347000,2011-12-12,10-K,FY
POWL,PaymentsToAcquirePropertyPlantAndEquipment,2010-10-01,2011-09-30,7347000,2012-12-05,10-K,FY
POWL,PaymentsToAcquirePropertyPlantAndEquipment,2010-10-01,2011-09-30,7347000,2013-12-04,10-K,FY
POWL,PaymentsToAcquirePropertyPlantAndEquipment,2011-10-01,2011-12-31,9378000,2012-02-08,10-Q,Q1
POWL,PaymentsToAcquirePropertyPlantAndEquipment,2011-10-01,2011-12-31,9378000,2013-02-06,10-Q,Q1
POWL,PaymentsToAcquirePropertyPlantAndEquipment,2011-10-01,2012-03-31,18879000,2012-05-09,10-Q,Q2
POWL,PaymentsToAcquirePropertyPlantAndEquipment,2011-10-01,2012-03-31,18879000,2013-05-08,10-Q,Q2
POWL,PaymentsToAcquirePropertyPlantAndEquipment,2011-10-01,2012-06-30,25546000,2012-08-08,10-Q,Q3
POWL,PaymentsToAcquirePropertyPlantAndEquipment,2011-10-01,2012-06-30,25546000,2013-08-07,10-Q,Q3
POWL,PaymentsToAcquirePropertyPlantAndEquipment,2011-10-01,2012-09-30,29063000,2012-12-05,10-K,FY
POWL,PaymentsToAcquirePropertyPlantAndEquipment,2011-10-01,2012-09-30,29063000,2013-12-04,10-K,FY
POWL,PaymentsToAcquirePropertyPlantAndEquipment,2011-10-01,2012-09-30,29063000,2014-12-03,10-K,FY
POWL,PaymentsToAcquirePropertyPlantAndEquipment,2012-10-01,2012-12-31,13375000,2013-02-06,10-Q,Q1
POWL,PaymentsToAcquirePropertyPlantAndEquipment,2012-10-01,2012-12-31,13375000,2014-02-05,10-Q,Q1
POWL,PaymentsToAcquirePropertyPlantAndEquipment,2012-10-01,2013-03-31,33270000,2013-05-08,10-Q,Q2
POWL,PaymentsToAcquirePropertyPlantAndEquipment,2012-10-01,2013-03-31,33270000,2014-05-07,10-Q,Q2
POWL,PaymentsToAcquirePropertyPlantAndEquipment,2012-10-01,2013-06-30,53728000,2013-08-07,10-Q,Q3
POWL,PaymentsToAcquirePropertyPlantAndEquipment,2012-10-01,2013-06-30,53728000,2014-08-06,10-Q,Q3
POWL,PaymentsToAcquirePropertyPlantAndEquipment,2012-10-01,2013-09-30,74369000,2013-12-04,10-K,FY
POWL,PaymentsToAcquirePropertyPlantAndEquipment,2012-10-01,2013-09-30,74369000,2014-12-03,10-K,FY
POWL,PaymentsToAcquirePropertyPlantAndEquipment,2012-10-01,2013-09-30,74369000,2015-12-02,10-K,FY
POWL,PaymentsToAcquirePropertyPlantAndEquipment,2013-10-01,2013-12-31,5764000,2014-02-05,10-Q,Q1
POWL,PaymentsToAcquirePropertyPlantAndEquipment,2013-10-01,2013-12-31,5764000,2015-02-04,10-Q,Q1
POWL,PaymentsToAcquirePropertyPlantAndEquipment,2013-10-01,2014-03-31,8464000,2014-05-07,10-Q,Q2
POWL,PaymentsToAcquirePropertyPlantAndEquipment,2013-10-01,2014-03-31,8464000,2015-05-06,10-Q,Q2
POWL,PaymentsToAcquirePropertyPlantAndEquipment,2013-10-01,2014-06-30,11296000,2014-08-06,10-Q,Q3
POWL,PaymentsToAcquirePropertyPlantAndEquipment,2013-10-01,2014-06-30,11296000,2015-08-05,10-Q,Q3
POWL,PaymentsToAcquirePropertyPlantAndEquipment,2013-10-01,2014-09-30,16495000,2014-12-03,10-K,FY
POWL,PaymentsToAcquirePropertyPlantAndEquipment,2013-10-01,2014-09-30,16495000,2015-12-02,10-K,FY
POWL,PaymentsToAcquirePropertyPlantAndEquipment,2013-10-01,2014-09-30,16495000,2016-12-07,10-K,FY
POWL,PaymentsToAcquirePropertyPlantAndEquipment,2014-10-01,2014-12-31,18962000,2015-02-04,10-Q,Q1
POWL,PaymentsToAcquirePropertyPlantAndEquipment,2014-10-01,2014-12-31,18962000,2016-02-03,10-Q,Q1
POWL,PaymentsToAcquirePropertyPlantAndEquipment,2014-10-01,2015-03-31,28692000,2015-05-06,10-Q,Q2
POWL,PaymentsToAcquirePropertyPlantAndEquipment,2014-10-01,2015-03-31,28692000,2016-05-04,10-Q,Q2
POWL,PaymentsToAcquirePropertyPlantAndEquipment,2014-10-01,2015-06-30,34246000,2015-08-05,10-Q,Q3
POWL,PaymentsToAcquirePropertyPlantAndEquipment,2014-10-01,2015-06-30,34246000,2016-08-03,10-Q,Q3
POWL,PaymentsToAcquirePropertyPlantAndEquipment,2014-10-01,2015-09-30,34719000,2015-12-02,10-K,FY
POWL,PaymentsToAcquirePropertyPlantAndEquipment,2014-10-01,2015-09-30,34719000,2016-12-07,10-K,FY
POWL,PaymentsToAcquirePropertyPlantAndEquipment,2014-10-01,2015-09-30,34719000,2017-12-06,10-K,FY
POWL,PaymentsToAcquirePropertyPlantAndEquipment,2015-10-01,2015-12-31,629000,2016-02-03,10-Q,Q1
POWL,PaymentsToAcquirePropertyPlantAndEquipment,2015-10-01,2015-12-31,629000,2017-02-08,10-Q,Q1
POWL,PaymentsToAcquirePropertyPlantAndEquipment,2015-10-01,2016-03-31,1126000,2016-05-04,10-Q,Q2
POWL,PaymentsToAcquirePropertyPlantAndEquipment,2015-10-01,2016-03-31,1126000,2017-05-03,10-Q,Q2
POWL,PaymentsToAcquirePropertyPlantAndEquipment,2015-10-01,2016-06-30,2000000,2016-08-03,10-Q,Q3
POWL,PaymentsToAcquirePropertyPlantAndEquipment,2015-10-01,2016-06-30,2000000,2017-08-09,10-Q,Q3
POWL,PaymentsToAcquirePropertyPlantAndEquipment,2015-10-01,2016-09-30,3044000,2016-12-07,10-K,FY
POWL,PaymentsToAcquirePropertyPlantAndEquipment,2015-10-01,2016-09-30,3044000,2017-12-06,10-K,FY
POWL,PaymentsToAcquirePropertyPlantAndEquipment,2015-10-01,2016-09-30,3044000,2018-12-12,10-K,FY
POWL,PaymentsToAcquirePropertyPlantAndEquipment,2016-10-01,2016-12-31,928000,2017-02-08,10-Q,Q1
POWL,PaymentsToAcquirePropertyPlantAndEquipment,2016-10-01,2016-12-31,928000,2018-02-07,10-Q,Q1
POWL,PaymentsToAcquirePropertyPlantAndEquipment,2016-10-01,2017-03-31,1702000,2017-05-03,10-Q,Q2
POWL,PaymentsToAcquirePropertyPlantAndEquipment,2016-10-01,2017-03-31,1702000,2018-05-09,10-Q,Q2
POWL,PaymentsToAcquirePropertyPlantAndEquipment,2016-10-01,2017-06-30,2520000,2017-08-09,10-Q,Q3
POWL,PaymentsToAcquirePropertyPlantAndEquipment,2016-10-01,2017-06-30,2520000,2018-08-08,10-Q,Q3
POWL,PaymentsToAcquirePropertyPlantAndEquipment,2016-10-01,2017-09-30,3636000,2017-12-06,10-K,FY
POWL,PaymentsToAcquirePropertyPlantAndEquipment,2016-10-01,2017-09-30,3636000,2018-12-12,10-K,FY
POWL,PaymentsToAcquirePropertyPlantAndEquipment,2016-10-01,2017-09-30,3624000,2019-12-05,10-K,FY
POWL,PaymentsToAcquirePropertyPlantAndEquipment,2017-10-01,2017-12-31,1701000,2018-02-07,10-Q,Q1
POWL,PaymentsToAcquirePropertyPlantAndEquipment,2017-10-01,2017-12-31,1701000,2019-02-06,10-Q,Q1
POWL,PaymentsToAcquirePropertyPlantAndEquipment,2017-10-01,2018-03-31,2815000,2018-05-09,10-Q,Q2
POWL,PaymentsToAcquirePropertyPlantAndEquipment,2017-10-01,2018-03-31,2760000,2019-05-08,10-Q,Q2
POWL,PaymentsToAcquirePropertyPlantAndEquipment,2017-10-01,2018-06-30,3978000,2018-08-08,10-Q,Q3
POWL,PaymentsToAcquirePropertyPlantAndEquipment,2017-10-01,2018-06-30,3922000,2019-08-07,10-Q,Q3
POWL,PaymentsToAcquirePropertyPlantAndEquipment,2017-10-01,2018-09-30,4502000,2018-12-12,10-K,FY
POWL,PaymentsToAcquirePropertyPlantAndEquipment,2017-10-01,2018-09-30,4415000,2019-12-05,10-K,FY
POWL,PaymentsToAcquirePropertyPlantAndEquipment,2017-10-01,2018-09-30,4415000,2020-12-09,10-K,FY
POWL,PaymentsToAcquirePropertyPlantAndEquipment,2018-10-01,2018-12-31,764000,2019-02-06,10-Q,Q1
POWL,PaymentsToAcquirePropertyPlantAndEquipment,2018-10-01,2018-12-31,755000,2020-02-05,10-Q,Q1
POWL,PaymentsToAcquirePropertyPlantAndEquipment,2018-10-01,2019-03-31,1963000,2019-05-08,10-Q,Q2
POWL,PaymentsToAcquirePropertyPlantAndEquipment,2018-10-01,2019-03-31,1963000,2020-05-06,10-Q,Q2
POWL,PaymentsToAcquirePropertyPlantAndEquipment,2018-10-01,2019-06-30,3210000,2019-08-07,10-Q,Q3
POWL,PaymentsToAcquirePropertyPlantAndEquipment,2018-10-01,2019-06-30,3210000,2020-08-05,10-Q,Q3
POWL,PaymentsToAcquirePropertyPlantAndEquipment,2018-10-01,2019-09-30,4255000,2019-12-05,10-K,FY
POWL,PaymentsToAcquirePropertyPlantAndEquipment,2018-10-01,2019-09-30,4255000,2020-12-09,10-K,FY
POWL,PaymentsToAcquirePropertyPlantAndEquipment,2018-10-01,2019-09-30,4255000,2021-12-08,10-K,FY
POWL,PaymentsToAcquirePropertyPlantAndEquipment,2019-10-01,2019-12-31,2402000,2020-02-05,10-Q,Q1
POWL,PaymentsToAcquirePropertyPlantAndEquipment,2019-10-01,2019-12-31,2402000,2021-02-03,10-Q,Q1
POWL,PaymentsToAcquirePropertyPlantAndEquipment,2019-10-01,2020-03-31,3469000,2020-05-06,10-Q,Q2
POWL,PaymentsToAcquirePropertyPlantAndEquipment,2019-10-01,2020-03-31,3469000,2021-05-05,10-Q,Q2
POWL,PaymentsToAcquirePropertyPlantAndEquipment,2019-10-01,2020-06-30,4274000,2020-08-05,10-Q,Q3
POWL,PaymentsToAcquirePropertyPlantAndEquipment,2019-10-01,2020-06-30,4274000,2021-08-04,10-Q,Q3
POWL,PaymentsToAcquirePropertyPlantAndEquipment,2019-10-01,2020-09-30,5130000,2020-12-09,10-K,FY
POWL,PaymentsToAcquirePropertyPlantAndEquipment,2019-10-01,2020-09-30,5130000,2021-12-08,10-K,FY
POWL,PaymentsToAcquirePropertyPlantAndEquipment,2019-10-01,2020-09-30,5163000,2022-12-06,10-K,FY
POWL,PaymentsToAcquirePropertyPlantAndEquipment,2020-10-01,2020-12-31,961000,2021-02-03,10-Q,Q1
POWL,PaymentsToAcquirePropertyPlantAndEquipment,2020-10-01,2020-12-31,961000,2022-02-09,10-Q,Q1
POWL,PaymentsToAcquirePropertyPlantAndEquipment,2020-10-01,2021-03-31,1590000,2021-05-05,10-Q,Q2
POWL,PaymentsToAcquirePropertyPlantAndEquipment,2020-10-01,2021-03-31,1623000,2022-05-04,10-Q,Q2
POWL,PaymentsToAcquirePropertyPlantAndEquipment,2020-10-01,2021-06-30,2440000,2021-08-04,10-Q,Q3
POWL,PaymentsToAcquirePropertyPlantAndEquipment,2020-10-01,2021-06-30,2480000,2022-08-03,10-Q,Q3
POWL,PaymentsToAcquirePropertyPlantAndEquipment,2020-10-01,2021-09-30,2891000,2021-12-08,10-K,FY
POWL,PaymentsToAcquirePropertyPlantAndEquipment,2020-10-01,2021-09-30,2931000,2022-12-06,10-K,FY
POWL,PaymentsToAcquirePropertyPlantAndEquipment,2020-10-01,2021-09-30,2931000,2023-12-06,10-K,FY
POWL,PaymentsToAcquirePropertyPlantAndEquipment,2021-10-01,2021-12-31,436000,2022-02-09,10-Q,Q1
POWL,PaymentsToAcquirePropertyPlantAndEquipment,2021-10-01,2021-12-31,436000,2023-02-01,10-Q,Q1
POWL,PaymentsToAcquirePropertyPlantAndEquipment,2021-10-01,2022-03-31,1116000,2022-05-04,10-Q,Q2
POWL,PaymentsToAcquirePropertyPlantAndEquipment,2021-10-01,2022-03-31,1116000,2023-05-03,10-Q,Q2
POWL,PaymentsToAcquirePropertyPlantAndEquipment,2021-10-01,2022-06-30,1765000,2022-08-03,10-Q,Q3
POWL,PaymentsToAcquirePropertyPlantAndEquipment,2021-10-01,2022-06-30,1765000,2023-08-02,10-Q,Q3
POWL,PaymentsToAcquirePropertyPlantAndEquipment,2021-10-01,2022-09-30,2451000,2022-12-06,10-K,FY
POWL,PaymentsToAcquirePropertyPlantAndEquipment,2021-10-01,2022-09-30,2451000,2023-12-06,10-K,FY
POWL,PaymentsToAcquirePropertyPlantAndEquipment,2021-10-01,2022-09-30,2451000,2024-11-20,10-K,FY
POWL,PaymentsToAcquirePropertyPlantAndEquipment,2022-10-01,2022-12-31,2726000,2023-02-01,10-Q,Q1
POWL,PaymentsToAcquirePropertyPlantAndEquipment,2022-10-01,2022-12-31,2726000,2024-01-31,10-Q,Q1
POWL,PaymentsToAcquirePropertyPlantAndEquipment,2022-10-01,2023-03-31,3356000,2023-05-03,10-Q,Q2
POWL,PaymentsToAcquirePropertyPlantAndEquipment,2022-10-01,2023-03-31,3356000,2024-05-01,10-Q,Q2
POWL,PaymentsToAcquirePropertyPlantAndEquipment,2022-10-01,2023-06-30,4006000,2023-08-02,10-Q,Q3
POWL,PaymentsToAcquirePropertyPlantAndEquipment,2022-10-01,2023-06-30,4006000,2024-07-31,10-Q,Q3
POWL,PaymentsToAcquirePropertyPlantAndEquipment,2022-10-01,2023-09-30,7819000,2023-12-06,10-K,FY
POWL,PaymentsToAcquirePropertyPlantAndEquipment,2022-10-01,2023-09-30,7819000,2024-11-20,10-K,FY
POWL,PaymentsToAcquirePropertyPlantAndEquipment,2022-10-01,2023-09-30,7819000,2025-11-19,10-K,FY
POWL,PaymentsToAcquirePropertyPlantAndEquipment,2023-10-01,2023-12-31,1235000,2024-01-31,10-Q,Q1
POWL,PaymentsToAcquirePropertyPlantAndEquipment,2023-10-01,2023-12-31,1235000,2025-02-07,10-Q,Q1
POWL,PaymentsToAcquirePropertyPlantAndEquipment,2023-10-01,2024-03-31,2138000,2024-05-01,10-Q,Q2
POWL,PaymentsToAcquirePropertyPlantAndEquipment,2023-10-01,2024-03-31,2138000,2025-05-07,10-Q,Q2
POWL,PaymentsToAcquirePropertyPlantAndEquipment,2023-10-01,2024-06-30,3527000,2024-07-31,10-Q,Q3
POWL,PaymentsToAcquirePropertyPlantAndEquipment,2023-10-01,2024-06-30,3527000,2025-08-06,10-Q,Q3
POWL,PaymentsToAcquirePropertyPlantAndEquipment,2023-10-01,2024-09-30,11983000,2024-11-20,10-K,FY
POWL,PaymentsToAcquirePropertyPlantAndEquipment,2023-10-01,2024-09-30,11983000,2025-11-19,10-K,FY
POWL,PaymentsToAcquirePropertyPlantAndEquipment,2024-10-01,2024-12-31,2189000,2025-02-07,10-Q,Q1
POWL,PaymentsToAcquirePropertyPlantAndEquipment,2024-10-01,2024-12-31,2189000,2026-02-04,10-Q,Q1
POWL,PaymentsToAcquirePropertyPlantAndEquipment,2024-10-01,2025-03-31,6263000,2025-05-07,10-Q,Q2
POWL,PaymentsToAcquirePropertyPlantAndEquipment,2024-10-01,2025-03-31,6263000,2026-05-05,10-Q,Q2
POWL,PaymentsToAcquirePropertyPlantAndEquipment,2024-10-01,2025-06-30,11380000,2025-08-06,10-Q,Q3
POWL,PaymentsToAcquirePropertyPlantAndEquipment,2024-10-01,2025-06-30,11380000,2026-08-04,10-Q,Q3
POWL,PaymentsToAcquirePropertyPlantAndEquipment,2024-10-01,2025-09-30,13149000,2025-11-19,10-K,FY
POWL,PaymentsToAcquirePropertyPlantAndEquipment,2025-10-01,2025-12-31,2029000,2026-02-04,10-Q,Q1
POWL,PaymentsToAcquirePropertyPlantAndEquipment,2025-10-01,2026-03-31,3861000,2026-05-05,10-Q,Q2
POWL,PaymentsToAcquirePropertyPlantAndEquipment,2025-10-01,2026-06-30,10386000,2026-08-04,10-Q,Q3
POWL,InventoryNet,,2010-09-30,38244000,2011-08-08,10-Q,Q3
POWL,InventoryNet,,2010-09-30,38244000,2011-12-09,10-Q/A,Q3
POWL,InventoryNet,,2010-09-30,38244000,2011-12-12,10-K,FY
POWL,InventoryNet,,2011-06-30,41344000,2011-08-08,10-Q,Q3
POWL,InventoryNet,,2011-06-30,41209000,2011-12-09,10-Q/A,Q3
POWL,InventoryNet,,2011-09-30,36640000,2011-12-12,10-K,FY
POWL,InventoryNet,,2011-09-30,36640000,2012-02-08,10-Q,Q1
POWL,InventoryNet,,2011-09-30,36640000,2012-05-09,10-Q,Q2
POWL,InventoryNet,,2011-09-30,36640000,2012-08-08,10-Q,Q3
POWL,InventoryNet,,2011-09-30,36640000,2012-12-05,10-K,FY
POWL,InventoryNet,,2011-12-31,37735000,2012-02-08,10-Q,Q1
POWL,InventoryNet,,2012-03-31,42760000,2012-05-09,10-Q,Q2
POWL,InventoryNet,,2012-06-30,40616000,2012-08-08,10-Q,Q3
POWL,InventoryNet,,2012-09-30,32917000,2012-12-05,10-K,FY
POWL,InventoryNet,,2012-09-30,32917000,2013-02-06,10-Q,Q1
POWL,InventoryNet,,2012-09-30,32917000,2013-05-08,10-Q,Q2
POWL,InventoryNet,,2012-09-30,32917000,2013-08-07,10-Q,Q3
POWL,InventoryNet,,2012-09-30,32917000,2013-12-04,10-K,FY
POWL,InventoryNet,,2012-12-31,31291000,2013-02-06,10-Q,Q1
POWL,InventoryNet,,2013-03-31,32246000,2013-05-08,10-Q,Q2
POWL,InventoryNet,,2013-06-30,30734000,2013-08-07,10-Q,Q3
POWL,InventoryNet,,2013-09-30,28983000,2013-12-04,10-K,FY
POWL,InventoryNet,,2013-09-30,28963000,2014-02-05,10-Q,Q1
POWL,InventoryNet,,2013-09-30,28963000,2014-05-07,10-Q,Q2
POWL,InventoryNet,,2013-09-30,28963000,2014-08-06,10-Q,Q3
POWL,InventoryNet,,2013-09-30,28963000,2014-12-03,10-K,FY
POWL,InventoryNet,,2013-12-31,28557000,2014-02-05,10-Q,Q1
POWL,InventoryNet,,2014-03-31,29430000,2014-05-07,10-Q,Q2
POWL,InventoryNet,,2014-06-30,28709000,2014-08-06,10-Q,Q3
POWL,InventoryNet,,2014-09-30,32815000,2014-12-03,10-K,FY
POWL,InventoryNet,,2014-09-30,32815000,2015-02-04,10-Q,Q1
POWL,InventoryNet,,2014-09-30,32815000,2015-05-06,10-Q,Q2
POWL,InventoryNet,,2014-09-30,32815000,2015-08-05,10-Q,Q3
POWL,InventoryNet,,2014-09-30,32815000,2015-12-02,10-K,FY
POWL,InventoryNet,,2014-12-31,36630000,2015-02-04,10-Q,Q1
POWL,InventoryNet,,2015-03-31,35735000,2015-05-06,10-Q,Q2
POWL,InventoryNet,,2015-06-30,36352000,2015-08-05,10-Q,Q3
POWL,InventoryNet,,2015-09-30,32891000,2015-12-02,10-K,FY
POWL,InventoryNet,,2015-09-30,32891000,2016-02-03,10-Q,Q1
POWL,InventoryNet,,2015-09-30,32891000,2016-05-04,10-Q,Q2
POWL,InventoryNet,,2015-09-30,32891000,2016-08-03,10-Q,Q3
POWL,InventoryNet,,2015-09-30,32891000,2016-12-07,10-K,FY
POWL,InventoryNet,,2015-12-31,34245000,2016-02-03,10-Q,Q1
POWL,InventoryNet,,2016-03-31,30227000,2016-05-04,10-Q,Q2
POWL,InventoryNet,,2016-06-30,28138000,2016-08-03,10-Q,Q3
POWL,InventoryNet,,2016-09-30,26521000,2016-12-07,10-K,FY
POWL,InventoryNet,,2016-09-30,26521000,2017-02-08,10-Q,Q1
POWL,InventoryNet,,2016-09-30,26521000,2017-05-03,10-Q,Q2
POWL,InventoryNet,,2016-09-30,26521000,2017-08-09,10-Q,Q3
POWL,InventoryNet,,2016-09-30,26521000,2017-12-06,10-K,FY
POWL,InventoryNet,,2016-12-31,23976000,2017-02-08,10-Q,Q1
POWL,InventoryNet,,2017-03-31,20362000,2017-05-03,10-Q,Q2
POWL,InventoryNet,,2017-06-30,19028000,2017-08-09,10-Q,Q3
POWL,InventoryNet,,2017-09-30,18448000,2017-12-06,10-K,FY
POWL,InventoryNet,,2017-09-30,18448000,2018-02-07,10-Q,Q1
POWL,InventoryNet,,2017-09-30,18448000,2018-05-09,10-Q,Q2
POWL,InventoryNet,,2017-09-30,18448000,2018-08-08,10-Q,Q3
POWL,InventoryNet,,2017-09-30,18448000,2018-12-12,10-K,FY
POWL,InventoryNet,,2017-12-31,18535000,2018-02-07,10-Q,Q1
POWL,InventoryNet,,2018-03-31,22012000,2018-05-09,10-Q,Q2
POWL,InventoryNet,,2018-06-30,22854000,2018-08-08,10-Q,Q3
POWL,InventoryNet,,2018-09-30,21352000,2018-12-12,10-K,FY
POWL,InventoryNet,,2018-09-30,21352000,2019-02-06,10-Q,Q1
POWL,InventoryNet,,2018-09-30,21352000,2019-05-08,10-Q,Q2
POWL,InventoryNet,,2018-09-30,21352000,2019-08-07,10-Q,Q3
POWL,InventoryNet,,2018-09-30,21352000,2019-12-05,10-K,FY
POWL,InventoryNet,,2018-12-31,25046000,2019-02-06,10-Q,Q1
POWL,InventoryNet,,2019-03-31,24724000,2019-05-08,10-Q,Q2
POWL,InventoryNet,,2019-06-30,29484000,2019-08-07,10-Q,Q3
POWL,InventoryNet,,2019-09-30,29202000,2019-12-05,10-K,FY
POWL,InventoryNet,,2019-09-30,29202000,2020-02-05,10-Q,Q1
POWL,InventoryNet,,2019-09-30,29202000,2020-05-06,10-Q,Q2
POWL,InventoryNet,,2019-09-30,29202000,2020-08-05,10-Q,Q3
POWL,InventoryNet,,2019-09-30,29202000,2020-12-09,10-K,FY
POWL,InventoryNet,,2019-12-31,32448000,2020-02-05,10-Q,Q1
POWL,InventoryNet,,2020-03-31,31136000,2020-05-06,10-Q,Q2
POWL,InventoryNet,,2020-06-30,31663000,2020-08-05,10-Q,Q3
POWL,InventoryNet,,2020-09-30,28968000,2020-12-09,10-K,FY
POWL,InventoryNet,,2020-09-30,28968000,2021-02-03,10-Q,Q1
POWL,InventoryNet,,2020-09-30,28968000,2021-05-05,10-Q,Q2
POWL,InventoryNet,,2020-09-30,28968000,2021-08-04,10-Q,Q3
POWL,InventoryNet,,2020-09-30,28968000,2021-12-08,10-K,FY
POWL,InventoryNet,,2020-12-31,29019000,2021-02-03,10-Q,Q1
POWL,InventoryNet,,2021-03-31,30031000,2021-05-05,10-Q,Q2
POWL,InventoryNet,,2021-06-30,28397000,2021-08-04,10-Q,Q3
POWL,InventoryNet,,2021-09-30,29835000,2021-12-08,10-K,FY
POWL,InventoryNet,,2021-09-30,29835000,2022-02-09,10-Q,Q1
POWL,InventoryNet,,2021-09-30,29835000,2022-05-04,10-Q,Q2
POWL,InventoryNet,,2021-09-30,29835000,2022-08-03,10-Q,Q3
POWL,InventoryNet,,2021-09-30,29835000,2022-12-06,10-K,FY
POWL,InventoryNet,,2021-12-31,36157000,2022-02-09,10-Q,Q1
POWL,InventoryNet,,2022-03-31,43685000,2022-05-04,10-Q,Q2
POWL,InventoryNet,,2022-06-30,48739000,2022-08-03,10-Q,Q3
POWL,InventoryNet,,2022-09-30,50415000,2022-12-06,10-K,FY
POWL,InventoryNet,,2022-09-30,50415000,2023-02-01,10-Q,Q1
POWL,InventoryNet,,2022-09-30,50415000,2023-05-03,10-Q,Q2
POWL,InventoryNet,,2022-09-30,50415000,2023-08-02,10-Q,Q3
POWL,InventoryNet,,2022-09-30,50415000,2023-12-06,10-K,FY
POWL,InventoryNet,,2022-12-31,55002000,2023-02-01,10-Q,Q1
POWL,InventoryNet,,2023-03-31,58690000,2023-05-03,10-Q,Q2
POWL,InventoryNet,,2023-06-30,66109000,2023-08-02,10-Q,Q3
POWL,InventoryNet,,2023-09-30,63865000,2023-12-06,10-K,FY
POWL,InventoryNet,,2023-09-30,63865000,2024-01-31,10-Q,Q1
POWL,InventoryNet,,2023-09-30,63865000,2024-05-01,10-Q,Q2
POWL,InventoryNet,,2023-09-30,63865000,2024-07-31,10-Q,Q3
POWL,InventoryNet,,2023-09-30,63865000,2024-11-20,10-K,FY
POWL,InventoryNet,,2023-12-31,69682000,2024-01-31,10-Q,Q1
POWL,InventoryNet,,2024-03-31,82075000,2024-05-01,10-Q,Q2
POWL,InventoryNet,,2024-06-30,85139000,2024-07-31,10-Q,Q3
POWL,InventoryNet,,2024-09-30,85873000,2024-11-20,10-K,FY
POWL,InventoryNet,,2024-09-30,85873000,2025-02-07,10-Q,Q1
POWL,InventoryNet,,2024-09-30,85873000,2025-05-07,10-Q,Q2
POWL,InventoryNet,,2024-09-30,85873000,2025-08-06,10-Q,Q3
POWL,InventoryNet,,2024-09-30,85873000,2025-11-19,10-K,FY
POWL,InventoryNet,,2024-12-31,88108000,2025-02-07,10-Q,Q1
POWL,InventoryNet,,2025-03-31,89016000,2025-05-07,10-Q,Q2
POWL,InventoryNet,,2025-06-30,88534000,2025-08-06,10-Q,Q3
POWL,InventoryNet,,2025-09-30,84719000,2025-11-19,10-K,FY
POWL,InventoryNet,,2025-09-30,84719000,2026-02-04,10-Q,Q1
POWL,InventoryNet,,2025-09-30,84719000,2026-05-05,10-Q,Q2
POWL,InventoryNet,,2025-09-30,84719000,2026-08-04,10-Q,Q3
POWL,InventoryNet,,2025-12-31,84959000,2026-02-04,10-Q,Q1
POWL,InventoryNet,,2026-03-31,86304000,2026-05-05,10-Q,Q2
POWL,InventoryNet,,2026-06-30,95371000,2026-08-04,10-Q,Q3
POWL,CostOfGoodsAndServicesSold,2015-10-01,2016-09-30,459038000,2018-12-12,10-K,FY
POWL,CostOfGoodsAndServicesSold,2016-10-01,2017-06-30,261073000,2018-08-08,10-Q,Q3
POWL,CostOfGoodsAndServicesSold,2017-04-01,2017-06-30,76873000,2018-08-08,10-Q,Q3
POWL,CostOfGoodsAndServicesSold,2016-10-01,2017-09-30,345142000,2018-12-12,10-K,FY
POWL,CostOfGoodsAndServicesSold,2016-10-01,2017-09-30,345142000,2019-12-05,10-K,FY
POWL,CostOfGoodsAndServicesSold,2017-10-01,2017-12-31,79630000,2019-02-06,10-Q,Q1
POWL,CostOfGoodsAndServicesSold,2017-10-01,2018-03-31,168713000,2019-05-08,10-Q,Q2
POWL,CostOfGoodsAndServicesSold,2018-01-01,2018-03-31,89084000,2019-05-08,10-Q,Q2
POWL,CostOfGoodsAndServicesSold,2017-10-01,2018-06-30,272469000,2018-08-08,10-Q,Q3
POWL,CostOfGoodsAndServicesSold,2017-10-01,2018-06-30,272469000,2019-08-07,10-Q,Q3
POWL,CostOfGoodsAndServicesSold,2018-04-01,2018-06-30,103755000,2018-08-08,10-Q,Q3
POWL,CostOfGoodsAndServicesSold,2018-04-01,2018-06-30,103755000,2019-08-07,10-Q,Q3
POWL,CostOfGoodsAndServicesSold,2017-10-01,2018-09-30,383361000,2018-12-12,10-K,FY
POWL,CostOfGoodsAndServicesSold,2017-10-01,2018-09-30,383361000,2019-12-05,10-K,FY
POWL,CostOfGoodsAndServicesSold,2017-10-01,2018-09-30,383361000,2020-12-09,10-K,FY
POWL,CostOfGoodsAndServicesSold,2018-10-01,2018-12-31,94720000,2019-02-06,10-Q,Q1
POWL,CostOfGoodsAndServicesSold,2018-10-01,2018-12-31,94720000,2020-02-05,10-Q,Q1
POWL,CostOfGoodsAndServicesSold,2018-10-01,2019-03-31,198382000,2019-05-08,10-Q,Q2
POWL,CostOfGoodsAndServicesSold,2018-10-01,2019-03-31,198382000,2020-05-06,10-Q,Q2
POWL,CostOfGoodsAndServicesSold,2019-01-01,2019-03-31,103662000,2019-05-08,10-Q,Q2
POWL,CostOfGoodsAndServicesSold,2019-01-01,2019-03-31,103662000,2020-05-06,10-Q,Q2
POWL,CostOfGoodsAndServicesSold,2018-10-01,2019-06-30,310255000,2019-08-07,10-Q,Q3
POWL,CostOfGoodsAndServicesSold,2018-10-01,2019-06-30,310255000,2020-08-05,10-Q,Q3
POWL,CostOfGoodsAndServicesSold,2019-04-01,2019-06-30,111873000,2019-08-07,10-Q,Q3
POWL,CostOfGoodsAndServicesSold,2019-04-01,2019-06-30,111873000,2020-08-05,10-Q,Q3
POWL,CostOfGoodsAndServicesSold,2018-10-01,2019-09-30,430204000,2019-12-05,10-K,FY
POWL,CostOfGoodsAndServicesSold,2018-10-01,2019-09-30,430204000,2020-12-09,10-K,FY
POWL,CostOfGoodsAndServicesSold,2018-10-01,2019-09-30,430204000,2021-12-08,10-K,FY
POWL,CostOfGoodsAndServicesSold,2019-10-01,2019-12-31,112324000,2020-02-05,10-Q,Q1
POWL,CostOfGoodsAndServicesSold,2019-10-01,2019-12-31,112324000,2021-02-03,10-Q,Q1
POWL,CostOfGoodsAndServicesSold,2019-10-01,2020-03-31,234209000,2020-05-06,10-Q,Q2
POWL,CostOfGoodsAndServicesSold,2019-10-01,2020-03-31,234209000,2021-05-05,10-Q,Q2
POWL,CostOfGoodsAndServicesSold,2020-01-01,2020-03-31,121885000,2020-05-06,10-Q,Q2
POWL,CostOfGoodsAndServicesSold,2020-01-01,2020-03-31,121885000,2021-05-05,10-Q,Q2
POWL,CostOfGoodsAndServicesSold,2019-10-01,2020-06-30,330926000,2020-08-05,10-Q,Q3
POWL,CostOfGoodsAndServicesSold,2019-10-01,2020-06-30,330926000,2021-08-04,10-Q,Q3
POWL,CostOfGoodsAndServicesSold,2020-04-01,2020-06-30,96718000,2020-08-05,10-Q,Q3
POWL,CostOfGoodsAndServicesSold,2020-04-01,2020-06-30,96718000,2021-08-04,10-Q,Q3
POWL,CostOfGoodsAndServicesSold,2019-10-01,2020-09-30,423924000,2020-12-09,10-K,FY
POWL,CostOfGoodsAndServicesSold,2019-10-01,2020-09-30,423924000,2021-12-08,10-K,FY
POWL,CostOfGoodsAndServicesSold,2019-10-01,2020-09-30,423924000,2022-12-06,10-K,FY
POWL,CostOfGoodsAndServicesSold,2020-10-01,2020-12-31,88304000,2021-02-03,10-Q,Q1
POWL,CostOfGoodsAndServicesSold,2020-10-01,2020-12-31,88304000,2022-02-09,10-Q,Q1
POWL,CostOfGoodsAndServicesSold,2020-10-01,2021-03-31,189867000,2021-05-05,10-Q,Q2
POWL,CostOfGoodsAndServicesSold,2020-10-01,2021-03-31,189867000,2022-05-04,10-Q,Q2
POWL,CostOfGoodsAndServicesSold,2021-01-01,2021-03-31,101563000,2021-05-05,10-Q,Q2
POWL,CostOfGoodsAndServicesSold,2021-01-01,2021-03-31,101563000,2022-05-04,10-Q,Q2
POWL,CostOfGoodsAndServicesSold,2020-10-01,2021-06-30,288513000,2021-08-04,10-Q,Q3
POWL,CostOfGoodsAndServicesSold,2020-10-01,2021-06-30,288513000,2022-08-03,10-Q,Q3
POWL,CostOfGoodsAndServicesSold,2021-04-01,2021-06-30,98646000,2021-08-04,10-Q,Q3
POWL,CostOfGoodsAndServicesSold,2021-04-01,2021-06-30,98646000,2022-08-03,10-Q,Q3
POWL,CostOfGoodsAndServicesSold,2020-10-01,2021-09-30,395496000,2021-12-08,10-K,FY
POWL,CostOfGoodsAndServicesSold,2020-10-01,2021-09-30,395496000,2022-12-06,10-K,FY
POWL,CostOfGoodsAndServicesSold,2020-10-01,2021-09-30,395496000,2023-12-06,10-K,FY
POWL,CostOfGoodsAndServicesSold,2021-10-01,2021-12-31,93133000,2022-02-09,10-Q,Q1
POWL,CostOfGoodsAndServicesSold,2021-10-01,2021-12-31,93133000,2023-02-01,10-Q,Q1
POWL,CostOfGoodsAndServicesSold,2021-10-01,2022-03-31,201904000,2022-05-04,10-Q,Q2
POWL,CostOfGoodsAndServicesSold,2021-10-01,2022-03-31,201904000,2023-05-03,10-Q,Q2
POWL,CostOfGoodsAndServicesSold,2022-01-01,2022-03-31,108771000,2022-05-04,10-Q,Q2
POWL,CostOfGoodsAndServicesSold,2022-01-01,2022-03-31,108771000,2023-05-03,10-Q,Q2
POWL,CostOfGoodsAndServicesSold,2021-10-01,2022-06-30,318329000,2022-08-03,10-Q,Q3
POWL,CostOfGoodsAndServicesSold,2021-10-01,2022-06-30,318329000,2023-08-02,10-Q,Q3
POWL,CostOfGoodsAndServicesSold,2022-04-01,2022-06-30,116424000,2022-08-03,10-Q,Q3
POWL,CostOfGoodsAndServicesSold,2022-04-01,2022-06-30,116424000,2023-08-02,10-Q,Q3
POWL,CostOfGoodsAndServicesSold,2021-10-01,2022-09-30,447564000,2022-12-06,10-K,FY
POWL,CostOfGoodsAndServicesSold,2021-10-01,2022-09-30,447564000,2023-12-06,10-K,FY
POWL,CostOfGoodsAndServicesSold,2021-10-01,2022-09-30,447564000,2024-11-20,10-K,FY
POWL,CostOfGoodsAndServicesSold,2022-10-01,2022-12-31,107394000,2023-02-01,10-Q,Q1
POWL,CostOfGoodsAndServicesSold,2022-10-01,2022-12-31,107394000,2024-01-31,10-Q,Q1
POWL,CostOfGoodsAndServicesSold,2022-10-01,2023-03-31,245401000,2023-05-03,10-Q,Q2
POWL,CostOfGoodsAndServicesSold,2022-10-01,2023-03-31,245401000,2024-05-01,10-Q,Q2
POWL,CostOfGoodsAndServicesSold,2023-01-01,2023-03-31,138007000,2023-05-03,10-Q,Q2
POWL,CostOfGoodsAndServicesSold,2023-01-01,2023-03-31,138007000,2024-05-01,10-Q,Q2
POWL,CostOfGoodsAndServicesSold,2022-10-01,2023-06-30,395096000,2023-08-02,10-Q,Q3
POWL,CostOfGoodsAndServicesSold,2022-10-01,2023-06-30,395096000,2024-07-31,10-Q,Q3
POWL,CostOfGoodsAndServicesSold,2023-04-01,2023-06-30,149695000,2023-08-02,10-Q,Q3
POWL,CostOfGoodsAndServicesSold,2023-04-01,2023-06-30,149695000,2024-07-31,10-Q,Q3
POWL,CostOfGoodsAndServicesSold,2022-10-01,2023-09-30,551755000,2023-12-06,10-K,FY
POWL,CostOfGoodsAndServicesSold,2022-10-01,2023-09-30,551755000,2024-11-20,10-K,FY
POWL,CostOfGoodsAndServicesSold,2022-10-01,2023-09-30,551755000,2025-11-19,10-K,FY
POWL,CostOfGoodsAndServicesSold,2023-10-01,2023-12-31,145823000,2024-01-31,10-Q,Q1
POWL,CostOfGoodsAndServicesSold,2023-10-01,2023-12-31,145823000,2025-02-07,10-Q,Q1
POWL,CostOfGoodsAndServicesSold,2023-10-01,2024-03-31,338211000,2024-05-01,10-Q,Q2
POWL,CostOfGoodsAndServicesSold,2023-10-01,2024-03-31,338211000,2025-05-07,10-Q,Q2
POWL,CostOfGoodsAndServicesSold,2024-01-01,2024-03-31,192388000,2024-05-01,10-Q,Q2
POWL,CostOfGoodsAndServicesSold,2024-01-01,2024-03-31,192388000,2025-05-07,10-Q,Q2
POWL,CostOfGoodsAndServicesSold,2023-10-01,2024-06-30,544639000,2024-07-31,10-Q,Q3
POWL,CostOfGoodsAndServicesSold,2023-10-01,2024-06-30,544639000,2025-08-06,10-Q,Q3
POWL,CostOfGoodsAndServicesSold,2024-04-01,2024-06-30,206428000,2024-07-31,10-Q,Q3
POWL,CostOfGoodsAndServicesSold,2024-04-01,2024-06-30,206428000,2025-08-06,10-Q,Q3
POWL,CostOfGoodsAndServicesSold,2023-10-01,2024-09-30,739268000,2024-11-20,10-K,FY
POWL,CostOfGoodsAndServicesSold,2023-10-01,2024-09-30,739268000,2025-11-19,10-K,FY
POWL,CostOfGoodsAndServicesSold,2024-10-01,2024-12-31,181907000,2025-02-07,10-Q,Q1
POWL,CostOfGoodsAndServicesSold,2024-10-01,2024-12-31,181907000,2026-02-04,10-Q,Q1
POWL,CostOfGoodsAndServicesSold,2024-10-01,2025-03-31,377106000,2025-05-07,10-Q,Q2
POWL,CostOfGoodsAndServicesSold,2024-10-01,2025-03-31,377106000,2026-05-05,10-Q,Q2
POWL,CostOfGoodsAndServicesSold,2025-01-01,2025-03-31,195199000,2025-05-07,10-Q,Q2
POWL,CostOfGoodsAndServicesSold,2025-01-01,2025-03-31,195199000,2026-05-05,10-Q,Q2
POWL,CostOfGoodsAndServicesSold,2024-10-01,2025-06-30,575480000,2025-08-06,10-Q,Q3
POWL,CostOfGoodsAndServicesSold,2024-10-01,2025-06-30,575480000,2026-08-04,10-Q,Q3
POWL,CostOfGoodsAndServicesSold,2025-04-01,2025-06-30,198374000,2025-08-06,10-Q,Q3
POWL,CostOfGoodsAndServicesSold,2025-04-01,2025-06-30,198374000,2026-08-04,10-Q,Q3
POWL,CostOfGoodsAndServicesSold,2024-10-01,2025-09-30,779937000,2025-11-19,10-K,FY
POWL,CostOfGoodsAndServicesSold,2025-10-01,2025-12-31,179766000,2026-02-04,10-Q,Q1
POWL,CostOfGoodsAndServicesSold,2025-10-01,2026-03-31,388445000,2026-05-05,10-Q,Q2
POWL,CostOfGoodsAndServicesSold,2026-01-01,2026-03-31,208679000,2026-05-05,10-Q,Q2
POWL,CostOfGoodsAndServicesSold,2025-10-01,2026-06-30,604886000,2026-08-04,10-Q,Q3
POWL,CostOfGoodsAndServicesSold,2026-04-01,2026-06-30,216441000,2026-08-04,10-Q,Q3
POWL,Revenues,2009-10-01,2010-09-30,550692000,2012-12-05,10-K,FY
POWL,Revenues,2010-10-01,2011-06-30,391153000,2012-08-08,10-Q,Q3
POWL,Revenues,2011-04-01,2011-06-30,141369000,2012-08-08,10-Q,Q3
POWL,Revenues,2010-10-01,2011-09-30,562397000,2013-12-04,10-K,FY
POWL,Revenues,2010-10-01,2011-09-30,562397000,2012-12-05,10-K,FY
POWL,Revenues,2011-10-01,2011-12-31,157456000,2013-02-06,10-Q,Q1
POWL,Revenues,2011-10-01,2012-03-31,338942000,2013-05-08,10-Q,Q2
POWL,Revenues,2012-01-01,2012-03-31,181486000,2013-05-08,10-Q,Q2
POWL,Revenues,2011-10-01,2012-06-30,533035000,2013-08-07,10-Q,Q3
POWL,Revenues,2011-10-01,2012-06-30,533035000,2012-08-08,10-Q,Q3
POWL,Revenues,2012-04-01,2012-06-30,194093000,2013-08-07,10-Q,Q3
POWL,Revenues,2012-04-01,2012-06-30,194093000,2012-08-08,10-Q,Q3
POWL,Revenues,2011-10-01,2012-09-30,690741000,2014-12-03,10-K,FY
POWL,Revenues,2011-10-01,2012-09-30,717194000,2013-12-04,10-K,FY
POWL,Revenues,2011-10-01,2012-09-30,717194000,2012-12-05,10-K,FY
POWL,Revenues,2012-10-01,2012-12-31,153941000,2013-02-06,10-Q,Q1
POWL,Revenues,2012-10-01,2013-03-31,307856000,2013-05-08,10-Q,Q2
POWL,Revenues,2013-01-01,2013-03-31,153915000,2013-05-08,10-Q,Q2
POWL,Revenues,2012-10-01,2013-06-30,487375000,2013-08-07,10-Q,Q3
POWL,Revenues,2013-04-01,2013-06-30,179519000,2013-08-07,10-Q,Q3
POWL,Revenues,2012-10-01,2013-09-30,640867000,2015-12-02,10-K,FY
POWL,Revenues,2012-10-01,2013-09-30,640867000,2014-12-03,10-K,FY
POWL,Revenues,2012-10-01,2013-09-30,674772000,2013-12-04,10-K,FY
POWL,Revenues,2013-10-01,2014-09-30,647814000,2016-12-07,10-K,FY
POWL,Revenues,2013-10-01,2014-09-30,647814000,2015-12-02,10-K,FY
POWL,Revenues,2013-10-01,2014-09-30,647814000,2014-12-03,10-K,FY
POWL,Revenues,2014-10-01,2015-09-30,661858000,2016-12-07,10-K,FY
POWL,Revenues,2014-10-01,2015-09-30,661858000,2015-12-02,10-K,FY
POWL,Revenues,2014-10-01,2015-09-30,661858000,2017-12-06,10-K,FY
POWL,Revenues,2015-10-01,2016-09-30,565243000,2016-12-07,10-K,FY
POWL,Revenues,2015-10-01,2016-09-30,565243000,2018-12-12,10-K,FY
POWL,Revenues,2015-10-01,2016-09-30,565243000,2017-12-06,10-K,FY
POWL,Revenues,2016-10-01,2017-09-30,395911000,2018-12-12,10-K,FY
POWL,Revenues,2016-10-01,2017-09-30,395911000,2017-12-06,10-K,FY
POWL,Revenues,2017-10-01,2018-09-30,448716000,2018-12-12,10-K,FY
POWL,RevenueFromContractWithCustomerExcludingAssessedTax,2016-10-01,2017-09-30,395911000,2019-12-05,10-K,FY
POWL,RevenueFromContractWithCustomerExcludingAssessedTax,2017-10-01,2017-12-31,90184000,2019-02-06,10-Q,Q1
POWL,RevenueFromContractWithCustomerExcludingAssessedTax,2017-10-01,2018-03-31,191689000,2019-05-08,10-Q,Q2
POWL,RevenueFromContractWithCustomerExcludingAssessedTax,2018-01-01,2018-03-31,101505000,2019-05-08,10-Q,Q2
POWL,RevenueFromContractWithCustomerExcludingAssessedTax,2017-10-01,2018-06-30,313819000,2019-08-07,10-Q,Q3
POWL,RevenueFromContractWithCustomerExcludingAssessedTax,2018-04-01,2018-06-30,122130000,2019-08-07,10-Q,Q3
POWL,RevenueFromContractWithCustomerExcludingAssessedTax,2017-10-01,2018-09-30,448716000,2019-12-05,10-K,FY
POWL,RevenueFromContractWithCustomerExcludingAssessedTax,2017-10-01,2018-09-30,448716000,2020-12-09,10-K,FY
POWL,RevenueFromContractWithCustomerExcludingAssessedTax,2018-10-01,2018-12-31,109351000,2019-02-06,10-Q,Q1
POWL,RevenueFromContractWithCustomerExcludingAssessedTax,2018-10-01,2018-12-31,109351000,2020-02-05,10-Q,Q1
POWL,RevenueFromContractWithCustomerExcludingAssessedTax,2018-10-01,2019-03-31,233088000,2019-05-08,10-Q,Q2
POWL,RevenueFromContractWithCustomerExcludingAssessedTax,2018-10-01,2019-03-31,233088000,2020-05-06,10-Q,Q2
POWL,RevenueFromContractWithCustomerExcludingAssessedTax,2019-01-01,2019-03-31,123737000,2019-05-08,10-Q,Q2
POWL,RevenueFromContractWithCustomerExcludingAssessedTax,2019-01-01,2019-03-31,123737000,2020-05-06,10-Q,Q2
POWL,RevenueFromContractWithCustomerExcludingAssessedTax,2018-10-01,2019-06-30,368676000,2019-08-07,10-Q,Q3
POWL,RevenueFromContractWithCustomerExcludingAssessedTax,2018-10-01,2019-06-30,368676000,2020-08-05,10-Q,Q3
POWL,RevenueFromContractWithCustomerExcludingAssessedTax,2019-04-01,2019-06-30,135588000,2019-08-07,10-Q,Q3
POWL,RevenueFromContractWithCustomerExcludingAssessedTax,2019-04-01,2019-06-30,135588000,2020-08-05,10-Q,Q3
POWL,RevenueFromContractWithCustomerExcludingAssessedTax,2018-10-01,2019-09-30,517180000,2019-12-05,10-K,FY
POWL,RevenueFromContractWithCustomerExcludingAssessedTax,2018-10-01,2019-09-30,517180000,2020-12-09,10-K,FY
POWL,RevenueFromContractWithCustomerExcludingAssessedTax,2018-10-01,2019-09-30,517180000,2021-12-08,10-K,FY
POWL,RevenueFromContractWithCustomerExcludingAssessedTax,2019-10-01,2019-12-31,134150000,2020-02-05,10-Q,Q1
POWL,RevenueFromContractWithCustomerExcludingAssessedTax,2019-10-01,2019-12-31,134150000,2021-02-03,10-Q,Q1
POWL,RevenueFromContractWithCustomerExcludingAssessedTax,2019-10-01,2020-03-31,285720000,2020-05-06,10-Q,Q2
POWL,RevenueFromContractWithCustomerExcludingAssessedTax,2019-10-01,2020-03-31,285720000,2021-05-05,10-Q,Q2
POWL,RevenueFromContractWithCustomerExcludingAssessedTax,2020-01-01,2020-03-31,151570000,2020-05-06,10-Q,Q2
POWL,RevenueFromContractWithCustomerExcludingAssessedTax,2020-01-01,2020-03-31,151570000,2021-05-05,10-Q,Q2
POWL,RevenueFromContractWithCustomerExcludingAssessedTax,2019-10-01,2020-06-30,403781000,2020-08-05,10-Q,Q3
POWL,RevenueFromContractWithCustomerExcludingAssessedTax,2019-10-01,2020-06-30,403781000,2021-08-04,10-Q,Q3
POWL,RevenueFromContractWithCustomerExcludingAssessedTax,2020-04-01,2020-06-30,118062000,2020-08-05,10-Q,Q3
POWL,RevenueFromContractWithCustomerExcludingAssessedTax,2020-04-01,2020-06-30,118062000,2021-08-04,10-Q,Q3
POWL,RevenueFromContractWithCustomerExcludingAssessedTax,2019-10-01,2020-09-30,518499000,2020-12-09,10-K,FY
POWL,RevenueFromContractWithCustomerExcludingAssessedTax,2019-10-01,2020-09-30,518499000,2021-12-08,10-K,FY
POWL,RevenueFromContractWithCustomerExcludingAssessedTax,2019-10-01,2020-09-30,518499000,2022-12-06,10-K,FY
POWL,RevenueFromContractWithCustomerExcludingAssessedTax,2020-10-01,2020-12-31,106575000,2021-02-03,10-Q,Q1
POWL,RevenueFromContractWithCustomerExcludingAssessedTax,2020-10-01,2020-12-31,106575000,2022-02-09,10-Q,Q1
POWL,RevenueFromContractWithCustomerExcludingAssessedTax,2020-10-01,2021-03-31,225291000,2021-05-05,10-Q,Q2
POWL,RevenueFromContractWithCustomerExcludingAssessedTax,2020-10-01,2021-03-31,225291000,2022-05-04,10-Q,Q2
POWL,RevenueFromContractWithCustomerExcludingAssessedTax,2021-01-01,2021-03-31,118716000,2021-05-05,10-Q,Q2
POWL,RevenueFromContractWithCustomerExcludingAssessedTax,2021-01-01,2021-03-31,118716000,2022-05-04,10-Q,Q2
POWL,RevenueFromContractWithCustomerExcludingAssessedTax,2020-10-01,2021-06-30,341105000,2021-08-04,10-Q,Q3
POWL,RevenueFromContractWithCustomerExcludingAssessedTax,2020-10-01,2021-06-30,341105000,2022-08-03,10-Q,Q3
POWL,RevenueFromContractWithCustomerExcludingAssessedTax,2021-04-01,2021-06-30,115813000,2021-08-04,10-Q,Q3
POWL,RevenueFromContractWithCustomerExcludingAssessedTax,2021-04-01,2021-06-30,115813000,2022-08-03,10-Q,Q3
POWL,RevenueFromContractWithCustomerExcludingAssessedTax,2020-10-01,2021-09-30,470559000,2021-12-08,10-K,FY
POWL,RevenueFromContractWithCustomerExcludingAssessedTax,2020-10-01,2021-09-30,470559000,2022-12-06,10-K,FY
POWL,RevenueFromContractWithCustomerExcludingAssessedTax,2020-10-01,2021-09-30,470559000,2023-12-06,10-K,FY
POWL,RevenueFromContractWithCustomerExcludingAssessedTax,2021-10-01,2021-12-31,106569000,2022-02-09,10-Q,Q1
POWL,RevenueFromContractWithCustomerExcludingAssessedTax,2021-10-01,2021-12-31,106569000,2023-02-01,10-Q,Q1
POWL,RevenueFromContractWithCustomerExcludingAssessedTax,2021-10-01,2022-03-31,234423000,2022-05-04,10-Q,Q2
POWL,RevenueFromContractWithCustomerExcludingAssessedTax,2021-10-01,2022-03-31,234423000,2023-05-03,10-Q,Q2
POWL,RevenueFromContractWithCustomerExcludingAssessedTax,2022-01-01,2022-03-31,127854000,2022-05-04,10-Q,Q2
POWL,RevenueFromContractWithCustomerExcludingAssessedTax,2022-01-01,2022-03-31,127854000,2023-05-03,10-Q,Q2
POWL,RevenueFromContractWithCustomerExcludingAssessedTax,2021-10-01,2022-06-30,369907000,2022-08-03,10-Q,Q3
POWL,RevenueFromContractWithCustomerExcludingAssessedTax,2021-10-01,2022-06-30,369907000,2023-08-02,10-Q,Q3
POWL,RevenueFromContractWithCustomerExcludingAssessedTax,2022-04-01,2022-06-30,135483000,2022-08-03,10-Q,Q3
POWL,RevenueFromContractWithCustomerExcludingAssessedTax,2022-04-01,2022-06-30,135483000,2023-08-02,10-Q,Q3
POWL,RevenueFromContractWithCustomerExcludingAssessedTax,2021-10-01,2022-09-30,532582000,2022-12-06,10-K,FY
POWL,RevenueFromContractWithCustomerExcludingAssessedTax,2021-10-01,2022-09-30,532582000,2023-12-06,10-K,FY
POWL,RevenueFromContractWithCustomerExcludingAssessedTax,2021-10-01,2022-09-30,532582000,2024-11-20,10-K,FY
POWL,RevenueFromContractWithCustomerExcludingAssessedTax,2022-10-01,2022-12-31,126858000,2023-02-01,10-Q,Q1
POWL,RevenueFromContractWithCustomerExcludingAssessedTax,2022-10-01,2022-12-31,126858000,2024-01-31,10-Q,Q1
POWL,RevenueFromContractWithCustomerExcludingAssessedTax,2022-10-01,2023-03-31,298302000,2023-05-03,10-Q,Q2
POWL,RevenueFromContractWithCustomerExcludingAssessedTax,2022-10-01,2023-03-31,298302000,2024-05-01,10-Q,Q2
POWL,RevenueFromContractWithCustomerExcludingAssessedTax,2023-01-01,2023-03-31,171444000,2023-05-03,10-Q,Q2
POWL,RevenueFromContractWithCustomerExcludingAssessedTax,2023-01-01,2023-03-31,171444000,2024-05-01,10-Q,Q2
POWL,RevenueFromContractWithCustomerExcludingAssessedTax,2022-10-01,2023-06-30,490667000,2023-08-02,10-Q,Q3
POWL,RevenueFromContractWithCustomerExcludingAssessedTax,2022-10-01,2023-06-30,490667000,2024-07-31,10-Q,Q3
POWL,RevenueFromContractWithCustomerExcludingAssessedTax,2023-04-01,2023-06-30,192365000,2023-08-02,10-Q,Q3
POWL,RevenueFromContractWithCustomerExcludingAssessedTax,2023-04-01,2023-06-30,192365000,2024-07-31,10-Q,Q3
POWL,RevenueFromContractWithCustomerExcludingAssessedTax,2022-10-01,2023-09-30,699308000,2023-12-06,10-K,FY
POWL,RevenueFromContractWithCustomerExcludingAssessedTax,2022-10-01,2023-09-30,699308000,2024-11-20,10-K,FY
POWL,RevenueFromContractWithCustomerExcludingAssessedTax,2022-10-01,2023-09-30,699308000,2025-11-19,10-K,FY
POWL,RevenueFromContractWithCustomerExcludingAssessedTax,2023-10-01,2023-12-31,194017000,2024-01-31,10-Q,Q1
POWL,RevenueFromContractWithCustomerExcludingAssessedTax,2023-10-01,2023-12-31,194017000,2025-02-07,10-Q,Q1
POWL,RevenueFromContractWithCustomerExcludingAssessedTax,2023-10-01,2024-03-31,449125000,2024-05-01,10-Q,Q2
POWL,RevenueFromContractWithCustomerExcludingAssessedTax,2023-10-01,2024-03-31,449125000,2025-05-07,10-Q,Q2
POWL,RevenueFromContractWithCustomerExcludingAssessedTax,2024-01-01,2024-03-31,255108000,2024-05-01,10-Q,Q2
POWL,RevenueFromContractWithCustomerExcludingAssessedTax,2024-01-01,2024-03-31,255108000,2025-05-07,10-Q,Q2
POWL,RevenueFromContractWithCustomerExcludingAssessedTax,2023-10-01,2024-06-30,737293000,2024-07-31,10-Q,Q3
POWL,RevenueFromContractWithCustomerExcludingAssessedTax,2023-10-01,2024-06-30,737293000,2025-08-06,10-Q,Q3
POWL,RevenueFromContractWithCustomerExcludingAssessedTax,2024-04-01,2024-06-30,288168000,2024-07-31,10-Q,Q3
POWL,RevenueFromContractWithCustomerExcludingAssessedTax,2024-04-01,2024-06-30,288168000,2025-08-06,10-Q,Q3
POWL,RevenueFromContractWithCustomerExcludingAssessedTax,2023-10-01,2024-09-30,1012356000,2024-11-20,10-K,FY
POWL,RevenueFromContractWithCustomerExcludingAssessedTax,2023-10-01,2024-09-30,1012356000,2025-11-19,10-K,FY
POWL,RevenueFromContractWithCustomerExcludingAssessedTax,2024-10-01,2024-12-31,241431000,2025-02-07,10-Q,Q1
POWL,RevenueFromContractWithCustomerExcludingAssessedTax,2024-10-01,2024-12-31,241431000,2026-02-04,10-Q,Q1
POWL,RevenueFromContractWithCustomerExcludingAssessedTax,2024-10-01,2025-03-31,520062000,2025-05-07,10-Q,Q2
POWL,RevenueFromContractWithCustomerExcludingAssessedTax,2024-10-01,2025-03-31,520062000,2026-05-05,10-Q,Q2
POWL,RevenueFromContractWithCustomerExcludingAssessedTax,2025-01-01,2025-03-31,278631000,2025-05-07,10-Q,Q2
POWL,RevenueFromContractWithCustomerExcludingAssessedTax,2025-01-01,2025-03-31,278631000,2026-05-05,10-Q,Q2
POWL,RevenueFromContractWithCustomerExcludingAssessedTax,2024-10-01,2025-06-30,806335000,2025-08-06,10-Q,Q3
POWL,RevenueFromContractWithCustomerExcludingAssessedTax,2024-10-01,2025-06-30,806335000,2026-08-04,10-Q,Q3
POWL,RevenueFromContractWithCustomerExcludingAssessedTax,2025-04-01,2025-06-30,286273000,2025-08-06,10-Q,Q3
POWL,RevenueFromContractWithCustomerExcludingAssessedTax,2025-04-01,2025-06-30,286273000,2026-08-04,10-Q,Q3
POWL,RevenueFromContractWithCustomerExcludingAssessedTax,2024-10-01,2025-09-30,1104318000,2025-11-19,10-K,FY
POWL,RevenueFromContractWithCustomerExcludingAssessedTax,2025-10-01,2025-12-31,251184000,2026-02-04,10-Q,Q1
POWL,RevenueFromContractWithCustomerExcludingAssessedTax,2025-10-01,2026-03-31,547799000,2026-05-05,10-Q,Q2
POWL,RevenueFromContractWithCustomerExcludingAssessedTax,2026-01-01,2026-03-31,296615000,2026-05-05,10-Q,Q2
POWL,RevenueFromContractWithCustomerExcludingAssessedTax,2025-10-01,2026-06-30,859539000,2026-08-04,10-Q,Q3
POWL,RevenueFromContractWithCustomerExcludingAssessedTax,2026-04-01,2026-06-30,311740000,2026-08-04,10-Q,Q3
POWL,RevenueRemainingPerformanceObligation,,2018-12-31,322000000,2019-02-06,10-Q,Q1
POWL,RevenueRemainingPerformanceObligation,,2019-03-31,397200000,2019-05-08,10-Q,Q2
POWL,RevenueRemainingPerformanceObligation,,2019-06-30,407000000,2019-08-07,10-Q,Q3
POWL,RevenueRemainingPerformanceObligation,,2019-09-30,419000000,2019-12-05,10-K,FY
POWL,RevenueRemainingPerformanceObligation,,2019-12-31,425900000,2020-02-05,10-Q,Q1
POWL,RevenueRemainingPerformanceObligation,,2020-03-31,566400000,2020-05-06,10-Q,Q2
POWL,RevenueRemainingPerformanceObligation,,2020-06-30,532200000,2020-08-05,10-Q,Q3
POWL,RevenueRemainingPerformanceObligation,,2020-09-30,476800000,2020-12-09,10-K,FY
POWL,RevenueRemainingPerformanceObligation,,2020-12-31,464900000,2021-02-03,10-Q,Q1
POWL,RevenueRemainingPerformanceObligation,,2021-03-31,436600000,2021-05-05,10-Q,Q2
POWL,RevenueRemainingPerformanceObligation,,2021-06-30,425500000,2021-08-04,10-Q,Q3
POWL,RevenueRemainingPerformanceObligation,,2021-09-30,414900000,2021-12-08,10-K,FY
POWL,RevenueRemainingPerformanceObligation,,2021-12-31,416000000,2022-02-09,10-Q,Q1
POWL,RevenueRemainingPerformanceObligation,,2022-03-31,440000000,2022-05-04,10-Q,Q2
POWL,RevenueRemainingPerformanceObligation,,2022-06-30,502500000,2022-08-03,10-Q,Q3
POWL,RevenueRemainingPerformanceObligation,,2022-09-30,592200000,2022-12-06,10-K,FY
POWL,RevenueRemainingPerformanceObligation,,2022-12-31,679800000,2023-02-01,10-Q,Q1
POWL,RevenueRemainingPerformanceObligation,,2023-03-31,1000000000,2023-05-03,10-Q,Q2
POWL,RevenueRemainingPerformanceObligation,,2023-06-30,1300000000,2023-08-02,10-Q,Q3
POWL,RevenueRemainingPerformanceObligation,,2023-09-30,1300000000,2023-12-06,10-K,FY
POWL,RevenueRemainingPerformanceObligation,,2023-12-31,1300000000,2024-01-31,10-Q,Q1
POWL,RevenueRemainingPerformanceObligation,,2024-03-31,1300000000,2024-05-01,10-Q,Q2
POWL,RevenueRemainingPerformanceObligation,,2024-06-30,1300000000,2024-07-31,10-Q,Q3
POWL,RevenueRemainingPerformanceObligation,,2024-09-30,1300000000,2024-11-20,10-K,FY
POWL,RevenueRemainingPerformanceObligation,,2024-12-31,1300000000,2025-02-07,10-Q,Q1
POWL,RevenueRemainingPerformanceObligation,,2025-03-31,1300000000,2025-05-07,10-Q,Q2
POWL,RevenueRemainingPerformanceObligation,,2025-06-30,1400000000,2025-08-06,10-Q,Q3
POWL,RevenueRemainingPerformanceObligation,,2025-09-30,1400000000,2025-11-19,10-K,FY
POWL,RevenueRemainingPerformanceObligation,,2025-12-31,1600000000,2026-02-04,10-Q,Q1
POWL,RevenueRemainingPerformanceObligation,,2026-03-31,1800000000,2026-05-05,10-Q,Q2
POWL,RevenueRemainingPerformanceObligation,,2026-06-30,2400000000,2026-08-04,10-Q,Q3
VRT,PaymentsToAcquirePropertyPlantAndEquipment,2018-01-01,2018-12-31,64600000,2021-03-01,10-K,FY
VRT,PaymentsToAcquirePropertyPlantAndEquipment,2018-01-01,2018-12-31,64600000,2021-04-30,10-K/A,FY
VRT,PaymentsToAcquirePropertyPlantAndEquipment,2019-01-01,2019-03-31,10700000,2020-05-07,10-Q,Q1
VRT,PaymentsToAcquirePropertyPlantAndEquipment,2019-01-01,2019-06-30,23000000,2020-08-05,10-Q,Q2
VRT,PaymentsToAcquirePropertyPlantAndEquipment,2019-01-01,2019-09-30,27900000,2020-11-05,10-Q,Q3
VRT,PaymentsToAcquirePropertyPlantAndEquipment,2019-01-01,2019-12-31,47600000,2021-03-01,10-K,FY
VRT,PaymentsToAcquirePropertyPlantAndEquipment,2019-01-01,2019-12-31,47600000,2021-04-30,10-K/A,FY
VRT,PaymentsToAcquirePropertyPlantAndEquipment,2019-01-01,2019-12-31,47600000,2022-03-01,10-K,FY
VRT,PaymentsToAcquirePropertyPlantAndEquipment,2020-01-01,2020-03-31,6700000,2020-05-07,10-Q,Q1
VRT,PaymentsToAcquirePropertyPlantAndEquipment,2020-01-01,2020-03-31,6700000,2021-05-03,10-Q,Q1
VRT,PaymentsToAcquirePropertyPlantAndEquipment,2020-01-01,2020-06-30,13200000,2020-08-05,10-Q,Q2
VRT,PaymentsToAcquirePropertyPlantAndEquipment,2020-01-01,2020-06-30,13200000,2021-08-02,10-Q,Q2
VRT,PaymentsToAcquirePropertyPlantAndEquipment,2020-01-01,2020-09-30,21300000,2020-11-05,10-Q,Q3
VRT,PaymentsToAcquirePropertyPlantAndEquipment,2020-01-01,2020-09-30,21300000,2021-11-01,10-Q,Q3
VRT,PaymentsToAcquirePropertyPlantAndEquipment,2020-01-01,2020-12-31,44400000,2021-03-01,10-K,FY
VRT,PaymentsToAcquirePropertyPlantAndEquipment,2020-01-01,2020-12-31,44400000,2021-04-30,10-K/A,FY
VRT,PaymentsToAcquirePropertyPlantAndEquipment,2020-01-01,2020-12-31,44400000,2022-03-01,10-K,FY
VRT,PaymentsToAcquirePropertyPlantAndEquipment,2020-01-01,2020-12-31,44400000,2023-02-27,10-K,FY
VRT,PaymentsToAcquirePropertyPlantAndEquipment,2021-01-01,2021-03-31,16800000,2021-05-03,10-Q,Q1
VRT,PaymentsToAcquirePropertyPlantAndEquipment,2021-01-01,2021-03-31,16800000,2022-05-02,10-Q,Q1
VRT,PaymentsToAcquirePropertyPlantAndEquipment,2021-01-01,2021-06-30,30400000,2021-08-02,10-Q,Q2
VRT,PaymentsToAcquirePropertyPlantAndEquipment,2021-01-01,2021-06-30,30400000,2022-08-03,10-Q,Q2
VRT,PaymentsToAcquirePropertyPlantAndEquipment,2021-01-01,2021-09-30,43300000,2021-11-01,10-Q,Q3
VRT,PaymentsToAcquirePropertyPlantAndEquipment,2021-01-01,2021-09-30,43300000,2022-10-31,10-Q,Q3
VRT,PaymentsToAcquirePropertyPlantAndEquipment,2021-01-01,2021-12-31,73400000,2022-03-01,10-K,FY
VRT,PaymentsToAcquirePropertyPlantAndEquipment,2021-01-01,2021-12-31,73400000,2023-02-27,10-K,FY
VRT,PaymentsToAcquirePropertyPlantAndEquipment,2021-01-01,2021-12-31,73400000,2024-02-23,10-K,FY
VRT,PaymentsToAcquirePropertyPlantAndEquipment,2022-01-01,2022-03-31,15100000,2022-05-02,10-Q,Q1
VRT,PaymentsToAcquirePropertyPlantAndEquipment,2022-01-01,2022-03-31,15100000,2023-04-28,10-Q,Q1
VRT,PaymentsToAcquirePropertyPlantAndEquipment,2022-01-01,2022-06-30,38200000,2022-08-03,10-Q,Q2
VRT,PaymentsToAcquirePropertyPlantAndEquipment,2022-01-01,2022-06-30,38200000,2023-08-02,10-Q,Q2
VRT,PaymentsToAcquirePropertyPlantAndEquipment,2022-01-01,2022-09-30,61700000,2022-10-31,10-Q,Q3
VRT,PaymentsToAcquirePropertyPlantAndEquipment,2022-01-01,2022-09-30,61700000,2023-10-27,10-Q,Q3
VRT,PaymentsToAcquirePropertyPlantAndEquipment,2022-01-01,2022-12-31,100000000,2023-02-27,10-K,FY
VRT,PaymentsToAcquirePropertyPlantAndEquipment,2022-01-01,2022-12-31,100000000,2024-02-23,10-K,FY
VRT,PaymentsToAcquirePropertyPlantAndEquipment,2022-01-01,2022-12-31,100000000,2025-02-18,10-K,FY
VRT,PaymentsToAcquirePropertyPlantAndEquipment,2023-01-01,2023-03-31,27800000,2023-04-28,10-Q,Q1
VRT,PaymentsToAcquirePropertyPlantAndEquipment,2023-01-01,2023-03-31,27800000,2024-04-26,10-Q,Q1
VRT,PaymentsToAcquirePropertyPlantAndEquipment,2023-01-01,2023-06-30,53600000,2023-08-02,10-Q,Q2
VRT,PaymentsToAcquirePropertyPlantAndEquipment,2023-01-01,2023-06-30,53600000,2024-07-26,10-Q,Q2
VRT,PaymentsToAcquirePropertyPlantAndEquipment,2023-01-01,2023-09-30,80100000,2023-10-27,10-Q,Q3
VRT,PaymentsToAcquirePropertyPlantAndEquipment,2023-01-01,2023-09-30,80100000,2024-10-25,10-Q,Q3
VRT,PaymentsToAcquirePropertyPlantAndEquipment,2023-01-01,2023-12-31,127900000,2024-02-23,10-K,FY
VRT,PaymentsToAcquirePropertyPlantAndEquipment,2023-01-01,2023-12-31,127900000,2025-02-18,10-K,FY
VRT,PaymentsToAcquirePropertyPlantAndEquipment,2023-01-01,2023-12-31,127900000,2026-02-13,10-K,FY
VRT,PaymentsToAcquirePropertyPlantAndEquipment,2024-01-01,2024-03-31,35800000,2024-04-26,10-Q,Q1
VRT,PaymentsToAcquirePropertyPlantAndEquipment,2024-01-01,2024-03-31,35800000,2025-04-23,10-Q,Q1
VRT,PaymentsToAcquirePropertyPlantAndEquipment,2024-01-01,2024-06-30,69900000,2024-07-26,10-Q,Q2
VRT,PaymentsToAcquirePropertyPlantAndEquipment,2024-01-01,2024-06-30,69900000,2025-07-30,10-Q,Q2
VRT,PaymentsToAcquirePropertyPlantAndEquipment,2024-04-01,2024-06-30,34100000,2025-07-30,10-Q,Q2
VRT,PaymentsToAcquirePropertyPlantAndEquipment,2024-01-01,2024-09-30,106300000,2024-10-25,10-Q,Q3
VRT,PaymentsToAcquirePropertyPlantAndEquipment,2024-01-01,2024-09-30,106300000,2025-10-22,10-Q,Q3
VRT,PaymentsToAcquirePropertyPlantAndEquipment,2024-07-01,2024-09-30,36400000,2025-10-22,10-Q,Q3
VRT,PaymentsToAcquirePropertyPlantAndEquipment,2024-01-01,2024-12-31,167000000,2025-02-18,10-K,FY
VRT,PaymentsToAcquirePropertyPlantAndEquipment,2024-01-01,2024-12-31,167000000,2026-02-13,10-K,FY
VRT,PaymentsToAcquirePropertyPlantAndEquipment,2025-01-01,2025-03-31,36500000,2025-04-23,10-Q,Q1
VRT,PaymentsToAcquirePropertyPlantAndEquipment,2025-01-01,2025-03-31,36500000,2026-04-22,10-Q,Q1
VRT,PaymentsToAcquirePropertyPlantAndEquipment,2025-01-01,2025-06-30,81500000,2025-07-30,10-Q,Q2
VRT,PaymentsToAcquirePropertyPlantAndEquipment,2025-01-01,2025-06-30,81500000,2026-07-29,10-Q,Q2
VRT,PaymentsToAcquirePropertyPlantAndEquipment,2025-04-01,2025-06-30,45000000,2025-07-30,10-Q,Q2
VRT,PaymentsToAcquirePropertyPlantAndEquipment,2025-01-01,2025-09-30,126700000,2025-10-22,10-Q,Q3
VRT,PaymentsToAcquirePropertyPlantAndEquipment,2025-07-01,2025-09-30,45200000,2025-10-22,10-Q,Q3
VRT,PaymentsToAcquirePropertyPlantAndEquipment,2025-01-01,2025-12-31,220000000,2026-02-13,10-K,FY
VRT,PaymentsToAcquirePropertyPlantAndEquipment,2026-01-01,2026-03-31,112600000,2026-04-22,10-Q,Q1
VRT,PaymentsToAcquirePropertyPlantAndEquipment,2026-01-01,2026-06-30,285900000,2026-07-29,10-Q,Q2
VRT,InventoryNet,,2019-12-31,401000000,2020-05-07,10-Q,Q1
VRT,InventoryNet,,2019-12-31,401000000,2020-08-05,10-Q,Q2
VRT,InventoryNet,,2019-12-31,401000000,2020-11-05,10-Q,Q3
VRT,InventoryNet,,2019-12-31,401000000,2021-03-01,10-K,FY
VRT,InventoryNet,,2019-12-31,401000000,2021-04-30,10-K/A,FY
VRT,InventoryNet,,2020-03-31,445500000,2020-05-07,10-Q,Q1
VRT,InventoryNet,,2020-06-30,467900000,2020-08-05,10-Q,Q2
VRT,InventoryNet,,2020-09-30,465500000,2020-11-05,10-Q,Q3
VRT,InventoryNet,,2020-12-31,446600000,2021-03-01,10-K,FY
VRT,InventoryNet,,2020-12-31,446600000,2021-04-30,10-K/A,FY
VRT,InventoryNet,,2020-12-31,446600000,2021-05-03,10-Q,Q1
VRT,InventoryNet,,2020-12-31,446600000,2021-08-02,10-Q,Q2
VRT,InventoryNet,,2020-12-31,446600000,2021-11-01,10-Q,Q3
VRT,InventoryNet,,2020-12-31,446600000,2022-03-01,10-K,FY
VRT,InventoryNet,,2021-03-31,511100000,2021-05-03,10-Q,Q1
VRT,InventoryNet,,2021-06-30,551400000,2021-08-02,10-Q,Q2
VRT,InventoryNet,,2021-09-30,577400000,2021-11-01,10-Q,Q3
VRT,InventoryNet,,2021-12-31,616300000,2022-03-01,10-K,FY
VRT,InventoryNet,,2021-12-31,616300000,2022-05-02,10-Q,Q1
VRT,InventoryNet,,2021-12-31,616300000,2022-08-03,10-Q,Q2
VRT,InventoryNet,,2021-12-31,616300000,2022-10-31,10-Q,Q3
VRT,InventoryNet,,2021-12-31,616300000,2023-02-27,10-K,FY
VRT,InventoryNet,,2022-03-31,774500000,2022-05-02,10-Q,Q1
VRT,InventoryNet,,2022-06-30,794600000,2022-08-03,10-Q,Q2
VRT,InventoryNet,,2022-09-30,804300000,2022-10-31,10-Q,Q3
VRT,InventoryNet,,2022-12-31,822000000,2023-02-27,10-K,FY
VRT,InventoryNet,,2022-12-31,822000000,2023-04-28,10-Q,Q1
VRT,InventoryNet,,2022-12-31,822000000,2023-08-02,10-Q,Q2
VRT,InventoryNet,,2022-12-31,822000000,2023-10-27,10-Q,Q3
VRT,InventoryNet,,2022-12-31,822000000,2024-02-23,10-K,FY
VRT,InventoryNet,,2023-03-31,903500000,2023-04-28,10-Q,Q1
VRT,InventoryNet,,2023-06-30,920200000,2023-08-02,10-Q,Q2
VRT,InventoryNet,,2023-09-30,921700000,2023-10-27,10-Q,Q3
VRT,InventoryNet,,2023-12-31,884300000,2024-02-23,10-K,FY
VRT,InventoryNet,,2023-12-31,884300000,2024-04-26,10-Q,Q1
VRT,InventoryNet,,2023-12-31,884300000,2024-07-26,10-Q,Q2
VRT,InventoryNet,,2023-12-31,884300000,2024-10-25,10-Q,Q3
VRT,InventoryNet,,2023-12-31,884300000,2025-02-18,10-K,FY
VRT,InventoryNet,,2024-03-31,987100000,2024-04-26,10-Q,Q1
VRT,InventoryNet,,2024-06-30,1103700000,2024-07-26,10-Q,Q2
VRT,InventoryNet,,2024-09-30,1255200000,2024-10-25,10-Q,Q3
VRT,InventoryNet,,2024-12-31,1244400000,2025-02-18,10-K,FY
VRT,InventoryNet,,2024-12-31,1244400000,2025-04-23,10-Q,Q1
VRT,InventoryNet,,2024-12-31,1244400000,2025-07-30,10-Q,Q2
VRT,InventoryNet,,2024-12-31,1244400000,2025-10-22,10-Q,Q3
VRT,InventoryNet,,2024-12-31,1244400000,2026-02-13,10-K,FY
VRT,InventoryNet,,2025-03-31,1383500000,2025-04-23,10-Q,Q1
VRT,InventoryNet,,2025-06-30,1413300000,2025-07-30,10-Q,Q2
VRT,InventoryNet,,2025-09-30,1437100000,2025-10-22,10-Q,Q3
VRT,InventoryNet,,2025-12-31,1456500000,2026-02-13,10-K,FY
VRT,InventoryNet,,2025-12-31,1456500000,2026-04-22,10-Q,Q1
VRT,InventoryNet,,2025-12-31,1456500000,2026-07-29,10-Q,Q2
VRT,InventoryNet,,2026-03-31,1834600000,2026-04-22,10-Q,Q1
VRT,InventoryNet,,2026-06-30,2522700000,2026-07-29,10-Q,Q2
VRT,CostOfGoodsAndServicesSold,2018-01-01,2018-12-31,2865200000,2021-03-01,10-K,FY
VRT,CostOfGoodsAndServicesSold,2018-01-01,2018-12-31,2865200000,2021-04-30,10-K/A,FY
VRT,CostOfGoodsAndServicesSold,2019-01-01,2019-03-31,707600000,2020-05-07,10-Q,Q1
VRT,CostOfGoodsAndServicesSold,2019-01-01,2019-03-31,707600000,2021-03-01,10-K,FY
VRT,CostOfGoodsAndServicesSold,2019-01-01,2019-03-31,707600000,2021-04-30,10-K/A,FY
VRT,CostOfGoodsAndServicesSold,2019-01-01,2019-06-30,1474600000,2020-08-05,10-Q,Q2
VRT,CostOfGoodsAndServicesSold,2019-04-01,2019-06-30,766900000,2020-08-05,10-Q,Q2
VRT,CostOfGoodsAndServicesSold,2019-04-01,2019-06-30,766900000,2021-03-01,10-K,FY
VRT,CostOfGoodsAndServicesSold,2019-04-01,2019-06-30,766900000,2021-04-30,10-K/A,FY
VRT,CostOfGoodsAndServicesSold,2019-01-01,2019-09-30,2193900000,2020-11-05,10-Q,Q3
VRT,CostOfGoodsAndServicesSold,2019-07-01,2019-09-30,719400000,2020-11-05,10-Q,Q3
VRT,CostOfGoodsAndServicesSold,2019-07-01,2019-09-30,719400000,2021-03-01,10-K,FY
VRT,CostOfGoodsAndServicesSold,2019-07-01,2019-09-30,719400000,2021-04-30,10-K/A,FY
VRT,CostOfGoodsAndServicesSold,2019-01-01,2019-12-31,2978200000,2021-03-01,10-K,FY
VRT,CostOfGoodsAndServicesSold,2019-01-01,2019-12-31,2978200000,2021-04-30,10-K/A,FY
VRT,CostOfGoodsAndServicesSold,2019-01-01,2019-12-31,2978200000,2022-03-01,10-K,FY
VRT,CostOfGoodsAndServicesSold,2019-10-01,2019-12-31,784300000,2021-03-01,10-K,FY
VRT,CostOfGoodsAndServicesSold,2019-10-01,2019-12-31,784300000,2021-04-30,10-K/A,FY
VRT,CostOfGoodsAndServicesSold,2020-01-01,2020-03-31,610300000,2020-05-07,10-Q,Q1
VRT,CostOfGoodsAndServicesSold,2020-01-01,2020-03-31,610300000,2021-03-01,10-K,FY
VRT,CostOfGoodsAndServicesSold,2020-01-01,2020-03-31,610300000,2021-04-30,10-K/A,FY
VRT,CostOfGoodsAndServicesSold,2020-01-01,2020-03-31,610300000,2021-05-03,10-Q,Q1
VRT,CostOfGoodsAndServicesSold,2020-01-01,2020-06-30,1269600000,2020-08-05,10-Q,Q2
VRT,CostOfGoodsAndServicesSold,2020-01-01,2020-06-30,1269600000,2021-08-02,10-Q,Q2
VRT,CostOfGoodsAndServicesSold,2020-04-01,2020-06-30,659300000,2020-08-05,10-Q,Q2
VRT,CostOfGoodsAndServicesSold,2020-04-01,2020-06-30,659300000,2021-03-01,10-K,FY
VRT,CostOfGoodsAndServicesSold,2020-04-01,2020-06-30,659300000,2021-04-30,10-K/A,FY
VRT,CostOfGoodsAndServicesSold,2020-04-01,2020-06-30,659300000,2021-08-02,10-Q,Q2
VRT,CostOfGoodsAndServicesSold,2020-01-01,2020-09-30,2018600000,2020-11-05,10-Q,Q3
VRT,CostOfGoodsAndServicesSold,2020-01-01,2020-09-30,2018600000,2021-11-01,10-Q,Q3
VRT,CostOfGoodsAndServicesSold,2020-07-01,2020-09-30,749000000,2020-11-05,10-Q,Q3
VRT,CostOfGoodsAndServicesSold,2020-07-01,2020-09-30,749000000,2021-03-01,10-K,FY
VRT,CostOfGoodsAndServicesSold,2020-07-01,2020-09-30,749000000,2021-04-30,10-K/A,FY
VRT,CostOfGoodsAndServicesSold,2020-07-01,2020-09-30,749000000,2021-11-01,10-Q,Q3
VRT,CostOfGoodsAndServicesSold,2020-01-01,2020-12-31,2896900000,2021-03-01,10-K,FY
VRT,CostOfGoodsAndServicesSold,2020-01-01,2020-12-31,2896900000,2021-04-30,10-K/A,FY
VRT,CostOfGoodsAndServicesSold,2020-01-01,2020-12-31,2896900000,2022-03-01,10-K,FY
VRT,CostOfGoodsAndServicesSold,2020-01-01,2020-12-31,2896900000,2023-02-27,10-K,FY
VRT,CostOfGoodsAndServicesSold,2020-10-01,2020-12-31,878300000,2021-03-01,10-K,FY
VRT,CostOfGoodsAndServicesSold,2020-10-01,2020-12-31,878300000,2021-04-30,10-K/A,FY
VRT,CostOfGoodsAndServicesSold,2021-01-01,2021-03-31,740400000,2021-05-03,10-Q,Q1
VRT,CostOfGoodsAndServicesSold,2021-01-01,2021-03-31,740400000,2022-05-02,10-Q,Q1
VRT,CostOfGoodsAndServicesSold,2021-01-01,2021-06-30,1591400000,2021-08-02,10-Q,Q2
VRT,CostOfGoodsAndServicesSold,2021-01-01,2021-06-30,1591400000,2022-08-03,10-Q,Q2
VRT,CostOfGoodsAndServicesSold,2021-04-01,2021-06-30,851000000,2021-08-02,10-Q,Q2
VRT,CostOfGoodsAndServicesSold,2021-04-01,2021-06-30,851000000,2022-08-03,10-Q,Q2
VRT,CostOfGoodsAndServicesSold,2021-01-01,2021-09-30,2438600000,2021-11-01,10-Q,Q3
VRT,CostOfGoodsAndServicesSold,2021-01-01,2021-09-30,2438600000,2022-10-31,10-Q,Q3
VRT,CostOfGoodsAndServicesSold,2021-07-01,2021-09-30,847200000,2021-11-01,10-Q,Q3
VRT,CostOfGoodsAndServicesSold,2021-07-01,2021-09-30,847200000,2022-10-31,10-Q,Q3
VRT,CostOfGoodsAndServicesSold,2021-01-01,2021-12-31,3475400000,2022-03-01,10-K,FY
VRT,CostOfGoodsAndServicesSold,2021-01-01,2021-12-31,3475400000,2023-02-27,10-K,FY
VRT,CostOfGoodsAndServicesSold,2021-01-01,2021-12-31,3475400000,2024-02-23,10-K,FY
VRT,CostOfGoodsAndServicesSold,2022-01-01,2022-03-31,852800000,2022-05-02,10-Q,Q1
VRT,CostOfGoodsAndServicesSold,2022-01-01,2022-03-31,852800000,2023-04-28,10-Q,Q1
VRT,CostOfGoodsAndServicesSold,2022-01-01,2022-06-30,1880700000,2022-08-03,10-Q,Q2
VRT,CostOfGoodsAndServicesSold,2022-01-01,2022-06-30,1880700000,2023-08-02,10-Q,Q2
VRT,CostOfGoodsAndServicesSold,2022-04-01,2022-06-30,1027900000,2022-08-03,10-Q,Q2
VRT,CostOfGoodsAndServicesSold,2022-04-01,2022-06-30,1027900000,2023-08-02,10-Q,Q2
VRT,CostOfGoodsAndServicesSold,2022-01-01,2022-09-30,2932500000,2022-10-31,10-Q,Q3
VRT,CostOfGoodsAndServicesSold,2022-01-01,2022-09-30,2932500000,2023-10-27,10-Q,Q3
VRT,CostOfGoodsAndServicesSold,2022-07-01,2022-09-30,1051800000,2022-10-31,10-Q,Q3
VRT,CostOfGoodsAndServicesSold,2022-07-01,2022-09-30,1051800000,2023-10-27,10-Q,Q3
VRT,CostOfGoodsAndServicesSold,2022-01-01,2022-12-31,4075400000,2023-02-27,10-K,FY
VRT,CostOfGoodsAndServicesSold,2022-01-01,2022-12-31,4075400000,2024-02-23,10-K,FY
VRT,CostOfGoodsAndServicesSold,2022-01-01,2022-12-31,4075400000,2025-02-18,10-K,FY
VRT,CostOfGoodsAndServicesSold,2023-01-01,2023-03-31,1025600000,2023-04-28,10-Q,Q1
VRT,CostOfGoodsAndServicesSold,2023-01-01,2023-03-31,1025600000,2024-04-26,10-Q,Q1
VRT,CostOfGoodsAndServicesSold,2023-01-01,2023-06-30,2165700000,2023-08-02,10-Q,Q2
VRT,CostOfGoodsAndServicesSold,2023-01-01,2023-06-30,2165700000,2024-07-26,10-Q,Q2
VRT,CostOfGoodsAndServicesSold,2023-04-01,2023-06-30,1140100000,2023-08-02,10-Q,Q2
VRT,CostOfGoodsAndServicesSold,2023-04-01,2023-06-30,1140100000,2024-07-26,10-Q,Q2
VRT,CostOfGoodsAndServicesSold,2023-01-01,2023-09-30,3280700000,2023-10-27,10-Q,Q3
VRT,CostOfGoodsAndServicesSold,2023-01-01,2023-09-30,3280700000,2024-10-25,10-Q,Q3
VRT,CostOfGoodsAndServicesSold,2023-07-01,2023-09-30,1115000000,2023-10-27,10-Q,Q3
VRT,CostOfGoodsAndServicesSold,2023-07-01,2023-09-30,1115000000,2024-10-25,10-Q,Q3
VRT,CostOfGoodsAndServicesSold,2023-01-01,2023-12-31,4462700000,2024-02-23,10-K,FY
VRT,CostOfGoodsAndServicesSold,2023-01-01,2023-12-31,4462700000,2025-02-18,10-K,FY
VRT,CostOfGoodsAndServicesSold,2023-01-01,2023-12-31,4462700000,2026-02-13,10-K,FY
VRT,CostOfGoodsAndServicesSold,2024-01-01,2024-03-31,1072700000,2024-04-26,10-Q,Q1
VRT,CostOfGoodsAndServicesSold,2024-01-01,2024-03-31,1072700000,2025-04-23,10-Q,Q1
VRT,CostOfGoodsAndServicesSold,2024-01-01,2024-06-30,2284300000,2024-07-26,10-Q,Q2
VRT,CostOfGoodsAndServicesSold,2024-01-01,2024-06-30,2284300000,2025-07-30,10-Q,Q2
VRT,CostOfGoodsAndServicesSold,2024-04-01,2024-06-30,1211600000,2024-07-26,10-Q,Q2
VRT,CostOfGoodsAndServicesSold,2024-04-01,2024-06-30,1211600000,2025-07-30,10-Q,Q2
VRT,CostOfGoodsAndServicesSold,2024-01-01,2024-09-30,3601400000,2024-10-25,10-Q,Q3
VRT,CostOfGoodsAndServicesSold,2024-01-01,2024-09-30,3601400000,2025-10-22,10-Q,Q3
VRT,CostOfGoodsAndServicesSold,2024-07-01,2024-09-30,1317100000,2024-10-25,10-Q,Q3
VRT,CostOfGoodsAndServicesSold,2024-07-01,2024-09-30,1317100000,2025-10-22,10-Q,Q3
VRT,CostOfGoodsAndServicesSold,2024-01-01,2024-12-31,5077600000,2025-02-18,10-K,FY
VRT,CostOfGoodsAndServicesSold,2024-01-01,2024-12-31,5077600000,2026-02-13,10-K,FY
VRT,CostOfGoodsAndServicesSold,2025-01-01,2025-03-31,1349500000,2025-04-23,10-Q,Q1
VRT,CostOfGoodsAndServicesSold,2025-01-01,2025-03-31,1349500000,2026-04-22,10-Q,Q1
VRT,CostOfGoodsAndServicesSold,2025-01-01,2025-06-30,3091000000,2025-07-30,10-Q,Q2
VRT,CostOfGoodsAndServicesSold,2025-01-01,2025-06-30,3091000000,2026-07-29,10-Q,Q2
VRT,CostOfGoodsAndServicesSold,2025-04-01,2025-06-30,1741500000,2025-07-30,10-Q,Q2
VRT,CostOfGoodsAndServicesSold,2025-04-01,2025-06-30,1741500000,2026-07-29,10-Q,Q2
VRT,CostOfGoodsAndServicesSold,2025-01-01,2025-09-30,4756100000,2025-10-22,10-Q,Q3
VRT,CostOfGoodsAndServicesSold,2025-07-01,2025-09-30,1665100000,2025-10-22,10-Q,Q3
VRT,CostOfGoodsAndServicesSold,2025-01-01,2025-12-31,6514700000,2026-02-13,10-K,FY
VRT,CostOfGoodsAndServicesSold,2026-01-01,2026-03-31,1649800000,2026-04-22,10-Q,Q1
VRT,CostOfGoodsAndServicesSold,2026-01-01,2026-06-30,3689200000,2026-07-29,10-Q,Q2
VRT,CostOfGoodsAndServicesSold,2026-04-01,2026-06-30,2039400000,2026-07-29,10-Q,Q2
VRT,Revenues,2016-04-26,2016-12-31,0,2019-03-13,10-K,FY
VRT,Revenues,2017-01-01,2017-06-30,0,2018-08-07,10-Q,Q2
VRT,Revenues,2017-04-01,2017-06-30,0,2018-08-07,10-Q,Q2
VRT,Revenues,2017-01-01,2017-09-30,0,2018-11-06,10-Q,Q3
VRT,Revenues,2017-07-01,2017-09-30,0,2018-11-06,10-Q,Q3
VRT,Revenues,2017-01-01,2017-12-31,0,2019-03-13,10-K,FY
VRT,Revenues,2017-01-01,2017-12-31,0,2020-03-12,10-K,FY
VRT,Revenues,2018-01-01,2018-03-31,0,2019-05-08,10-Q,Q1
VRT,Revenues,2018-01-01,2018-06-30,0,2018-08-07,10-Q,Q2
VRT,Revenues,2018-01-01,2018-06-30,0,2019-08-06,10-Q,Q2
VRT,Revenues,2018-04-01,2018-06-30,0,2019-08-06,10-Q,Q2
VRT,Revenues,2018-04-10,2018-06-30,0,2018-08-07,10-Q,Q2
VRT,Revenues,2018-01-01,2018-09-30,0,2018-11-06,10-Q,Q3
VRT,Revenues,2018-01-01,2018-09-30,0,2019-11-05,10-Q,Q3
VRT,Revenues,2018-07-01,2018-09-30,0,2018-11-06,10-Q,Q3
VRT,Revenues,2018-07-01,2018-09-30,0,2019-11-05,10-Q,Q3
VRT,Revenues,2018-01-01,2018-12-31,0,2019-03-13,10-K,FY
VRT,Revenues,2018-01-01,2018-12-31,0,2020-03-12,10-K,FY
VRT,Revenues,2019-01-01,2019-03-31,0,2019-05-08,10-Q,Q1
VRT,Revenues,2019-01-01,2019-06-30,0,2019-08-06,10-Q,Q2
VRT,Revenues,2019-04-01,2019-06-30,0,2019-08-06,10-Q,Q2
VRT,Revenues,2019-01-01,2019-09-30,0,2019-11-05,10-Q,Q3
VRT,Revenues,2019-07-01,2019-09-30,0,2019-11-05,10-Q,Q3
VRT,Revenues,2019-01-01,2019-12-31,0,2020-03-12,10-K,FY
VRT,RevenueFromContractWithCustomerExcludingAssessedTax,2018-01-01,2018-12-31,4285600000,2021-03-01,10-K,FY
VRT,RevenueFromContractWithCustomerExcludingAssessedTax,2018-01-01,2018-12-31,4285600000,2021-04-30,10-K/A,FY
VRT,RevenueFromContractWithCustomerExcludingAssessedTax,2019-01-01,2019-03-31,1054800000,2020-05-07,10-Q,Q1
VRT,RevenueFromContractWithCustomerExcludingAssessedTax,2019-01-01,2019-03-31,1054800000,2021-03-01,10-K,FY
VRT,RevenueFromContractWithCustomerExcludingAssessedTax,2019-01-01,2019-03-31,1054800000,2021-04-30,10-K/A,FY
VRT,RevenueFromContractWithCustomerExcludingAssessedTax,2019-01-01,2019-06-30,2188900000,2020-08-05,10-Q,Q2
VRT,RevenueFromContractWithCustomerExcludingAssessedTax,2019-04-01,2019-06-30,1134100000,2020-08-05,10-Q,Q2
VRT,RevenueFromContractWithCustomerExcludingAssessedTax,2019-04-01,2019-06-30,1134100000,2021-03-01,10-K,FY
VRT,RevenueFromContractWithCustomerExcludingAssessedTax,2019-04-01,2019-06-30,1134100000,2021-04-30,10-K/A,FY
VRT,RevenueFromContractWithCustomerExcludingAssessedTax,2019-01-01,2019-09-30,3259700000,2020-11-05,10-Q,Q3
VRT,RevenueFromContractWithCustomerExcludingAssessedTax,2019-07-01,2019-09-30,1070700000,2020-11-05,10-Q,Q3
VRT,RevenueFromContractWithCustomerExcludingAssessedTax,2019-07-01,2019-09-30,1070700000,2021-03-01,10-K,FY
VRT,RevenueFromContractWithCustomerExcludingAssessedTax,2019-07-01,2019-09-30,1070700000,2021-04-30,10-K/A,FY
VRT,RevenueFromContractWithCustomerExcludingAssessedTax,2019-01-01,2019-12-31,4431200000,2021-03-01,10-K,FY
VRT,RevenueFromContractWithCustomerExcludingAssessedTax,2019-01-01,2019-12-31,4431200000,2021-04-30,10-K/A,FY
VRT,RevenueFromContractWithCustomerExcludingAssessedTax,2019-01-01,2019-12-31,4431200000,2022-03-01,10-K,FY
VRT,RevenueFromContractWithCustomerExcludingAssessedTax,2019-10-01,2019-12-31,1171500000,2021-03-01,10-K,FY
VRT,RevenueFromContractWithCustomerExcludingAssessedTax,2019-10-01,2019-12-31,1171500000,2021-04-30,10-K/A,FY
VRT,RevenueFromContractWithCustomerExcludingAssessedTax,2020-01-01,2020-03-31,897300000,2020-05-07,10-Q,Q1
VRT,RevenueFromContractWithCustomerExcludingAssessedTax,2020-01-01,2020-03-31,897300000,2021-03-01,10-K,FY
VRT,RevenueFromContractWithCustomerExcludingAssessedTax,2020-01-01,2020-03-31,897300000,2021-04-30,10-K/A,FY
VRT,RevenueFromContractWithCustomerExcludingAssessedTax,2020-01-01,2020-03-31,897300000,2021-05-03,10-Q,Q1
VRT,RevenueFromContractWithCustomerExcludingAssessedTax,2020-01-01,2020-06-30,1903000000,2020-08-05,10-Q,Q2
VRT,RevenueFromContractWithCustomerExcludingAssessedTax,2020-01-01,2020-06-30,1903000000,2021-08-02,10-Q,Q2
VRT,RevenueFromContractWithCustomerExcludingAssessedTax,2020-04-01,2020-06-30,1005700000,2020-08-05,10-Q,Q2
VRT,RevenueFromContractWithCustomerExcludingAssessedTax,2020-04-01,2020-06-30,1005700000,2021-03-01,10-K,FY
VRT,RevenueFromContractWithCustomerExcludingAssessedTax,2020-04-01,2020-06-30,1005700000,2021-04-30,10-K/A,FY
VRT,RevenueFromContractWithCustomerExcludingAssessedTax,2020-04-01,2020-06-30,1005700000,2021-08-02,10-Q,Q2
VRT,RevenueFromContractWithCustomerExcludingAssessedTax,2020-01-01,2020-09-30,3064900000,2020-11-05,10-Q,Q3
VRT,RevenueFromContractWithCustomerExcludingAssessedTax,2020-01-01,2020-09-30,3065000000,2021-11-01,10-Q,Q3
VRT,RevenueFromContractWithCustomerExcludingAssessedTax,2020-07-01,2020-09-30,1162000000,2020-11-05,10-Q,Q3
VRT,RevenueFromContractWithCustomerExcludingAssessedTax,2020-07-01,2020-09-30,1162000000,2021-03-01,10-K,FY
VRT,RevenueFromContractWithCustomerExcludingAssessedTax,2020-07-01,2020-09-30,1162000000,2021-04-30,10-K/A,FY
VRT,RevenueFromContractWithCustomerExcludingAssessedTax,2020-07-01,2020-09-30,1162000000,2021-11-01,10-Q,Q3
VRT,RevenueFromContractWithCustomerExcludingAssessedTax,2020-01-01,2020-12-31,4370600000,2021-03-01,10-K,FY
VRT,RevenueFromContractWithCustomerExcludingAssessedTax,2020-01-01,2020-12-31,4370600000,2021-04-30,10-K/A,FY
VRT,RevenueFromContractWithCustomerExcludingAssessedTax,2020-01-01,2020-12-31,4370600000,2022-03-01,10-K,FY
VRT,RevenueFromContractWithCustomerExcludingAssessedTax,2020-01-01,2020-12-31,4370600000,2023-02-27,10-K,FY
VRT,RevenueFromContractWithCustomerExcludingAssessedTax,2020-10-01,2020-12-31,1305500000,2021-03-01,10-K,FY
VRT,RevenueFromContractWithCustomerExcludingAssessedTax,2020-10-01,2020-12-31,1305500000,2021-04-30,10-K/A,FY
VRT,RevenueFromContractWithCustomerExcludingAssessedTax,2021-01-01,2021-03-31,1098400000,2021-05-03,10-Q,Q1
VRT,RevenueFromContractWithCustomerExcludingAssessedTax,2021-01-01,2021-03-31,1098400000,2022-05-02,10-Q,Q1
VRT,RevenueFromContractWithCustomerExcludingAssessedTax,2021-01-01,2021-06-30,2358700000,2021-08-02,10-Q,Q2
VRT,RevenueFromContractWithCustomerExcludingAssessedTax,2021-01-01,2021-06-30,2358700000,2022-08-03,10-Q,Q2
VRT,RevenueFromContractWithCustomerExcludingAssessedTax,2021-04-01,2021-06-30,1260300000,2021-08-02,10-Q,Q2
VRT,RevenueFromContractWithCustomerExcludingAssessedTax,2021-04-01,2021-06-30,1260300000,2022-08-03,10-Q,Q2
VRT,RevenueFromContractWithCustomerExcludingAssessedTax,2021-01-01,2021-09-30,3587600000,2021-11-01,10-Q,Q3
VRT,RevenueFromContractWithCustomerExcludingAssessedTax,2021-01-01,2021-09-30,3587600000,2022-10-31,10-Q,Q3
VRT,RevenueFromContractWithCustomerExcludingAssessedTax,2021-07-01,2021-09-30,1228900000,2021-11-01,10-Q,Q3
VRT,RevenueFromContractWithCustomerExcludingAssessedTax,2021-07-01,2021-09-30,1228900000,2022-10-31,10-Q,Q3
VRT,RevenueFromContractWithCustomerExcludingAssessedTax,2021-01-01,2021-12-31,4998100000,2022-03-01,10-K,FY
VRT,RevenueFromContractWithCustomerExcludingAssessedTax,2021-01-01,2021-12-31,4998100000,2023-02-27,10-K,FY
VRT,RevenueFromContractWithCustomerExcludingAssessedTax,2021-01-01,2021-12-31,4998100000,2024-02-23,10-K,FY
VRT,RevenueFromContractWithCustomerExcludingAssessedTax,2022-01-01,2022-03-31,1156400000,2022-05-02,10-Q,Q1
VRT,RevenueFromContractWithCustomerExcludingAssessedTax,2022-01-01,2022-03-31,1156400000,2023-04-28,10-Q,Q1
VRT,RevenueFromContractWithCustomerExcludingAssessedTax,2022-01-01,2022-06-30,2555800000,2022-08-03,10-Q,Q2
VRT,RevenueFromContractWithCustomerExcludingAssessedTax,2022-01-01,2022-06-30,2555800000,2023-08-02,10-Q,Q2
VRT,RevenueFromContractWithCustomerExcludingAssessedTax,2022-04-01,2022-06-30,1399400000,2022-08-03,10-Q,Q2
VRT,RevenueFromContractWithCustomerExcludingAssessedTax,2022-04-01,2022-06-30,1399400000,2023-08-02,10-Q,Q2
VRT,RevenueFromContractWithCustomerExcludingAssessedTax,2022-01-01,2022-09-30,4036900000,2022-10-31,10-Q,Q3
VRT,RevenueFromContractWithCustomerExcludingAssessedTax,2022-01-01,2022-09-30,4036900000,2023-10-27,10-Q,Q3
VRT,RevenueFromContractWithCustomerExcludingAssessedTax,2022-07-01,2022-09-30,1481100000,2022-10-31,10-Q,Q3
VRT,RevenueFromContractWithCustomerExcludingAssessedTax,2022-07-01,2022-09-30,1481100000,2023-10-27,10-Q,Q3
VRT,RevenueFromContractWithCustomerExcludingAssessedTax,2022-01-01,2022-12-31,5691500000,2023-02-27,10-K,FY
VRT,RevenueFromContractWithCustomerExcludingAssessedTax,2022-01-01,2022-12-31,5691500000,2024-02-23,10-K,FY
VRT,RevenueFromContractWithCustomerExcludingAssessedTax,2022-01-01,2022-12-31,5691500000,2025-02-18,10-K,FY
VRT,RevenueFromContractWithCustomerExcludingAssessedTax,2023-01-01,2023-03-31,1521100000,2023-04-28,10-Q,Q1
VRT,RevenueFromContractWithCustomerExcludingAssessedTax,2023-01-01,2023-03-31,1521100000,2024-04-26,10-Q,Q1
VRT,RevenueFromContractWithCustomerExcludingAssessedTax,2023-01-01,2023-06-30,3255200000,2023-08-02,10-Q,Q2
VRT,RevenueFromContractWithCustomerExcludingAssessedTax,2023-01-01,2023-06-30,3255200000,2024-07-26,10-Q,Q2
VRT,RevenueFromContractWithCustomerExcludingAssessedTax,2023-04-01,2023-06-30,1734100000,2023-08-02,10-Q,Q2
VRT,RevenueFromContractWithCustomerExcludingAssessedTax,2023-04-01,2023-06-30,1734100000,2024-07-26,10-Q,Q2
VRT,RevenueFromContractWithCustomerExcludingAssessedTax,2023-01-01,2023-09-30,4997800000,2023-10-27,10-Q,Q3
VRT,RevenueFromContractWithCustomerExcludingAssessedTax,2023-01-01,2023-09-30,4997800000,2024-10-25,10-Q,Q3
VRT,RevenueFromContractWithCustomerExcludingAssessedTax,2023-07-01,2023-09-30,1742600000,2023-10-27,10-Q,Q3
VRT,RevenueFromContractWithCustomerExcludingAssessedTax,2023-07-01,2023-09-30,1742600000,2024-10-25,10-Q,Q3
VRT,RevenueFromContractWithCustomerExcludingAssessedTax,2023-01-01,2023-12-31,6863200000,2024-02-23,10-K,FY
VRT,RevenueFromContractWithCustomerExcludingAssessedTax,2023-01-01,2023-12-31,6863200000,2025-02-18,10-K,FY
VRT,RevenueFromContractWithCustomerExcludingAssessedTax,2023-01-01,2023-12-31,6863200000,2026-02-13,10-K,FY
VRT,RevenueFromContractWithCustomerExcludingAssessedTax,2024-01-01,2024-03-31,1639100000,2024-04-26,10-Q,Q1
VRT,RevenueFromContractWithCustomerExcludingAssessedTax,2024-01-01,2024-03-31,1639100000,2025-04-23,10-Q,Q1
VRT,RevenueFromContractWithCustomerExcludingAssessedTax,2024-01-01,2024-06-30,3591900000,2024-07-26,10-Q,Q2
VRT,RevenueFromContractWithCustomerExcludingAssessedTax,2024-01-01,2024-06-30,3591900000,2025-07-30,10-Q,Q2
VRT,RevenueFromContractWithCustomerExcludingAssessedTax,2024-04-01,2024-06-30,1952800000,2024-07-26,10-Q,Q2
VRT,RevenueFromContractWithCustomerExcludingAssessedTax,2024-04-01,2024-06-30,1952800000,2025-07-30,10-Q,Q2
VRT,RevenueFromContractWithCustomerExcludingAssessedTax,2024-01-01,2024-09-30,5665400000,2024-10-25,10-Q,Q3
VRT,RevenueFromContractWithCustomerExcludingAssessedTax,2024-01-01,2024-09-30,5665400000,2025-10-22,10-Q,Q3
VRT,RevenueFromContractWithCustomerExcludingAssessedTax,2024-07-01,2024-09-30,2073500000,2024-10-25,10-Q,Q3
VRT,RevenueFromContractWithCustomerExcludingAssessedTax,2024-07-01,2024-09-30,2073500000,2025-10-22,10-Q,Q3
VRT,RevenueFromContractWithCustomerExcludingAssessedTax,2024-01-01,2024-12-31,8011800000,2025-02-18,10-K,FY
VRT,RevenueFromContractWithCustomerExcludingAssessedTax,2024-01-01,2024-12-31,8011800000,2026-02-13,10-K,FY
VRT,RevenueFromContractWithCustomerExcludingAssessedTax,2025-01-01,2025-03-31,2036000000,2025-04-23,10-Q,Q1
VRT,RevenueFromContractWithCustomerExcludingAssessedTax,2025-01-01,2025-03-31,2036000000,2026-04-22,10-Q,Q1
VRT,RevenueFromContractWithCustomerExcludingAssessedTax,2025-01-01,2025-06-30,4674100000,2025-07-30,10-Q,Q2
VRT,RevenueFromContractWithCustomerExcludingAssessedTax,2025-01-01,2025-06-30,4674100000,2026-07-29,10-Q,Q2
VRT,RevenueFromContractWithCustomerExcludingAssessedTax,2025-04-01,2025-06-30,2638100000,2025-07-30,10-Q,Q2
VRT,RevenueFromContractWithCustomerExcludingAssessedTax,2025-04-01,2025-06-30,2638100000,2026-07-29,10-Q,Q2
VRT,RevenueFromContractWithCustomerExcludingAssessedTax,2025-01-01,2025-09-30,7349900000,2025-10-22,10-Q,Q3
VRT,RevenueFromContractWithCustomerExcludingAssessedTax,2025-07-01,2025-09-30,2675800000,2025-10-22,10-Q,Q3
VRT,RevenueFromContractWithCustomerExcludingAssessedTax,2025-01-01,2025-12-31,10229900000,2026-02-13,10-K,FY
VRT,RevenueFromContractWithCustomerExcludingAssessedTax,2026-01-01,2026-03-31,2649500000,2026-04-22,10-Q,Q1
VRT,RevenueFromContractWithCustomerExcludingAssessedTax,2026-01-01,2026-06-30,5923800000,2026-07-29,10-Q,Q2
VRT,RevenueFromContractWithCustomerExcludingAssessedTax,2026-04-01,2026-06-30,3274300000,2026-07-29,10-Q,Q2
GEV,PaymentsToAcquireProductiveAssets,2022-01-01,2022-12-31,513000000,2025-02-06,10-K,FY
GEV,PaymentsToAcquireProductiveAssets,2023-01-01,2023-03-31,124000000,2024-04-30,10-Q,Q1
GEV,PaymentsToAcquireProductiveAssets,2023-01-01,2023-06-30,283000000,2024-07-24,10-Q,Q2
GEV,PaymentsToAcquireProductiveAssets,2023-01-01,2023-09-30,464000000,2024-10-23,10-Q,Q3
GEV,PaymentsToAcquireProductiveAssets,2023-01-01,2023-12-31,744000000,2025-02-06,10-K,FY
GEV,PaymentsToAcquireProductiveAssets,2023-01-01,2023-12-31,744000000,2026-01-29,10-K,FY
GEV,PaymentsToAcquireProductiveAssets,2024-01-01,2024-03-31,217000000,2024-04-30,10-Q,Q1
GEV,PaymentsToAcquireProductiveAssets,2024-01-01,2024-03-31,217000000,2025-04-23,10-Q,Q1
GEV,PaymentsToAcquireProductiveAssets,2024-01-01,2024-06-30,374000000,2024-07-24,10-Q,Q2
GEV,PaymentsToAcquireProductiveAssets,2024-01-01,2024-06-30,374000000,2025-07-23,10-Q,Q2
GEV,PaymentsToAcquireProductiveAssets,2024-01-01,2024-09-30,533000000,2024-10-23,10-Q,Q3
GEV,PaymentsToAcquireProductiveAssets,2024-01-01,2024-09-30,533000000,2025-10-22,10-Q,Q3
GEV,PaymentsToAcquireProductiveAssets,2024-01-01,2024-12-31,883000000,2025-02-06,10-K,FY
GEV,PaymentsToAcquireProductiveAssets,2024-01-01,2024-12-31,883000000,2026-01-29,10-K,FY
GEV,PaymentsToAcquireProductiveAssets,2025-01-01,2025-03-31,186000000,2025-04-23,10-Q,Q1
GEV,PaymentsToAcquireProductiveAssets,2025-01-01,2025-03-31,186000000,2026-04-22,10-Q,Q1
GEV,PaymentsToAcquireProductiveAssets,2025-01-01,2025-06-30,359000000,2025-07-23,10-Q,Q2
GEV,PaymentsToAcquireProductiveAssets,2025-01-01,2025-06-30,359000000,2026-07-22,10-Q,Q2
GEV,PaymentsToAcquireProductiveAssets,2025-01-01,2025-09-30,606000000,2025-10-22,10-Q,Q3
GEV,PaymentsToAcquireProductiveAssets,2025-01-01,2025-12-31,1277000000,2026-01-29,10-K,FY
GEV,PaymentsToAcquireProductiveAssets,2026-01-01,2026-03-31,397000000,2026-04-22,10-Q,Q1
GEV,PaymentsToAcquireProductiveAssets,2026-01-01,2026-06-30,783000000,2026-07-22,10-Q,Q2
GEV,InventoryNet,,2023-12-31,8253000000,2024-04-30,10-Q,Q1
GEV,InventoryNet,,2023-12-31,8253000000,2024-07-24,10-Q,Q2
GEV,InventoryNet,,2023-12-31,8253000000,2024-10-23,10-Q,Q3
GEV,InventoryNet,,2023-12-31,8253000000,2025-02-06,10-K,FY
GEV,InventoryNet,,2024-03-31,8859000000,2024-04-30,10-Q,Q1
GEV,InventoryNet,,2024-06-30,9346000000,2024-07-24,10-Q,Q2
GEV,InventoryNet,,2024-09-30,9377000000,2024-10-23,10-Q,Q3
GEV,InventoryNet,,2024-12-31,8587000000,2025-02-06,10-K,FY
GEV,InventoryNet,,2024-12-31,8587000000,2025-04-23,10-Q,Q1
GEV,InventoryNet,,2024-12-31,8587000000,2025-07-23,10-Q,Q2
GEV,InventoryNet,,2024-12-31,8587000000,2025-10-22,10-Q,Q3
GEV,InventoryNet,,2024-12-31,8587000000,2026-01-29,10-K,FY
GEV,InventoryNet,,2025-03-31,9156000000,2025-04-23,10-Q,Q1
GEV,InventoryNet,,2025-06-30,9825000000,2025-07-23,10-Q,Q2
GEV,InventoryNet,,2025-09-30,10032000000,2025-10-22,10-Q,Q3
GEV,InventoryNet,,2025-12-31,10429000000,2026-01-29,10-K,FY
GEV,InventoryNet,,2025-12-31,10429000000,2026-04-22,10-Q,Q1
GEV,InventoryNet,,2025-12-31,10429000000,2026-07-22,10-Q,Q2
GEV,InventoryNet,,2026-03-31,11919000000,2026-04-22,10-Q,Q1
GEV,InventoryNet,,2026-06-30,12692000000,2026-07-22,10-Q,Q2
GEV,CostOfGoodsAndServicesSold,2022-01-01,2022-12-31,26196000000,2025-02-06,10-K,FY
GEV,CostOfGoodsAndServicesSold,2023-01-01,2023-03-31,5903000000,2024-04-30,10-Q,Q1
GEV,CostOfGoodsAndServicesSold,2023-01-01,2023-06-30,12876000000,2024-07-24,10-Q,Q2
GEV,CostOfGoodsAndServicesSold,2023-04-01,2023-06-30,6973000000,2024-07-24,10-Q,Q2
GEV,CostOfGoodsAndServicesSold,2023-01-01,2023-09-30,20078000000,2024-10-23,10-Q,Q3
GEV,CostOfGoodsAndServicesSold,2023-07-01,2023-09-30,7201000000,2024-10-23,10-Q,Q3
GEV,CostOfGoodsAndServicesSold,2023-01-01,2023-12-31,28421000000,2025-02-06,10-K,FY
GEV,CostOfGoodsAndServicesSold,2023-01-01,2023-12-31,28421000000,2026-01-29,10-K,FY
GEV,CostOfGoodsAndServicesSold,2024-01-01,2024-03-31,6109000000,2024-04-30,10-Q,Q1
GEV,CostOfGoodsAndServicesSold,2024-01-01,2024-03-31,6109000000,2025-04-23,10-Q,Q1
GEV,CostOfGoodsAndServicesSold,2024-01-01,2024-06-30,12611000000,2024-07-24,10-Q,Q2
GEV,CostOfGoodsAndServicesSold,2024-01-01,2024-06-30,12611000000,2025-07-23,10-Q,Q2
GEV,CostOfGoodsAndServicesSold,2024-04-01,2024-06-30,6502000000,2024-07-24,10-Q,Q2
GEV,CostOfGoodsAndServicesSold,2024-04-01,2024-06-30,6502000000,2025-07-23,10-Q,Q2
GEV,CostOfGoodsAndServicesSold,2024-01-01,2024-09-30,20415000000,2024-10-23,10-Q,Q3
GEV,CostOfGoodsAndServicesSold,2024-01-01,2024-09-30,20415000000,2025-10-22,10-Q,Q3
GEV,CostOfGoodsAndServicesSold,2024-07-01,2024-09-30,7804000000,2024-10-23,10-Q,Q3
GEV,CostOfGoodsAndServicesSold,2024-07-01,2024-09-30,7804000000,2025-10-22,10-Q,Q3
GEV,CostOfGoodsAndServicesSold,2024-01-01,2024-12-31,28850000000,2025-02-06,10-K,FY
GEV,CostOfGoodsAndServicesSold,2024-01-01,2024-12-31,28850000000,2026-01-29,10-K,FY
GEV,CostOfGoodsAndServicesSold,2025-01-01,2025-03-31,6562000000,2025-04-23,10-Q,Q1
GEV,CostOfGoodsAndServicesSold,2025-01-01,2025-03-31,6562000000,2026-04-22,10-Q,Q1
GEV,CostOfGoodsAndServicesSold,2025-01-01,2025-06-30,13828000000,2025-07-23,10-Q,Q2
GEV,CostOfGoodsAndServicesSold,2025-01-01,2025-06-30,13828000000,2026-07-22,10-Q,Q2
GEV,CostOfGoodsAndServicesSold,2025-04-01,2025-06-30,7266000000,2025-07-23,10-Q,Q2
GEV,CostOfGoodsAndServicesSold,2025-04-01,2025-06-30,7266000000,2026-07-22,10-Q,Q2
GEV,CostOfGoodsAndServicesSold,2025-01-01,2025-09-30,21899000000,2025-10-22,10-Q,Q3
GEV,CostOfGoodsAndServicesSold,2025-07-01,2025-09-30,8071000000,2025-10-22,10-Q,Q3
GEV,CostOfGoodsAndServicesSold,2025-01-01,2025-12-31,30533000000,2026-01-29,10-K,FY
GEV,CostOfGoodsAndServicesSold,2026-01-01,2026-03-31,7558000000,2026-04-22,10-Q,Q1
GEV,CostOfGoodsAndServicesSold,2026-01-01,2026-06-30,16302000000,2026-07-22,10-Q,Q2
GEV,CostOfGoodsAndServicesSold,2026-04-01,2026-06-30,8744000000,2026-07-22,10-Q,Q2
GEV,RevenueFromContractWithCustomerExcludingAssessedTax,2022-01-01,2022-12-31,29654000000,2025-02-06,10-K,FY
GEV,RevenueFromContractWithCustomerExcludingAssessedTax,2023-01-01,2023-03-31,6822000000,2024-04-30,10-Q,Q1
GEV,RevenueFromContractWithCustomerExcludingAssessedTax,2023-01-01,2023-06-30,14941000000,2024-07-24,10-Q,Q2
GEV,RevenueFromContractWithCustomerExcludingAssessedTax,2023-04-01,2023-06-30,8119000000,2024-07-24,10-Q,Q2
GEV,RevenueFromContractWithCustomerExcludingAssessedTax,2023-01-01,2023-09-30,23194000000,2024-10-23,10-Q,Q3
GEV,RevenueFromContractWithCustomerExcludingAssessedTax,2023-07-01,2023-09-30,8253000000,2024-10-23,10-Q,Q3
GEV,RevenueFromContractWithCustomerExcludingAssessedTax,2023-01-01,2023-12-31,33239000000,2025-02-06,10-K,FY
GEV,RevenueFromContractWithCustomerExcludingAssessedTax,2023-01-01,2023-12-31,33239000000,2026-01-29,10-K,FY
GEV,RevenueFromContractWithCustomerExcludingAssessedTax,2024-01-01,2024-03-31,7260000000,2024-04-30,10-Q,Q1
GEV,RevenueFromContractWithCustomerExcludingAssessedTax,2024-01-01,2024-03-31,7260000000,2025-04-23,10-Q,Q1
GEV,RevenueFromContractWithCustomerExcludingAssessedTax,2024-01-01,2024-06-30,15463000000,2024-07-24,10-Q,Q2
GEV,RevenueFromContractWithCustomerExcludingAssessedTax,2024-01-01,2024-06-30,15463000000,2025-07-23,10-Q,Q2
GEV,RevenueFromContractWithCustomerExcludingAssessedTax,2024-04-01,2024-06-30,8204000000,2024-07-24,10-Q,Q2
GEV,RevenueFromContractWithCustomerExcludingAssessedTax,2024-04-01,2024-06-30,8204000000,2025-07-23,10-Q,Q2
GEV,RevenueFromContractWithCustomerExcludingAssessedTax,2024-01-01,2024-09-30,24376000000,2024-10-23,10-Q,Q3
GEV,RevenueFromContractWithCustomerExcludingAssessedTax,2024-01-01,2024-09-30,24376000000,2025-10-22,10-Q,Q3
GEV,RevenueFromContractWithCustomerExcludingAssessedTax,2024-07-01,2024-09-30,8913000000,2024-10-23,10-Q,Q3
GEV,RevenueFromContractWithCustomerExcludingAssessedTax,2024-07-01,2024-09-30,8913000000,2025-10-22,10-Q,Q3
GEV,RevenueFromContractWithCustomerExcludingAssessedTax,2024-01-01,2024-12-31,34935000000,2025-02-06,10-K,FY
GEV,RevenueFromContractWithCustomerExcludingAssessedTax,2024-01-01,2024-12-31,34935000000,2026-01-29,10-K,FY
GEV,RevenueFromContractWithCustomerExcludingAssessedTax,2025-01-01,2025-03-31,8032000000,2025-04-23,10-Q,Q1
GEV,RevenueFromContractWithCustomerExcludingAssessedTax,2025-01-01,2025-03-31,8032000000,2026-04-22,10-Q,Q1
GEV,RevenueFromContractWithCustomerExcludingAssessedTax,2025-01-01,2025-06-30,17143000000,2025-07-23,10-Q,Q2
GEV,RevenueFromContractWithCustomerExcludingAssessedTax,2025-01-01,2025-06-30,17143000000,2026-07-22,10-Q,Q2
GEV,RevenueFromContractWithCustomerExcludingAssessedTax,2025-04-01,2025-06-30,9111000000,2025-07-23,10-Q,Q2
GEV,RevenueFromContractWithCustomerExcludingAssessedTax,2025-04-01,2025-06-30,9111000000,2026-07-22,10-Q,Q2
GEV,RevenueFromContractWithCustomerExcludingAssessedTax,2025-01-01,2025-09-30,27112000000,2025-10-22,10-Q,Q3
GEV,RevenueFromContractWithCustomerExcludingAssessedTax,2025-07-01,2025-09-30,9969000000,2025-10-22,10-Q,Q3
GEV,RevenueFromContractWithCustomerExcludingAssessedTax,2025-01-01,2025-12-31,38068000000,2026-01-29,10-K,FY
GEV,RevenueFromContractWithCustomerExcludingAssessedTax,2026-01-01,2026-03-31,9339000000,2026-04-22,10-Q,Q1
GEV,RevenueFromContractWithCustomerExcludingAssessedTax,2026-01-01,2026-06-30,20442000000,2026-07-22,10-Q,Q2
GEV,RevenueFromContractWithCustomerExcludingAssessedTax,2026-04-01,2026-06-30,11104000000,2026-07-22,10-Q,Q2
GEV,RevenueRemainingPerformanceObligation,,2024-03-31,116293000000,2024-04-30,10-Q,Q1
GEV,RevenueRemainingPerformanceObligation,,2024-06-30,115476000000,2024-07-24,10-Q,Q2
GEV,RevenueRemainingPerformanceObligation,,2024-09-30,117746000000,2024-10-23,10-Q,Q3
GEV,RevenueRemainingPerformanceObligation,,2024-12-31,119023000000,2025-02-06,10-K,FY
GEV,RevenueRemainingPerformanceObligation,,2025-03-31,123438000000,2025-04-23,10-Q,Q1
GEV,RevenueRemainingPerformanceObligation,,2025-06-30,128650000000,2025-07-23,10-Q,Q2
GEV,RevenueRemainingPerformanceObligation,,2025-09-30,135269000000,2025-10-22,10-Q,Q3
GEV,RevenueRemainingPerformanceObligation,,2025-12-31,150238000000,2026-01-29,10-K,FY
GEV,RevenueRemainingPerformanceObligation,,2026-03-31,163276000000,2026-04-22,10-Q,Q1
GEV,RevenueRemainingPerformanceObligation,,2026-06-30,176284000000,2026-07-22,10-Q,Q2
